24de35h6nw	darse por vencido/a	to give up	supporting	pos:verb	infinitive verb phrase missing pos:verb entirely — found while auditing topic-page coverage for orphaned concepts
0h2i95gmp3	pedir [algo] a [un negocio]	to order [something] from [a business]	reference	pos:verb	infinitive verb phrase missing pos:verb entirely — found while auditing topic-page coverage for orphaned concepts
3tvyxgaex0	dedicar [tiempo o esfuerzo] a [algo]	to put [time or effort] into [something]	reference	pos:verb	infinitive verb phrase missing pos:verb entirely — found while auditing topic-page coverage for orphaned concepts
hk3p7tmczh	hacerse tarde	to get late	reference	pos:verb	infinitive verb phrase missing pos:verb entirely — found while auditing topic-page coverage for orphaned concepts
5hlohr9z3f	querer a [alguien]	to love [somebody]	supporting	pos:verb	infinitive verb phrase missing pos:verb entirely — found while auditing topic-page coverage for orphaned concepts
3ysg9glgjj	poner [algo] [en algún lugar]	to place [something] [somewhere]	reference	pos:verb	infinitive verb phrase missing pos:verb entirely — found while auditing topic-page coverage for orphaned concepts
dbx7pnzub5	llevarse bien con [alguien]	to get along well with [somebody]	supporting	pos:verb	infinitive verb phrase missing pos:verb entirely — found while auditing topic-page coverage for orphaned concepts
dw6w3t8zih	aprovecharse de [algo/alguien]	to take advantage of [something/somebody]	reference	pos:verb	infinitive verb phrase missing pos:verb entirely — found while auditing topic-page coverage for orphaned concepts
hyz7cpy9fj	hablar sobre [algo]	to speak about [something]	supporting	pos:verb	infinitive verb phrase missing pos:verb entirely — found while auditing topic-page coverage for orphaned concepts
qgnveu0pox	hablar con [alguien]	to talk with [somebody]	reference	pos:verb	infinitive verb phrase missing pos:verb entirely — found while auditing topic-page coverage for orphaned concepts
5qdmpxi8us	seguir [haciendo algo]	to keep on [doing something]	reference	pos:verb	infinitive verb phrase missing pos:verb entirely — found while auditing topic-page coverage for orphaned concepts
zo168jw53x	decirle a [alguien] algo sobre [algo]	to tell [somebody] about [something]	supporting	pos:verb	infinitive verb phrase missing pos:verb entirely — found while auditing topic-page coverage for orphaned concepts
x850nhvcaj	preguntar sobre [algo]	to ask about [something]	supporting	pos:verb	infinitive verb phrase missing pos:verb entirely — found while auditing topic-page coverage for orphaned concepts
dmc4ep05eo	poner [algo] en [un lugar]	to put [something] in [a place]	supporting	pos:verb	infinitive verb phrase missing pos:verb entirely — found while auditing topic-page coverage for orphaned concepts
zm3v8qtrgj	poner [algo] sobre [una superficie]	to put [something] on [a surface]	supporting	pos:verb	infinitive verb phrase missing pos:verb entirely — found while auditing topic-page coverage for orphaned concepts
sopqak93z8	parecerse a [alguien]	to look like [somebody]	supporting	pos:verb	infinitive verb phrase missing pos:verb entirely — found while auditing topic-page coverage for orphaned concepts
p225bjj0un	ganar [una competencia]	to win [a competition]	supporting	pos:verb	infinitive verb phrase missing pos:verb entirely — found while auditing topic-page coverage for orphaned concepts
bz7tv4xn1k	ganar [dinero]	to earn [money]	supporting	pos:verb	infinitive verb phrase missing pos:verb entirely — found while auditing topic-page coverage for orphaned concepts
kzc0zugsvr	llegar a [un lugar específico]	to arrive at [a specific place]	supporting	pos:verb	infinitive verb phrase missing pos:verb entirely — found while auditing topic-page coverage for orphaned concepts
3vjeid1zyd	llevar [algo] a [un lugar]	to take [something] to [a place]	supporting	pos:verb	infinitive verb phrase missing pos:verb entirely — found while auditing topic-page coverage for orphaned concepts
g8o1myn1jr	llegar a [una ciudad o país]	to arrive in [a city or country]	supporting	pos:verb	infinitive verb phrase missing pos:verb entirely — found while auditing topic-page coverage for orphaned concepts
atwozfqm04	mandarle [algo] a [alguien]	to send [something] to [somebody]	supporting	pos:verb	infinitive verb phrase missing pos:verb entirely — found while auditing topic-page coverage for orphaned concepts
k29o9xq2bp	creer que sí	to think so	supporting	pos:verb	infinitive verb phrase missing pos:verb entirely — found while auditing topic-page coverage for orphaned concepts
m5t33xosbe	quitar [algo] de [un lugar]	to remove [something] from [a place]	supporting	pos:verb	infinitive verb phrase missing pos:verb entirely — found while auditing topic-page coverage for orphaned concepts
sogja55oo0	quitarle [algo] a [alguien]	to take [something] away from [somebody]	supporting	pos:verb	infinitive verb phrase missing pos:verb entirely — found while auditing topic-page coverage for orphaned concepts
g8bhd7ipvu	deber [hacer algo]	to have to [do something]	supporting	pos:verb	infinitive verb phrase missing pos:verb entirely — found while auditing topic-page coverage for orphaned concepts
qj0lhiuc75	dejar en paz a [alguien]	to leave [somebody] alone	supporting	pos:verb	infinitive verb phrase missing pos:verb entirely — found while auditing topic-page coverage for orphaned concepts
ekxerzzusv	ser para [alguien]	to be for [somebody]	supporting	pos:verb	infinitive verb phrase missing pos:verb entirely — found while auditing topic-page coverage for orphaned concepts
p80swouyaq	tener sentido	to make sense	supporting	pos:verb	infinitive verb phrase missing pos:verb entirely — found while auditing topic-page coverage for orphaned concepts
o8yyqw9k2g	trabajar en [un lugar u organización]	to work at [a place or organization]	supporting	pos:verb	infinitive verb phrase missing pos:verb entirely — found while auditing topic-page coverage for orphaned concepts
xrqc4586p2	trabajar en [una tarea o proyecto]	to work on [a task or project]	supporting	pos:verb	infinitive verb phrase missing pos:verb entirely — found while auditing topic-page coverage for orphaned concepts
h2ubrz9hyw	valer [un precio]	to cost [an amount]	supporting	pos:verb	infinitive verb phrase missing pos:verb entirely — found while auditing topic-page coverage for orphaned concepts
zeloe6s3qo	verse con [alguien]	to see [somebody]	supporting	pos:verb	infinitive verb phrase missing pos:verb entirely — found while auditing topic-page coverage for orphaned concepts
dawn4c9rf4	traer [algo] aquí	to bring [something] here	supporting	pos:verb	infinitive verb phrase missing pos:verb entirely — found while auditing topic-page coverage for orphaned concepts
ksg6li9jy7	volver aquí	to come back	supporting	pos:verb	infinitive verb phrase missing pos:verb entirely — found while auditing topic-page coverage for orphaned concepts
tly9ldi8kr	volver a [otro lugar]	to go back to [another place]	supporting	pos:verb	infinitive verb phrase missing pos:verb entirely — found while auditing topic-page coverage for orphaned concepts
tiss70p00o	hablar por teléfono con [alguien]	to talk to [somebody] on the phone	reference	pos:verb	infinitive verb phrase missing pos:verb entirely — found while auditing topic-page coverage for orphaned concepts
n9z42gcs3h	beber [algo] todo	to drink [something] up	reference	pos:verb	infinitive verb phrase missing pos:verb entirely — found while auditing topic-page coverage for orphaned concepts
kf0u7n45dt	hablar por [alguien]	to speak for [somebody]	reference	pos:verb	infinitive verb phrase missing pos:verb entirely — found while auditing topic-page coverage for orphaned concepts
4pmy3sue86	decir [algo] en voz alta	to say [something] out loud	reference	pos:verb	infinitive verb phrase missing pos:verb entirely — found while auditing topic-page coverage for orphaned concepts
xzcldfjhmu	darle tiempo a [alguien] para [hacer algo]	to give [somebody] time to [do something]	reference	pos:verb	infinitive verb phrase missing pos:verb entirely — found while auditing topic-page coverage for orphaned concepts
53wi0qwjcm	darle ganas de [hacer algo] a [alguien]	to feel like [doing something]	reference	pos:verb	infinitive verb phrase missing pos:verb entirely — found while auditing topic-page coverage for orphaned concepts
qrb7i9y47p	darle a [un interruptor]	to flip [a switch]	reference	pos:verb	infinitive verb phrase missing pos:verb entirely — found while auditing topic-page coverage for orphaned concepts
27fbkeb2et	pedir perdón por [algo]	to ask for forgiveness for [something]	reference	pos:verb	infinitive verb phrase missing pos:verb entirely — found while auditing topic-page coverage for orphaned concepts
439x0r7xja	pedir un deseo	to make a wish	reference	pos:verb	infinitive verb phrase missing pos:verb entirely — found while auditing topic-page coverage for orphaned concepts
cld2cnhb2w	pasarle [algo] a [alguien]	to pass [somebody] [something]	supporting	pos:verb	infinitive verb phrase missing pos:verb entirely — found while auditing topic-page coverage for orphaned concepts
2bsn8536de	pensar [hacer algo]	to plan to [do something]	supporting	pos:verb	infinitive verb phrase missing pos:verb entirely — found while auditing topic-page coverage for orphaned concepts
iiwmj1y2af	perder [un medio de transporte]	to miss [transportation]	supporting	pos:verb	infinitive verb phrase missing pos:verb entirely — found while auditing topic-page coverage for orphaned concepts
erwsyenslz	prestarle [algo] a [alguien]	to lend [somebody] [something]	supporting	pos:verb	infinitive verb phrase missing pos:verb entirely — found while auditing topic-page coverage for orphaned concepts
we8gzmevo2	prestar atención a [algo]	to pay attention to [something]	supporting	pos:verb	infinitive verb phrase missing pos:verb entirely — found while auditing topic-page coverage for orphaned concepts
1vb3s8ps5j	quedarse sin [algo]	to run out of [something]	supporting	pos:verb	infinitive verb phrase missing pos:verb entirely — found while auditing topic-page coverage for orphaned concepts
89g0nxntpb	seguir recto	to keep going straight	supporting	pos:verb	infinitive verb phrase missing pos:verb entirely — found while auditing topic-page coverage for orphaned concepts
o8w71qqdrb	recordarle a [alguien] [hacer algo]	to remind [somebody] [to do something]	supporting	pos:verb	infinitive verb phrase missing pos:verb entirely — found while auditing topic-page coverage for orphaned concepts
15kcw4vn4r	robar [algo]	to steal [something]	supporting	pos:verb	infinitive verb phrase missing pos:verb entirely — found while auditing topic-page coverage for orphaned concepts
m1asnh0c8n	seguir a [alguien]	to follow [somebody]	supporting	pos:verb	infinitive verb phrase missing pos:verb entirely — found while auditing topic-page coverage for orphaned concepts
f0z126w2cy	seguir [instrucciones]	to follow [instructions]	supporting	pos:verb	infinitive verb phrase missing pos:verb entirely — found while auditing topic-page coverage for orphaned concepts
qa5k2yvbpz	sentir [una sensación]	to feel [a sensation]	supporting	pos:verb	infinitive verb phrase missing pos:verb entirely — found while auditing topic-page coverage for orphaned concepts
1jdy99z2dz	tener ganas de [hacer algo]	to feel like [doing something]	supporting	pos:verb	infinitive verb phrase missing pos:verb entirely — found while auditing topic-page coverage for orphaned concepts
er9xiz8dqv	tocarle a [alguien]	to be [somebody's] turn	supporting	pos:verb	infinitive verb phrase missing pos:verb entirely — found while auditing topic-page coverage for orphaned concepts
5uycd7m1nu	tocar [algo]	to touch [something]	supporting	pos:verb	infinitive verb phrase missing pos:verb entirely — found while auditing topic-page coverage for orphaned concepts
emji2mg22t	ser [hecho] por [alguien]	to be [done] by [somebody]	supporting	pos:verb	infinitive verb phrase missing pos:verb entirely — found while auditing topic-page coverage for orphaned concepts
i0ry42yzcl	pedir [comida] a domicilio	to order in	reference	pos:verb	infinitive verb phrase missing pos:verb entirely — found while auditing topic-page coverage for orphaned concepts
53ak6stp8u	ganarse la vida	to make a living	reference	pos:verb	infinitive verb phrase missing pos:verb entirely — found while auditing topic-page coverage for orphaned concepts
mu7bumpulx	hacer un esfuerzo	to make an effort	reference	pos:verb	infinitive verb phrase missing pos:verb entirely — found while auditing topic-page coverage for orphaned concepts
lxhfegmolo	hacer falta	to be needed	reference	pos:verb	infinitive verb phrase missing pos:verb entirely — found while auditing topic-page coverage for orphaned concepts
bnj5p17mrm	irle bien a [alguien]	to go well for [somebody]	reference	pos:verb	infinitive verb phrase missing pos:verb entirely — found while auditing topic-page coverage for orphaned concepts
8kpshof0nv	mandar [hacer algo]	to have [something done]	reference	pos:verb	infinitive verb phrase missing pos:verb entirely — found while auditing topic-page coverage for orphaned concepts
6y6hoqee9p	pararse	to stop moving	reference	pos:verb	infinitive verb phrase missing pos:verb entirely — found while auditing topic-page coverage for orphaned concepts
uuq5sdflxk	pasar por [algo difícil]	to go through [something difficult]	reference	pos:verb	infinitive verb phrase missing pos:verb entirely — found while auditing topic-page coverage for orphaned concepts
isr1jrl9yx	pensar bien [algo]	to think [something] over	reference	pos:verb	infinitive verb phrase missing pos:verb entirely — found while auditing topic-page coverage for orphaned concepts
xavuiuomaj	pensar detenidamente [algo]	to think [something] through	reference	pos:verb	infinitive verb phrase missing pos:verb entirely — found while auditing topic-page coverage for orphaned concepts
k57gp6u41b	pensar que sí	to think so	reference	pos:verb	infinitive verb phrase missing pos:verb entirely — found while auditing topic-page coverage for orphaned concepts
bm5ashr6qu	perder el contacto con [alguien]	to lose touch with [somebody]	reference	pos:verb	infinitive verb phrase missing pos:verb entirely — found while auditing topic-page coverage for orphaned concepts
wtfoq5ttro	perder la noción de [algo]	to lose track of [something]	reference	pos:verb	infinitive verb phrase missing pos:verb entirely — found while auditing topic-page coverage for orphaned concepts
op3olm4hh3	quedar con [alguien]	to arrange to meet [somebody]	reference	pos:verb	infinitive verb phrase missing pos:verb entirely — found while auditing topic-page coverage for orphaned concepts
zl1e6hnb04	quedar en [hacer algo]	to agree to [do something]	reference	pos:verb	infinitive verb phrase missing pos:verb entirely — found while auditing topic-page coverage for orphaned concepts
0ubq3z55bc	contar con [algo]	to have [something]	reference	pos:verb	infinitive verb phrase missing pos:verb entirely — found while auditing topic-page coverage for orphaned concepts
2egwnfg7jz	creer en [alguien]	to believe in [somebody]	reference	pos:verb	infinitive verb phrase missing pos:verb entirely — found while auditing topic-page coverage for orphaned concepts
a4mugyra2a	quitarse del camino	to get out of the way	reference	pos:verb	infinitive verb phrase missing pos:verb entirely — found while auditing topic-page coverage for orphaned concepts
0ngr08140i	abrirse con [alguien]	to open up to [somebody]	reference	pos:verb	infinitive verb phrase missing pos:verb entirely — found while auditing topic-page coverage for orphaned concepts
9y6wrrzjfz	costarle a [alguien] [hacer algo]	to struggle to [do something]	reference	pos:verb	infinitive verb phrase missing pos:verb entirely — found while auditing topic-page coverage for orphaned concepts
qj3wvut2bw	debía [hacer algo]	to have been supposed to [do something]	reference	pos:verb	infinitive verb phrase missing pos:verb entirely — found while auditing topic-page coverage for orphaned concepts
w4ubw2gv4e	deberse a [algo]	to be due to [something]	reference	pos:verb	infinitive verb phrase missing pos:verb entirely — found while auditing topic-page coverage for orphaned concepts
egh1emsv3k	dejar [un lugar]	to leave [a place]	reference	pos:verb	infinitive verb phrase missing pos:verb entirely — found while auditing topic-page coverage for orphaned concepts
od0g56sefd	dejar salir a [alguien o algo]	to let [somebody or something] out	reference	pos:verb	infinitive verb phrase missing pos:verb entirely — found while auditing topic-page coverage for orphaned concepts
skfxdss0cs	dejar de [hacer algo]	to no longer [do something]	reference	pos:verb	infinitive verb phrase missing pos:verb entirely — found while auditing topic-page coverage for orphaned concepts
36riiosdmx	echar a [alguien] de [un lugar]	to throw [somebody] out of [a place]	reference	pos:verb	infinitive verb phrase missing pos:verb entirely — found while auditing topic-page coverage for orphaned concepts
1yt28hn07y	echar [un líquido] en [un recipiente]	to pour [a liquid] into [a container]	reference	pos:verb	infinitive verb phrase missing pos:verb entirely — found while auditing topic-page coverage for orphaned concepts
6o8pv6rvtp	echarle una mano a [alguien]	to give [somebody] a hand	reference	pos:verb	infinitive verb phrase missing pos:verb entirely — found while auditing topic-page coverage for orphaned concepts
wyiru8eg9q	echar a [alguien] del trabajo	to fire [somebody]	reference	pos:verb	infinitive verb phrase missing pos:verb entirely — found while auditing topic-page coverage for orphaned concepts
32xfxi2fjv	saber de [alguien]	to hear from [somebody]	reference	pos:verb	infinitive verb phrase missing pos:verb entirely — found while auditing topic-page coverage for orphaned concepts
pxkiokdofk	recordarle a [alguien] a [otra persona]	to remind [somebody] of [another person]	reference	pos:verb	infinitive verb phrase missing pos:verb entirely — found while auditing topic-page coverage for orphaned concepts
y86m7wjo50	saber a [algo]	to taste like [something]	reference	pos:verb	infinitive verb phrase missing pos:verb entirely — found while auditing topic-page coverage for orphaned concepts
nvywv2tlgk	robar [un lugar]	to rob [a place]	reference	pos:verb	infinitive verb phrase missing pos:verb entirely — found while auditing topic-page coverage for orphaned concepts
592w2y5gz1	querer decir	to mean	supporting	pos:verb	infinitive verb phrase missing pos:verb entirely — found while auditing topic-page coverage for orphaned concepts
tc4o4z8jnt	salir mal	to go badly	reference	pos:verb	infinitive verb phrase missing pos:verb entirely — found while auditing topic-page coverage for orphaned concepts
5irs9gdyqv	mantenerse al día con [algo]	to keep up with [something]	reference	pos:verb	infinitive verb phrase missing pos:verb entirely — found while auditing topic-page coverage for orphaned concepts
uxzgvill2p	dar seguimiento a [algo]	to follow up on [something]	reference	pos:verb	infinitive verb phrase missing pos:verb entirely — found while auditing topic-page coverage for orphaned concepts
vupb12qdkr	seguir así	to keep it up	reference	pos:verb	infinitive verb phrase missing pos:verb entirely — found while auditing topic-page coverage for orphaned concepts
ef4ltamqsa	seguir adelante	to carry on	reference	pos:verb	infinitive verb phrase missing pos:verb entirely — found while auditing topic-page coverage for orphaned concepts
2liqgudpe2	mantenerse en contacto con [alguien]	to keep in touch with [somebody]	reference	pos:verb	infinitive verb phrase missing pos:verb entirely — found while auditing topic-page coverage for orphaned concepts
h2zqc61fwq	mantenerse alejado de [algo]	to keep away from [something]	reference	pos:verb	infinitive verb phrase missing pos:verb entirely — found while auditing topic-page coverage for orphaned concepts
d5m00zj2i4	seguir intentándolo	to keep at it	reference	pos:verb	infinitive verb phrase missing pos:verb entirely — found while auditing topic-page coverage for orphaned concepts
3qtux13rre	sentirlo por [algo]	to be sorry for [something]	reference	pos:verb	infinitive verb phrase missing pos:verb entirely — found while auditing topic-page coverage for orphaned concepts
fshhqe3d9f	sentir que [algo]	to sense that [something]	reference	pos:verb	infinitive verb phrase missing pos:verb entirely — found while auditing topic-page coverage for orphaned concepts
nyb1ocmvpw	ser para [un uso]	to be meant for [a use]	reference	pos:verb	infinitive verb phrase missing pos:verb entirely — found while auditing topic-page coverage for orphaned concepts
sz0g4jfbie	ser capaz de [hacer algo]	to be able to [do something]	reference	pos:verb	infinitive verb phrase missing pos:verb entirely — found while auditing topic-page coverage for orphaned concepts
98gwx9pls1	ser culpa de [alguien]	to be [somebody's] fault	reference	pos:verb	infinitive verb phrase missing pos:verb entirely — found while auditing topic-page coverage for orphaned concepts
86v2tii41j	tener en cuenta [algo]	to keep [something] in mind	reference	pos:verb	infinitive verb phrase missing pos:verb entirely — found while auditing topic-page coverage for orphaned concepts
15khny2b9v	tener que ver con [algo]	to have to do with [something]	reference	pos:verb	infinitive verb phrase missing pos:verb entirely — found while auditing topic-page coverage for orphaned concepts
8pzhwaykz8	significar [una forma completa]	to stand for [a full form]	reference	pos:verb	infinitive verb phrase missing pos:verb entirely — found while auditing topic-page coverage for orphaned concepts
0v6um8pq7g	significar mucho para [alguien]	to mean a lot to [somebody]	reference	pos:verb	infinitive verb phrase missing pos:verb entirely — found while auditing topic-page coverage for orphaned concepts
5awfswdavw	no tener nada que ver con [algo]	to have nothing to do with [something]	reference	pos:verb	infinitive verb phrase missing pos:verb entirely — found while auditing topic-page coverage for orphaned concepts
30rrpal2u2	soler [hacer algo]	to tend to [do something]	reference	pos:verb	infinitive verb phrase missing pos:verb entirely — found while auditing topic-page coverage for orphaned concepts
9kyo88v7jf	suponer que [algo]	to assume that [something]	reference	pos:verb	infinitive verb phrase missing pos:verb entirely — found while auditing topic-page coverage for orphaned concepts
6vpv4m0g02	tener que ver con [algo]	to be related to [something]	reference	pos:verb	infinitive verb phrase missing pos:verb entirely — found while auditing topic-page coverage for orphaned concepts
yv532a42h2	traer [algo] consigo	to have [something] with you	reference	pos:verb	infinitive verb phrase missing pos:verb entirely — found while auditing topic-page coverage for orphaned concepts
8ic82zfjqz	tocar el timbre	to ring the doorbell	reference	pos:verb	infinitive verb phrase missing pos:verb entirely — found while auditing topic-page coverage for orphaned concepts
rx423e30re	acordar [hacer algo]	to agree to [do something]	reference	pos:verb	infinitive verb phrase missing pos:verb entirely — found while auditing topic-page coverage for orphaned concepts
htgjdwiqzm	detener [algo]	to stop [something]	reference	pos:verb	infinitive verb phrase missing pos:verb entirely — found while auditing topic-page coverage for orphaned concepts
lzbsoi01yv	mandar [hacer algo]	to get [something] [done]	reference	pos:verb	infinitive verb phrase missing pos:verb entirely — found while auditing topic-page coverage for orphaned concepts
w66regabe9	venir en [colores o tamaños]	to come in [colors or sizes]	reference	pos:verb	infinitive verb phrase missing pos:verb entirely — found while auditing topic-page coverage for orphaned concepts
kk3nkycmqg	venirle bien a [alguien]	to work for [somebody]	reference	pos:verb	infinitive verb phrase missing pos:verb entirely — found while auditing topic-page coverage for orphaned concepts
c9e47xxxqj	venir en camino	to be on the way	reference	pos:verb	infinitive verb phrase missing pos:verb entirely — found while auditing topic-page coverage for orphaned concepts
bg83x0k5kp	enviar [algo]	to ship [something]	reference	pos:verb	infinitive verb phrase missing pos:verb entirely — found while auditing topic-page coverage for orphaned concepts
ietq3i884j	enviar [algo]	to forward [something]	reference	pos:verb	infinitive verb phrase missing pos:verb entirely — found while auditing topic-page coverage for orphaned concepts
vuhn72n7gd	hacer amigos	to make friends	supporting	pos:verb	infinitive verb phrase missing pos:verb entirely — found while auditing topic-page coverage for orphaned concepts
wivk576p42	recordar haber [hecho algo]	to remember [doing something]	supporting	pos:verb	infinitive verb phrase missing pos:verb entirely — found while auditing topic-page coverage for orphaned concepts
4z5hy6veqe	construir [algo]	to build [something]	supporting	pos:verb	infinitive verb phrase missing pos:verb entirely — found while auditing topic-page coverage for orphaned concepts
z2tltbudld	vivir en [un lugar]	to live in [a place]	supporting	pos:verb	infinitive verb phrase missing pos:verb entirely — found while auditing topic-page coverage for orphaned concepts
6g3l09qji4	vivir con [alguien]	to live with [somebody]	supporting	pos:verb	infinitive verb phrase missing pos:verb entirely — found while auditing topic-page coverage for orphaned concepts
mac4komrt9	ser mediodía	to be noon	supporting	pos:verb	infinitive verb phrase missing pos:verb entirely — found while auditing topic-page coverage for orphaned concepts
ceyrr3ohg9	ser medianoche	to be midnight	supporting	pos:verb	infinitive verb phrase missing pos:verb entirely — found while auditing topic-page coverage for orphaned concepts
krnfpdxa43	preferir [hacer algo]	to prefer [to do something]	supporting	pos:verb	infinitive verb phrase missing pos:verb entirely — found while auditing topic-page coverage for orphaned concepts
kfgyouvdqj	odiar [hacer algo]	to hate [to do something]	supporting	pos:verb	infinitive verb phrase missing pos:verb entirely — found while auditing topic-page coverage for orphaned concepts
gzx4e3lkp6	odiar [hacer algo]	to hate [doing something]	supporting	pos:verb	infinitive verb phrase missing pos:verb entirely — found while auditing topic-page coverage for orphaned concepts
e1kkk7zc7e	estar adentro	to be inside	supporting	pos:verb	infinitive verb phrase missing pos:verb entirely — found while auditing topic-page coverage for orphaned concepts
27pb5p676r	estar afuera	to be outside	supporting	pos:verb	infinitive verb phrase missing pos:verb entirely — found while auditing topic-page coverage for orphaned concepts
y13ekw81d8	salir	to come out	supporting	pos:verb	infinitive verb phrase missing pos:verb entirely — found while auditing topic-page coverage for orphaned concepts
tbpj623d3b	querer [hacer algo] (tener la intención)	to mean [to do something]	reference	pos:verb	infinitive verb phrase missing pos:verb entirely — found while auditing topic-page coverage for orphaned concepts
dv55nncur9	ir de compras	to go shopping	supporting	pos:verb	infinitive verb phrase missing pos:verb entirely — found while auditing topic-page coverage for orphaned concepts
joavbehrli	mirar abajo	to look down	reference	pos:verb	infinitive verb phrase missing pos:verb entirely — found while auditing topic-page coverage for orphaned concepts
rihgpnyn52	comer [algo]	to have [something]	supporting	pos:verb	infinitive verb phrase missing pos:verb entirely — found while auditing topic-page coverage for orphaned concepts
39jd5tl1td	comer [algo] todo	to eat [something] up	reference	pos:verb	infinitive verb phrase missing pos:verb entirely — found while auditing topic-page coverage for orphaned concepts
exl1pngeii	comer fuera	to eat out	supporting	pos:verb	infinitive verb phrase missing pos:verb entirely — found while auditing topic-page coverage for orphaned concepts
dtnqrb3lqk	comer en casa	to eat in	reference	pos:verb	infinitive verb phrase missing pos:verb entirely — found while auditing topic-page coverage for orphaned concepts
scx4soq3es	desgastar [algo] poco a poco	to eat away at [something]	reference	pos:verb	infinitive verb phrase missing pos:verb entirely — found while auditing topic-page coverage for orphaned concepts
ci5pguw7c2	reducir [algo] gradualmente	to eat into [something]	reference	pos:verb	infinitive verb phrase missing pos:verb entirely — found while auditing topic-page coverage for orphaned concepts
muiwdna9jq	consumir [algo] por completo	to eat through [something]	reference	pos:verb	infinitive verb phrase missing pos:verb entirely — found while auditing topic-page coverage for orphaned concepts
uidyeso1gn	tomar [una bebida]	to drink [a beverage]	supporting	pos:verb	infinitive verb phrase missing pos:verb entirely — found while auditing topic-page coverage for orphaned concepts
gb1zklln37	tomar una decisión	to make a decision	supporting	pos:verb	infinitive verb phrase missing pos:verb entirely — found while auditing topic-page coverage for orphaned concepts
ghaurw9ils	beber [algo]	to drink [something]	supporting	pos:verb	infinitive verb phrase missing pos:verb entirely — found while auditing topic-page coverage for orphaned concepts
7hhmppjsyi	beber [algo]	to have [a beverage]	reference	pos:verb	infinitive verb phrase missing pos:verb entirely — found while auditing topic-page coverage for orphaned concepts
2hxj5syqcm	tomar [tiempo]	to take [time]	supporting	pos:verb	infinitive verb phrase missing pos:verb entirely — found while auditing topic-page coverage for orphaned concepts
0cpl9zogy8	tomar el control de [algo]	to take over [something]	supporting	pos:verb	infinitive verb phrase missing pos:verb entirely — found while auditing topic-page coverage for orphaned concepts
oieith38tf	despegar	to take off	reference	pos:verb	infinitive verb phrase missing pos:verb entirely — found while auditing topic-page coverage for orphaned concepts
e7vj7ne6w6	quitarse [algo]	to take off [something]	supporting	pos:verb	infinitive verb phrase missing pos:verb entirely — found while auditing topic-page coverage for orphaned concepts
ge2h3aq8un	asumir [algo]	to take on [something]	reference	pos:verb	infinitive verb phrase missing pos:verb entirely — found while auditing topic-page coverage for orphaned concepts
ggqsaeyv8u	tomar [transporte]	to take [transport]	supporting	pos:verb	infinitive verb phrase missing pos:verb entirely — found while auditing topic-page coverage for orphaned concepts
i2o3tqlac3	desarmar [algo]	to take apart [something]	reference	pos:verb	infinitive verb phrase missing pos:verb entirely — found while auditing topic-page coverage for orphaned concepts
gl1h3xyxfc	empezar a gustarle [algo] a alguien	to take to [something/somebody]	reference	pos:verb	infinitive verb phrase missing pos:verb entirely — found while auditing topic-page coverage for orphaned concepts
0k0bl4mcur	cuidar de [alguien/algo]	to take care of [somebody/something]	supporting	pos:verb	infinitive verb phrase missing pos:verb entirely — found while auditing topic-page coverage for orphaned concepts
f70ddup216	participar en [algo]	to take part in [something]	reference	pos:verb	infinitive verb phrase missing pos:verb entirely — found while auditing topic-page coverage for orphaned concepts
kb26bvucsb	hablar en nombre de [alguien]	to speak on behalf of [somebody]	reference	pos:verb	infinitive verb phrase missing pos:verb entirely — found while auditing topic-page coverage for orphaned concepts
b7q2nz5b40	hablar	to talk	supporting	pos:verb	infinitive verb phrase missing pos:verb entirely — found while auditing topic-page coverage for orphaned concepts
xnti52ho63	hablar con [alguien]	to talk to [somebody]	supporting	pos:verb	infinitive verb phrase missing pos:verb entirely — found while auditing topic-page coverage for orphaned concepts
ixtmrjrh95	brindar por [alguien/algo]	to drink to [somebody/something]	reference	pos:verb	infinitive verb phrase missing pos:verb entirely — found while auditing topic-page coverage for orphaned concepts
vmxu8tislh	beber [algo] para olvidar	to drink away [something]	reference	pos:verb	infinitive verb phrase missing pos:verb entirely — found while auditing topic-page coverage for orphaned concepts
pj5xvxa76j	beber de [un recipiente]	to drink out of [a container]	reference	pos:verb	infinitive verb phrase missing pos:verb entirely — found while auditing topic-page coverage for orphaned concepts
tyi7ultt7w	empezar [una actividad]	to take up [something]	reference	pos:verb	infinitive verb phrase missing pos:verb entirely — found while auditing topic-page coverage for orphaned concepts
3lpcerxf58	sacar [algo]	to take out [something]	supporting	pos:verb	infinitive verb phrase missing pos:verb entirely — found while auditing topic-page coverage for orphaned concepts
pfr7szkobd	hablar de [algo]	to talk about [something]	supporting	pos:verb	infinitive verb phrase missing pos:verb entirely — found while auditing topic-page coverage for orphaned concepts
wxukuqznts	hablar más fuerte	to speak up	supporting	pos:verb	infinitive verb phrase missing pos:verb entirely — found while auditing topic-page coverage for orphaned concepts
t817imxlpf	pronunciarse sobre [algo]	to speak out about [something]	reference	pos:verb	infinitive verb phrase missing pos:verb entirely — found while auditing topic-page coverage for orphaned concepts
sgxn0d27nm	hablar de [algo] antes de decidir	to talk [something] over	reference	pos:verb	infinitive verb phrase missing pos:verb entirely — found while auditing topic-page coverage for orphaned concepts
22hirk8mdw	explicarle [algo] paso a paso a [alguien]	to talk [somebody] through [something]	reference	pos:verb	infinitive verb phrase missing pos:verb entirely — found while auditing topic-page coverage for orphaned concepts
sk978mgwus	convencer a [alguien] de [hacer algo]	to talk [somebody] into [doing something]	reference	pos:verb	infinitive verb phrase missing pos:verb entirely — found while auditing topic-page coverage for orphaned concepts
n7f05snzv6	convencer a [alguien] de no [hacer algo]	to talk [somebody] out of [doing something]	reference	pos:verb	infinitive verb phrase missing pos:verb entirely — found while auditing topic-page coverage for orphaned concepts
obw0unmb5c	hablarle con condescendencia a [alguien]	to talk down to [somebody]	reference	pos:verb	infinitive verb phrase missing pos:verb entirely — found while auditing topic-page coverage for orphaned concepts
utfyp7wiro	contestarle mal a [alguien]	to talk back to [somebody]	reference	pos:verb	infinitive verb phrase missing pos:verb entirely — found while auditing topic-page coverage for orphaned concepts
7x4v7kp0dx	hablar consigo mismo/a	to talk to oneself	reference	pos:verb	infinitive verb phrase missing pos:verb entirely — found while auditing topic-page coverage for orphaned concepts
djoaiftk25	devolver [algo]	to take back [something]	supporting	pos:verb	infinitive verb phrase missing pos:verb entirely — found while auditing topic-page coverage for orphaned concepts
xo18pm756n	hablar con [alguien]	to speak with [somebody]	supporting	pos:verb	infinitive verb phrase missing pos:verb entirely — found while auditing topic-page coverage for orphaned concepts
b9jycma895	engañar [a alguien]	to take in [somebody/something]	reference	pos:verb	infinitive verb phrase missing pos:verb entirely — found while auditing topic-page coverage for orphaned concepts
y3salsw4an	llevarse [algo]	to take away [something]	supporting	pos:verb	infinitive verb phrase missing pos:verb entirely — found while auditing topic-page coverage for orphaned concepts
y8vz5i8ugg	absorber [algo]	to drink in [something]	reference	pos:verb	infinitive verb phrase missing pos:verb entirely — found while auditing topic-page coverage for orphaned concepts
7n09vmo7kn	reprender a [alguien]	to tell [somebody] off	reference	pos:verb	infinitive verb phrase missing pos:verb entirely — found while auditing topic-page coverage for orphaned concepts
0t7sh9pmmo	delatar a [alguien]	to tell on [somebody]	reference	pos:verb	infinitive verb phrase missing pos:verb entirely — found while auditing topic-page coverage for orphaned concepts
rv2tbtvssk	distinguir [algo] de [algo]	to tell [something] from [something]	reference	pos:verb	infinitive verb phrase missing pos:verb entirely — found while auditing topic-page coverage for orphaned concepts
3uulufvfpt	darle permiso a [alguien] para [hacer algo]	to allow [somebody] to [do something]	supporting	pos:verb	infinitive verb phrase missing pos:verb entirely — found while auditing topic-page coverage for orphaned concepts
a7tobu5j5o	decir la verdad	to tell the truth	supporting	pos:verb	infinitive verb phrase missing pos:verb entirely — found while auditing topic-page coverage for orphaned concepts
0uwakesgf2	decir que no	to say no	supporting	pos:verb	infinitive verb phrase missing pos:verb entirely — found while auditing topic-page coverage for orphaned concepts
aw96cncl64	bendecir a [alguien]	to bless [somebody]	reference	pos:verb	infinitive verb phrase missing pos:verb entirely — found while auditing topic-page coverage for orphaned concepts
btsojlg7v0	maldecir a [alguien]	to curse [somebody]	reference	pos:verb	infinitive verb phrase missing pos:verb entirely — found while auditing topic-page coverage for orphaned concepts
yaznk7a47n	darse [un evento]	to take place	reference	pos:verb	infinitive verb phrase missing pos:verb entirely — found while auditing topic-page coverage for orphaned concepts
cgzwyy7tb0	dar a [una dirección]	to face [a direction]	reference	pos:verb	infinitive verb phrase missing pos:verb entirely — found while auditing topic-page coverage for orphaned concepts
z1hv68g2f4	dar a [un lugar]	to overlook [a place]	reference	pos:verb	infinitive verb phrase missing pos:verb entirely — found while auditing topic-page coverage for orphaned concepts
5zyk11qlrm	darse cuenta de que [algo sucede]	to realize that [something happens]	supporting	pos:verb	infinitive verb phrase missing pos:verb entirely — found while auditing topic-page coverage for orphaned concepts
gbxjc99tyx	dar resultado	to pay off	reference	pos:verb	infinitive verb phrase missing pos:verb entirely — found while auditing topic-page coverage for orphaned concepts
tc9rpq3ivd	dar lugar a [algo]	to lead to [something]	reference	pos:verb	infinitive verb phrase missing pos:verb entirely — found while auditing topic-page coverage for orphaned concepts
47jjg9x6gu	darle sueño a [alguien]	to make [somebody] sleepy	reference	pos:verb	infinitive verb phrase missing pos:verb entirely — found while auditing topic-page coverage for orphaned concepts
ukz1l748d8	darle a [un botón]	to press [a button]	reference	pos:verb	infinitive verb phrase missing pos:verb entirely — found while auditing topic-page coverage for orphaned concepts
l6c2h7kj9j	darle hambre a [alguien]	to make [somebody] hungry	reference	pos:verb	infinitive verb phrase missing pos:verb entirely — found while auditing topic-page coverage for orphaned concepts
nx9vadk8zr	darse [un evento]	to happen	reference	pos:verb	infinitive verb phrase missing pos:verb entirely — found while auditing topic-page coverage for orphaned concepts
b1tjm939pm	darle sed a [alguien]	to make [somebody] thirsty	reference	pos:verb	infinitive verb phrase missing pos:verb entirely — found while auditing topic-page coverage for orphaned concepts
ie6c5rc7ri	darle risa a [alguien]	to make [somebody] laugh	reference	pos:verb	infinitive verb phrase missing pos:verb entirely — found while auditing topic-page coverage for orphaned concepts
chpomdclwr	darle miedo a [alguien]	to scare [somebody]	reference	pos:verb	infinitive verb phrase missing pos:verb entirely — found while auditing topic-page coverage for orphaned concepts
xz843dw8lb	darle vergüenza a [alguien]	to embarrass [somebody]	reference	pos:verb	infinitive verb phrase missing pos:verb entirely — found while auditing topic-page coverage for orphaned concepts
jpaidkfhw8	dar resultado	to work	reference	pos:verb	infinitive verb phrase missing pos:verb entirely — found while auditing topic-page coverage for orphaned concepts
6oqdoh7ax7	darle a [un video]	to play [a video]	reference	pos:verb	infinitive verb phrase missing pos:verb entirely — found while auditing topic-page coverage for orphaned concepts
du61aoc74y	decir una mentira	to tell a lie	supporting	pos:verb	infinitive verb phrase missing pos:verb entirely — found while auditing topic-page coverage for orphaned concepts
kwqo05li9i	decir que sí	to say yes	supporting	pos:verb	infinitive verb phrase missing pos:verb entirely — found while auditing topic-page coverage for orphaned concepts
mx0rz2zmur	distinguir a [alguien] de [alguien]	to tell [somebody] apart	reference	pos:verb	infinitive verb phrase missing pos:verb entirely — found while auditing topic-page coverage for orphaned concepts
b11jnq9i7f	dar permiso	to give permission	supporting	pos:verb	infinitive verb phrase missing pos:verb entirely — found while auditing topic-page coverage for orphaned concepts
y4eh6045j1	dar lugar a [algo]	to give rise to [something]	reference	pos:verb	infinitive verb phrase missing pos:verb entirely — found while auditing topic-page coverage for orphaned concepts
ngfffkccp9	emitir [algo]	to give off [something]	reference	pos:verb	infinitive verb phrase missing pos:verb entirely — found while auditing topic-page coverage for orphaned concepts
ei0hj29low	ayudar a [alguien]	to give [somebody] a hand	reference	pos:verb	infinitive verb phrase missing pos:verb entirely — found while auditing topic-page coverage for orphaned concepts
3yjxjrevpn	dar a luz a [un bebé]	to give birth to [a baby]	reference	pos:verb	infinitive verb phrase missing pos:verb entirely — found while auditing topic-page coverage for orphaned concepts
ryokdbzs7y	dar poder a [alguien]	to give power to [somebody]	reference	pos:verb	infinitive verb phrase missing pos:verb entirely — found while auditing topic-page coverage for orphaned concepts
srjl4vz5st	pedirle prestado [algo] a [alguien]	to borrow [something] from [somebody]	supporting	pos:verb	infinitive verb phrase missing pos:verb entirely — found while auditing topic-page coverage for orphaned concepts
1g3jfa9eo7	pedir permiso para [hacer algo]	to ask for permission to [do something]	supporting	pos:verb	infinitive verb phrase missing pos:verb entirely — found while auditing topic-page coverage for orphaned concepts
fjv6xhktcy	pedir [comida o bebida]	to order [food or a drink]	supporting	pos:verb	infinitive verb phrase missing pos:verb entirely — found while auditing topic-page coverage for orphaned concepts
29l8pgm5cm	darle asco a [alguien]	to disgust [somebody]	reference	pos:verb	infinitive verb phrase missing pos:verb entirely — found while auditing topic-page coverage for orphaned concepts
akiq3fgnfg	pedir [un producto]	to order [a product]	supporting	pos:verb	infinitive verb phrase missing pos:verb entirely — found while auditing topic-page coverage for orphaned concepts
x71u2ua4d3	pedir [una visa]	to apply for [a visa]	reference	pos:verb	infinitive verb phrase missing pos:verb entirely — found while auditing topic-page coverage for orphaned concepts
2j339tyd27	pedir formalmente [algo]	to request [something]	reference	pos:verb	infinitive verb phrase missing pos:verb entirely — found while auditing topic-page coverage for orphaned concepts
hhmv0g9xlh	pedir [comida] para llevar	to order [food] to go	reference	pos:verb	infinitive verb phrase missing pos:verb entirely — found while auditing topic-page coverage for orphaned concepts
af25juocs7	pedirle cuentas a [alguien]	to demand an explanation from [somebody]	reference	pos:verb	infinitive verb phrase missing pos:verb entirely — found while auditing topic-page coverage for orphaned concepts
070rfgth5n	pedir limosna	to beg	reference	pos:verb	infinitive verb phrase missing pos:verb entirely — found while auditing topic-page coverage for orphaned concepts
sfix1omn3j	preguntarles a varias personas	to ask around	reference	pos:verb	infinitive verb phrase missing pos:verb entirely — found while auditing topic-page coverage for orphaned concepts
el36dqux2e	invitar a salir a [alguien]	to ask [somebody] out	reference	pos:verb	infinitive verb phrase missing pos:verb entirely — found while auditing topic-page coverage for orphaned concepts
o7o4ftsalw	preguntar por [alguien]	to ask after [somebody]	reference	pos:verb	infinitive verb phrase missing pos:verb entirely — found while auditing topic-page coverage for orphaned concepts
x2fc6shlo3	invitar a [alguien] a casa	to ask [somebody] over	reference	pos:verb	infinitive verb phrase missing pos:verb entirely — found while auditing topic-page coverage for orphaned concepts
ixbwufuza6	invitar a entrar a [alguien]	to ask [somebody] in	reference	pos:verb	infinitive verb phrase missing pos:verb entirely — found while auditing topic-page coverage for orphaned concepts
cje0h2p81t	pedir [algo] a [alguien] formalmente	to request [something] from [somebody]	reference	pos:verb	infinitive verb phrase missing pos:verb entirely — found while auditing topic-page coverage for orphaned concepts
5bq8gctf3g	poner [algo] dentro de [un lugar]	to put [something] into [a place]	supporting	pos:verb	infinitive verb phrase missing pos:verb entirely — found while auditing topic-page coverage for orphaned concepts
fefhc4duwl	publicar [algo]	to put [something] out	reference	pos:verb	infinitive verb phrase missing pos:verb entirely — found while auditing topic-page coverage for orphaned concepts
f03pn31r0v	mandar a [alguien] de un lado a otro	to order [somebody] around	reference	pos:verb	infinitive verb phrase missing pos:verb entirely — found while auditing topic-page coverage for orphaned concepts
15fzbnc0u4	ordenarle salir a [alguien]	to order [somebody] out	reference	pos:verb	infinitive verb phrase missing pos:verb entirely — found while auditing topic-page coverage for orphaned concepts
6r69ejgtqp	ceder	to give in	reference	pos:verb	infinitive verb phrase missing pos:verb entirely — found while auditing topic-page coverage for orphaned concepts
qpudxn2cb2	regalar [algo]	to give [something] away	supporting	pos:verb	infinitive verb phrase missing pos:verb entirely — found while auditing topic-page coverage for orphaned concepts
sxzbibq8jq	revelar [un secreto]	to give [a secret] away	reference	pos:verb	infinitive verb phrase missing pos:verb entirely — found while auditing topic-page coverage for orphaned concepts
f8j54x3ds4	pedir una cita con [alguien]	to book an appointment with [somebody]	reference	pos:verb	infinitive verb phrase missing pos:verb entirely — found while auditing topic-page coverage for orphaned concepts
8k4ud8dmsv	repartir [algo]	to give [something] out	reference	pos:verb	infinitive verb phrase missing pos:verb entirely — found while auditing topic-page coverage for orphaned concepts
ktumc7kivz	dejar de funcionar	to give out	reference	pos:verb	infinitive verb phrase missing pos:verb entirely — found while auditing topic-page coverage for orphaned concepts
ka5uny00ga	pedir [comida] a domicilio	to order [food] for delivery	reference	pos:verb	infinitive verb phrase missing pos:verb entirely — found while auditing topic-page coverage for orphaned concepts
kdt4ocawe0	pedir una cita con [alguien]	to make an appointment with [somebody]	reference	pos:verb	infinitive verb phrase missing pos:verb entirely — found while auditing topic-page coverage for orphaned concepts
7462tgsu12	poner [algo] junto a [algo]	to put [something] next to [something]	supporting	pos:verb	infinitive verb phrase missing pos:verb entirely — found while auditing topic-page coverage for orphaned concepts
xy9ovfmmwc	poner la mesa	to set the table	reference	pos:verb	infinitive verb phrase missing pos:verb entirely — found while auditing topic-page coverage for orphaned concepts
icqfdrme98	poner [una luz o un aparato]	to turn on [a light or device]	supporting	pos:verb	infinitive verb phrase missing pos:verb entirely — found while auditing topic-page coverage for orphaned concepts
aq5xocbm7o	poner [música o un video]	to play [music or a video]	supporting	pos:verb	infinitive verb phrase missing pos:verb entirely — found while auditing topic-page coverage for orphaned concepts
tyej3rsl7u	ponerle un precio a [algo]	to set a price for [something]	reference	pos:verb	infinitive verb phrase missing pos:verb entirely — found while auditing topic-page coverage for orphaned concepts
dh16jcovbo	poner una alarma para [una hora]	to set an alarm for [a time]	reference	pos:verb	infinitive verb phrase missing pos:verb entirely — found while auditing topic-page coverage for orphaned concepts
wsy0zl0ir1	ponerse [una prenda]	to put on [an item of clothing]	supporting	pos:verb	infinitive verb phrase missing pos:verb entirely — found while auditing topic-page coverage for orphaned concepts
4gnnj2lqzl	poner [música o un video]	to put on [music or a video]	reference	pos:verb	infinitive verb phrase missing pos:verb entirely — found while auditing topic-page coverage for orphaned concepts
wpfrk73j3o	llevar puesto/a [una prenda]	to wear [an item of clothing]	supporting	pos:verb	infinitive verb phrase missing pos:verb entirely — found while auditing topic-page coverage for orphaned concepts
a1p4uhtcxu	ponerse a [hacer algo]	to start [doing something]	supporting	pos:verb	infinitive verb phrase missing pos:verb entirely — found while auditing topic-page coverage for orphaned concepts
sga7fa9bp9	ponerse a [hacer algo]	to begin to [do something]	supporting	pos:verb	infinitive verb phrase missing pos:verb entirely — found while auditing topic-page coverage for orphaned concepts
fvn3ipywv9	ponerse de pie	to stand up	supporting	pos:verb	infinitive verb phrase missing pos:verb entirely — found while auditing topic-page coverage for orphaned concepts
u8ocx1l1ad	poner [algo] debajo de [algo]	to put [something] under [something]	supporting	pos:verb	infinitive verb phrase missing pos:verb entirely — found while auditing topic-page coverage for orphaned concepts
79080668rq	ponerse en contacto con [alguien]	to get in touch with [somebody]	reference	pos:verb	infinitive verb phrase missing pos:verb entirely — found while auditing topic-page coverage for orphaned concepts
lz3nxrm63o	ponerse de acuerdo con [alguien]	to agree with [somebody]	supporting	pos:verb	infinitive verb phrase missing pos:verb entirely — found while auditing topic-page coverage for orphaned concepts
lc4ekh76su	poner [algo] en riesgo	to put [something] at risk	reference	pos:verb	infinitive verb phrase missing pos:verb entirely — found while auditing topic-page coverage for orphaned concepts
xzd9s8bgpf	poner fin a [algo]	to put an end to [something]	reference	pos:verb	infinitive verb phrase missing pos:verb entirely — found while auditing topic-page coverage for orphaned concepts
8tlst3bo6o	poner [algo] por escrito	to put [something] in writing	reference	pos:verb	infinitive verb phrase missing pos:verb entirely — found while auditing topic-page coverage for orphaned concepts
s8zforv9i3	poner a [alguien] a cargo de [algo]	to put [somebody] in charge of [something]	reference	pos:verb	infinitive verb phrase missing pos:verb entirely — found while auditing topic-page coverage for orphaned concepts
dtodl04vtu	poner [algo] en práctica	to put [something] into practice	reference	pos:verb	infinitive verb phrase missing pos:verb entirely — found while auditing topic-page coverage for orphaned concepts
dq9hw47p1r	ponerse al día con [algo o alguien]	to catch up with [something or somebody]	reference	pos:verb	infinitive verb phrase missing pos:verb entirely — found while auditing topic-page coverage for orphaned concepts
6m87utf0dm	poner atención a [algo]	to pay attention to [something]	reference	pos:verb	infinitive verb phrase missing pos:verb entirely — found while auditing topic-page coverage for orphaned concepts
yq888yksqh	posponer [algo]	to put [something] off	reference	pos:verb	infinitive verb phrase missing pos:verb entirely — found while auditing topic-page coverage for orphaned concepts
jwap9vw9gm	ponerle nombre a [algo]	to name [something]	reference	pos:verb	infinitive verb phrase missing pos:verb entirely — found while auditing topic-page coverage for orphaned concepts
s6q036agkz	desanimar a [alguien]	to put [somebody] off	reference	pos:verb	infinitive verb phrase missing pos:verb entirely — found while auditing topic-page coverage for orphaned concepts
79su3o2kda	guardar [algo]	to put [something] away	supporting	pos:verb	infinitive verb phrase missing pos:verb entirely — found while auditing topic-page coverage for orphaned concepts
meqlrplce4	dejar [algo] sobre [una superficie]	to put [something] down	supporting	pos:verb	infinitive verb phrase missing pos:verb entirely — found while auditing topic-page coverage for orphaned concepts
jf2aw2elxh	menospreciar a [alguien]	to put [somebody] down	reference	pos:verb	infinitive verb phrase missing pos:verb entirely — found while auditing topic-page coverage for orphaned concepts
o1dt8eusto	volver a poner [algo] en su lugar	to put [something] back	supporting	pos:verb	infinitive verb phrase missing pos:verb entirely — found while auditing topic-page coverage for orphaned concepts
1u1hrquecd	molestar a [alguien]	to put [somebody] out	reference	pos:verb	infinitive verb phrase missing pos:verb entirely — found while auditing topic-page coverage for orphaned concepts
5niiiqvgsg	colgar [algo]	to put [something] up	reference	pos:verb	infinitive verb phrase missing pos:verb entirely — found while auditing topic-page coverage for orphaned concepts
cur1zfeps2	alojar a [alguien]	to put [somebody] up	reference	pos:verb	infinitive verb phrase missing pos:verb entirely — found while auditing topic-page coverage for orphaned concepts
wcvwv6uubd	aguantar [algo]	to put up with [something]	reference	pos:verb	infinitive verb phrase missing pos:verb entirely — found while auditing topic-page coverage for orphaned concepts
9rl1sd6idk	comunicar a [alguien] por teléfono	to put [somebody] through	reference	pos:verb	infinitive verb phrase missing pos:verb entirely — found while auditing topic-page coverage for orphaned concepts
3ub96rf8ci	hacer pasar a [alguien] por [algo]	to put [somebody] through [something]	reference	pos:verb	infinitive verb phrase missing pos:verb entirely — found while auditing topic-page coverage for orphaned concepts
c6s5ipa7sg	comunicar [una idea]	to put [an idea] across	reference	pos:verb	infinitive verb phrase missing pos:verb entirely — found while auditing topic-page coverage for orphaned concepts
sgssxq75yi	apartar [algo]	to put [something] aside	reference	pos:verb	infinitive verb phrase missing pos:verb entirely — found while auditing topic-page coverage for orphaned concepts
srdsgbfh59	proponer [una idea]	to put [an idea] forward	reference	pos:verb	infinitive verb phrase missing pos:verb entirely — found while auditing topic-page coverage for orphaned concepts
v0h48i7zia	armar [algo]	to put [something] together	reference	pos:verb	infinitive verb phrase missing pos:verb entirely — found while auditing topic-page coverage for orphaned concepts
ligtxfh1ka	presentar [una solicitud]	to put in [an application]	reference	pos:verb	infinitive verb phrase missing pos:verb entirely — found while auditing topic-page coverage for orphaned concepts
elx2dgp3mq	atribuir [algo] a [algo]	to put [something] down to [something]	reference	pos:verb	infinitive verb phrase missing pos:verb entirely — found while auditing topic-page coverage for orphaned concepts
b8k9avr7st	hacerse [algo]	to become [something]	reference	pos:verb	infinitive verb phrase missing pos:verb entirely — found while auditing topic-page coverage for orphaned concepts
r97jh0nzir	poner una fecha para [algo]	to set a date for [something]	reference	pos:verb	infinitive verb phrase missing pos:verb entirely — found while auditing topic-page coverage for orphaned concepts
txq22yyto3	distinguir a [alguien o algo]	to set [somebody or something] apart	reference	pos:verb	infinitive verb phrase missing pos:verb entirely — found while auditing topic-page coverage for orphaned concepts
amm42otpmw	ponerse a [hacer algo]	to set about [doing something]	reference	pos:verb	infinitive verb phrase missing pos:verb entirely — found while auditing topic-page coverage for orphaned concepts
4tbjc26h9n	anotar [algo]	to set [something] down	reference	pos:verb	infinitive verb phrase missing pos:verb entirely — found while auditing topic-page coverage for orphaned concepts
ehmy6i5qti	rezar [una oración]	to say [a prayer]	reference	pos:verb	infinitive verb phrase missing pos:verb entirely — found while auditing topic-page coverage for orphaned concepts
oi3ndfk0qf	contarle [una historia] a [alguien]	to tell [somebody] [a story]	supporting	pos:verb	infinitive verb phrase missing pos:verb entirely — found while auditing topic-page coverage for orphaned concepts
wv4hem1a62	darse cuenta de que [algo sucede]	to be able to tell that [something happens]	reference	pos:verb	infinitive verb phrase missing pos:verb entirely — found while auditing topic-page coverage for orphaned concepts
66ib6vkhnq	ceder el paso	to give way	reference	pos:verb	infinitive verb phrase missing pos:verb entirely — found while auditing topic-page coverage for orphaned concepts
bb8a9kyess	avisar a [alguien] sobre [algo]	to put [somebody] onto [something]	reference	pos:verb	infinitive verb phrase missing pos:verb entirely — found while auditing topic-page coverage for orphaned concepts
4ifnatwu0r	enfrentar a [alguien] con [alguien]	to put [somebody] against [somebody]	reference	pos:verb	infinitive verb phrase missing pos:verb entirely — found while auditing topic-page coverage for orphaned concepts
bjms2exzmh	organizar [un evento]	to put on [an event]	reference	pos:verb	infinitive verb phrase missing pos:verb entirely — found while auditing topic-page coverage for orphaned concepts
uenjlmb8j9	subir de peso	to put on weight	reference	pos:verb	infinitive verb phrase missing pos:verb entirely — found while auditing topic-page coverage for orphaned concepts
cuvs1emqwk	instalar [algo]	to set [something] up	reference	pos:verb	infinitive verb phrase missing pos:verb entirely — found while auditing topic-page coverage for orphaned concepts
8omp49yd4o	organizar [una reunión]	to set up [a meeting]	reference	pos:verb	infinitive verb phrase missing pos:verb entirely — found while auditing topic-page coverage for orphaned concepts
xt2fc8yvaz	fundar [una organización]	to set up [an organization]	reference	pos:verb	infinitive verb phrase missing pos:verb entirely — found while auditing topic-page coverage for orphaned concepts
gsjekkk0qa	tenderle una trampa a [alguien]	to set [somebody] up	reference	pos:verb	infinitive verb phrase missing pos:verb entirely — found while auditing topic-page coverage for orphaned concepts
gb7y8wpma4	activar [una alarma]	to set off [an alarm]	reference	pos:verb	infinitive verb phrase missing pos:verb entirely — found while auditing topic-page coverage for orphaned concepts
0cqp4imsbo	exponer [una idea]	to set out [an idea]	reference	pos:verb	infinitive verb phrase missing pos:verb entirely — found while auditing topic-page coverage for orphaned concepts
jgjoy3pa91	reservar [algo]	to set [something] aside	reference	pos:verb	infinitive verb phrase missing pos:verb entirely — found while auditing topic-page coverage for orphaned concepts
r6x05dewcz	retrasar [algo]	to set [something] back	reference	pos:verb	infinitive verb phrase missing pos:verb entirely — found while auditing topic-page coverage for orphaned concepts
5zamvuatdn	hablar por sí solo/a	to speak for itself	reference	pos:verb	infinitive verb phrase missing pos:verb entirely — found while auditing topic-page coverage for orphaned concepts
4uwg2evrwf	saludar a [alguien]	to say hello to [somebody]	supporting	pos:verb	infinitive verb phrase missing pos:verb entirely — found while auditing topic-page coverage for orphaned concepts
468rurvzg1	salir de viaje	to set off	reference	pos:verb	infinitive verb phrase missing pos:verb entirely — found while auditing topic-page coverage for orphaned concepts
xhqmbm1djm	emprender un viaje	to set out	reference	pos:verb	infinitive verb phrase missing pos:verb entirely — found while auditing topic-page coverage for orphaned concepts
yn8vqkd99o	instalarse [una condición]	to set in	reference	pos:verb	infinitive verb phrase missing pos:verb entirely — found while auditing topic-page coverage for orphaned concepts
klmbnws5k3	expresar [algo] de cierta manera	to put [something] a certain way	reference	pos:verb	infinitive verb phrase missing pos:verb entirely — found while auditing topic-page coverage for orphaned concepts
bz9j3yr4at	estar ambientado/a en [un lugar o época]	to be set in [a place or time]	reference	pos:verb	infinitive verb phrase missing pos:verb entirely — found while auditing topic-page coverage for orphaned concepts
y5m2967r1t	enseñar [algo]	to teach [something]	supporting	pos:verb	infinitive verb phrase missing pos:verb entirely — found while auditing topic-page coverage for orphaned concepts
zxcbetb8oc	enseñarle [algo] a [alguien]	to teach [somebody] [something]	supporting	pos:verb	infinitive verb phrase missing pos:verb entirely — found while auditing topic-page coverage for orphaned concepts
s85ujijsq3	enseñarle a [alguien] a [hacer algo]	to teach [somebody] to [do something]	supporting	pos:verb	infinitive verb phrase missing pos:verb entirely — found while auditing topic-page coverage for orphaned concepts
35tfe8nazs	escuchar a escondidas	to listen in	reference	pos:verb	infinitive verb phrase missing pos:verb entirely — found while auditing topic-page coverage for orphaned concepts
2p0bc0cfql	enseñarle a [alguien] cómo [hacer algo]	to show [somebody] how to [do something]	supporting	pos:verb	infinitive verb phrase missing pos:verb entirely — found while auditing topic-page coverage for orphaned concepts
jjnf1ruwjg	cuajar	to set	reference	pos:verb	infinitive verb phrase missing pos:verb entirely — found while auditing topic-page coverage for orphaned concepts
usqslj38q0	establecer [una regla o límite]	to set [a rule or limit]	reference	pos:verb	infinitive verb phrase missing pos:verb entirely — found while auditing topic-page coverage for orphaned concepts
vuz1ghifyr	fijarse una meta	to set a goal	reference	pos:verb	infinitive verb phrase missing pos:verb entirely — found while auditing topic-page coverage for orphaned concepts
05i9h58vk5	oír de [alguien]	to hear from [somebody]	supporting	pos:verb	infinitive verb phrase missing pos:verb entirely — found while auditing topic-page coverage for orphaned concepts
70esj4z10e	oír hablar de [algo]	to hear about [something]	supporting	pos:verb	infinitive verb phrase missing pos:verb entirely — found while auditing topic-page coverage for orphaned concepts
is9jng7ihx	oír a [alguien] [hacer algo]	to hear [somebody] [do something]	reference	pos:verb	infinitive verb phrase missing pos:verb entirely — found while auditing topic-page coverage for orphaned concepts
3g6io2gum3	liberar a [alguien]	to set [somebody] free	reference	pos:verb	infinitive verb phrase missing pos:verb entirely — found while auditing topic-page coverage for orphaned concepts
a2i51axsd5	poner [algo] en marcha	to set [something] in motion	reference	pos:verb	infinitive verb phrase missing pos:verb entirely — found while auditing topic-page coverage for orphaned concepts
mdje6aroac	regalarle [algo] a [alguien]	to give [somebody] [something] as a gift	reference	pos:verb	infinitive verb phrase missing pos:verb entirely — found while auditing topic-page coverage for orphaned concepts
vk46q1bynf	poner [algo] [en algún lugar]	to set [something] [somewhere]	reference	pos:verb	infinitive verb phrase missing pos:verb entirely — found while auditing topic-page coverage for orphaned concepts
tc6g9iudcp	tomar una foto de [algo]	to take a photo of [something]	reference	pos:verb	infinitive verb phrase missing pos:verb entirely — found while auditing topic-page coverage for orphaned concepts
icy9w1jbof	tomar [un curso]	to take [a course]	reference	pos:verb	infinitive verb phrase missing pos:verb entirely — found while auditing topic-page coverage for orphaned concepts
t8a1fhkjvh	esperar hasta que [ocurra algo]	to wait until [something happens]	supporting	pos:verb	infinitive verb phrase missing pos:verb entirely — found while auditing topic-page coverage for orphaned concepts
de07i743wz	esperar a que [alguien] [haga algo]	to wait for [somebody] to [do something]	supporting	pos:verb	infinitive verb phrase missing pos:verb entirely — found while auditing topic-page coverage for orphaned concepts
4fpkte1t8z	esperar que [ocurra algo]	to hope [something happens]	supporting	pos:verb	infinitive verb phrase missing pos:verb entirely — found while auditing topic-page coverage for orphaned concepts
0h3qydzurd	esperar [hacer algo]	to hope to [do something]	supporting	pos:verb	infinitive verb phrase missing pos:verb entirely — found while auditing topic-page coverage for orphaned concepts
xe14ng4ctb	esperar [algo probable]	to expect [something]	supporting	pos:verb	infinitive verb phrase missing pos:verb entirely — found while auditing topic-page coverage for orphaned concepts
b2kvvgg1ke	estar por [hacer algo]	to be about to [do something]	reference	pos:verb	infinitive verb phrase missing pos:verb entirely — found while auditing topic-page coverage for orphaned concepts
4x7v5qc7de	esperar que [alguien] [haga algo]	to expect [somebody] to [do something]	supporting	pos:verb	infinitive verb phrase missing pos:verb entirely — found while auditing topic-page coverage for orphaned concepts
e6gbegp44a	estar a punto de [hacer algo]	to be about to [do something]	supporting	pos:verb	infinitive verb phrase missing pos:verb entirely — found while auditing topic-page coverage for orphaned concepts
t8nz7yo86j	esperar [algo deseado]	to hope for [something]	reference	pos:verb	infinitive verb phrase missing pos:verb entirely — found while auditing topic-page coverage for orphaned concepts
f5h0hvcv1d	estar de acuerdo	to agree	supporting	pos:verb	infinitive verb phrase missing pos:verb entirely — found while auditing topic-page coverage for orphaned concepts
d495hfe6co	estar al tanto de [algo]	to be aware of [something]	reference	pos:verb	infinitive verb phrase missing pos:verb entirely — found while auditing topic-page coverage for orphaned concepts
bvwjgfiqzf	estar mal	to be unwell	reference	pos:verb	infinitive verb phrase missing pos:verb entirely — found while auditing topic-page coverage for orphaned concepts
fbhhwzgo6j	estar apagado/a	to be off	supporting	pos:verb	infinitive verb phrase missing pos:verb entirely — found while auditing topic-page coverage for orphaned concepts
gha0bijm3j	estar fuera	to be out	reference	pos:verb	infinitive verb phrase missing pos:verb entirely — found while auditing topic-page coverage for orphaned concepts
nfursmvnpb	estar en contra de [algo]	to be against [something]	reference	pos:verb	infinitive verb phrase missing pos:verb entirely — found while auditing topic-page coverage for orphaned concepts
p76va4jmyy	estar a cargo de [algo]	to be in charge of [something]	reference	pos:verb	infinitive verb phrase missing pos:verb entirely — found while auditing topic-page coverage for orphaned concepts
vx5dkts0j1	estar encendido/a	to be on	supporting	pos:verb	infinitive verb phrase missing pos:verb entirely — found while auditing topic-page coverage for orphaned concepts
x9rvf35d7y	estar a tiempo	to be on time	supporting	pos:verb	infinitive verb phrase missing pos:verb entirely — found while auditing topic-page coverage for orphaned concepts
ahj6apo9ri	estar de vacaciones	to be on vacation	reference	pos:verb	infinitive verb phrase missing pos:verb entirely — found while auditing topic-page coverage for orphaned concepts
6ywiv1c0l5	estar a favor de [algo]	to be in favor of [something]	reference	pos:verb	infinitive verb phrase missing pos:verb entirely — found while auditing topic-page coverage for orphaned concepts
fwzmjvs06n	faltar a [un evento]	to miss [an event]	reference	pos:verb	infinitive verb phrase missing pos:verb entirely — found while auditing topic-page coverage for orphaned concepts
8ayvn6jpi6	estar hecho/a de [un material]	to be made of [a material]	reference	pos:verb	infinitive verb phrase missing pos:verb entirely — found while auditing topic-page coverage for orphaned concepts
dppdignekp	estar hecho/a a partir de [un material]	to be made from [a material]	reference	pos:verb	infinitive verb phrase missing pos:verb entirely — found while auditing topic-page coverage for orphaned concepts
69tvlt4ak1	extrañar a [alguien]	to miss [somebody]	supporting	pos:verb	infinitive verb phrase missing pos:verb entirely — found while auditing topic-page coverage for orphaned concepts
it72cwjhed	extrañar [algo]	to miss [something]	supporting	pos:verb	infinitive verb phrase missing pos:verb entirely — found while auditing topic-page coverage for orphaned concepts
myuguvt6ul	estar de pie	to be standing	reference	pos:verb	infinitive verb phrase missing pos:verb entirely — found while auditing topic-page coverage for orphaned concepts
vf8v3tcztr	estar sentado/a	to be sitting	reference	pos:verb	infinitive verb phrase missing pos:verb entirely — found while auditing topic-page coverage for orphaned concepts
i2sih4q1lh	estar en lo cierto	to be right	reference	pos:verb	infinitive verb phrase missing pos:verb entirely — found while auditing topic-page coverage for orphaned concepts
9qzgymygsa	estar mal	to be wrong	reference	pos:verb	infinitive verb phrase missing pos:verb entirely — found while auditing topic-page coverage for orphaned concepts
6wu6m8g0qn	faltar a [un evento]	to be absent from [an event]	reference	pos:verb	infinitive verb phrase missing pos:verb entirely — found while auditing topic-page coverage for orphaned concepts
2473ghkde3	faltar a [una promesa]	to break [a promise]	reference	pos:verb	infinitive verb phrase missing pos:verb entirely — found while auditing topic-page coverage for orphaned concepts
xzu44okx8u	ganar [un premio]	to win [a prize]	reference	pos:verb	infinitive verb phrase missing pos:verb entirely — found while auditing topic-page coverage for orphaned concepts
iz4606mcoe	ganar [apoyo o una ventaja]	to gain [support or an advantage]	reference	pos:verb	infinitive verb phrase missing pos:verb entirely — found while auditing topic-page coverage for orphaned concepts
evibiw8ufb	ganarle a [alguien]	to beat [somebody]	reference	pos:verb	infinitive verb phrase missing pos:verb entirely — found while auditing topic-page coverage for orphaned concepts
82ydmvggbd	ganarse [algo]	to earn [something]	reference	pos:verb	infinitive verb phrase missing pos:verb entirely — found while auditing topic-page coverage for orphaned concepts
cycrgcf78l	hacer [adjetivo] a [alguien]	to make [somebody] [adjective]	supporting	pos:verb	infinitive verb phrase missing pos:verb entirely — found while auditing topic-page coverage for orphaned concepts
y19rhj9ey3	hacer [reparar algo]	to have [something] repaired	reference	pos:verb	infinitive verb phrase missing pos:verb entirely — found while auditing topic-page coverage for orphaned concepts
u2xyysd9xq	hacerle bien a [alguien]	to be good for [somebody]	reference	pos:verb	infinitive verb phrase missing pos:verb entirely — found while auditing topic-page coverage for orphaned concepts
o6ai5zj4rm	hacerle daño a [alguien]	to hurt [somebody]	reference	pos:verb	infinitive verb phrase missing pos:verb entirely — found while auditing topic-page coverage for orphaned concepts
48tg24dwk2	hacer que [alguien] [haga algo]	to make [somebody] [do something]	supporting	pos:verb	infinitive verb phrase missing pos:verb entirely — found while auditing topic-page coverage for orphaned concepts
1vzkonyjt2	hacer una llamada	to make a call	reference	pos:verb	infinitive verb phrase missing pos:verb entirely — found while auditing topic-page coverage for orphaned concepts
hm7k1xxksu	hacer una sugerencia	to make a suggestion	reference	pos:verb	infinitive verb phrase missing pos:verb entirely — found while auditing topic-page coverage for orphaned concepts
edcjj9goei	hacer un viaje	to take a trip	reference	pos:verb	infinitive verb phrase missing pos:verb entirely — found while auditing topic-page coverage for orphaned concepts
w43ib0sqsf	hacer tiempo	to kill time	reference	pos:verb	infinitive verb phrase missing pos:verb entirely — found while auditing topic-page coverage for orphaned concepts
vuq3vxf107	hacerse el tonto	to pretend not to understand	reference	pos:verb	infinitive verb phrase missing pos:verb entirely — found while auditing topic-page coverage for orphaned concepts
6rym81cqq5	hacer cola	to stand in line	reference	pos:verb	infinitive verb phrase missing pos:verb entirely — found while auditing topic-page coverage for orphaned concepts
v48t8redzw	ir con [algo]	to go with [something]	reference	pos:verb	infinitive verb phrase missing pos:verb entirely — found while auditing topic-page coverage for orphaned concepts
pu6juowymn	hacerle un favor a [alguien]	to do [somebody] a favor	supporting	pos:verb	infinitive verb phrase missing pos:verb entirely — found while auditing topic-page coverage for orphaned concepts
1gru886lce	hacer las maletas	to pack	reference	pos:verb	infinitive verb phrase missing pos:verb entirely — found while auditing topic-page coverage for orphaned concepts
nis5rixomq	irse	to go away	reference	pos:verb	infinitive verb phrase missing pos:verb entirely — found while auditing topic-page coverage for orphaned concepts
k9y5vq9p06	ir a casa	to go home	supporting	pos:verb	infinitive verb phrase missing pos:verb entirely — found while auditing topic-page coverage for orphaned concepts
ryd2rbiwn8	llamar la atención sobre [algo]	to draw attention to [something]	reference	pos:verb	infinitive verb phrase missing pos:verb entirely — found while auditing topic-page coverage for orphaned concepts
nsdu5c6q9d	ir en [un medio de transporte]	to go by [a means of transport]	supporting	pos:verb	infinitive verb phrase missing pos:verb entirely — found while auditing topic-page coverage for orphaned concepts
whfyozgbyl	llegar a ser [algo]	to become [something]	reference	pos:verb	infinitive verb phrase missing pos:verb entirely — found while auditing topic-page coverage for orphaned concepts
u7wvzyhnyh	volver a llamar a [alguien]	to call [somebody] back	supporting	pos:verb	infinitive verb phrase missing pos:verb entirely — found while auditing topic-page coverage for orphaned concepts
7n967goat0	llegar a ser [algo]	to go on to become [something]	reference	pos:verb	infinitive verb phrase missing pos:verb entirely — found while auditing topic-page coverage for orphaned concepts
tea1mmftnt	llamar por teléfono a [alguien]	to phone [somebody]	reference	pos:verb	infinitive verb phrase missing pos:verb entirely — found while auditing topic-page coverage for orphaned concepts
wbogepd2hz	llamarse [nombre]	to be called [name]	supporting	pos:verb	infinitive verb phrase missing pos:verb entirely — found while auditing topic-page coverage for orphaned concepts
9701k29zz9	llamar [nombre] a [algo o alguien]	to name [something or somebody] [name]	reference	pos:verb	infinitive verb phrase missing pos:verb entirely — found while auditing topic-page coverage for orphaned concepts
zanvhwodyn	llamar [descripción] a [algo]	to call [something] [a description]	reference	pos:verb	infinitive verb phrase missing pos:verb entirely — found while auditing topic-page coverage for orphaned concepts
oh2mhln5f2	llamar la atención	to attract attention	reference	pos:verb	infinitive verb phrase missing pos:verb entirely — found while auditing topic-page coverage for orphaned concepts
qwp1msjfsn	hacer ejercicio	to work out	reference	pos:verb	infinitive verb phrase missing pos:verb entirely — found while auditing topic-page coverage for orphaned concepts
uriamnzen2	hacer las paces con [alguien]	to make up with [somebody]	reference	pos:verb	infinitive verb phrase missing pos:verb entirely — found while auditing topic-page coverage for orphaned concepts
qwj72o0pgh	hacerle caso a [alguien]	to pay attention to [somebody]	reference	pos:verb	infinitive verb phrase missing pos:verb entirely — found while auditing topic-page coverage for orphaned concepts
irvw3l9fwm	hacer una pregunta	to ask a question	supporting	pos:verb	infinitive verb phrase missing pos:verb entirely — found while auditing topic-page coverage for orphaned concepts
wlsh5f0c4u	hacer una reserva	to make a reservation	supporting	pos:verb	infinitive verb phrase missing pos:verb entirely — found while auditing topic-page coverage for orphaned concepts
rjnvvjdloq	llegar a [hacer algo]	to manage to [do something]	reference	pos:verb	infinitive verb phrase missing pos:verb entirely — found while auditing topic-page coverage for orphaned concepts
tpmllm0cqq	llamarle la atención a [alguien]	to tell [somebody] off	reference	pos:verb	infinitive verb phrase missing pos:verb entirely — found while auditing topic-page coverage for orphaned concepts
jdjgsh7ufu	llegar a [un nivel o cantidad]	to reach [a level or amount]	reference	pos:verb	infinitive verb phrase missing pos:verb entirely — found while auditing topic-page coverage for orphaned concepts
ovzll1ynso	llegar a tiempo	to arrive on time	supporting	pos:verb	infinitive verb phrase missing pos:verb entirely — found while auditing topic-page coverage for orphaned concepts
cpwm5oqh8t	ir a pie	to go on foot	reference	pos:verb	infinitive verb phrase missing pos:verb entirely — found while auditing topic-page coverage for orphaned concepts
ev8gdc8deh	llevar [algo físicamente]	to carry [something]	supporting	pos:verb	infinitive verb phrase missing pos:verb entirely — found while auditing topic-page coverage for orphaned concepts
x765otzaij	llevar [tiempo] [en un estado]	to have been [in a state] for [time]	reference	pos:verb	infinitive verb phrase missing pos:verb entirely — found while auditing topic-page coverage for orphaned concepts
6l4jfrb95m	parar en [un lugar]	to stop at [a place]	supporting	pos:verb	infinitive verb phrase missing pos:verb entirely — found while auditing topic-page coverage for orphaned concepts
9o8xleny13	llevar a [un resultado]	to lead to [a result]	reference	pos:verb	infinitive verb phrase missing pos:verb entirely — found while auditing topic-page coverage for orphaned concepts
9q3ezcaa3k	parar de [hacer algo]	to stop [doing something]	supporting	pos:verb	infinitive verb phrase missing pos:verb entirely — found while auditing topic-page coverage for orphaned concepts
za3b558g1u	llevar a cabo [algo]	to carry out [something]	reference	pos:verb	infinitive verb phrase missing pos:verb entirely — found while auditing topic-page coverage for orphaned concepts
0gn1cne1me	mandar (tener autoridad)	to be in charge	reference	pos:verb	infinitive verb phrase missing pos:verb entirely — found while auditing topic-page coverage for orphaned concepts
mo76rkcg2d	mandar a buscar a [alguien]	to send for [somebody]	reference	pos:verb	infinitive verb phrase missing pos:verb entirely — found while auditing topic-page coverage for orphaned concepts
ai9e7ob627	mandar a [alguien] a [hacer algo]	to send [somebody] to [do something]	supporting	pos:verb	infinitive verb phrase missing pos:verb entirely — found while auditing topic-page coverage for orphaned concepts
id2e6gz2kt	parecer [hacer algo]	to seem to [do something]	reference	pos:verb	infinitive verb phrase missing pos:verb entirely — found while auditing topic-page coverage for orphaned concepts
ggm7pz4s38	mandar a [alguien] [hacer algo]	to order [somebody] to [do something]	reference	pos:verb	infinitive verb phrase missing pos:verb entirely — found while auditing topic-page coverage for orphaned concepts
4of879pazj	mandar a [alguien] a otro lugar	to send [somebody] away	reference	pos:verb	infinitive verb phrase missing pos:verb entirely — found while auditing topic-page coverage for orphaned concepts
3oj2b62moq	mandar [algo] de vuelta	to send [something] back	reference	pos:verb	infinitive verb phrase missing pos:verb entirely — found while auditing topic-page coverage for orphaned concepts
9sc3t5iw76	no parar de [hacer algo]	to keep [doing something]	supporting	pos:verb	infinitive verb phrase missing pos:verb entirely — found while auditing topic-page coverage for orphaned concepts
uhk2loskh5	parar en [un hotel]	to stay at [a hotel]	reference	pos:verb	infinitive verb phrase missing pos:verb entirely — found while auditing topic-page coverage for orphaned concepts
80jaaa2rlj	parecer [hacer algo] (formal)	to appear to [do something]	reference	pos:verb	infinitive verb phrase missing pos:verb entirely — found while auditing topic-page coverage for orphaned concepts
rjswr2t3e6	parar por [un lugar]	to stop by [a place]	reference	pos:verb	infinitive verb phrase missing pos:verb entirely — found while auditing topic-page coverage for orphaned concepts
0g80eirvrz	parar a un lado	to pull over	reference	pos:verb	infinitive verb phrase missing pos:verb entirely — found while auditing topic-page coverage for orphaned concepts
t5kcjkgoio	parecerse entre sí	to look alike	reference	pos:verb	infinitive verb phrase missing pos:verb entirely — found while auditing topic-page coverage for orphaned concepts
5lt6vf4na4	pasar por [un lugar]	to go through [a place]	supporting	pos:verb	infinitive verb phrase missing pos:verb entirely — found while auditing topic-page coverage for orphaned concepts
kliqfbzr2f	llevar la cuenta de [algo]	to keep track of [something]	reference	pos:verb	infinitive verb phrase missing pos:verb entirely — found while auditing topic-page coverage for orphaned concepts
q0dipekeiv	pasar frente a [un lugar]	to go past [a place]	reference	pos:verb	infinitive verb phrase missing pos:verb entirely — found while auditing topic-page coverage for orphaned concepts
6w6meulfin	pasar [tiempo] con [alguien]	to spend [time] with [somebody]	supporting	pos:verb	infinitive verb phrase missing pos:verb entirely — found while auditing topic-page coverage for orphaned concepts
pwxlw3xx2t	pasar por [un lugar]	to pass by [a place]	reference	pos:verb	infinitive verb phrase missing pos:verb entirely — found while auditing topic-page coverage for orphaned concepts
2wa96n35mw	pasar por [un puente]	to cross [a bridge]	reference	pos:verb	infinitive verb phrase missing pos:verb entirely — found while auditing topic-page coverage for orphaned concepts
9ydqb8w1ak	llevar a [alguien] en carro	to give [somebody] a ride	reference	pos:verb	infinitive verb phrase missing pos:verb entirely — found while auditing topic-page coverage for orphaned concepts
jdb560wluh	llevar [ropa o accesorios]	to wear [clothing or accessories]	supporting	pos:verb	infinitive verb phrase missing pos:verb entirely — found while auditing topic-page coverage for orphaned concepts
d8gypldglm	llevar [tiempo] [haciendo algo]	to have been [doing something] for [time]	supporting	pos:verb	infinitive verb phrase missing pos:verb entirely — found while auditing topic-page coverage for orphaned concepts
subaw4lf2e	pasarla mal	to have a bad time	reference	pos:verb	infinitive verb phrase missing pos:verb entirely — found while auditing topic-page coverage for orphaned concepts
spqggf97ma	pensar [hacer algo]	to intend to [do something]	reference	pos:verb	infinitive verb phrase missing pos:verb entirely — found while auditing topic-page coverage for orphaned concepts
ery1618u7t	pensar en [hacer algo]	to consider [doing something]	supporting	pos:verb	infinitive verb phrase missing pos:verb entirely — found while auditing topic-page coverage for orphaned concepts
euubcqf5w0	pasar a [otra cosa]	to move on to [something else]	reference	pos:verb	infinitive verb phrase missing pos:verb entirely — found while auditing topic-page coverage for orphaned concepts
irkqfrah8h	perder contra [alguien]	to lose to [somebody]	reference	pos:verb	infinitive verb phrase missing pos:verb entirely — found while auditing topic-page coverage for orphaned concepts
lptgwusb5o	pasarse	to go too far	reference	pos:verb	infinitive verb phrase missing pos:verb entirely — found while auditing topic-page coverage for orphaned concepts
uujozpaw2h	pensar en [algo]	to think of [something]	reference	pos:verb	infinitive verb phrase missing pos:verb entirely — found while auditing topic-page coverage for orphaned concepts
umiayx5iyo	perder [una oportunidad]	to miss [an opportunity]	supporting	pos:verb	infinitive verb phrase missing pos:verb entirely — found while auditing topic-page coverage for orphaned concepts
fddpehe9zi	perder el tiempo	to waste time	supporting	pos:verb	infinitive verb phrase missing pos:verb entirely — found while auditing topic-page coverage for orphaned concepts
s9leem6i29	perderse [un evento]	to miss [an event]	reference	pos:verb	infinitive verb phrase missing pos:verb entirely — found while auditing topic-page coverage for orphaned concepts
h92pv2aho7	pasar por alto [algo]	to overlook [something]	reference	pos:verb	infinitive verb phrase missing pos:verb entirely — found while auditing topic-page coverage for orphaned concepts
zr2o52sx7y	pesar [algo]	to weigh [something]	reference	pos:verb	infinitive verb phrase missing pos:verb entirely — found while auditing topic-page coverage for orphaned concepts
iake34eucs	pesarle a [alguien] haber [hecho algo]	to regret [having done something]	reference	pos:verb	infinitive verb phrase missing pos:verb entirely — found while auditing topic-page coverage for orphaned concepts
as4ogkvga8	pesar en [un resultado]	to weigh on [an outcome]	reference	pos:verb	infinitive verb phrase missing pos:verb entirely — found while auditing topic-page coverage for orphaned concepts
a1eubfzyp5	poder [hacer algo] (tener permiso)	to be allowed to [do something]	supporting	pos:verb	infinitive verb phrase missing pos:verb entirely — found while auditing topic-page coverage for orphaned concepts
komqoyh86l	pasarle [algo] a [alguien]	to hand [something] to [somebody]	reference	pos:verb	infinitive verb phrase missing pos:verb entirely — found while auditing topic-page coverage for orphaned concepts
szfqmpo1uv	pasarla bien	to have a good time	supporting	pos:verb	infinitive verb phrase missing pos:verb entirely — found while auditing topic-page coverage for orphaned concepts
go9ggtice2	quedarse sin [algo] (estado)	to be out of [something]	reference	pos:verb	infinitive verb phrase missing pos:verb entirely — found while auditing topic-page coverage for orphaned concepts
l2xb1ildy3	prestar [algo] a otras personas	to lend [something] out	reference	pos:verb	infinitive verb phrase missing pos:verb entirely — found while auditing topic-page coverage for orphaned concepts
8m3dkw2zpm	quedarse atrás	to fall behind	reference	pos:verb	infinitive verb phrase missing pos:verb entirely — found while auditing topic-page coverage for orphaned concepts
5yj4uuuz48	preguntarse [qué ocurre]	to wonder [what is happening]	supporting	pos:verb	infinitive verb phrase missing pos:verb entirely — found while auditing topic-page coverage for orphaned concepts
x9hgaascge	prestarse para [hacer algo]	to volunteer to [do something]	reference	pos:verb	infinitive verb phrase missing pos:verb entirely — found while auditing topic-page coverage for orphaned concepts
1wsmg2vcda	quitarle la concentración a [alguien]	to keep [somebody] from concentrating	reference	pos:verb	infinitive verb phrase missing pos:verb entirely — found while auditing topic-page coverage for orphaned concepts
r5nc7ng5l9	quitarse [algo no deseado]	to get rid of [something unwanted]	supporting	pos:verb	infinitive verb phrase missing pos:verb entirely — found while auditing topic-page coverage for orphaned concepts
2axlxx1nzw	quitar [algo] del camino	to get [something] out of the way	reference	pos:verb	infinitive verb phrase missing pos:verb entirely — found while auditing topic-page coverage for orphaned concepts
snogejtps3	quitarse un peso de encima	to get a weight off [somebody's] mind	reference	pos:verb	infinitive verb phrase missing pos:verb entirely — found while auditing topic-page coverage for orphaned concepts
sszeanx1ia	quedarse fuera	to be left out	reference	pos:verb	infinitive verb phrase missing pos:verb entirely — found while auditing topic-page coverage for orphaned concepts
ip5b4c26sx	desquitarse con [alguien]	to take it out on [somebody]	reference	pos:verb	infinitive verb phrase missing pos:verb entirely — found while auditing topic-page coverage for orphaned concepts
4w8lwiav5p	abrir [un negocio]	to start [a business]	reference	pos:verb	infinitive verb phrase missing pos:verb entirely — found while auditing topic-page coverage for orphaned concepts
nokrvtmufq	abrir [una reunión o un evento]	to open [a meeting or event]	reference	pos:verb	infinitive verb phrase missing pos:verb entirely — found while auditing topic-page coverage for orphaned concepts
6a0qr8eums	abrirse a [algo]	to open up to [something]	reference	pos:verb	infinitive verb phrase missing pos:verb entirely — found while auditing topic-page coverage for orphaned concepts
v6af13c50w	prestar [algo] a [alguien]	to lend [something] to [somebody]	supporting	pos:verb	infinitive verb phrase missing pos:verb entirely — found while auditing topic-page coverage for orphaned concepts
ua4c3n110x	prestarse a [algo]	to lend itself to [something]	reference	pos:verb	infinitive verb phrase missing pos:verb entirely — found while auditing topic-page coverage for orphaned concepts
smq8nhlb78	quedarse con [algo]	to keep [something]	supporting	pos:verb	infinitive verb phrase missing pos:verb entirely — found while auditing topic-page coverage for orphaned concepts
v92yqsjvi1	abrir a [un lugar]	to open onto [a place]	reference	pos:verb	infinitive verb phrase missing pos:verb entirely — found while auditing topic-page coverage for orphaned concepts
vyb77nksau	abrir [una cuenta]	to open [an account]	reference	pos:verb	infinitive verb phrase missing pos:verb entirely — found while auditing topic-page coverage for orphaned concepts
4wrjursav6	abrir fuego	to open fire	reference	pos:verb	infinitive verb phrase missing pos:verb entirely — found while auditing topic-page coverage for orphaned concepts
e8nzmbgdqf	caer bien	to make a good impression	reference	pos:verb	infinitive verb phrase missing pos:verb entirely — found while auditing topic-page coverage for orphaned concepts
l1mjp8ohc0	prestar [servicios]	to provide [services]	reference	pos:verb	infinitive verb phrase missing pos:verb entirely — found while auditing topic-page coverage for orphaned concepts
h1lszqhdfc	quedar en [un lugar]	to be located in [a place]	supporting	pos:verb	infinitive verb phrase missing pos:verb entirely — found while auditing topic-page coverage for orphaned concepts
hkptgj59vp	no quedar más remedio que [hacer algo]	to have no choice but to [do something]	reference	pos:verb	infinitive verb phrase missing pos:verb entirely — found while auditing topic-page coverage for orphaned concepts
6u7a74ndy9	quitar [música o sonido]	to turn off [music or sound]	supporting	pos:verb	infinitive verb phrase missing pos:verb entirely — found while auditing topic-page coverage for orphaned concepts
hbyr6b4vte	quitar importancia a [algo]	to downplay [something]	reference	pos:verb	infinitive verb phrase missing pos:verb entirely — found while auditing topic-page coverage for orphaned concepts
vm27w6wl2u	acabar de [hacer algo]	to have just [done something]	supporting	pos:verb	infinitive verb phrase missing pos:verb entirely — found while auditing topic-page coverage for orphaned concepts
jx3qdoooew	acababa de [hacer algo]	to have just [done something]	reference	pos:verb	infinitive verb phrase missing pos:verb entirely — found while auditing topic-page coverage for orphaned concepts
fzb5re8glc	acabar [haciendo algo]	to end up [doing something]	supporting	pos:verb	infinitive verb phrase missing pos:verb entirely — found while auditing topic-page coverage for orphaned concepts
c7ptjv43wf	acabar por [hacer algo]	to end up [doing something]	reference	pos:verb	infinitive verb phrase missing pos:verb entirely — found while auditing topic-page coverage for orphaned concepts
tef3nelk2n	acabar de [hacer algo]	to finish [doing something]	supporting	pos:verb	infinitive verb phrase missing pos:verb entirely — found while auditing topic-page coverage for orphaned concepts
u9jiowfl65	acabarse [algo]	to finish [something]	reference	pos:verb	infinitive verb phrase missing pos:verb entirely — found while auditing topic-page coverage for orphaned concepts
p24fut3n4q	acabarse [un evento]	to be over	supporting	pos:verb	infinitive verb phrase missing pos:verb entirely — found while auditing topic-page coverage for orphaned concepts
ofi77mzek8	acabarse [un evento]	to end	reference	pos:verb	infinitive verb phrase missing pos:verb entirely — found while auditing topic-page coverage for orphaned concepts
12y0cip3q1	acabar con [algo]	to kill [something]	reference	pos:verb	infinitive verb phrase missing pos:verb entirely — found while auditing topic-page coverage for orphaned concepts
pfhho20nqb	acabarse [algo]	to run out of [something]	supporting	pos:verb	infinitive verb phrase missing pos:verb entirely — found while auditing topic-page coverage for orphaned concepts
68ly0bl6ba	acabar con [algo]	to use up [something]	reference	pos:verb	infinitive verb phrase missing pos:verb entirely — found while auditing topic-page coverage for orphaned concepts
qf9u95fmxk	acabar con [algo]	to put an end to [something]	reference	pos:verb	infinitive verb phrase missing pos:verb entirely — found while auditing topic-page coverage for orphaned concepts
gr9qqtsbbn	acabar con [algo]	to do away with [something]	reference	pos:verb	infinitive verb phrase missing pos:verb entirely — found while auditing topic-page coverage for orphaned concepts
kgmn4o9bd5	alcanzar [algo]	to reach [something]	supporting	pos:verb	infinitive verb phrase missing pos:verb entirely — found while auditing topic-page coverage for orphaned concepts
0mp393y24p	alcanzar [una meta]	to achieve [a goal]	reference	pos:verb	infinitive verb phrase missing pos:verb entirely — found while auditing topic-page coverage for orphaned concepts
dcbjy0grcq	alcanzar	to be enough	reference	pos:verb	infinitive verb phrase missing pos:verb entirely — found while auditing topic-page coverage for orphaned concepts
mmnv7qavpx	alcanzar [un medio de transporte]	to catch [transportation]	supporting	pos:verb	infinitive verb phrase missing pos:verb entirely — found while auditing topic-page coverage for orphaned concepts
204wng99bx	alcanzar a [alguien]	to catch up with [somebody]	reference	pos:verb	infinitive verb phrase missing pos:verb entirely — found while auditing topic-page coverage for orphaned concepts
z0627jhc6t	alcanzar a [hacer algo]	to manage to [do something]	supporting	pos:verb	infinitive verb phrase missing pos:verb entirely — found while auditing topic-page coverage for orphaned concepts
v7qsq6oet3	alcanzar a [hacer algo]	to have time to [do something]	reference	pos:verb	infinitive verb phrase missing pos:verb entirely — found while auditing topic-page coverage for orphaned concepts
gff4ny55ob	caerse	to fall	supporting	pos:verb	infinitive verb phrase missing pos:verb entirely — found while auditing topic-page coverage for orphaned concepts
kz0e1id4s4	caerse de [algo]	to fall off [something]	reference	pos:verb	infinitive verb phrase missing pos:verb entirely — found while auditing topic-page coverage for orphaned concepts
dvjojvxntx	no alcanzarle a [alguien] para [algo]	to be unable to afford [something]	supporting	pos:verb	infinitive verb phrase missing pos:verb entirely — found while auditing topic-page coverage for orphaned concepts
ty4a0kmfe9	conocer de vista a [alguien]	to know [somebody] by sight	reference	pos:verb	infinitive verb phrase missing pos:verb entirely — found while auditing topic-page coverage for orphaned concepts
6s0jnfqhv2	caer desde [un lugar]	to fall from [a place]	reference	pos:verb	infinitive verb phrase missing pos:verb entirely — found while auditing topic-page coverage for orphaned concepts
jkb4nwb6qj	caer en [un día o una fecha]	to fall on [a day or date]	reference	pos:verb	infinitive verb phrase missing pos:verb entirely — found while auditing topic-page coverage for orphaned concepts
z4vwfqlj0b	caérsele [algo] a [alguien]	to drop [something]	supporting	pos:verb	infinitive verb phrase missing pos:verb entirely — found while auditing topic-page coverage for orphaned concepts
rgpsxhe7h3	caer en cuenta de que [algo sucede]	to realize that [something happens]	reference	pos:verb	infinitive verb phrase missing pos:verb entirely — found while auditing topic-page coverage for orphaned concepts
v3arwl0pds	caer enfermo/a	to fall ill	reference	pos:verb	infinitive verb phrase missing pos:verb entirely — found while auditing topic-page coverage for orphaned concepts
t7h2p8595v	caer dormido/a	to fall asleep	reference	pos:verb	infinitive verb phrase missing pos:verb entirely — found while auditing topic-page coverage for orphaned concepts
jv7jdxmfpj	caer en [una trampa]	to fall into [a trap]	reference	pos:verb	infinitive verb phrase missing pos:verb entirely — found while auditing topic-page coverage for orphaned concepts
9y9odv6gw9	caerse a pedazos	to fall apart	reference	pos:verb	infinitive verb phrase missing pos:verb entirely — found while auditing topic-page coverage for orphaned concepts
2bpm3xi7ft	caer por debajo de [un nivel]	to fall below [a level]	reference	pos:verb	infinitive verb phrase missing pos:verb entirely — found while auditing topic-page coverage for orphaned concepts
awrlr9z7v4	haber conocido a [alguien]	to have met [somebody]	reference	pos:verb	infinitive verb phrase missing pos:verb entirely — found while auditing topic-page coverage for orphaned concepts
vjb5yapkmy	conocer mejor a [alguien]	to get to know [somebody]	supporting	pos:verb	infinitive verb phrase missing pos:verb entirely — found while auditing topic-page coverage for orphaned concepts
uh84kdr8vi	conocer [un lugar]	to know [a place]	supporting	pos:verb	infinitive verb phrase missing pos:verb entirely — found while auditing topic-page coverage for orphaned concepts
bb7fukdi26	conocer [un tema o sistema]	to be familiar with [a topic or system]	reference	pos:verb	infinitive verb phrase missing pos:verb entirely — found while auditing topic-page coverage for orphaned concepts
2y3nvlpqwe	conocer [un lugar] por primera vez	to visit [a place] for the first time	reference	pos:verb	infinitive verb phrase missing pos:verb entirely — found while auditing topic-page coverage for orphaned concepts
hpdisj6u7v	ser conocido/a por [algo]	to be known for [something]	reference	pos:verb	infinitive verb phrase missing pos:verb entirely — found while auditing topic-page coverage for orphaned concepts
uhisl4h91k	ser conocido/a como [algo]	to be known as [something]	reference	pos:verb	infinitive verb phrase missing pos:verb entirely — found while auditing topic-page coverage for orphaned concepts
vgflpedkcj	darse a conocer	to become known	reference	pos:verb	infinitive verb phrase missing pos:verb entirely — found while auditing topic-page coverage for orphaned concepts
g0guw4apm0	darse a conocer	to make oneself known	reference	pos:verb	infinitive verb phrase missing pos:verb entirely — found while auditing topic-page coverage for orphaned concepts
pjr9m3okp5	contarle a [alguien] que [algo sucedió]	to tell [somebody] that [something happened]	reference	pos:verb	infinitive verb phrase missing pos:verb entirely — found while auditing topic-page coverage for orphaned concepts
hr7gsp7wkj	conseguir [hacer algo]	to manage to [do something]	supporting	pos:verb	infinitive verb phrase missing pos:verb entirely — found while auditing topic-page coverage for orphaned concepts
5hh1gjpr7c	conseguir [algo]	to obtain [something]	reference	pos:verb	infinitive verb phrase missing pos:verb entirely — found while auditing topic-page coverage for orphaned concepts
85utp3uzux	conseguir [algo]	to secure [something]	reference	pos:verb	infinitive verb phrase missing pos:verb entirely — found while auditing topic-page coverage for orphaned concepts
imzixo6ntc	no conseguir [hacer algo]	to fail to [do something]	reference	pos:verb	infinitive verb phrase missing pos:verb entirely — found while auditing topic-page coverage for orphaned concepts
xqrvzbv9iu	conseguirle [algo] a [alguien]	to get [somebody] [something]	supporting	pos:verb	infinitive verb phrase missing pos:verb entirely — found while auditing topic-page coverage for orphaned concepts
sv4xcj3c16	conseguir [algo] para [alguien]	to get [something] for [somebody]	reference	pos:verb	infinitive verb phrase missing pos:verb entirely — found while auditing topic-page coverage for orphaned concepts
eb73rheyc0	contar [algo]	to count [something]	supporting	pos:verb	infinitive verb phrase missing pos:verb entirely — found while auditing topic-page coverage for orphaned concepts
w03s2v6sq1	conseguir que [algo] quede [hecho]	to get [something] done	reference	pos:verb	infinitive verb phrase missing pos:verb entirely — found while auditing topic-page coverage for orphaned concepts
f2jyvf37n7	conseguir trabajo	to get a job	reference	pos:verb	infinitive verb phrase missing pos:verb entirely — found while auditing topic-page coverage for orphaned concepts
ylgvepe6wi	conseguir [algo]	to get hold of [something]	reference	pos:verb	infinitive verb phrase missing pos:verb entirely — found while auditing topic-page coverage for orphaned concepts
rtc3heix8c	conseguir apoyo	to win support	reference	pos:verb	infinitive verb phrase missing pos:verb entirely — found while auditing topic-page coverage for orphaned concepts
yztwsyb4p5	conseguir [algo difícil de encontrar]	to get one's hands on [something]	reference	pos:verb	infinitive verb phrase missing pos:verb entirely — found while auditing topic-page coverage for orphaned concepts
0kj5wrzna7	contar [algo] como [algo]	to count [something] as [something]	reference	pos:verb	infinitive verb phrase missing pos:verb entirely — found while auditing topic-page coverage for orphaned concepts
ic3fla1k1p	contar [algo] dentro de [un total]	to include [something] in [a total]	reference	pos:verb	infinitive verb phrase missing pos:verb entirely — found while auditing topic-page coverage for orphaned concepts
2rfxpupyvg	contar con [alguien]	to count on [somebody]	supporting	pos:verb	infinitive verb phrase missing pos:verb entirely — found while auditing topic-page coverage for orphaned concepts
eeb29dpzj0	conseguir que [alguien] [haga algo]	to get [somebody] to [do something]	supporting	pos:verb	infinitive verb phrase missing pos:verb entirely — found while auditing topic-page coverage for orphaned concepts
u9mhk0r7wd	contarle [algo] a [alguien]	to tell [somebody] [something]	supporting	pos:verb	infinitive verb phrase missing pos:verb entirely — found while auditing topic-page coverage for orphaned concepts
8wzfds4amd	creer en [algo]	to believe in [something]	supporting	pos:verb	infinitive verb phrase missing pos:verb entirely — found while auditing topic-page coverage for orphaned concepts
ar5ze0bqlr	creerse [algo falso]	to fall for [something]	reference	pos:verb	infinitive verb phrase missing pos:verb entirely — found while auditing topic-page coverage for orphaned concepts
p99yu0ey1y	creerse [adjetivo o sustantivo]	to think one is [an adjective or noun]	reference	pos:verb	infinitive verb phrase missing pos:verb entirely — found while auditing topic-page coverage for orphaned concepts
zkpnfrk8ch	costarle a [alguien] [hacer algo]	to be difficult for [somebody] to [do something]	supporting	pos:verb	infinitive verb phrase missing pos:verb entirely — found while auditing topic-page coverage for orphaned concepts
wii1500zn6	costarle [algo] a [alguien]	to cost [somebody] [something]	reference	pos:verb	infinitive verb phrase missing pos:verb entirely — found while auditing topic-page coverage for orphaned concepts
ankhn3gvu6	costarle trabajo a [alguien] [hacer algo]	to have a hard time [doing something]	reference	pos:verb	infinitive verb phrase missing pos:verb entirely — found while auditing topic-page coverage for orphaned concepts
55k48ap3p8	contar hacia atrás	to count down	reference	pos:verb	infinitive verb phrase missing pos:verb entirely — found while auditing topic-page coverage for orphaned concepts
thr50jalym	hacerle creer [algo] a [alguien]	to make [somebody] believe [something]	reference	pos:verb	infinitive verb phrase missing pos:verb entirely — found while auditing topic-page coverage for orphaned concepts
61gghvt40a	deber [algo] a [alguien]	to owe [something] to [somebody]	reference	pos:verb	infinitive verb phrase missing pos:verb entirely — found while auditing topic-page coverage for orphaned concepts
d1bjmwehz9	deberle [algo] a [alguien]	to owe [somebody] [something]	supporting	pos:verb	infinitive verb phrase missing pos:verb entirely — found while auditing topic-page coverage for orphaned concepts
y239ieja7n	contar [un total]	to count up [a total]	reference	pos:verb	infinitive verb phrase missing pos:verb entirely — found while auditing topic-page coverage for orphaned concepts
556o2u50np	contar con [alguien]	to rely on [somebody]	reference	pos:verb	infinitive verb phrase missing pos:verb entirely — found while auditing topic-page coverage for orphaned concepts
vjzoqo7829	contar con [algo]	to have [something] available	reference	pos:verb	infinitive verb phrase missing pos:verb entirely — found while auditing topic-page coverage for orphaned concepts
qe4q40qzw2	deber [hacer algo]	to be supposed to [do something]	supporting	pos:verb	infinitive verb phrase missing pos:verb entirely — found while auditing topic-page coverage for orphaned concepts
1vu2pjhl3v	deber [hacer algo]	to be expected to [do something]	reference	pos:verb	infinitive verb phrase missing pos:verb entirely — found while auditing topic-page coverage for orphaned concepts
9bhhgek1hg	echar [humo u olor]	to give off [smoke or a smell]	reference	pos:verb	infinitive verb phrase missing pos:verb entirely — found while auditing topic-page coverage for orphaned concepts
hwcvqf6jnh	contar a [alguien] entre [un grupo]	to count [somebody] among [a group]	reference	pos:verb	infinitive verb phrase missing pos:verb entirely — found while auditing topic-page coverage for orphaned concepts
1cgmo681z0	creer [algo]	to believe [something]	supporting	pos:verb	infinitive verb phrase missing pos:verb entirely — found while auditing topic-page coverage for orphaned concepts
axqcb6ldni	creerle a [alguien]	to believe [somebody]	supporting	pos:verb	infinitive verb phrase missing pos:verb entirely — found while auditing topic-page coverage for orphaned concepts
bhh5lkxsvd	deberle una a [alguien]	to owe [somebody] one	reference	pos:verb	infinitive verb phrase missing pos:verb entirely — found while auditing topic-page coverage for orphaned concepts
jwc22mmcyd	dejarle [algo] a [alguien]	to let [somebody] use [something]	reference	pos:verb	infinitive verb phrase missing pos:verb entirely — found while auditing topic-page coverage for orphaned concepts
zxbk3kr77z	dejar [algo] [en algún lugar]	to forget [something] [somewhere]	reference	pos:verb	infinitive verb phrase missing pos:verb entirely — found while auditing topic-page coverage for orphaned concepts
9bd5m6jcab	dejar [un proyecto o actividad]	to give up [a project or activity]	reference	pos:verb	infinitive verb phrase missing pos:verb entirely — found while auditing topic-page coverage for orphaned concepts
scirzjermw	dejar [algo] atrás	to leave [something] behind	reference	pos:verb	infinitive verb phrase missing pos:verb entirely — found while auditing topic-page coverage for orphaned concepts
xf3bu4p3qr	dejar plantado/a a [alguien]	to stand [somebody] up	reference	pos:verb	infinitive verb phrase missing pos:verb entirely — found while auditing topic-page coverage for orphaned concepts
fzsfzh2mfr	dejar pasar [una oportunidad]	to let [an opportunity] pass	reference	pos:verb	infinitive verb phrase missing pos:verb entirely — found while auditing topic-page coverage for orphaned concepts
czlzxhiz8y	dejar [un proyecto o responsabilidad]	to abandon [a project or responsibility]	reference	pos:verb	infinitive verb phrase missing pos:verb entirely — found while auditing topic-page coverage for orphaned concepts
hyx4uupf61	dejar [algo] encendido	to leave [something] on	reference	pos:verb	infinitive verb phrase missing pos:verb entirely — found while auditing topic-page coverage for orphaned concepts
zu4n3xn4x8	dejar [algo o alguien] por fuera	to leave [something or somebody] out	supporting	pos:verb	infinitive verb phrase missing pos:verb entirely — found while auditing topic-page coverage for orphaned concepts
goxootramx	dejarse llevar	to get carried away	reference	pos:verb	infinitive verb phrase missing pos:verb entirely — found while auditing topic-page coverage for orphaned concepts
j5psxk7lpd	dejar [algo o alguien] encargado con [alguien]	to leave [something or somebody] in [somebody's] care	reference	pos:verb	infinitive verb phrase missing pos:verb entirely — found while auditing topic-page coverage for orphaned concepts
9ytu1uafba	dejar mucho que desear	to leave much to be desired	reference	pos:verb	infinitive verb phrase missing pos:verb entirely — found while auditing topic-page coverage for orphaned concepts
qk02mephc9	dejar pasar [una oportunidad]	to pass up [an opportunity]	reference	pos:verb	infinitive verb phrase missing pos:verb entirely — found while auditing topic-page coverage for orphaned concepts
ycynxw1m3v	echarle [un ingrediente] a [algo]	to add [an ingredient] to [something]	supporting	pos:verb	infinitive verb phrase missing pos:verb entirely — found while auditing topic-page coverage for orphaned concepts
5vfdd7g6pp	echar a [alguien] de [un lugar]	to kick [somebody] out of [a place]	reference	pos:verb	infinitive verb phrase missing pos:verb entirely — found while auditing topic-page coverage for orphaned concepts
vb2rixy6jn	echar raíces	to take root	reference	pos:verb	infinitive verb phrase missing pos:verb entirely — found while auditing topic-page coverage for orphaned concepts
mhpsjzbw88	echar un vistazo a [algo]	to take a look at [something]	supporting	pos:verb	infinitive verb phrase missing pos:verb entirely — found while auditing topic-page coverage for orphaned concepts
iuscz9in74	echar [algo]	to throw [something]	supporting	pos:verb	infinitive verb phrase missing pos:verb entirely — found while auditing topic-page coverage for orphaned concepts
5q4eehz3vn	echar [algo]	to toss [something]	reference	pos:verb	infinitive verb phrase missing pos:verb entirely — found while auditing topic-page coverage for orphaned concepts
0yil0wwbgv	echar de menos a [alguien]	to miss [somebody]	reference	pos:verb	infinitive verb phrase missing pos:verb entirely — found while auditing topic-page coverage for orphaned concepts
15xrsrpy46	echarse a reír	to burst out laughing	reference	pos:verb	infinitive verb phrase missing pos:verb entirely — found while auditing topic-page coverage for orphaned concepts
kpe00fplij	echar a perder [algo]	to ruin [something]	reference	pos:verb	infinitive verb phrase missing pos:verb entirely — found while auditing topic-page coverage for orphaned concepts
ve8mmxlgrz	echar a perder [algo]	to spoil [something]	reference	pos:verb	infinitive verb phrase missing pos:verb entirely — found while auditing topic-page coverage for orphaned concepts
cf5552jy9p	echarse a [hacer algo]	to start [doing something]	reference	pos:verb	infinitive verb phrase missing pos:verb entirely — found while auditing topic-page coverage for orphaned concepts
84y1p0do9w	echar [algo] a la basura	to throw [something] away	reference	pos:verb	infinitive verb phrase missing pos:verb entirely — found while auditing topic-page coverage for orphaned concepts
xfgzv2w5ro	echarse atrás	to back out	reference	pos:verb	infinitive verb phrase missing pos:verb entirely — found while auditing topic-page coverage for orphaned concepts
nbidca94v7	dejar que [alguien] [haga algo]	to allow [somebody] to [do something]	reference	pos:verb	infinitive verb phrase missing pos:verb entirely — found while auditing topic-page coverage for orphaned concepts
cz1u7ybmyj	dejarle [algo] a [alguien]	to lend [somebody] [something]	reference	pos:verb	infinitive verb phrase missing pos:verb entirely — found while auditing topic-page coverage for orphaned concepts
4n3bcm9qjj	salir afuera	to go outside	reference	pos:verb	infinitive verb phrase missing pos:verb entirely — found while auditing topic-page coverage for orphaned concepts
r68cdfj171	salir de [un lugar]	to get out of [a place]	supporting	pos:verb	infinitive verb phrase missing pos:verb entirely — found while auditing topic-page coverage for orphaned concepts
84ubxhmjpj	echar a andar [algo]	to get [something] going	reference	pos:verb	infinitive verb phrase missing pos:verb entirely — found while auditing topic-page coverage for orphaned concepts
roc4s41s10	echarse a andar	to set off	reference	pos:verb	infinitive verb phrase missing pos:verb entirely — found while auditing topic-page coverage for orphaned concepts
rs8xew9ar7	recordar [hacer algo]	to remember [to do something]	supporting	pos:verb	infinitive verb phrase missing pos:verb entirely — found while auditing topic-page coverage for orphaned concepts
ea80tvxv9q	recordarle a [alguien] que [algo]	to remind [somebody] that [something]	supporting	pos:verb	infinitive verb phrase missing pos:verb entirely — found while auditing topic-page coverage for orphaned concepts
yj9f1tet8b	recordarle [algo] a [alguien]	to remind [somebody] about [something]	supporting	pos:verb	infinitive verb phrase missing pos:verb entirely — found while auditing topic-page coverage for orphaned concepts
93hf25tdab	recordar [algo]	to recall [something]	reference	pos:verb	infinitive verb phrase missing pos:verb entirely — found while auditing topic-page coverage for orphaned concepts
gyhcf0i5kb	robar a [alguien]	to rob [somebody]	reference	pos:verb	infinitive verb phrase missing pos:verb entirely — found while auditing topic-page coverage for orphaned concepts
muc3ps9ei8	robarse el show	to steal the show	reference	pos:verb	infinitive verb phrase missing pos:verb entirely — found while auditing topic-page coverage for orphaned concepts
qcpsrdimh2	sacar [algo] de [un lugar]	to remove [something] from [a place]	supporting	pos:verb	infinitive verb phrase missing pos:verb entirely — found while auditing topic-page coverage for orphaned concepts
wefybdb64a	sacar [algo]	to get [something]	supporting	pos:verb	infinitive verb phrase missing pos:verb entirely — found while auditing topic-page coverage for orphaned concepts
c38n8crr5a	sacar una foto de [algo]	to take a photo of [something]	supporting	pos:verb	infinitive verb phrase missing pos:verb entirely — found while auditing topic-page coverage for orphaned concepts
w1s5ow6rtn	sacar [una nota]	to get [a grade]	reference	pos:verb	infinitive verb phrase missing pos:verb entirely — found while auditing topic-page coverage for orphaned concepts
6xu8gu7squ	sacar [un producto]	to bring out [a product]	reference	pos:verb	infinitive verb phrase missing pos:verb entirely — found while auditing topic-page coverage for orphaned concepts
0f8859fdfq	echar abajo [algo]	to knock [something] down	reference	pos:verb	infinitive verb phrase missing pos:verb entirely — found while auditing topic-page coverage for orphaned concepts
7ihfylaf0m	sacar a [alguien] de [un lugar]	to get [somebody] out of [a place]	reference	pos:verb	infinitive verb phrase missing pos:verb entirely — found while auditing topic-page coverage for orphaned concepts
bjifboq9ja	saberse [algo] de memoria	to know [something] by heart	reference	pos:verb	infinitive verb phrase missing pos:verb entirely — found while auditing topic-page coverage for orphaned concepts
wn89ieh7zn	echar cuentas	to work [something] out	reference	pos:verb	infinitive verb phrase missing pos:verb entirely — found while auditing topic-page coverage for orphaned concepts
8t1oov9cqo	sacar [una respuesta]	to figure out [an answer]	supporting	pos:verb	infinitive verb phrase missing pos:verb entirely — found while auditing topic-page coverage for orphaned concepts
9ockg94eza	sacar una conclusión	to draw a conclusion	reference	pos:verb	infinitive verb phrase missing pos:verb entirely — found while auditing topic-page coverage for orphaned concepts
2a7hnhmtu6	sacar [un producto]	to release [a product]	reference	pos:verb	infinitive verb phrase missing pos:verb entirely — found while auditing topic-page coverage for orphaned concepts
ahq54carab	saber si [algo]	to know whether [something]	supporting	pos:verb	infinitive verb phrase missing pos:verb entirely — found while auditing topic-page coverage for orphaned concepts
tb9cpc7ypj	saber de [un tema]	to know about [a subject]	supporting	pos:verb	infinitive verb phrase missing pos:verb entirely — found while auditing topic-page coverage for orphaned concepts
nd8kf3g80o	salir bien	to turn out well	supporting	pos:verb	infinitive verb phrase missing pos:verb entirely — found while auditing topic-page coverage for orphaned concepts
61rt52kj37	robarle [algo] a [alguien]	to steal [something] from [somebody]	supporting	pos:verb	infinitive verb phrase missing pos:verb entirely — found while auditing topic-page coverage for orphaned concepts
c5032rvam7	echarle la culpa de [algo] a [alguien]	to blame [somebody] for [something]	supporting	pos:verb	infinitive verb phrase missing pos:verb entirely — found while auditing topic-page coverage for orphaned concepts
rnznavwcfr	salir con [alguien]	to date [somebody]	supporting	pos:verb	infinitive verb phrase missing pos:verb entirely — found while auditing topic-page coverage for orphaned concepts
ezq7209l2y	salir con [alguien]	to go out with [somebody]	reference	pos:verb	infinitive verb phrase missing pos:verb entirely — found while auditing topic-page coverage for orphaned concepts
ro9nxfyi16	dejar [algo] fuera	to leave [something] out	reference	pos:verb	infinitive verb phrase missing pos:verb entirely — found while auditing topic-page coverage for orphaned concepts
7505bgiyyc	no entrar	to keep out	reference	pos:verb	infinitive verb phrase missing pos:verb entirely — found while auditing topic-page coverage for orphaned concepts
kvedge4aey	no pisar [algo]	to keep off [something]	reference	pos:verb	infinitive verb phrase missing pos:verb entirely — found while auditing topic-page coverage for orphaned concepts
j7s4nn02ph	mantener [algo] bajo	to keep [something] down	reference	pos:verb	infinitive verb phrase missing pos:verb entirely — found while auditing topic-page coverage for orphaned concepts
qbdgh95q4i	ser de [alguien]	to belong to [somebody]	supporting	pos:verb	infinitive verb phrase missing pos:verb entirely — found while auditing topic-page coverage for orphaned concepts
2m5zc7v18r	reservarse [algo]	to keep [something] to yourself	reference	pos:verb	infinitive verb phrase missing pos:verb entirely — found while auditing topic-page coverage for orphaned concepts
wtwbsaolgx	sentir que [algo]	to feel that [something]	supporting	pos:verb	infinitive verb phrase missing pos:verb entirely — found while auditing topic-page coverage for orphaned concepts
o6vs3cstlt	sentir algo por [alguien]	to have feelings for [somebody]	reference	pos:verb	infinitive verb phrase missing pos:verb entirely — found while auditing topic-page coverage for orphaned concepts
wbo46b952m	sentirse con ánimo de [hacer algo]	to feel up to [doing something]	reference	pos:verb	infinitive verb phrase missing pos:verb entirely — found while auditing topic-page coverage for orphaned concepts
cqou51zh8d	compadecerse de [alguien]	to feel for [somebody]	reference	pos:verb	infinitive verb phrase missing pos:verb entirely — found while auditing topic-page coverage for orphaned concepts
ralwup7tfh	ser bueno/a para [hacer algo]	to be good at [doing something]	supporting	pos:verb	infinitive verb phrase missing pos:verb entirely — found while auditing topic-page coverage for orphaned concepts
odnmr4o3xv	seguir [haciendo algo]	to continue [doing something]	supporting	pos:verb	infinitive verb phrase missing pos:verb entirely — found while auditing topic-page coverage for orphaned concepts
ukd87mv2pz	seguir [haciendo algo]	to still be [doing something]	supporting	pos:verb	infinitive verb phrase missing pos:verb entirely — found while auditing topic-page coverage for orphaned concepts
na5kdv5rje	seguir [en un estado]	to still be [in a state]	supporting	pos:verb	infinitive verb phrase missing pos:verb entirely — found while auditing topic-page coverage for orphaned concepts
fhohvsakmg	seguir a [alguien] en redes	to follow [somebody] online	reference	pos:verb	infinitive verb phrase missing pos:verb entirely — found while auditing topic-page coverage for orphaned concepts
snuyccf6qe	cumplir con [algo]	to follow through on [something]	reference	pos:verb	infinitive verb phrase missing pos:verb entirely — found while auditing topic-page coverage for orphaned concepts
i49be62rpv	ser bueno para [alguien/algo]	to be good for [somebody or something]	supporting	pos:verb	infinitive verb phrase missing pos:verb entirely — found while auditing topic-page coverage for orphaned concepts
pdcy6981ld	ser malo para [alguien/algo]	to be bad for [somebody or something]	supporting	pos:verb	infinitive verb phrase missing pos:verb entirely — found while auditing topic-page coverage for orphaned concepts
obznlhzdxe	ser en [un lugar]	to be at [a place]	supporting	pos:verb	infinitive verb phrase missing pos:verb entirely — found while auditing topic-page coverage for orphaned concepts
cme1al3v5p	ser de [un material]	to be made of [a material]	supporting	pos:verb	infinitive verb phrase missing pos:verb entirely — found while auditing topic-page coverage for orphaned concepts
gn6wgqx5vo	salir [caro/barato]	to cost [a lot or a little]	reference	pos:verb	infinitive verb phrase missing pos:verb entirely — found while auditing topic-page coverage for orphaned concepts
hbm575ua4b	salir [publicado]	to come out	reference	pos:verb	infinitive verb phrase missing pos:verb entirely — found while auditing topic-page coverage for orphaned concepts
2djpxpuaet	significar [algo simbólico]	to symbolize [something]	reference	pos:verb	infinitive verb phrase missing pos:verb entirely — found while auditing topic-page coverage for orphaned concepts
nkqygp49l4	tener dificultad para [hacer algo]	to have trouble [doing something]	supporting	pos:verb	infinitive verb phrase missing pos:verb entirely — found while auditing topic-page coverage for orphaned concepts
hi6i8bgabk	tener prisa	to be in a hurry	supporting	pos:verb	infinitive verb phrase missing pos:verb entirely — found while auditing topic-page coverage for orphaned concepts
n6hfkj5rh5	tener afán	to be in a rush	reference	pos:verb	infinitive verb phrase missing pos:verb entirely — found while auditing topic-page coverage for orphaned concepts
j65dvjawel	tener la culpa	to be at fault	reference	pos:verb	infinitive verb phrase missing pos:verb entirely — found while auditing topic-page coverage for orphaned concepts
iku0m5311z	significar [hacer algo]	to mean [doing something]	reference	pos:verb	infinitive verb phrase missing pos:verb entirely — found while auditing topic-page coverage for orphaned concepts
7xfrxi3jd5	tener en cuenta [algo]	to take [something] into account	reference	pos:verb	infinitive verb phrase missing pos:verb entirely — found while auditing topic-page coverage for orphaned concepts
be41h3a6k4	suponer [algo]	to involve [something]	reference	pos:verb	infinitive verb phrase missing pos:verb entirely — found while auditing topic-page coverage for orphaned concepts
172vkaz4pw	tener la oportunidad de [hacer algo]	to get a chance to [do something]	reference	pos:verb	infinitive verb phrase missing pos:verb entirely — found while auditing topic-page coverage for orphaned concepts
8zgoedsnqi	tener que [hacer algo]	to have got to [do something]	supporting	pos:verb	infinitive verb phrase missing pos:verb entirely — found while auditing topic-page coverage for orphaned concepts
pg7ymescs5	trabajar paso a paso en [un problema]	to work through [a problem]	reference	pos:verb	infinitive verb phrase missing pos:verb entirely — found while auditing topic-page coverage for orphaned concepts
abw14te962	trabajar [un material]	to work [a material]	reference	pos:verb	infinitive verb phrase missing pos:verb entirely — found while auditing topic-page coverage for orphaned concepts
kb4ibauh35	tocar [un instrumento]	to play [an instrument]	supporting	pos:verb	infinitive verb phrase missing pos:verb entirely — found while auditing topic-page coverage for orphaned concepts
5qr32psjlf	tener [algo] puesto	to have [something] on	reference	pos:verb	infinitive verb phrase missing pos:verb entirely — found while auditing topic-page coverage for orphaned concepts
gebby1bfyk	valer para [un propósito]	to work for [a purpose]	reference	pos:verb	infinitive verb phrase missing pos:verb entirely — found while auditing topic-page coverage for orphaned concepts
7em182ixyo	tocar la puerta	to knock on the door	supporting	pos:verb	infinitive verb phrase missing pos:verb entirely — found while auditing topic-page coverage for orphaned concepts
fs8u8cu63l	tener a [alguien] [haciendo algo]	to keep [somebody] [doing something]	reference	pos:verb	infinitive verb phrase missing pos:verb entirely — found while auditing topic-page coverage for orphaned concepts
jocx4z0vrr	tocar [un tema]	to touch on [a topic]	reference	pos:verb	infinitive verb phrase missing pos:verb entirely — found while auditing topic-page coverage for orphaned concepts
bct589etct	retocar [algo]	to touch [something] up	reference	pos:verb	infinitive verb phrase missing pos:verb entirely — found while auditing topic-page coverage for orphaned concepts
nrtrolt1b0	traer [algo] de [un lugar]	to bring [something] from [a place]	supporting	pos:verb	infinitive verb phrase missing pos:verb entirely — found while auditing topic-page coverage for orphaned concepts
9ntay6p4fs	traer [algo] de vuelta	to bring [something] back	supporting	pos:verb	infinitive verb phrase missing pos:verb entirely — found while auditing topic-page coverage for orphaned concepts
z9prfddx9z	tener permiso para [hacer algo]	to be allowed to [do something]	reference	pos:verb	infinitive verb phrase missing pos:verb entirely — found while auditing topic-page coverage for orphaned concepts
i48d81wy3v	traer a [alguien]	to bring [somebody]	reference	pos:verb	infinitive verb phrase missing pos:verb entirely — found while auditing topic-page coverage for orphaned concepts
im138izvv7	valer [una cantidad]	to be worth [an amount]	supporting	pos:verb	infinitive verb phrase missing pos:verb entirely — found while auditing topic-page coverage for orphaned concepts
p3nun0nd0p	traer [algo] consigo	to bring [something] with you	reference	pos:verb	infinitive verb phrase missing pos:verb entirely — found while auditing topic-page coverage for orphaned concepts
zzhshorqxj	traer [problemas o consecuencias]	to bring [problems or consequences]	reference	pos:verb	infinitive verb phrase missing pos:verb entirely — found while auditing topic-page coverage for orphaned concepts
edf5jy4zrf	trabajar en [un sector]	to work in [a field]	reference	pos:verb	infinitive verb phrase missing pos:verb entirely — found while auditing topic-page coverage for orphaned concepts
55moihfqeu	trabajar para [alguien u organización]	to work for [somebody or an organization]	supporting	pos:verb	infinitive verb phrase missing pos:verb entirely — found while auditing topic-page coverage for orphaned concepts
ezz9e68yjj	trabajar con [alguien]	to work with [somebody]	supporting	pos:verb	infinitive verb phrase missing pos:verb entirely — found while auditing topic-page coverage for orphaned concepts
idex89b72k	traer puesto/a [una prenda]	to wear [an item of clothing]	reference	pos:verb	infinitive verb phrase missing pos:verb entirely — found while auditing topic-page coverage for orphaned concepts
m1qskewn43	traer recuerdos	to bring back memories	reference	pos:verb	infinitive verb phrase missing pos:verb entirely — found while auditing topic-page coverage for orphaned concepts
mvvc2s3vas	traer a colación [un tema]	to bring up [a topic]	reference	pos:verb	infinitive verb phrase missing pos:verb entirely — found while auditing topic-page coverage for orphaned concepts
15zg97fs0p	traer [problemas o consecuencias]	to cause [problems or consequences]	reference	pos:verb	infinitive verb phrase missing pos:verb entirely — found while auditing topic-page coverage for orphaned concepts
zgwnnnusii	trabajar como [profesión]	to work as [a profession]	supporting	pos:verb	infinitive verb phrase missing pos:verb entirely — found while auditing topic-page coverage for orphaned concepts
57q3yd0rpd	trabajar desde casa	to work from home	reference	pos:verb	infinitive verb phrase missing pos:verb entirely — found while auditing topic-page coverage for orphaned concepts
3f40un1zgj	trabajar para [lograr algo]	to work toward [a goal]	reference	pos:verb	infinitive verb phrase missing pos:verb entirely — found while auditing topic-page coverage for orphaned concepts
ivhec4s22m	valer la pena [hacer algo]	to be worth [doing something]	supporting	pos:verb	infinitive verb phrase missing pos:verb entirely — found while auditing topic-page coverage for orphaned concepts
lfya25oahw	valer la pena	to be worth it	supporting	pos:verb	infinitive verb phrase missing pos:verb entirely — found while auditing topic-page coverage for orphaned concepts
6ateoz7xed	venir de [un lugar]	to come from [a place]	supporting	pos:verb	infinitive verb phrase missing pos:verb entirely — found while auditing topic-page coverage for orphaned concepts
2krm0gf62n	venir con [alguien]	to come with [somebody]	reference	pos:verb	infinitive verb phrase missing pos:verb entirely — found while auditing topic-page coverage for orphaned concepts
b97077wlu1	venir a [hacer algo]	to come to [do something]	reference	pos:verb	infinitive verb phrase missing pos:verb entirely — found while auditing topic-page coverage for orphaned concepts
2xv5qqprqp	venir a [la casa de alguien]	to come over	reference	pos:verb	infinitive verb phrase missing pos:verb entirely — found while auditing topic-page coverage for orphaned concepts
bfvjcgo2if	venir con [un grupo]	to come along	reference	pos:verb	infinitive verb phrase missing pos:verb entirely — found while auditing topic-page coverage for orphaned concepts
jmoyai6ki1	venir a la mente	to come to mind	reference	pos:verb	infinitive verb phrase missing pos:verb entirely — found while auditing topic-page coverage for orphaned concepts
ugyd134ue3	ver a [alguien] [hacer algo]	to see [somebody] [do something]	supporting	pos:verb	infinitive verb phrase missing pos:verb entirely — found while auditing topic-page coverage for orphaned concepts
4l5ip3gcjx	ver a [alguien] [haciendo algo]	to see [somebody] [doing something]	reference	pos:verb	infinitive verb phrase missing pos:verb entirely — found while auditing topic-page coverage for orphaned concepts
p7wbkj3kbp	verse bien	to look good	reference	pos:verb	infinitive verb phrase missing pos:verb entirely — found while auditing topic-page coverage for orphaned concepts
1uefa34zyp	ver [una película o programa]	to watch [a movie or program]	supporting	pos:verb	infinitive verb phrase missing pos:verb entirely — found while auditing topic-page coverage for orphaned concepts
rn5bfzc47d	darse cuenta del engaño de [alguien]	to see through [somebody]	reference	pos:verb	infinitive verb phrase missing pos:verb entirely — found while auditing topic-page coverage for orphaned concepts
ukhf4ausef	encargarse de [algo]	to see to [something]	reference	pos:verb	infinitive verb phrase missing pos:verb entirely — found while auditing topic-page coverage for orphaned concepts
q9clnuhnis	volver a [un lugar]	to return to [a place]	supporting	pos:verb	infinitive verb phrase missing pos:verb entirely — found while auditing topic-page coverage for orphaned concepts
ic3jjkgfi7	volverse [algo]	to turn into [something]	reference	pos:verb	infinitive verb phrase missing pos:verb entirely — found while auditing topic-page coverage for orphaned concepts
g1m78v9491	volverse para [hacer algo]	to turn around to [do something]	reference	pos:verb	infinitive verb phrase missing pos:verb entirely — found while auditing topic-page coverage for orphaned concepts
sxospymxsu	volverse atrás	to turn back	reference	pos:verb	infinitive verb phrase missing pos:verb entirely — found while auditing topic-page coverage for orphaned concepts
xmp7uc93ba	dar la vuelta	to turn around	reference	pos:verb	infinitive verb phrase missing pos:verb entirely — found while auditing topic-page coverage for orphaned concepts
my5u2xb3bf	entregar [algo]	to deliver [something]	reference	pos:verb	infinitive verb phrase missing pos:verb entirely — found while auditing topic-page coverage for orphaned concepts
p8bg3qqy9j	lograr [hacer algo]	to manage to [do something]	reference	pos:verb	infinitive verb phrase missing pos:verb entirely — found while auditing topic-page coverage for orphaned concepts
kfalstjcfy	postularse a [algo]	to apply for [something]	reference	pos:verb	infinitive verb phrase missing pos:verb entirely — found while auditing topic-page coverage for orphaned concepts
o6fe83ho4h	hacer acordar	to remind	reference	pos:verb	infinitive verb phrase missing pos:verb entirely — found while auditing topic-page coverage for orphaned concepts
476g3r2k4a	acordar [algo]	to agree on [something]	reference	pos:verb	infinitive verb phrase missing pos:verb entirely — found while auditing topic-page coverage for orphaned concepts
o4dhqa488k	devolver [algo]	to return [something]	reference	pos:verb	infinitive verb phrase missing pos:verb entirely — found while auditing topic-page coverage for orphaned concepts
3vfsaych3z	acordar [hacer algo]	to decide to [do something]	reference	pos:verb	infinitive verb phrase missing pos:verb entirely — found while auditing topic-page coverage for orphaned concepts
ygmwenyts4	acordarse de [algo]	to remember [something]	reference	pos:verb	infinitive verb phrase missing pos:verb entirely — found while auditing topic-page coverage for orphaned concepts
h01pvfsqvs	acordarse de [hacer algo]	to remember doing [something]	reference	pos:verb	infinitive verb phrase missing pos:verb entirely — found while auditing topic-page coverage for orphaned concepts
hzhx6yw5qb	enviar [algo]	to send [something]	supporting	pos:verb	infinitive verb phrase missing pos:verb entirely — found while auditing topic-page coverage for orphaned concepts
mrytj7kn57	abrir [algo] por completo	to open [something] up	reference	pos:verb	infinitive verb phrase missing pos:verb entirely — found while auditing topic-page coverage for orphaned concepts
adhp7nfuvc	devolver [algo]	to give [something] back	supporting	pos:verb	infinitive verb phrase missing pos:verb entirely — found while auditing topic-page coverage for orphaned concepts
y2sbyu4a5b	aparecer	to show up	supporting	pos:verb	infinitive verb phrase missing pos:verb entirely — found while auditing topic-page coverage for orphaned concepts
9ievaodr1f	aparecer [una publicación]	to come out	reference	pos:verb	infinitive verb phrase missing pos:verb entirely — found while auditing topic-page coverage for orphaned concepts
90l7vci1mc	no acordarse de [algo]	to can't remember [something]	reference	pos:verb	infinitive verb phrase missing pos:verb entirely — found while auditing topic-page coverage for orphaned concepts
umirnepxs1	buscar a [alguien]	to want [somebody] for questioning	reference	pos:verb	infinitive verb phrase missing pos:verb entirely — found while auditing topic-page coverage for orphaned concepts
nuszqtk7fc	aparecer [en una lista]	to be listed	reference	pos:verb	infinitive verb phrase missing pos:verb entirely — found while auditing topic-page coverage for orphaned concepts
npbo00x4un	detener [algo/alguien]	to hold back [something/somebody]	reference	pos:verb	infinitive verb phrase missing pos:verb entirely — found while auditing topic-page coverage for orphaned concepts
zvkx50j9c5	detenerse para [hacer algo]	to stop to [do something]	supporting	pos:verb	infinitive verb phrase missing pos:verb entirely — found while auditing topic-page coverage for orphaned concepts
ykeh4ro7pq	detener a [alguien]	to arrest [somebody]	reference	pos:verb	infinitive verb phrase missing pos:verb entirely — found while auditing topic-page coverage for orphaned concepts
rdxs81dzm7	detener a [alguien]	to detain [somebody]	reference	pos:verb	infinitive verb phrase missing pos:verb entirely — found while auditing topic-page coverage for orphaned concepts
mnougxf39m	devolver la llamada	to return a call	reference	pos:verb	infinitive verb phrase missing pos:verb entirely — found while auditing topic-page coverage for orphaned concepts
p24l6ubhgf	entregarse	to turn oneself in	reference	pos:verb	infinitive verb phrase missing pos:verb entirely — found while auditing topic-page coverage for orphaned concepts
r8h4m5ktu7	devolver [algo]	to refund [something]	reference	pos:verb	infinitive verb phrase missing pos:verb entirely — found while auditing topic-page coverage for orphaned concepts
fywyjd1hm5	sincerarse con [alguien]	to open up to [somebody]	reference	pos:verb	infinitive verb phrase missing pos:verb entirely — found while auditing topic-page coverage for orphaned concepts
xnmxa18y4p	entregar [algo]	to hand in [something]	reference	pos:verb	infinitive verb phrase missing pos:verb entirely — found while auditing topic-page coverage for orphaned concepts
937ruzq5uv	entregar [algo] a [alguien]	to hand [something] over to [somebody]	reference	pos:verb	infinitive verb phrase missing pos:verb entirely — found while auditing topic-page coverage for orphaned concepts
1j4lftiq84	enviar a [alguien]	to refer [somebody]	reference	pos:verb	infinitive verb phrase missing pos:verb entirely — found while auditing topic-page coverage for orphaned concepts
l3azcanzjs	lograr [algo]	to achieve [something]	reference	pos:verb	infinitive verb phrase missing pos:verb entirely — found while auditing topic-page coverage for orphaned concepts
rgtlu9rlm3	lograr [algo]	to secure [something]	reference	pos:verb	infinitive verb phrase missing pos:verb entirely — found while auditing topic-page coverage for orphaned concepts
nl064twuml	obtener [algo]	to get [something]	reference	pos:verb	infinitive verb phrase missing pos:verb entirely — found while auditing topic-page coverage for orphaned concepts
3zg7nxwm6d	obtener [ganancia]	to make [a profit]	reference	pos:verb	infinitive verb phrase missing pos:verb entirely — found while auditing topic-page coverage for orphaned concepts
afxy3gj8g5	mantener [algo]	to maintain [something]	reference	pos:verb	infinitive verb phrase missing pos:verb entirely — found while auditing topic-page coverage for orphaned concepts
1vh5rntj16	mantener a [alguien]	to support [somebody]	reference	pos:verb	infinitive verb phrase missing pos:verb entirely — found while auditing topic-page coverage for orphaned concepts
p70k7bfvql	mirar [algo]	to watch [something]	supporting	pos:verb	infinitive verb phrase missing pos:verb entirely — found while auditing topic-page coverage for orphaned concepts
1pgc6cfhvt	obtener [resultados]	to achieve [results]	reference	pos:verb	infinitive verb phrase missing pos:verb entirely — found while auditing topic-page coverage for orphaned concepts
2w0dzl1mvl	ser alto/a	to be tall	reference	pos:verb	infinitive verb phrase missing pos:verb entirely — found while auditing topic-page coverage for orphaned concepts
j84bvckgfu	obtener [ayuda]	to receive [help]	reference	pos:verb	infinitive verb phrase missing pos:verb entirely — found while auditing topic-page coverage for orphaned concepts
g54z8h8ci6	ordenar [comida o bebida]	to order [food or a drink]	reference	pos:verb	infinitive verb phrase missing pos:verb entirely — found while auditing topic-page coverage for orphaned concepts
9vw489mt1w	ordenar que [alguien] [haga algo]	to order [somebody] [to do something]	reference	pos:verb	infinitive verb phrase missing pos:verb entirely — found while auditing topic-page coverage for orphaned concepts
taszogayx6	ordenar [algo]	to sort [something]	reference	pos:verb	infinitive verb phrase missing pos:verb entirely — found while auditing topic-page coverage for orphaned concepts
zdbqkvbfi8	ordenar [un lugar]	to tidy [a place]	reference	pos:verb	infinitive verb phrase missing pos:verb entirely — found while auditing topic-page coverage for orphaned concepts
dczcf3gaak	regresar	to come back	reference	pos:verb	infinitive verb phrase missing pos:verb entirely — found while auditing topic-page coverage for orphaned concepts
cdmbvhyfgd	solicitar [algo]	to apply for [something]	reference	pos:verb	infinitive verb phrase missing pos:verb entirely — found while auditing topic-page coverage for orphaned concepts
zxuys2r8q2	regresar	to go back	reference	pos:verb	infinitive verb phrase missing pos:verb entirely — found while auditing topic-page coverage for orphaned concepts
m0mgste8it	regresar	to return	reference	pos:verb	infinitive verb phrase missing pos:verb entirely — found while auditing topic-page coverage for orphaned concepts
at6h8seokt	solicitar [algo]	to request [something]	reference	pos:verb	infinitive verb phrase missing pos:verb entirely — found while auditing topic-page coverage for orphaned concepts
mckle879y4	mirar hacia adelante	to look ahead	reference	pos:verb	infinitive verb phrase missing pos:verb entirely — found while auditing topic-page coverage for orphaned concepts
v72o9g7yjw	mantener [algo]	to keep [something]	supporting	pos:verb	infinitive verb phrase missing pos:verb entirely — found while auditing topic-page coverage for orphaned concepts
9gk6xesysy	casi no [hacer algo]	to hardly [do something]	reference	pos:verb	infinitive verb phrase missing pos:verb entirely — found while auditing topic-page coverage for orphaned concepts
e8u3dl9hno	mantener [una ventaja]	to hold [the lead]	reference	pos:verb	infinitive verb phrase missing pos:verb entirely — found while auditing topic-page coverage for orphaned concepts
2s5vxvtzad	ser bajo/a	to be low	reference	pos:verb	infinitive verb phrase missing pos:verb entirely — found while auditing topic-page coverage for orphaned concepts
jl3egs4efk	hablar en voz baja	to speak quietly/in a low voice	reference	pos:verb	infinitive verb phrase missing pos:verb entirely — found while auditing topic-page coverage for orphaned concepts
5oksfbyy9k	trabajar bastante	to work a lot	reference	pos:verb	infinitive verb phrase missing pos:verb entirely — found while auditing topic-page coverage for orphaned concepts
zuxigcomna	vivir abajo	to live downstairs	reference	pos:verb	infinitive verb phrase missing pos:verb entirely — found while auditing topic-page coverage for orphaned concepts
qfok7pguyz	mirar atrás	to look back	reference	pos:verb	infinitive verb phrase missing pos:verb entirely — found while auditing topic-page coverage for orphaned concepts
75py7jmtq1	bastar	to be enough	reference	pos:verb	infinitive verb phrase missing pos:verb entirely — found while auditing topic-page coverage for orphaned concepts
jo1ruoxv9h	estar aquí	to be here	supporting	pos:verb	infinitive verb phrase missing pos:verb entirely — found while auditing topic-page coverage for orphaned concepts
rqwcklpzgf	ser cierto	to be true	reference	pos:verb	infinitive verb phrase missing pos:verb entirely — found while auditing topic-page coverage for orphaned concepts
r2a8013xq8	ser una buena idea	to be a good idea	reference	pos:verb	infinitive verb phrase missing pos:verb entirely — found while auditing topic-page coverage for orphaned concepts
gss6t797jr	sentirse mejor	to feel better	reference	pos:verb	infinitive verb phrase missing pos:verb entirely — found while auditing topic-page coverage for orphaned concepts
wine5n6gd9	depender de que [ocurra algo]	to depend on [something] happening	reference	pos:verb	infinitive verb phrase missing pos:verb entirely — found while auditing topic-page coverage for orphaned concepts
27gxfb0ajj	depender de [alguien/algo]	to depend on [somebody/something]	reference	pos:verb	infinitive verb phrase missing pos:verb entirely — found while auditing topic-page coverage for orphaned concepts
3nytgzkkim	trabajar demasiado	to work too much	reference	pos:verb	infinitive verb phrase missing pos:verb entirely — found while auditing topic-page coverage for orphaned concepts
t9gvvynhud	llamar luego	to call later	reference	pos:verb	infinitive verb phrase missing pos:verb entirely — found while auditing topic-page coverage for orphaned concepts
0v2r7ohznv	hablar después	to talk later	reference	pos:verb	infinitive verb phrase missing pos:verb entirely — found while auditing topic-page coverage for orphaned concepts
506goyjb09	dormir bien/mal	to sleep well/badly	reference	pos:verb	infinitive verb phrase missing pos:verb entirely — found while auditing topic-page coverage for orphaned concepts
8g7yjhzzf4	estar entre [personas]	to be among [people]	reference	pos:verb	infinitive verb phrase missing pos:verb entirely — found while auditing topic-page coverage for orphaned concepts
fyziw2rb12	ser fuerte	to be strong	reference	pos:verb	infinitive verb phrase missing pos:verb entirely — found while auditing topic-page coverage for orphaned concepts
g2cfgdbyi3	ser malo/a	to be bad/evil	reference	pos:verb	infinitive verb phrase missing pos:verb entirely — found while auditing topic-page coverage for orphaned concepts
ws6aqyp5xd	hablar fuerte	to speak loudly	reference	pos:verb	infinitive verb phrase missing pos:verb entirely — found while auditing topic-page coverage for orphaned concepts
6rm2kx5c4o	ser una mala idea	to be a bad idea	reference	pos:verb	infinitive verb phrase missing pos:verb entirely — found while auditing topic-page coverage for orphaned concepts
2xrg55t6l0	sentirse peor	to feel worse	reference	pos:verb	infinitive verb phrase missing pos:verb entirely — found while auditing topic-page coverage for orphaned concepts
8xc9lgyn8v	tomar notas	to take notes	reference	pos:verb	infinitive verb phrase missing pos:verb entirely — found while auditing topic-page coverage for orphaned concepts
1nhgx0mth4	comer medio/a [algo]	to eat half [something]	reference	pos:verb	infinitive verb phrase missing pos:verb entirely — found while auditing topic-page coverage for orphaned concepts
j7dljg4amk	volver pronto	to come back soon	reference	pos:verb	infinitive verb phrase missing pos:verb entirely — found while auditing topic-page coverage for orphaned concepts
gwnpt7pmq9	asegurarse de que [algo]	to make sure [something]	reference	pos:verb	infinitive verb phrase missing pos:verb entirely — found while auditing topic-page coverage for orphaned concepts
16421aymo4	empezar [algo]	to start [something]	supporting	pos:verb	infinitive verb phrase missing pos:verb entirely — found while auditing topic-page coverage for orphaned concepts
8sroghkesj	comenzar [algo]	to start [something]	reference	pos:verb	infinitive verb phrase missing pos:verb entirely — found while auditing topic-page coverage for orphaned concepts
of2xl1evmv	encender [un aparato]	to start [a machine]	reference	pos:verb	infinitive verb phrase missing pos:verb entirely — found while auditing topic-page coverage for orphaned concepts
36f58l84gt	arrancar [un vehículo]	to start [a vehicle]	reference	pos:verb	infinitive verb phrase missing pos:verb entirely — found while auditing topic-page coverage for orphaned concepts
56hciu6j5h	asegurar [algo]	to insure [something]	reference	pos:verb	infinitive verb phrase missing pos:verb entirely — found while auditing topic-page coverage for orphaned concepts
ksf8aynt7s	no [hacer nada] sino [hacer algo]	to do nothing but [do something]	reference	pos:verb	infinitive verb phrase missing pos:verb entirely — found while auditing topic-page coverage for orphaned concepts
k3jg1rin0g	irse para siempre	to leave forever/for good	reference	pos:verb	infinitive verb phrase missing pos:verb entirely — found while auditing topic-page coverage for orphaned concepts
23jqqwk28f	tardar [tiempo] en [hacer algo]	to take [an amount of time] to [do something]	reference	pos:verb	infinitive verb phrase missing pos:verb entirely — found while auditing topic-page coverage for orphaned concepts
g5nlbifpst	tardar	to take a long time	reference	pos:verb	infinitive verb phrase missing pos:verb entirely — found while auditing topic-page coverage for orphaned concepts
vmo1fuguve	tardar en [hacer algo]	to be slow to [do something]	reference	pos:verb	infinitive verb phrase missing pos:verb entirely — found while auditing topic-page coverage for orphaned concepts
a600jvsbhd	vivir solo/a	to live alone	reference	pos:verb	infinitive verb phrase missing pos:verb entirely — found while auditing topic-page coverage for orphaned concepts
q6rtb3ph2x	acabar de hacer algo	to have just done something	reference	pos:verb	infinitive verb phrase missing pos:verb entirely — found while auditing topic-page coverage for orphaned concepts
q60j06yhe9	terminar [algo]	to finish [something]	reference	pos:verb	infinitive verb phrase missing pos:verb entirely — found while auditing topic-page coverage for orphaned concepts
zwz7spfbzg	cruzar [algo]	to cross [something]	reference	pos:verb	infinitive verb phrase missing pos:verb entirely — found while auditing topic-page coverage for orphaned concepts
j1gh57080u	estar frente a [algo]	to be across from [something]	reference	pos:verb	infinitive verb phrase missing pos:verb entirely — found while auditing topic-page coverage for orphaned concepts
ajrzidjskb	aceptar [algo]	to agree to [something]	reference	pos:verb	infinitive verb phrase missing pos:verb entirely — found while auditing topic-page coverage for orphaned concepts
xvopup6s8x	coincidir	to agree	reference	pos:verb	infinitive verb phrase missing pos:verb entirely — found while auditing topic-page coverage for orphaned concepts
vsv7lpalf2	calcular [cantidad de tiempo] para [algo]	to allow [an amount of time] for [something]	reference	pos:verb	infinitive verb phrase missing pos:verb entirely — found while auditing topic-page coverage for orphaned concepts
dzzngcl5ri	no dejar de [hacer algo]	to keep [doing something]	reference	pos:verb	infinitive verb phrase missing pos:verb entirely — found while auditing topic-page coverage for orphaned concepts
36avddqr7m	salir en [una publicación]	to appear in [a publication]	reference	pos:verb	infinitive verb phrase missing pos:verb entirely — found while auditing topic-page coverage for orphaned concepts
y78uyi9c5c	dar acceso a [algo]	to give access to [something]	reference	pos:verb	infinitive verb phrase missing pos:verb entirely — found while auditing topic-page coverage for orphaned concepts
zz67343f4y	intentar [hacer algo]	to try to [do something]	reference	pos:verb	infinitive verb phrase missing pos:verb entirely — found while auditing topic-page coverage for orphaned concepts
oyxzv5jbvk	estar de acuerdo con [alguien]	to agree with [somebody]	reference	pos:verb	infinitive verb phrase missing pos:verb entirely — found while auditing topic-page coverage for orphaned concepts
bkizaixxrv	comparecer ante [una autoridad]	to appear before [an authority]	reference	pos:verb	infinitive verb phrase missing pos:verb entirely — found while auditing topic-page coverage for orphaned concepts
pw4jhrqiyg	permitir que [alguien] [haga algo]	to allow [somebody] to [do something]	reference	pos:verb	infinitive verb phrase missing pos:verb entirely — found while auditing topic-page coverage for orphaned concepts
dtu9mjoclb	ir bien	to come along well	reference	pos:verb	infinitive verb phrase missing pos:verb entirely — found while auditing topic-page coverage for orphaned concepts
q33oxlqbe5	traer [alguien] contigo	to bring [somebody] along	reference	pos:verb	infinitive verb phrase missing pos:verb entirely — found while auditing topic-page coverage for orphaned concepts
k3o01kfput	parecerse a [alguien]	to take after [somebody]	reference	pos:verb	infinitive verb phrase missing pos:verb entirely — found while auditing topic-page coverage for orphaned concepts
4fpgdvwxzu	ser muy aficionado/a a [un equipo]	to be a big fan of [a team]	reference	pos:verb	infinitive verb phrase missing pos:verb entirely — found while auditing topic-page coverage for orphaned concepts
xo44xzb3jh	formar [un equipo]	to build [a team]	reference	pos:verb	infinitive verb phrase missing pos:verb entirely — found while auditing topic-page coverage for orphaned concepts
lp0ljdtgp7	aumentar	to build	reference	pos:verb	infinitive verb phrase missing pos:verb entirely — found while auditing topic-page coverage for orphaned concepts
1rwj0kt7f8	desarrollar [algo]	to build on [something]	reference	pos:verb	infinitive verb phrase missing pos:verb entirely — found while auditing topic-page coverage for orphaned concepts
fdeqgbcts4	creer [algo]	to buy [something]	reference	pos:verb	infinitive verb phrase missing pos:verb entirely — found while auditing topic-page coverage for orphaned concepts
huqjh8qslq	importarle [algo]	to care about [something]	reference	pos:verb	infinitive verb phrase missing pos:verb entirely — found while auditing topic-page coverage for orphaned concepts
cqxhnvo543	cambiarse de ropa	to change clothes	reference	pos:verb	infinitive verb phrase missing pos:verb entirely — found while auditing topic-page coverage for orphaned concepts
fkhe36qwae	convencerse de [algo]	to buy into [something]	reference	pos:verb	infinitive verb phrase missing pos:verb entirely — found while auditing topic-page coverage for orphaned concepts
bijorvfnjq	alcanzar [un transporte]	to catch [transport]	reference	pos:verb	infinitive verb phrase missing pos:verb entirely — found while auditing topic-page coverage for orphaned concepts
jsfywmwb2q	preocuparse por [algo]	to care about [something]	reference	pos:verb	infinitive verb phrase missing pos:verb entirely — found while auditing topic-page coverage for orphaned concepts
xwr40xdiyc	cuidar [alguien]	to care for [somebody]	reference	pos:verb	infinitive verb phrase missing pos:verb entirely — found while auditing topic-page coverage for orphaned concepts
a4g0kqya37	atrapar [algo]	to catch [something]	reference	pos:verb	infinitive verb phrase missing pos:verb entirely — found while auditing topic-page coverage for orphaned concepts
t3k0bkap2f	resfriarse	to catch a cold	reference	pos:verb	infinitive verb phrase missing pos:verb entirely — found while auditing topic-page coverage for orphaned concepts
e9hvnwnx5k	entender [algo]	to catch [something]	reference	pos:verb	infinitive verb phrase missing pos:verb entirely — found while auditing topic-page coverage for orphaned concepts
egrvgcm5hc	sorprender a [alguien] [haciendo algo]	to catch [somebody] [doing something]	reference	pos:verb	infinitive verb phrase missing pos:verb entirely — found while auditing topic-page coverage for orphaned concepts
t9r1fus19d	hacer transbordo	to change [transport]	reference	pos:verb	infinitive verb phrase missing pos:verb entirely — found while auditing topic-page coverage for orphaned concepts
eff9tjrydf	darle tiempo a [alguien]	to buy [somebody] time	reference	pos:verb	infinitive verb phrase missing pos:verb entirely — found while auditing topic-page coverage for orphaned concepts
ujl7eyvp2d	cambiar [dinero]	to change [money]	reference	pos:verb	infinitive verb phrase missing pos:verb entirely — found while auditing topic-page coverage for orphaned concepts
xwfttsrbm4	despejar [algo]	to clear [something]	reference	pos:verb	infinitive verb phrase missing pos:verb entirely — found while auditing topic-page coverage for orphaned concepts
j1hw054qpy	procesar [un pago]	to clear [a payment]	reference	pos:verb	infinitive verb phrase missing pos:verb entirely — found while auditing topic-page coverage for orphaned concepts
ldj6l0mdep	parecerle bien a [alguien]	to be fine with [somebody]	reference	pos:verb	infinitive verb phrase missing pos:verb entirely — found while auditing topic-page coverage for orphaned concepts
8w5qasxh42	pasarla muy bien	to have a great time	reference	pos:verb	infinitive verb phrase missing pos:verb entirely — found while auditing topic-page coverage for orphaned concepts
svjll3kjxt	ocupar un cargo importante	to hold a high position	reference	pos:verb	infinitive verb phrase missing pos:verb entirely — found while auditing topic-page coverage for orphaned concepts
kh64q1xdfp	ser nuevo/a aquí	to be new here	reference	pos:verb	infinitive verb phrase missing pos:verb entirely — found while auditing topic-page coverage for orphaned concepts
1bp41aco7p	ofrecerle [algo] a [alguien]	to offer [somebody] [something]	reference	pos:verb	infinitive verb phrase missing pos:verb entirely — found while auditing topic-page coverage for orphaned concepts
9mvkkm6znw	ser dueño/a de [algo]	to own [something]	reference	pos:verb	infinitive verb phrase missing pos:verb entirely — found while auditing topic-page coverage for orphaned concepts
foeoch6ql5	brindar [algo]	to offer [something]	reference	pos:verb	infinitive verb phrase missing pos:verb entirely — found while auditing topic-page coverage for orphaned concepts
2p5ynjsevh	ofrecerse a [hacer algo]	to offer to [do something]	reference	pos:verb	infinitive verb phrase missing pos:verb entirely — found while auditing topic-page coverage for orphaned concepts
gs1i2tjs8s	pagarle a [alguien]	to pay [somebody]	reference	pos:verb	infinitive verb phrase missing pos:verb entirely — found while auditing topic-page coverage for orphaned concepts
thf9jt8qp9	ser propietario/a de [algo]	to own [something]	reference	pos:verb	infinitive verb phrase missing pos:verb entirely — found while auditing topic-page coverage for orphaned concepts
mfw6hilqre	admitir [algo]	to own up to [something]	reference	pos:verb	infinitive verb phrase missing pos:verb entirely — found while auditing topic-page coverage for orphaned concepts
21ip23zino	darle [algo] a [alguien]	to provide [somebody] with [something]	reference	pos:verb	infinitive verb phrase missing pos:verb entirely — found while auditing topic-page coverage for orphaned concepts
u9zbsje4u6	saldar [una deuda]	to pay off [a debt]	reference	pos:verb	infinitive verb phrase missing pos:verb entirely — found while auditing topic-page coverage for orphaned concepts
9bwjp5cuaw	ofrecer [capacitación]	to provide [training]	reference	pos:verb	infinitive verb phrase missing pos:verb entirely — found while auditing topic-page coverage for orphaned concepts
le4iu71rle	proponer pagar [cantidad] por [algo]	to offer [an amount] for [something]	reference	pos:verb	infinitive verb phrase missing pos:verb entirely — found while auditing topic-page coverage for orphaned concepts
cvb5pdwpwg	llegar a [un lugar]	to reach [a place]	reference	pos:verb	infinitive verb phrase missing pos:verb entirely — found while auditing topic-page coverage for orphaned concepts
bptzo9fcux	llegar a un acuerdo	to reach an agreement	reference	pos:verb	infinitive verb phrase missing pos:verb entirely — found while auditing topic-page coverage for orphaned concepts
itje57f5s3	comunicarse con [alguien]	to reach [somebody]	reference	pos:verb	infinitive verb phrase missing pos:verb entirely — found while auditing topic-page coverage for orphaned concepts
ionvi8pijp	exigir que [alguien] [haga algo]	to require [somebody] to [do something]	reference	pos:verb	infinitive verb phrase missing pos:verb entirely — found while auditing topic-page coverage for orphaned concepts
kloejv5hcu	requerir [algo]	to require [something]	reference	pos:verb	infinitive verb phrase missing pos:verb entirely — found while auditing topic-page coverage for orphaned concepts
ip4nnqfbwi	necesitar [algo]	to require [something]	reference	pos:verb	infinitive verb phrase missing pos:verb entirely — found while auditing topic-page coverage for orphaned concepts
s4lg9gxq68	devolverle la llamada a [alguien]	to return [somebody's] call	reference	pos:verb	infinitive verb phrase missing pos:verb entirely — found while auditing topic-page coverage for orphaned concepts
mc2zmo0zzw	reembolsarle [algo] a [alguien]	to return [somebody's] money	reference	pos:verb	infinitive verb phrase missing pos:verb entirely — found while auditing topic-page coverage for orphaned concepts
zjoxpuz3cv	ser el blanco de [algo]	to be the target of [something]	reference	pos:verb	infinitive verb phrase missing pos:verb entirely — found while auditing topic-page coverage for orphaned concepts
8wpdwqvpbe	ir a [hacer algo]	to go [do something]	supporting	pos:verb	infinitive verb phrase missing pos:verb entirely — found while auditing topic-page coverage for orphaned concepts
16bgwsuy7m	hacer que [alguien] [haga algo]	to have [somebody] [do something]	reference	pos:verb	infinitive verb phrase missing pos:verb entirely — found while auditing topic-page coverage for orphaned concepts
h4it1wwpn1	empezar a [hacer algo]	to start [to do something]	reference	pos:verb	infinitive verb phrase missing pos:verb entirely — found while auditing topic-page coverage for orphaned concepts
am1zzaxcoi	venir a [hacer algo]	to come [do something]	reference	pos:verb	infinitive verb phrase missing pos:verb entirely — found while auditing topic-page coverage for orphaned concepts
fe4son9mxi	decidir [hacer algo]	to decide [to do something]	supporting	pos:verb	infinitive verb phrase missing pos:verb entirely — found while auditing topic-page coverage for orphaned concepts
4mkm6qyxir	elegir [hacer algo]	to choose [to do something]	reference	pos:verb	infinitive verb phrase missing pos:verb entirely — found while auditing topic-page coverage for orphaned concepts
uu4qjzuter	intentar [hacer algo]	to try [to do something]	supporting	pos:verb	infinitive verb phrase missing pos:verb entirely — found while auditing topic-page coverage for orphaned concepts
ext92eedsy	empezar a [hacer algo]	to start [doing something]	reference	pos:verb	infinitive verb phrase missing pos:verb entirely — found while auditing topic-page coverage for orphaned concepts
28wuv5j1dp	comenzar a [hacer algo]	to begin [to do something]	reference	pos:verb	infinitive verb phrase missing pos:verb entirely — found while auditing topic-page coverage for orphaned concepts
wlak5wglp1	continuar [haciendo algo]	to continue [to do something]	reference	pos:verb	infinitive verb phrase missing pos:verb entirely — found while auditing topic-page coverage for orphaned concepts
3f2ohlydl9	obligar a [alguien] a [hacer algo]	to make [somebody] [do something]	supporting	pos:verb	infinitive verb phrase missing pos:verb entirely — found while auditing topic-page coverage for orphaned concepts
te8x9qnkt0	comenzar a [hacer algo]	to begin [doing something]	reference	pos:verb	infinitive verb phrase missing pos:verb entirely — found while auditing topic-page coverage for orphaned concepts
was02kzdys	continuar [haciendo algo]	to continue [doing something]	reference	pos:verb	infinitive verb phrase missing pos:verb entirely — found while auditing topic-page coverage for orphaned concepts
0jznmegke5	ayudarle a [alguien] a [hacer algo]	to help [somebody] [do something]	supporting	pos:verb	infinitive verb phrase missing pos:verb entirely — found while auditing topic-page coverage for orphaned concepts
58sc7ad4dy	ayudarle a [alguien] a [hacer algo]	to help [somebody] [to do something]	supporting	pos:verb	infinitive verb phrase missing pos:verb entirely — found while auditing topic-page coverage for orphaned concepts
yxx7sx1wqo	sentir a [alguien o algo] [haciendo algo]	to feel [somebody or something] [doing something]	reference	pos:verb	infinitive verb phrase missing pos:verb entirely — found while auditing topic-page coverage for orphaned concepts
5ghn7qdcb9	observar a [alguien] [hacer algo]	to watch [somebody] [do something]	reference	pos:verb	infinitive verb phrase missing pos:verb entirely — found while auditing topic-page coverage for orphaned concepts
k0xotyudww	observar a [alguien] [haciendo algo]	to watch [somebody] [doing something]	reference	pos:verb	infinitive verb phrase missing pos:verb entirely — found while auditing topic-page coverage for orphaned concepts
rirmatii98	ser visto/a [hacer algo]	to be seen to [do something]	reference	pos:verb	infinitive verb phrase missing pos:verb entirely — found while auditing topic-page coverage for orphaned concepts
irjthpqcky	notar a [alguien] [hacer algo]	to notice [somebody] [do something]	reference	pos:verb	infinitive verb phrase missing pos:verb entirely — found while auditing topic-page coverage for orphaned concepts
yqvaxktaxf	notar a [alguien] [haciendo algo]	to notice [somebody] [doing something]	reference	pos:verb	infinitive verb phrase missing pos:verb entirely — found while auditing topic-page coverage for orphaned concepts
r6gr6g96nw	esperar con ilusión [hacer algo]	to look forward to [doing something]	reference	pos:verb	infinitive verb phrase missing pos:verb entirely — found while auditing topic-page coverage for orphaned concepts
3y3hr4u7s0	evitar [hacer algo]	to avoid [doing something]	supporting	pos:verb	infinitive verb phrase missing pos:verb entirely — found while auditing topic-page coverage for orphaned concepts
wikkywcgdf	disfrutar [hacer algo]	to enjoy [doing something]	reference	pos:verb	infinitive verb phrase missing pos:verb entirely — found while auditing topic-page coverage for orphaned concepts
d34gfs3yws	recomendar [hacer algo]	to recommend [doing something]	reference	pos:verb	infinitive verb phrase missing pos:verb entirely — found while auditing topic-page coverage for orphaned concepts
s56jevo2vw	sugerir [hacer algo]	to suggest [doing something]	reference	pos:verb	infinitive verb phrase missing pos:verb entirely — found while auditing topic-page coverage for orphaned concepts
tw7e8xdtme	quedar [hecho]	to get [done]	supporting	pos:verb	infinitive verb phrase missing pos:verb entirely — found while auditing topic-page coverage for orphaned concepts
b9jbbszwof	hacer [hacer algo]	to have [something] [done]	supporting	pos:verb	infinitive verb phrase missing pos:verb entirely — found while auditing topic-page coverage for orphaned concepts
qldej05yfp	ir a correr	to go running	reference	pos:verb	infinitive verb phrase missing pos:verb entirely — found while auditing topic-page coverage for orphaned concepts
cvw44cpv4h	ir a bailar	to go dancing	reference	pos:verb	infinitive verb phrase missing pos:verb entirely — found while auditing topic-page coverage for orphaned concepts
nescdc4of4	oír a [alguien] [haciendo algo]	to hear [somebody] [doing something]	reference	pos:verb	infinitive verb phrase missing pos:verb entirely — found while auditing topic-page coverage for orphaned concepts
kuessz92cm	terminar de [hacer algo]	to finish [doing something]	supporting	pos:verb	infinitive verb phrase missing pos:verb entirely — found while auditing topic-page coverage for orphaned concepts
md76l01y42	sentir a [alguien o algo] [hacer algo]	to feel [somebody or something] [do something]	reference	pos:verb	infinitive verb phrase missing pos:verb entirely — found while auditing topic-page coverage for orphaned concepts
cb15a9bkk6	tener permiso para [hacer algo]	to be permitted to [do something]	reference	pos:verb	infinitive verb phrase missing pos:verb entirely — found while auditing topic-page coverage for orphaned concepts
ft6li4zkws	estar [adverbio de frecuencia] [estado]	to be [frequency adverb] [state]	supporting	pos:verb	infinitive verb phrase missing pos:verb entirely — found while auditing topic-page coverage for orphaned concepts
lr3gy47etf	querer saber si [alguien] [hace algo]	to want to know if [somebody] [does something]	supporting	pos:verb	infinitive verb phrase missing pos:verb entirely — found while auditing topic-page coverage for orphaned concepts
yqiin6tdtl	haber estado [haciendo algo]	to have been [doing something]	supporting	pos:verb	infinitive verb phrase missing pos:verb entirely — found while auditing topic-page coverage for orphaned concepts
lxes3mwyig	querer saber si hay [algo]	to want to know if there is [something]	supporting	pos:verb	infinitive verb phrase missing pos:verb entirely — found while auditing topic-page coverage for orphaned concepts
clkjgb2k5m	apagar [algo]	to turn [something] off	supporting	pos:verb	infinitive verb phrase missing pos:verb entirely — found while auditing topic-page coverage for orphaned concepts
mfqqgurgok	apagarlo/la	to turn it off	supporting	pos:verb	infinitive verb phrase missing pos:verb entirely — found while auditing topic-page coverage for orphaned concepts
xuzwzg1iov	apagar [un objeto largo]	to turn off [a long object]	reference	pos:verb	infinitive verb phrase missing pos:verb entirely — found while auditing topic-page coverage for orphaned concepts
e4t2bqlckp	cuidarlo/la	to look after it	supporting	pos:verb	infinitive verb phrase missing pos:verb entirely — found while auditing topic-page coverage for orphaned concepts
hux5cpb40q	recogerlo/la	to pick it up	supporting	pos:verb	infinitive verb phrase missing pos:verb entirely — found while auditing topic-page coverage for orphaned concepts
sp3ppxsht4	chocar con [algo]	to run into [something]	reference	pos:verb	infinitive verb phrase missing pos:verb entirely — found while auditing topic-page coverage for orphaned concepts
9kb0lubk35	buscar [algo] en una referencia	to look [something] up	supporting	pos:verb	infinitive verb phrase missing pos:verb entirely — found while auditing topic-page coverage for orphaned concepts
dy3hauy404	querer saber por qué [alguien] no [hace algo]	to want to know why [somebody] doesn't [do something]	supporting	pos:verb	infinitive verb phrase missing pos:verb entirely — found while auditing topic-page coverage for orphaned concepts
a9tdq9f0xr	necesitar información (en general)	to need information	supporting	pos:verb	infinitive verb phrase missing pos:verb entirely — found while auditing topic-page coverage for orphaned concepts
ffr5aig4sd	ser alto/a	to be high	reference	pos:verb	infinitive verb phrase missing pos:verb entirely — found while auditing topic-page coverage for orphaned concepts
feiqarcmnl	llegar tarde	to arrive late	reference	pos:verb	infinitive verb phrase missing pos:verb entirely — found while auditing topic-page coverage for orphaned concepts
