d587f3ftw9	decir [algo]	to say [something]	core	audit:reviewed	Audit: bulk mechanical pass — checked duplicate headwords (found only legitimate dual cognate/native-word coverage, e.g. liberar=liberate/release), missing/placeholder examples (1 found and fixed separately), and same-example-different-gloss pairs; nothing else found. The 4 "core" rows tagged cognate:opaque-gloss (decir/poner/traer/tener) are correctly categorized — they link common verbs to their Latin-root English cognates (dictate/pose/tract/tain) even though the direct gloss isn't cognate. Role tier left unchanged.
8ck7889dtr	contradecir a [alguien]	to contradict [somebody]	reference	audit:reviewed	Audit: bulk mechanical pass — checked duplicate headwords (found only legitimate dual cognate/native-word coverage, e.g. liberar=liberate/release), missing/placeholder examples (1 found and fixed separately), and same-example-different-gloss pairs; nothing else found. The 4 "core" rows tagged cognate:opaque-gloss (decir/poner/traer/tener) are correctly categorized — they link common verbs to their Latin-root English cognates (dictate/pose/tract/tain) even though the direct gloss isn't cognate. Role tier left unchanged.
iuyce294go	predecir [algo]	to predict [something]	reference	audit:reviewed	Audit: bulk mechanical pass — checked duplicate headwords (found only legitimate dual cognate/native-word coverage, e.g. liberar=liberate/release), missing/placeholder examples (1 found and fixed separately), and same-example-different-gloss pairs; nothing else found. The 4 "core" rows tagged cognate:opaque-gloss (decir/poner/traer/tener) are correctly categorized — they link common verbs to their Latin-root English cognates (dictate/pose/tract/tain) even though the direct gloss isn't cognate. Role tier left unchanged.
aw96cncl64	bendecir a [alguien]	to bless [somebody]	reference	audit:reviewed	Audit: bulk mechanical pass — checked duplicate headwords (found only legitimate dual cognate/native-word coverage, e.g. liberar=liberate/release), missing/placeholder examples (1 found and fixed separately), and same-example-different-gloss pairs; nothing else found. The 4 "core" rows tagged cognate:opaque-gloss (decir/poner/traer/tener) are correctly categorized — they link common verbs to their Latin-root English cognates (dictate/pose/tract/tain) even though the direct gloss isn't cognate. Role tier left unchanged.
btsojlg7v0	maldecir a [alguien]	to curse [somebody]	reference	audit:reviewed	Audit: bulk mechanical pass — checked duplicate headwords (found only legitimate dual cognate/native-word coverage, e.g. liberar=liberate/release), missing/placeholder examples (1 found and fixed separately), and same-example-different-gloss pairs; nothing else found. The 4 "core" rows tagged cognate:opaque-gloss (decir/poner/traer/tener) are correctly categorized — they link common verbs to their Latin-root English cognates (dictate/pose/tract/tain) even though the direct gloss isn't cognate. Role tier left unchanged.
rtsiqg8t58	poner [algo] [en algún lugar]	to put [something] [somewhere]	core	audit:reviewed	Audit: bulk mechanical pass — checked duplicate headwords (found only legitimate dual cognate/native-word coverage, e.g. liberar=liberate/release), missing/placeholder examples (1 found and fixed separately), and same-example-different-gloss pairs; nothing else found. The 4 "core" rows tagged cognate:opaque-gloss (decir/poner/traer/tener) are correctly categorized — they link common verbs to their Latin-root English cognates (dictate/pose/tract/tain) even though the direct gloss isn't cognate. Role tier left unchanged.
32lecsnkbn	pesadamente	heavily	reference	audit:reviewed	Audit: bulk mechanical pass — checked duplicate headwords (found only legitimate dual cognate/native-word coverage, e.g. liberar=liberate/release), missing/placeholder examples (1 found and fixed separately), and same-example-different-gloss pairs; nothing else found. The 4 "core" rows tagged cognate:opaque-gloss (decir/poner/traer/tener) are correctly categorized — they link common verbs to their Latin-root English cognates (dictate/pose/tract/tain) even though the direct gloss isn't cognate. Role tier left unchanged.
rvx9hh6oh0	poderosamente	powerfully	reference	audit:reviewed	Audit: bulk mechanical pass — checked duplicate headwords (found only legitimate dual cognate/native-word coverage, e.g. liberar=liberate/release), missing/placeholder examples (1 found and fixed separately), and same-example-different-gloss pairs; nothing else found. The 4 "core" rows tagged cognate:opaque-gloss (decir/poner/traer/tener) are correctly categorized — they link common verbs to their Latin-root English cognates (dictate/pose/tract/tain) even though the direct gloss isn't cognate. Role tier left unchanged.
wwwc8jugby	tener [algo]	to have [something]	core	audit:reviewed	Audit: bulk mechanical pass — checked duplicate headwords (found only legitimate dual cognate/native-word coverage, e.g. liberar=liberate/release), missing/placeholder examples (1 found and fixed separately), and same-example-different-gloss pairs; nothing else found. The 4 "core" rows tagged cognate:opaque-gloss (decir/poner/traer/tener) are correctly categorized — they link common verbs to their Latin-root English cognates (dictate/pose/tract/tain) even though the direct gloss isn't cognate. Role tier left unchanged.
qdd1gcrv5r	traerle [algo] a [alguien]	to bring [somebody] [something]	core	audit:reviewed	Audit: bulk mechanical pass — checked duplicate headwords (found only legitimate dual cognate/native-word coverage, e.g. liberar=liberate/release), missing/placeholder examples (1 found and fixed separately), and same-example-different-gloss pairs; nothing else found. The 4 "core" rows tagged cognate:opaque-gloss (decir/poner/traer/tener) are correctly categorized — they link common verbs to their Latin-root English cognates (dictate/pose/tract/tain) even though the direct gloss isn't cognate. Role tier left unchanged.
map0ad7rwe	suficiente / suficientes	sufficient	reference	audit:reviewed	Audit: fixed placeholder example (it was just the headword repeated).	No tenemos tiempo suficiente.	We don't have sufficient time.
mfr1ecvufm	prácticamente	practically	reference	audit:reviewed	Audit: bulk mechanical pass — checked duplicate headwords (found only legitimate dual cognate/native-word coverage, e.g. liberar=liberate/release), missing/placeholder examples (1 found and fixed separately), and same-example-different-gloss pairs; nothing else found. The 4 "core" rows tagged cognate:opaque-gloss (decir/poner/traer/tener) are correctly categorized — they link common verbs to their Latin-root English cognates (dictate/pose/tract/tain) even though the direct gloss isn't cognate. Role tier left unchanged.
9p7i1zi6h6	aceptar	to accept	supporting	audit:reviewed	Audit: bulk mechanical pass — checked duplicate headwords (found only legitimate dual cognate/native-word coverage, e.g. liberar=liberate/release), missing/placeholder examples (1 found and fixed separately), and same-example-different-gloss pairs; nothing else found. The 4 "core" rows tagged cognate:opaque-gloss (decir/poner/traer/tener) are correctly categorized — they link common verbs to their Latin-root English cognates (dictate/pose/tract/tain) even though the direct gloss isn't cognate. Role tier left unchanged.
4hvzrkx09y	adoptar	to adopt	supporting	audit:reviewed	Audit: bulk mechanical pass — checked duplicate headwords (found only legitimate dual cognate/native-word coverage, e.g. liberar=liberate/release), missing/placeholder examples (1 found and fixed separately), and same-example-different-gloss pairs; nothing else found. The 4 "core" rows tagged cognate:opaque-gloss (decir/poner/traer/tener) are correctly categorized — they link common verbs to their Latin-root English cognates (dictate/pose/tract/tain) even though the direct gloss isn't cognate. Role tier left unchanged.
nu004oqkyq	adaptar	to adapt	supporting	audit:reviewed	Audit: bulk mechanical pass — checked duplicate headwords (found only legitimate dual cognate/native-word coverage, e.g. liberar=liberate/release), missing/placeholder examples (1 found and fixed separately), and same-example-different-gloss pairs; nothing else found. The 4 "core" rows tagged cognate:opaque-gloss (decir/poner/traer/tener) are correctly categorized — they link common verbs to their Latin-root English cognates (dictate/pose/tract/tain) even though the direct gloss isn't cognate. Role tier left unchanged.
qonttifuhw	encriptar	to encrypt	reference	audit:reviewed	Audit: bulk mechanical pass — checked duplicate headwords (found only legitimate dual cognate/native-word coverage, e.g. liberar=liberate/release), missing/placeholder examples (1 found and fixed separately), and same-example-different-gloss pairs; nothing else found. The 4 "core" rows tagged cognate:opaque-gloss (decir/poner/traer/tener) are correctly categorized — they link common verbs to their Latin-root English cognates (dictate/pose/tract/tain) even though the direct gloss isn't cognate. Role tier left unchanged.
eg9n4h2vxt	interceptar	to intercept	reference	audit:reviewed	Audit: bulk mechanical pass — checked duplicate headwords (found only legitimate dual cognate/native-word coverage, e.g. liberar=liberate/release), missing/placeholder examples (1 found and fixed separately), and same-example-different-gloss pairs; nothing else found. The 4 "core" rows tagged cognate:opaque-gloss (decir/poner/traer/tener) are correctly categorized — they link common verbs to their Latin-root English cognates (dictate/pose/tract/tain) even though the direct gloss isn't cognate. Role tier left unchanged.
4m1gtdvtrc	cancelar	to cancel	supporting	audit:reviewed	Audit: bulk mechanical pass — checked duplicate headwords (found only legitimate dual cognate/native-word coverage, e.g. liberar=liberate/release), missing/placeholder examples (1 found and fixed separately), and same-example-different-gloss pairs; nothing else found. The 4 "core" rows tagged cognate:opaque-gloss (decir/poner/traer/tener) are correctly categorized — they link common verbs to their Latin-root English cognates (dictate/pose/tract/tain) even though the direct gloss isn't cognate. Role tier left unchanged.
xd020ctw06	costar	to cost	supporting	audit:reviewed	Audit: bulk mechanical pass — checked duplicate headwords (found only legitimate dual cognate/native-word coverage, e.g. liberar=liberate/release), missing/placeholder examples (1 found and fixed separately), and same-example-different-gloss pairs; nothing else found. The 4 "core" rows tagged cognate:opaque-gloss (decir/poner/traer/tener) are correctly categorized — they link common verbs to their Latin-root English cognates (dictate/pose/tract/tain) even though the direct gloss isn't cognate. Role tier left unchanged.
31t4x032vy	controlar	to control	supporting	audit:reviewed	Audit: bulk mechanical pass — checked duplicate headwords (found only legitimate dual cognate/native-word coverage, e.g. liberar=liberate/release), missing/placeholder examples (1 found and fixed separately), and same-example-different-gloss pairs; nothing else found. The 4 "core" rows tagged cognate:opaque-gloss (decir/poner/traer/tener) are correctly categorized — they link common verbs to their Latin-root English cognates (dictate/pose/tract/tain) even though the direct gloss isn't cognate. Role tier left unchanged.
6e9qxav69p	considerar	to consider	supporting	audit:reviewed	Audit: bulk mechanical pass — checked duplicate headwords (found only legitimate dual cognate/native-word coverage, e.g. liberar=liberate/release), missing/placeholder examples (1 found and fixed separately), and same-example-different-gloss pairs; nothing else found. The 4 "core" rows tagged cognate:opaque-gloss (decir/poner/traer/tener) are correctly categorized — they link common verbs to their Latin-root English cognates (dictate/pose/tract/tain) even though the direct gloss isn't cognate. Role tier left unchanged.
heyjux7tob	confirmar	to confirm	supporting	audit:reviewed	Audit: bulk mechanical pass — checked duplicate headwords (found only legitimate dual cognate/native-word coverage, e.g. liberar=liberate/release), missing/placeholder examples (1 found and fixed separately), and same-example-different-gloss pairs; nothing else found. The 4 "core" rows tagged cognate:opaque-gloss (decir/poner/traer/tener) are correctly categorized — they link common verbs to their Latin-root English cognates (dictate/pose/tract/tain) even though the direct gloss isn't cognate. Role tier left unchanged.
wi8vr5itjx	formar	to form	supporting	audit:reviewed	Audit: bulk mechanical pass — checked duplicate headwords (found only legitimate dual cognate/native-word coverage, e.g. liberar=liberate/release), missing/placeholder examples (1 found and fixed separately), and same-example-different-gloss pairs; nothing else found. The 4 "core" rows tagged cognate:opaque-gloss (decir/poner/traer/tener) are correctly categorized — they link common verbs to their Latin-root English cognates (dictate/pose/tract/tain) even though the direct gloss isn't cognate. Role tier left unchanged.
qjzcabgyb5	informar	to inform	supporting	audit:reviewed	Audit: bulk mechanical pass — checked duplicate headwords (found only legitimate dual cognate/native-word coverage, e.g. liberar=liberate/release), missing/placeholder examples (1 found and fixed separately), and same-example-different-gloss pairs; nothing else found. The 4 "core" rows tagged cognate:opaque-gloss (decir/poner/traer/tener) are correctly categorized — they link common verbs to their Latin-root English cognates (dictate/pose/tract/tain) even though the direct gloss isn't cognate. Role tier left unchanged.
oze11uouhg	transformar	to transform	supporting	audit:reviewed	Audit: bulk mechanical pass — checked duplicate headwords (found only legitimate dual cognate/native-word coverage, e.g. liberar=liberate/release), missing/placeholder examples (1 found and fixed separately), and same-example-different-gloss pairs; nothing else found. The 4 "core" rows tagged cognate:opaque-gloss (decir/poner/traer/tener) are correctly categorized — they link common verbs to their Latin-root English cognates (dictate/pose/tract/tain) even though the direct gloss isn't cognate. Role tier left unchanged.
8oqv3z5q0v	reformar	to reform	reference	audit:reviewed	Audit: bulk mechanical pass — checked duplicate headwords (found only legitimate dual cognate/native-word coverage, e.g. liberar=liberate/release), missing/placeholder examples (1 found and fixed separately), and same-example-different-gloss pairs; nothing else found. The 4 "core" rows tagged cognate:opaque-gloss (decir/poner/traer/tener) are correctly categorized — they link common verbs to their Latin-root English cognates (dictate/pose/tract/tain) even though the direct gloss isn't cognate. Role tier left unchanged.
60quwmubtn	afirmar	to affirm	reference	audit:reviewed	Audit: bulk mechanical pass — checked duplicate headwords (found only legitimate dual cognate/native-word coverage, e.g. liberar=liberate/release), missing/placeholder examples (1 found and fixed separately), and same-example-different-gloss pairs; nothing else found. The 4 "core" rows tagged cognate:opaque-gloss (decir/poner/traer/tener) are correctly categorized — they link common verbs to their Latin-root English cognates (dictate/pose/tract/tain) even though the direct gloss isn't cognate. Role tier left unchanged.
nam8t6o2da	alarmar	to alarm	reference	audit:reviewed	Audit: bulk mechanical pass — checked duplicate headwords (found only legitimate dual cognate/native-word coverage, e.g. liberar=liberate/release), missing/placeholder examples (1 found and fixed separately), and same-example-different-gloss pairs; nothing else found. The 4 "core" rows tagged cognate:opaque-gloss (decir/poner/traer/tener) are correctly categorized — they link common verbs to their Latin-root English cognates (dictate/pose/tract/tain) even though the direct gloss isn't cognate. Role tier left unchanged.
7u4e2bcy3x	armar	to arm	reference	audit:reviewed	Audit: bulk mechanical pass — checked duplicate headwords (found only legitimate dual cognate/native-word coverage, e.g. liberar=liberate/release), missing/placeholder examples (1 found and fixed separately), and same-example-different-gloss pairs; nothing else found. The 4 "core" rows tagged cognate:opaque-gloss (decir/poner/traer/tener) are correctly categorized — they link common verbs to their Latin-root English cognates (dictate/pose/tract/tain) even though the direct gloss isn't cognate. Role tier left unchanged.
qszqbcro8d	desarmar	to disarm	reference	audit:reviewed	Audit: bulk mechanical pass — checked duplicate headwords (found only legitimate dual cognate/native-word coverage, e.g. liberar=liberate/release), missing/placeholder examples (1 found and fixed separately), and same-example-different-gloss pairs; nothing else found. The 4 "core" rows tagged cognate:opaque-gloss (decir/poner/traer/tener) are correctly categorized — they link common verbs to their Latin-root English cognates (dictate/pose/tract/tain) even though the direct gloss isn't cognate. Role tier left unchanged.
357bx3sba4	existir	to exist	supporting	audit:reviewed	Audit: bulk mechanical pass — checked duplicate headwords (found only legitimate dual cognate/native-word coverage, e.g. liberar=liberate/release), missing/placeholder examples (1 found and fixed separately), and same-example-different-gloss pairs; nothing else found. The 4 "core" rows tagged cognate:opaque-gloss (decir/poner/traer/tener) are correctly categorized — they link common verbs to their Latin-root English cognates (dictate/pose/tract/tain) even though the direct gloss isn't cognate. Role tier left unchanged.
vm9w0mrckd	persistir	to persist	reference	audit:reviewed	Audit: bulk mechanical pass — checked duplicate headwords (found only legitimate dual cognate/native-word coverage, e.g. liberar=liberate/release), missing/placeholder examples (1 found and fixed separately), and same-example-different-gloss pairs; nothing else found. The 4 "core" rows tagged cognate:opaque-gloss (decir/poner/traer/tener) are correctly categorized — they link common verbs to their Latin-root English cognates (dictate/pose/tract/tain) even though the direct gloss isn't cognate. Role tier left unchanged.
szl8div93d	resistir	to resist	supporting	audit:reviewed	Audit: bulk mechanical pass — checked duplicate headwords (found only legitimate dual cognate/native-word coverage, e.g. liberar=liberate/release), missing/placeholder examples (1 found and fixed separately), and same-example-different-gloss pairs; nothing else found. The 4 "core" rows tagged cognate:opaque-gloss (decir/poner/traer/tener) are correctly categorized — they link common verbs to their Latin-root English cognates (dictate/pose/tract/tain) even though the direct gloss isn't cognate. Role tier left unchanged.
p1ujqiawh0	insistir	to insist	supporting	audit:reviewed	Audit: bulk mechanical pass — checked duplicate headwords (found only legitimate dual cognate/native-word coverage, e.g. liberar=liberate/release), missing/placeholder examples (1 found and fixed separately), and same-example-different-gloss pairs; nothing else found. The 4 "core" rows tagged cognate:opaque-gloss (decir/poner/traer/tener) are correctly categorized — they link common verbs to their Latin-root English cognates (dictate/pose/tract/tain) even though the direct gloss isn't cognate. Role tier left unchanged.
6k53g7qqh7	consistir en	to consist of	supporting	audit:reviewed	Audit: bulk mechanical pass — checked duplicate headwords (found only legitimate dual cognate/native-word coverage, e.g. liberar=liberate/release), missing/placeholder examples (1 found and fixed separately), and same-example-different-gloss pairs; nothing else found. The 4 "core" rows tagged cognate:opaque-gloss (decir/poner/traer/tener) are correctly categorized — they link common verbs to their Latin-root English cognates (dictate/pose/tract/tain) even though the direct gloss isn't cognate. Role tier left unchanged.
fn4t06n2a1	desistir de	to desist from	reference	audit:reviewed	Audit: bulk mechanical pass — checked duplicate headwords (found only legitimate dual cognate/native-word coverage, e.g. liberar=liberate/release), missing/placeholder examples (1 found and fixed separately), and same-example-different-gloss pairs; nothing else found. The 4 "core" rows tagged cognate:opaque-gloss (decir/poner/traer/tener) are correctly categorized — they link common verbs to their Latin-root English cognates (dictate/pose/tract/tain) even though the direct gloss isn't cognate. Role tier left unchanged.
pqwwsqguca	coexistir	to coexist	reference	audit:reviewed	Audit: bulk mechanical pass — checked duplicate headwords (found only legitimate dual cognate/native-word coverage, e.g. liberar=liberate/release), missing/placeholder examples (1 found and fixed separately), and same-example-different-gloss pairs; nothing else found. The 4 "core" rows tagged cognate:opaque-gloss (decir/poner/traer/tener) are correctly categorized — they link common verbs to their Latin-root English cognates (dictate/pose/tract/tain) even though the direct gloss isn't cognate. Role tier left unchanged.
594or6yxdx	funcionar	to function	supporting	audit:reviewed	Audit: bulk mechanical pass — checked duplicate headwords (found only legitimate dual cognate/native-word coverage, e.g. liberar=liberate/release), missing/placeholder examples (1 found and fixed separately), and same-example-different-gloss pairs; nothing else found. The 4 "core" rows tagged cognate:opaque-gloss (decir/poner/traer/tener) are correctly categorized — they link common verbs to their Latin-root English cognates (dictate/pose/tract/tain) even though the direct gloss isn't cognate. Role tier left unchanged.
j9tc00ai4d	mencionar	to mention	supporting	audit:reviewed	Audit: bulk mechanical pass — checked duplicate headwords (found only legitimate dual cognate/native-word coverage, e.g. liberar=liberate/release), missing/placeholder examples (1 found and fixed separately), and same-example-different-gloss pairs; nothing else found. The 4 "core" rows tagged cognate:opaque-gloss (decir/poner/traer/tener) are correctly categorized — they link common verbs to their Latin-root English cognates (dictate/pose/tract/tain) even though the direct gloss isn't cognate. Role tier left unchanged.
qw412q5w2q	cuestionar	to question	reference	audit:reviewed	Audit: bulk mechanical pass — checked duplicate headwords (found only legitimate dual cognate/native-word coverage, e.g. liberar=liberate/release), missing/placeholder examples (1 found and fixed separately), and same-example-different-gloss pairs; nothing else found. The 4 "core" rows tagged cognate:opaque-gloss (decir/poner/traer/tener) are correctly categorized — they link common verbs to their Latin-root English cognates (dictate/pose/tract/tain) even though the direct gloss isn't cognate. Role tier left unchanged.
lidfbq7lxa	posicionar	to position	reference	audit:reviewed	Audit: bulk mechanical pass — checked duplicate headwords (found only legitimate dual cognate/native-word coverage, e.g. liberar=liberate/release), missing/placeholder examples (1 found and fixed separately), and same-example-different-gloss pairs; nothing else found. The 4 "core" rows tagged cognate:opaque-gloss (decir/poner/traer/tener) are correctly categorized — they link common verbs to their Latin-root English cognates (dictate/pose/tract/tain) even though the direct gloss isn't cognate. Role tier left unchanged.
n4p1guor4u	condicionar	to condition	reference	audit:reviewed	Audit: bulk mechanical pass — checked duplicate headwords (found only legitimate dual cognate/native-word coverage, e.g. liberar=liberate/release), missing/placeholder examples (1 found and fixed separately), and same-example-different-gloss pairs; nothing else found. The 4 "core" rows tagged cognate:opaque-gloss (decir/poner/traer/tener) are correctly categorized — they link common verbs to their Latin-root English cognates (dictate/pose/tract/tain) even though the direct gloss isn't cognate. Role tier left unchanged.
4b6y1dtam9	permitir	to permit	supporting	audit:reviewed	Audit: bulk mechanical pass — checked duplicate headwords (found only legitimate dual cognate/native-word coverage, e.g. liberar=liberate/release), missing/placeholder examples (1 found and fixed separately), and same-example-different-gloss pairs; nothing else found. The 4 "core" rows tagged cognate:opaque-gloss (decir/poner/traer/tener) are correctly categorized — they link common verbs to their Latin-root English cognates (dictate/pose/tract/tain) even though the direct gloss isn't cognate. Role tier left unchanged.
huqj9mq0gj	admitir	to admit	supporting	audit:reviewed	Audit: bulk mechanical pass — checked duplicate headwords (found only legitimate dual cognate/native-word coverage, e.g. liberar=liberate/release), missing/placeholder examples (1 found and fixed separately), and same-example-different-gloss pairs; nothing else found. The 4 "core" rows tagged cognate:opaque-gloss (decir/poner/traer/tener) are correctly categorized — they link common verbs to their Latin-root English cognates (dictate/pose/tract/tain) even though the direct gloss isn't cognate. Role tier left unchanged.
9y3wackzb5	omitir	to omit	reference	audit:reviewed	Audit: bulk mechanical pass — checked duplicate headwords (found only legitimate dual cognate/native-word coverage, e.g. liberar=liberate/release), missing/placeholder examples (1 found and fixed separately), and same-example-different-gloss pairs; nothing else found. The 4 "core" rows tagged cognate:opaque-gloss (decir/poner/traer/tener) are correctly categorized — they link common verbs to their Latin-root English cognates (dictate/pose/tract/tain) even though the direct gloss isn't cognate. Role tier left unchanged.
cl6jhf2u3u	transmitir	to transmit	reference	audit:reviewed	Audit: bulk mechanical pass — checked duplicate headwords (found only legitimate dual cognate/native-word coverage, e.g. liberar=liberate/release), missing/placeholder examples (1 found and fixed separately), and same-example-different-gloss pairs; nothing else found. The 4 "core" rows tagged cognate:opaque-gloss (decir/poner/traer/tener) are correctly categorized — they link common verbs to their Latin-root English cognates (dictate/pose/tract/tain) even though the direct gloss isn't cognate. Role tier left unchanged.
se694g3es1	cometer	to commit	reference	audit:reviewed	Audit: bulk mechanical pass — checked duplicate headwords (found only legitimate dual cognate/native-word coverage, e.g. liberar=liberate/release), missing/placeholder examples (1 found and fixed separately), and same-example-different-gloss pairs; nothing else found. The 4 "core" rows tagged cognate:opaque-gloss (decir/poner/traer/tener) are correctly categorized — they link common verbs to their Latin-root English cognates (dictate/pose/tract/tain) even though the direct gloss isn't cognate. Role tier left unchanged.
bm5xv1t2ju	emitir	to emit	reference	audit:reviewed	Audit: bulk mechanical pass — checked duplicate headwords (found only legitimate dual cognate/native-word coverage, e.g. liberar=liberate/release), missing/placeholder examples (1 found and fixed separately), and same-example-different-gloss pairs; nothing else found. The 4 "core" rows tagged cognate:opaque-gloss (decir/poner/traer/tener) are correctly categorized — they link common verbs to their Latin-root English cognates (dictate/pose/tract/tain) even though the direct gloss isn't cognate. Role tier left unchanged.
7193nsmx07	remitir	to remit	reference	audit:reviewed	Audit: bulk mechanical pass — checked duplicate headwords (found only legitimate dual cognate/native-word coverage, e.g. liberar=liberate/release), missing/placeholder examples (1 found and fixed separately), and same-example-different-gloss pairs; nothing else found. The 4 "core" rows tagged cognate:opaque-gloss (decir/poner/traer/tener) are correctly categorized — they link common verbs to their Latin-root English cognates (dictate/pose/tract/tain) even though the direct gloss isn't cognate. Role tier left unchanged.
15acw0vdrq	someterse	to submit	reference	audit:reviewed	Audit: bulk mechanical pass — checked duplicate headwords (found only legitimate dual cognate/native-word coverage, e.g. liberar=liberate/release), missing/placeholder examples (1 found and fixed separately), and same-example-different-gloss pairs; nothing else found. The 4 "core" rows tagged cognate:opaque-gloss (decir/poner/traer/tener) are correctly categorized — they link common verbs to their Latin-root English cognates (dictate/pose/tract/tain) even though the direct gloss isn't cognate. Role tier left unchanged.
znnmxrglvi	preferir	to prefer	supporting	audit:reviewed	Audit: bulk mechanical pass — checked duplicate headwords (found only legitimate dual cognate/native-word coverage, e.g. liberar=liberate/release), missing/placeholder examples (1 found and fixed separately), and same-example-different-gloss pairs; nothing else found. The 4 "core" rows tagged cognate:opaque-gloss (decir/poner/traer/tener) are correctly categorized — they link common verbs to their Latin-root English cognates (dictate/pose/tract/tain) even though the direct gloss isn't cognate. Role tier left unchanged.
hpqr1ns3w1	referirse a	to refer to	supporting	audit:reviewed	Audit: bulk mechanical pass — checked duplicate headwords (found only legitimate dual cognate/native-word coverage, e.g. liberar=liberate/release), missing/placeholder examples (1 found and fixed separately), and same-example-different-gloss pairs; nothing else found. The 4 "core" rows tagged cognate:opaque-gloss (decir/poner/traer/tener) are correctly categorized — they link common verbs to their Latin-root English cognates (dictate/pose/tract/tain) even though the direct gloss isn't cognate. Role tier left unchanged.
lp8l4wpj4p	transferir	to transfer	reference	audit:reviewed	Audit: bulk mechanical pass — checked duplicate headwords (found only legitimate dual cognate/native-word coverage, e.g. liberar=liberate/release), missing/placeholder examples (1 found and fixed separately), and same-example-different-gloss pairs; nothing else found. The 4 "core" rows tagged cognate:opaque-gloss (decir/poner/traer/tener) are correctly categorized — they link common verbs to their Latin-root English cognates (dictate/pose/tract/tain) even though the direct gloss isn't cognate. Role tier left unchanged.
ll708ai2nl	diferir	to differ	reference	audit:reviewed	Audit: bulk mechanical pass — checked duplicate headwords (found only legitimate dual cognate/native-word coverage, e.g. liberar=liberate/release), missing/placeholder examples (1 found and fixed separately), and same-example-different-gloss pairs; nothing else found. The 4 "core" rows tagged cognate:opaque-gloss (decir/poner/traer/tener) are correctly categorized — they link common verbs to their Latin-root English cognates (dictate/pose/tract/tain) even though the direct gloss isn't cognate. Role tier left unchanged.
dpcbf2wx7l	sufrir	to suffer	supporting	audit:reviewed	Audit: bulk mechanical pass — checked duplicate headwords (found only legitimate dual cognate/native-word coverage, e.g. liberar=liberate/release), missing/placeholder examples (1 found and fixed separately), and same-example-different-gloss pairs; nothing else found. The 4 "core" rows tagged cognate:opaque-gloss (decir/poner/traer/tener) are correctly categorized — they link common verbs to their Latin-root English cognates (dictate/pose/tract/tain) even though the direct gloss isn't cognate. Role tier left unchanged.
p1p6rjy1g1	ofrecer	to offer	supporting	audit:reviewed	Audit: bulk mechanical pass — checked duplicate headwords (found only legitimate dual cognate/native-word coverage, e.g. liberar=liberate/release), missing/placeholder examples (1 found and fixed separately), and same-example-different-gloss pairs; nothing else found. The 4 "core" rows tagged cognate:opaque-gloss (decir/poner/traer/tener) are correctly categorized — they link common verbs to their Latin-root English cognates (dictate/pose/tract/tain) even though the direct gloss isn't cognate. Role tier left unchanged.
psjycfzsmh	conferir	to confer	reference	audit:reviewed	Audit: bulk mechanical pass — checked duplicate headwords (found only legitimate dual cognate/native-word coverage, e.g. liberar=liberate/release), missing/placeholder examples (1 found and fixed separately), and same-example-different-gloss pairs; nothing else found. The 4 "core" rows tagged cognate:opaque-gloss (decir/poner/traer/tener) are correctly categorized — they link common verbs to their Latin-root English cognates (dictate/pose/tract/tain) even though the direct gloss isn't cognate. Role tier left unchanged.
ktufkog3lp	inferir	to infer	reference	audit:reviewed	Audit: bulk mechanical pass — checked duplicate headwords (found only legitimate dual cognate/native-word coverage, e.g. liberar=liberate/release), missing/placeholder examples (1 found and fixed separately), and same-example-different-gloss pairs; nothing else found. The 4 "core" rows tagged cognate:opaque-gloss (decir/poner/traer/tener) are correctly categorized — they link common verbs to their Latin-root English cognates (dictate/pose/tract/tain) even though the direct gloss isn't cognate. Role tier left unchanged.
816fu6ayqa	presentar	to present	supporting	audit:reviewed	Audit: bulk mechanical pass — checked duplicate headwords (found only legitimate dual cognate/native-word coverage, e.g. liberar=liberate/release), missing/placeholder examples (1 found and fixed separately), and same-example-different-gloss pairs; nothing else found. The 4 "core" rows tagged cognate:opaque-gloss (decir/poner/traer/tener) are correctly categorized — they link common verbs to their Latin-root English cognates (dictate/pose/tract/tain) even though the direct gloss isn't cognate. Role tier left unchanged.
ux6olw5wle	representar	to represent	supporting	audit:reviewed	Audit: bulk mechanical pass — checked duplicate headwords (found only legitimate dual cognate/native-word coverage, e.g. liberar=liberate/release), missing/placeholder examples (1 found and fixed separately), and same-example-different-gloss pairs; nothing else found. The 4 "core" rows tagged cognate:opaque-gloss (decir/poner/traer/tener) are correctly categorized — they link common verbs to their Latin-root English cognates (dictate/pose/tract/tain) even though the direct gloss isn't cognate. Role tier left unchanged.
i1d5xyswv5	inventar	to invent	supporting	audit:reviewed	Audit: bulk mechanical pass — checked duplicate headwords (found only legitimate dual cognate/native-word coverage, e.g. liberar=liberate/release), missing/placeholder examples (1 found and fixed separately), and same-example-different-gloss pairs; nothing else found. The 4 "core" rows tagged cognate:opaque-gloss (decir/poner/traer/tener) are correctly categorized — they link common verbs to their Latin-root English cognates (dictate/pose/tract/tain) even though the direct gloss isn't cognate. Role tier left unchanged.
v4jvn24z90	comentar	to comment	supporting	audit:reviewed	Audit: bulk mechanical pass — checked duplicate headwords (found only legitimate dual cognate/native-word coverage, e.g. liberar=liberate/release), missing/placeholder examples (1 found and fixed separately), and same-example-different-gloss pairs; nothing else found. The 4 "core" rows tagged cognate:opaque-gloss (decir/poner/traer/tener) are correctly categorized — they link common verbs to their Latin-root English cognates (dictate/pose/tract/tain) even though the direct gloss isn't cognate. Role tier left unchanged.
137ua2ss5b	experimentar	to experiment	reference	audit:reviewed	Audit: bulk mechanical pass — checked duplicate headwords (found only legitimate dual cognate/native-word coverage, e.g. liberar=liberate/release), missing/placeholder examples (1 found and fixed separately), and same-example-different-gloss pairs; nothing else found. The 4 "core" rows tagged cognate:opaque-gloss (decir/poner/traer/tener) are correctly categorized — they link common verbs to their Latin-root English cognates (dictate/pose/tract/tain) even though the direct gloss isn't cognate. Role tier left unchanged.
lwdg45y70j	complementar	to complement	reference	audit:reviewed	Audit: bulk mechanical pass — checked duplicate headwords (found only legitimate dual cognate/native-word coverage, e.g. liberar=liberate/release), missing/placeholder examples (1 found and fixed separately), and same-example-different-gloss pairs; nothing else found. The 4 "core" rows tagged cognate:opaque-gloss (decir/poner/traer/tener) are correctly categorized — they link common verbs to their Latin-root English cognates (dictate/pose/tract/tain) even though the direct gloss isn't cognate. Role tier left unchanged.
oaj6w40rgj	implementar	to implement	reference	audit:reviewed	Audit: bulk mechanical pass — checked duplicate headwords (found only legitimate dual cognate/native-word coverage, e.g. liberar=liberate/release), missing/placeholder examples (1 found and fixed separately), and same-example-different-gloss pairs; nothing else found. The 4 "core" rows tagged cognate:opaque-gloss (decir/poner/traer/tener) are correctly categorized — they link common verbs to their Latin-root English cognates (dictate/pose/tract/tain) even though the direct gloss isn't cognate. Role tier left unchanged.
zkqs98jt1l	orientar	to orient	reference	audit:reviewed	Audit: bulk mechanical pass — checked duplicate headwords (found only legitimate dual cognate/native-word coverage, e.g. liberar=liberate/release), missing/placeholder examples (1 found and fixed separately), and same-example-different-gloss pairs; nothing else found. The 4 "core" rows tagged cognate:opaque-gloss (decir/poner/traer/tener) are correctly categorized — they link common verbs to their Latin-root English cognates (dictate/pose/tract/tain) even though the direct gloss isn't cognate. Role tier left unchanged.
yavmgezich	recomendar	to recommend	supporting	audit:reviewed	Audit: bulk mechanical pass — checked duplicate headwords (found only legitimate dual cognate/native-word coverage, e.g. liberar=liberate/release), missing/placeholder examples (1 found and fixed separately), and same-example-different-gloss pairs; nothing else found. The 4 "core" rows tagged cognate:opaque-gloss (decir/poner/traer/tener) are correctly categorized — they link common verbs to their Latin-root English cognates (dictate/pose/tract/tain) even though the direct gloss isn't cognate. Role tier left unchanged.
qz1w4uhz07	depender	to depend	supporting	audit:reviewed	Audit: bulk mechanical pass — checked duplicate headwords (found only legitimate dual cognate/native-word coverage, e.g. liberar=liberate/release), missing/placeholder examples (1 found and fixed separately), and same-example-different-gloss pairs; nothing else found. The 4 "core" rows tagged cognate:opaque-gloss (decir/poner/traer/tener) are correctly categorized — they link common verbs to their Latin-root English cognates (dictate/pose/tract/tain) even though the direct gloss isn't cognate. Role tier left unchanged.
nd8kd8q9fc	extender	to extend	reference	audit:reviewed	Audit: bulk mechanical pass — checked duplicate headwords (found only legitimate dual cognate/native-word coverage, e.g. liberar=liberate/release), missing/placeholder examples (1 found and fixed separately), and same-example-different-gloss pairs; nothing else found. The 4 "core" rows tagged cognate:opaque-gloss (decir/poner/traer/tener) are correctly categorized — they link common verbs to their Latin-root English cognates (dictate/pose/tract/tain) even though the direct gloss isn't cognate. Role tier left unchanged.
uzmwwefycv	suspender	to suspend	reference	audit:reviewed	Audit: bulk mechanical pass — checked duplicate headwords (found only legitimate dual cognate/native-word coverage, e.g. liberar=liberate/release), missing/placeholder examples (1 found and fixed separately), and same-example-different-gloss pairs; nothing else found. The 4 "core" rows tagged cognate:opaque-gloss (decir/poner/traer/tener) are correctly categorized — they link common verbs to their Latin-root English cognates (dictate/pose/tract/tain) even though the direct gloss isn't cognate. Role tier left unchanged.
p0abu0rm9f	ofender	to offend	reference	audit:reviewed	Audit: bulk mechanical pass — checked duplicate headwords (found only legitimate dual cognate/native-word coverage, e.g. liberar=liberate/release), missing/placeholder examples (1 found and fixed separately), and same-example-different-gloss pairs; nothing else found. The 4 "core" rows tagged cognate:opaque-gloss (decir/poner/traer/tener) are correctly categorized — they link common verbs to their Latin-root English cognates (dictate/pose/tract/tain) even though the direct gloss isn't cognate. Role tier left unchanged.
w9bz3hfyb4	defender	to defend	supporting	audit:reviewed	Audit: bulk mechanical pass — checked duplicate headwords (found only legitimate dual cognate/native-word coverage, e.g. liberar=liberate/release), missing/placeholder examples (1 found and fixed separately), and same-example-different-gloss pairs; nothing else found. The 4 "core" rows tagged cognate:opaque-gloss (decir/poner/traer/tener) are correctly categorized — they link common verbs to their Latin-root English cognates (dictate/pose/tract/tain) even though the direct gloss isn't cognate. Role tier left unchanged.
xc3uttauvw	ascender	to ascend	reference	audit:reviewed	Audit: bulk mechanical pass — checked duplicate headwords (found only legitimate dual cognate/native-word coverage, e.g. liberar=liberate/release), missing/placeholder examples (1 found and fixed separately), and same-example-different-gloss pairs; nothing else found. The 4 "core" rows tagged cognate:opaque-gloss (decir/poner/traer/tener) are correctly categorized — they link common verbs to their Latin-root English cognates (dictate/pose/tract/tain) even though the direct gloss isn't cognate. Role tier left unchanged.
ar0hh5n2qk	descender	to descend	reference	audit:reviewed	Audit: bulk mechanical pass — checked duplicate headwords (found only legitimate dual cognate/native-word coverage, e.g. liberar=liberate/release), missing/placeholder examples (1 found and fixed separately), and same-example-different-gloss pairs; nothing else found. The 4 "core" rows tagged cognate:opaque-gloss (decir/poner/traer/tener) are correctly categorized — they link common verbs to their Latin-root English cognates (dictate/pose/tract/tain) even though the direct gloss isn't cognate. Role tier left unchanged.
g56qy8ibkk	trascender	to transcend	reference	audit:reviewed	Audit: bulk mechanical pass — checked duplicate headwords (found only legitimate dual cognate/native-word coverage, e.g. liberar=liberate/release), missing/placeholder examples (1 found and fixed separately), and same-example-different-gloss pairs; nothing else found. The 4 "core" rows tagged cognate:opaque-gloss (decir/poner/traer/tener) are correctly categorized — they link common verbs to their Latin-root English cognates (dictate/pose/tract/tain) even though the direct gloss isn't cognate. Role tier left unchanged.
5ktdhyqktc	reportar	to report	supporting	audit:reviewed	Audit: bulk mechanical pass — checked duplicate headwords (found only legitimate dual cognate/native-word coverage, e.g. liberar=liberate/release), missing/placeholder examples (1 found and fixed separately), and same-example-different-gloss pairs; nothing else found. The 4 "core" rows tagged cognate:opaque-gloss (decir/poner/traer/tener) are correctly categorized — they link common verbs to their Latin-root English cognates (dictate/pose/tract/tain) even though the direct gloss isn't cognate. Role tier left unchanged.
ydrx4jlj20	transportar	to transport	reference	audit:reviewed	Audit: bulk mechanical pass — checked duplicate headwords (found only legitimate dual cognate/native-word coverage, e.g. liberar=liberate/release), missing/placeholder examples (1 found and fixed separately), and same-example-different-gloss pairs; nothing else found. The 4 "core" rows tagged cognate:opaque-gloss (decir/poner/traer/tener) are correctly categorized — they link common verbs to their Latin-root English cognates (dictate/pose/tract/tain) even though the direct gloss isn't cognate. Role tier left unchanged.
7fbf1yrpcu	importar	to import	reference	audit:reviewed	Audit: bulk mechanical pass — checked duplicate headwords (found only legitimate dual cognate/native-word coverage, e.g. liberar=liberate/release), missing/placeholder examples (1 found and fixed separately), and same-example-different-gloss pairs; nothing else found. The 4 "core" rows tagged cognate:opaque-gloss (decir/poner/traer/tener) are correctly categorized — they link common verbs to their Latin-root English cognates (dictate/pose/tract/tain) even though the direct gloss isn't cognate. Role tier left unchanged.
psvaz2wxvv	exportar	to export	reference	audit:reviewed	Audit: bulk mechanical pass — checked duplicate headwords (found only legitimate dual cognate/native-word coverage, e.g. liberar=liberate/release), missing/placeholder examples (1 found and fixed separately), and same-example-different-gloss pairs; nothing else found. The 4 "core" rows tagged cognate:opaque-gloss (decir/poner/traer/tener) are correctly categorized — they link common verbs to their Latin-root English cognates (dictate/pose/tract/tain) even though the direct gloss isn't cognate. Role tier left unchanged.
buxp2vht7l	deportar	to deport	reference	audit:reviewed	Audit: bulk mechanical pass — checked duplicate headwords (found only legitimate dual cognate/native-word coverage, e.g. liberar=liberate/release), missing/placeholder examples (1 found and fixed separately), and same-example-different-gloss pairs; nothing else found. The 4 "core" rows tagged cognate:opaque-gloss (decir/poner/traer/tener) are correctly categorized — they link common verbs to their Latin-root English cognates (dictate/pose/tract/tain) even though the direct gloss isn't cognate. Role tier left unchanged.
yudkd8ppow	responder	to respond	supporting	audit:reviewed	Audit: bulk mechanical pass — checked duplicate headwords (found only legitimate dual cognate/native-word coverage, e.g. liberar=liberate/release), missing/placeholder examples (1 found and fixed separately), and same-example-different-gloss pairs; nothing else found. The 4 "core" rows tagged cognate:opaque-gloss (decir/poner/traer/tener) are correctly categorized — they link common verbs to their Latin-root English cognates (dictate/pose/tract/tain) even though the direct gloss isn't cognate. Role tier left unchanged.
34qked2yf9	corresponder	to correspond	reference	audit:reviewed	Audit: bulk mechanical pass — checked duplicate headwords (found only legitimate dual cognate/native-word coverage, e.g. liberar=liberate/release), missing/placeholder examples (1 found and fixed separately), and same-example-different-gloss pairs; nothing else found. The 4 "core" rows tagged cognate:opaque-gloss (decir/poner/traer/tener) are correctly categorized — they link common verbs to their Latin-root English cognates (dictate/pose/tract/tain) even though the direct gloss isn't cognate. Role tier left unchanged.
s2ykj8ztvj	visitar	to visit	supporting	audit:reviewed	Audit: bulk mechanical pass — checked duplicate headwords (found only legitimate dual cognate/native-word coverage, e.g. liberar=liberate/release), missing/placeholder examples (1 found and fixed separately), and same-example-different-gloss pairs; nothing else found. The 4 "core" rows tagged cognate:opaque-gloss (decir/poner/traer/tener) are correctly categorized — they link common verbs to their Latin-root English cognates (dictate/pose/tract/tain) even though the direct gloss isn't cognate. Role tier left unchanged.
dv6yuzifmm	limitar	to limit	supporting	audit:reviewed	Audit: bulk mechanical pass — checked duplicate headwords (found only legitimate dual cognate/native-word coverage, e.g. liberar=liberate/release), missing/placeholder examples (1 found and fixed separately), and same-example-different-gloss pairs; nothing else found. The 4 "core" rows tagged cognate:opaque-gloss (decir/poner/traer/tener) are correctly categorized — they link common verbs to their Latin-root English cognates (dictate/pose/tract/tain) even though the direct gloss isn't cognate. Role tier left unchanged.
qk9p697786	acreditar	to credit	reference	audit:reviewed	Audit: bulk mechanical pass — checked duplicate headwords (found only legitimate dual cognate/native-word coverage, e.g. liberar=liberate/release), missing/placeholder examples (1 found and fixed separately), and same-example-different-gloss pairs; nothing else found. The 4 "core" rows tagged cognate:opaque-gloss (decir/poner/traer/tener) are correctly categorized — they link common verbs to their Latin-root English cognates (dictate/pose/tract/tain) even though the direct gloss isn't cognate. Role tier left unchanged.
i3832a491z	depositar	to deposit	reference	audit:reviewed	Audit: bulk mechanical pass — checked duplicate headwords (found only legitimate dual cognate/native-word coverage, e.g. liberar=liberate/release), missing/placeholder examples (1 found and fixed separately), and same-example-different-gloss pairs; nothing else found. The 4 "core" rows tagged cognate:opaque-gloss (decir/poner/traer/tener) are correctly categorized — they link common verbs to their Latin-root English cognates (dictate/pose/tract/tain) even though the direct gloss isn't cognate. Role tier left unchanged.
4vjw5ypya0	editar	to edit	supporting	audit:reviewed	Audit: bulk mechanical pass — checked duplicate headwords (found only legitimate dual cognate/native-word coverage, e.g. liberar=liberate/release), missing/placeholder examples (1 found and fixed separately), and same-example-different-gloss pairs; nothing else found. The 4 "core" rows tagged cognate:opaque-gloss (decir/poner/traer/tener) are correctly categorized — they link common verbs to their Latin-root English cognates (dictate/pose/tract/tain) even though the direct gloss isn't cognate. Role tier left unchanged.
6pov7295wy	auditar	to audit	reference	audit:reviewed	Audit: bulk mechanical pass — checked duplicate headwords (found only legitimate dual cognate/native-word coverage, e.g. liberar=liberate/release), missing/placeholder examples (1 found and fixed separately), and same-example-different-gloss pairs; nothing else found. The 4 "core" rows tagged cognate:opaque-gloss (decir/poner/traer/tener) are correctly categorized — they link common verbs to their Latin-root English cognates (dictate/pose/tract/tain) even though the direct gloss isn't cognate. Role tier left unchanged.
4bw8ouizxd	vomitar	to vomit	reference	audit:reviewed	Audit: bulk mechanical pass — checked duplicate headwords (found only legitimate dual cognate/native-word coverage, e.g. liberar=liberate/release), missing/placeholder examples (1 found and fixed separately), and same-example-different-gloss pairs; nothing else found. The 4 "core" rows tagged cognate:opaque-gloss (decir/poner/traer/tener) are correctly categorized — they link common verbs to their Latin-root English cognates (dictate/pose/tract/tain) even though the direct gloss isn't cognate. Role tier left unchanged.
fjw2ka5sik	posiblemente	possibly	reference	audit:reviewed	Audit: bulk mechanical pass — checked duplicate headwords (found only legitimate dual cognate/native-word coverage, e.g. liberar=liberate/release), missing/placeholder examples (1 found and fixed separately), and same-example-different-gloss pairs; nothing else found. The 4 "core" rows tagged cognate:opaque-gloss (decir/poner/traer/tener) are correctly categorized — they link common verbs to their Latin-root English cognates (dictate/pose/tract/tain) even though the direct gloss isn't cognate. Role tier left unchanged.
odtzlj8mgi	probablemente	probably	reference	audit:reviewed	Audit: bulk mechanical pass — checked duplicate headwords (found only legitimate dual cognate/native-word coverage, e.g. liberar=liberate/release), missing/placeholder examples (1 found and fixed separately), and same-example-different-gloss pairs; nothing else found. The 4 "core" rows tagged cognate:opaque-gloss (decir/poner/traer/tener) are correctly categorized — they link common verbs to their Latin-root English cognates (dictate/pose/tract/tain) even though the direct gloss isn't cognate. Role tier left unchanged.
18fm2l0d85	exactamente	exactly	reference	audit:reviewed	Audit: bulk mechanical pass — checked duplicate headwords (found only legitimate dual cognate/native-word coverage, e.g. liberar=liberate/release), missing/placeholder examples (1 found and fixed separately), and same-example-different-gloss pairs; nothing else found. The 4 "core" rows tagged cognate:opaque-gloss (decir/poner/traer/tener) are correctly categorized — they link common verbs to their Latin-root English cognates (dictate/pose/tract/tain) even though the direct gloss isn't cognate. Role tier left unchanged.
ocaaevxei0	totalmente	totally	reference	audit:reviewed	Audit: bulk mechanical pass — checked duplicate headwords (found only legitimate dual cognate/native-word coverage, e.g. liberar=liberate/release), missing/placeholder examples (1 found and fixed separately), and same-example-different-gloss pairs; nothing else found. The 4 "core" rows tagged cognate:opaque-gloss (decir/poner/traer/tener) are correctly categorized — they link common verbs to their Latin-root English cognates (dictate/pose/tract/tain) even though the direct gloss isn't cognate. Role tier left unchanged.
04s6a92u57	finalmente	finally	reference	audit:reviewed	Audit: bulk mechanical pass — checked duplicate headwords (found only legitimate dual cognate/native-word coverage, e.g. liberar=liberate/release), missing/placeholder examples (1 found and fixed separately), and same-example-different-gloss pairs; nothing else found. The 4 "core" rows tagged cognate:opaque-gloss (decir/poner/traer/tener) are correctly categorized — they link common verbs to their Latin-root English cognates (dictate/pose/tract/tain) even though the direct gloss isn't cognate. Role tier left unchanged.
dvomrqlupx	personalmente	personally	reference	audit:reviewed	Audit: bulk mechanical pass — checked duplicate headwords (found only legitimate dual cognate/native-word coverage, e.g. liberar=liberate/release), missing/placeholder examples (1 found and fixed separately), and same-example-different-gloss pairs; nothing else found. The 4 "core" rows tagged cognate:opaque-gloss (decir/poner/traer/tener) are correctly categorized — they link common verbs to their Latin-root English cognates (dictate/pose/tract/tain) even though the direct gloss isn't cognate. Role tier left unchanged.
052nhshshg	profesionalmente	professionally	reference	audit:reviewed	Audit: bulk mechanical pass — checked duplicate headwords (found only legitimate dual cognate/native-word coverage, e.g. liberar=liberate/release), missing/placeholder examples (1 found and fixed separately), and same-example-different-gloss pairs; nothing else found. The 4 "core" rows tagged cognate:opaque-gloss (decir/poner/traer/tener) are correctly categorized — they link common verbs to their Latin-root English cognates (dictate/pose/tract/tain) even though the direct gloss isn't cognate. Role tier left unchanged.
yydzuvtb46	desafortunadamente	unfortunately	reference	audit:reviewed	Audit: bulk mechanical pass — checked duplicate headwords (found only legitimate dual cognate/native-word coverage, e.g. liberar=liberate/release), missing/placeholder examples (1 found and fixed separately), and same-example-different-gloss pairs; nothing else found. The 4 "core" rows tagged cognate:opaque-gloss (decir/poner/traer/tener) are correctly categorized — they link common verbs to their Latin-root English cognates (dictate/pose/tract/tain) even though the direct gloss isn't cognate. Role tier left unchanged.
3w6ywawl7f	normalmente	normally	reference	audit:reviewed	Audit: bulk mechanical pass — checked duplicate headwords (found only legitimate dual cognate/native-word coverage, e.g. liberar=liberate/release), missing/placeholder examples (1 found and fixed separately), and same-example-different-gloss pairs; nothing else found. The 4 "core" rows tagged cognate:opaque-gloss (decir/poner/traer/tener) are correctly categorized — they link common verbs to their Latin-root English cognates (dictate/pose/tract/tain) even though the direct gloss isn't cognate. Role tier left unchanged.
roepi9tuin	generalmente	generally	reference	audit:reviewed	Audit: bulk mechanical pass — checked duplicate headwords (found only legitimate dual cognate/native-word coverage, e.g. liberar=liberate/release), missing/placeholder examples (1 found and fixed separately), and same-example-different-gloss pairs; nothing else found. The 4 "core" rows tagged cognate:opaque-gloss (decir/poner/traer/tener) are correctly categorized — they link common verbs to their Latin-root English cognates (dictate/pose/tract/tain) even though the direct gloss isn't cognate. Role tier left unchanged.
in8sivez9e	especialmente	especially	reference	audit:reviewed	Audit: bulk mechanical pass — checked duplicate headwords (found only legitimate dual cognate/native-word coverage, e.g. liberar=liberate/release), missing/placeholder examples (1 found and fixed separately), and same-example-different-gloss pairs; nothing else found. The 4 "core" rows tagged cognate:opaque-gloss (decir/poner/traer/tener) are correctly categorized — they link common verbs to their Latin-root English cognates (dictate/pose/tract/tain) even though the direct gloss isn't cognate. Role tier left unchanged.
xrmtxxcrsi	rápidamente	rapidly	reference	audit:reviewed	Audit: bulk mechanical pass — checked duplicate headwords (found only legitimate dual cognate/native-word coverage, e.g. liberar=liberate/release), missing/placeholder examples (1 found and fixed separately), and same-example-different-gloss pairs; nothing else found. The 4 "core" rows tagged cognate:opaque-gloss (decir/poner/traer/tener) are correctly categorized — they link common verbs to their Latin-root English cognates (dictate/pose/tract/tain) even though the direct gloss isn't cognate. Role tier left unchanged.
4hep7lpxvq	aparte	apart	reference	audit:reviewed	Audit: bulk mechanical pass — checked duplicate headwords (found only legitimate dual cognate/native-word coverage, e.g. liberar=liberate/release), missing/placeholder examples (1 found and fixed separately), and same-example-different-gloss pairs; nothing else found. The 4 "core" rows tagged cognate:opaque-gloss (decir/poner/traer/tener) are correctly categorized — they link common verbs to their Latin-root English cognates (dictate/pose/tract/tain) even though the direct gloss isn't cognate. Role tier left unchanged.
9y86a978lx	decidido	decided	supporting	audit:reviewed	Audit: bulk mechanical pass — checked duplicate headwords (found only legitimate dual cognate/native-word coverage, e.g. liberar=liberate/release), missing/placeholder examples (1 found and fixed separately), and same-example-different-gloss pairs; nothing else found. The 4 "core" rows tagged cognate:opaque-gloss (decir/poner/traer/tener) are correctly categorized — they link common verbs to their Latin-root English cognates (dictate/pose/tract/tain) even though the direct gloss isn't cognate. Role tier left unchanged.
x564mvvi0d	dividido	divided	reference	audit:reviewed	Audit: bulk mechanical pass — checked duplicate headwords (found only legitimate dual cognate/native-word coverage, e.g. liberar=liberate/release), missing/placeholder examples (1 found and fixed separately), and same-example-different-gloss pairs; nothing else found. The 4 "core" rows tagged cognate:opaque-gloss (decir/poner/traer/tener) are correctly categorized — they link common verbs to their Latin-root English cognates (dictate/pose/tract/tain) even though the direct gloss isn't cognate. Role tier left unchanged.
e960mg2ceq	incluido	included	reference	audit:reviewed	Audit: bulk mechanical pass — checked duplicate headwords (found only legitimate dual cognate/native-word coverage, e.g. liberar=liberate/release), missing/placeholder examples (1 found and fixed separately), and same-example-different-gloss pairs; nothing else found. The 4 "core" rows tagged cognate:opaque-gloss (decir/poner/traer/tener) are correctly categorized — they link common verbs to their Latin-root English cognates (dictate/pose/tract/tain) even though the direct gloss isn't cognate. Role tier left unchanged.
se5nl2c2cq	recomendado	recommended	reference	audit:reviewed	Audit: bulk mechanical pass — checked duplicate headwords (found only legitimate dual cognate/native-word coverage, e.g. liberar=liberate/release), missing/placeholder examples (1 found and fixed separately), and same-example-different-gloss pairs; nothing else found. The 4 "core" rows tagged cognate:opaque-gloss (decir/poner/traer/tener) are correctly categorized — they link common verbs to their Latin-root English cognates (dictate/pose/tract/tain) even though the direct gloss isn't cognate. Role tier left unchanged.
nzgtymeocj	extendido	extended	reference	audit:reviewed	Audit: bulk mechanical pass — checked duplicate headwords (found only legitimate dual cognate/native-word coverage, e.g. liberar=liberate/release), missing/placeholder examples (1 found and fixed separately), and same-example-different-gloss pairs; nothing else found. The 4 "core" rows tagged cognate:opaque-gloss (decir/poner/traer/tener) are correctly categorized — they link common verbs to their Latin-root English cognates (dictate/pose/tract/tain) even though the direct gloss isn't cognate. Role tier left unchanged.
59dz6zooe6	preparado	prepared	supporting	audit:reviewed	Audit: bulk mechanical pass — checked duplicate headwords (found only legitimate dual cognate/native-word coverage, e.g. liberar=liberate/release), missing/placeholder examples (1 found and fixed separately), and same-example-different-gloss pairs; nothing else found. The 4 "core" rows tagged cognate:opaque-gloss (decir/poner/traer/tener) are correctly categorized — they link common verbs to their Latin-root English cognates (dictate/pose/tract/tain) even though the direct gloss isn't cognate. Role tier left unchanged.
lane9d40z9	confirmado	confirmed	reference	audit:reviewed	Audit: bulk mechanical pass — checked duplicate headwords (found only legitimate dual cognate/native-word coverage, e.g. liberar=liberate/release), missing/placeholder examples (1 found and fixed separately), and same-example-different-gloss pairs; nothing else found. The 4 "core" rows tagged cognate:opaque-gloss (decir/poner/traer/tener) are correctly categorized — they link common verbs to their Latin-root English cognates (dictate/pose/tract/tain) even though the direct gloss isn't cognate. Role tier left unchanged.
h7zrs6r2s1	recibido	received	reference	audit:reviewed	Audit: bulk mechanical pass — checked duplicate headwords (found only legitimate dual cognate/native-word coverage, e.g. liberar=liberate/release), missing/placeholder examples (1 found and fixed separately), and same-example-different-gloss pairs; nothing else found. The 4 "core" rows tagged cognate:opaque-gloss (decir/poner/traer/tener) are correctly categorized — they link common verbs to their Latin-root English cognates (dictate/pose/tract/tain) even though the direct gloss isn't cognate. Role tier left unchanged.
357627uoh4	organizado	organized	reference	audit:reviewed	Audit: bulk mechanical pass — checked duplicate headwords (found only legitimate dual cognate/native-word coverage, e.g. liberar=liberate/release), missing/placeholder examples (1 found and fixed separately), and same-example-different-gloss pairs; nothing else found. The 4 "core" rows tagged cognate:opaque-gloss (decir/poner/traer/tener) are correctly categorized — they link common verbs to their Latin-root English cognates (dictate/pose/tract/tain) even though the direct gloss isn't cognate. Role tier left unchanged.
emjqg3zyl6	usado	used	reference	audit:reviewed	Audit: bulk mechanical pass — checked duplicate headwords (found only legitimate dual cognate/native-word coverage, e.g. liberar=liberate/release), missing/placeholder examples (1 found and fixed separately), and same-example-different-gloss pairs; nothing else found. The 4 "core" rows tagged cognate:opaque-gloss (decir/poner/traer/tener) are correctly categorized — they link common verbs to their Latin-root English cognates (dictate/pose/tract/tain) even though the direct gloss isn't cognate. Role tier left unchanged.
qrn2vb926b	continuado	continued	reference	audit:reviewed	Audit: bulk mechanical pass — checked duplicate headwords (found only legitimate dual cognate/native-word coverage, e.g. liberar=liberate/release), missing/placeholder examples (1 found and fixed separately), and same-example-different-gloss pairs; nothing else found. The 4 "core" rows tagged cognate:opaque-gloss (decir/poner/traer/tener) are correctly categorized — they link common verbs to their Latin-root English cognates (dictate/pose/tract/tain) even though the direct gloss isn't cognate. Role tier left unchanged.
9z2a17d7hu	preparando	preparing	supporting	audit:reviewed	Audit: bulk mechanical pass — checked duplicate headwords (found only legitimate dual cognate/native-word coverage, e.g. liberar=liberate/release), missing/placeholder examples (1 found and fixed separately), and same-example-different-gloss pairs; nothing else found. The 4 "core" rows tagged cognate:opaque-gloss (decir/poner/traer/tener) are correctly categorized — they link common verbs to their Latin-root English cognates (dictate/pose/tract/tain) even though the direct gloss isn't cognate. Role tier left unchanged.
jbdsqcaye1	visitando	visiting	reference	audit:reviewed	Audit: bulk mechanical pass — checked duplicate headwords (found only legitimate dual cognate/native-word coverage, e.g. liberar=liberate/release), missing/placeholder examples (1 found and fixed separately), and same-example-different-gloss pairs; nothing else found. The 4 "core" rows tagged cognate:opaque-gloss (decir/poner/traer/tener) are correctly categorized — they link common verbs to their Latin-root English cognates (dictate/pose/tract/tain) even though the direct gloss isn't cognate. Role tier left unchanged.
l42cdp6nnd	practicando	practicing	reference	audit:reviewed	Audit: bulk mechanical pass — checked duplicate headwords (found only legitimate dual cognate/native-word coverage, e.g. liberar=liberate/release), missing/placeholder examples (1 found and fixed separately), and same-example-different-gloss pairs; nothing else found. The 4 "core" rows tagged cognate:opaque-gloss (decir/poner/traer/tener) are correctly categorized — they link common verbs to their Latin-root English cognates (dictate/pose/tract/tain) even though the direct gloss isn't cognate. Role tier left unchanged.
mvpo021kxl	confirmando	confirming	reference	audit:reviewed	Audit: bulk mechanical pass — checked duplicate headwords (found only legitimate dual cognate/native-word coverage, e.g. liberar=liberate/release), missing/placeholder examples (1 found and fixed separately), and same-example-different-gloss pairs; nothing else found. The 4 "core" rows tagged cognate:opaque-gloss (decir/poner/traer/tener) are correctly categorized — they link common verbs to their Latin-root English cognates (dictate/pose/tract/tain) even though the direct gloss isn't cognate. Role tier left unchanged.
5egzllnbai	continuando	continuing	reference	audit:reviewed	Audit: bulk mechanical pass — checked duplicate headwords (found only legitimate dual cognate/native-word coverage, e.g. liberar=liberate/release), missing/placeholder examples (1 found and fixed separately), and same-example-different-gloss pairs; nothing else found. The 4 "core" rows tagged cognate:opaque-gloss (decir/poner/traer/tener) are correctly categorized — they link common verbs to their Latin-root English cognates (dictate/pose/tract/tain) even though the direct gloss isn't cognate. Role tier left unchanged.
e4ohcagye9	comunicando	communicating	reference	audit:reviewed	Audit: bulk mechanical pass — checked duplicate headwords (found only legitimate dual cognate/native-word coverage, e.g. liberar=liberate/release), missing/placeholder examples (1 found and fixed separately), and same-example-different-gloss pairs; nothing else found. The 4 "core" rows tagged cognate:opaque-gloss (decir/poner/traer/tener) are correctly categorized — they link common verbs to their Latin-root English cognates (dictate/pose/tract/tain) even though the direct gloss isn't cognate. Role tier left unchanged.
3tludtc2s9	recibiendo	receiving	supporting	audit:reviewed	Audit: bulk mechanical pass — checked duplicate headwords (found only legitimate dual cognate/native-word coverage, e.g. liberar=liberate/release), missing/placeholder examples (1 found and fixed separately), and same-example-different-gloss pairs; nothing else found. The 4 "core" rows tagged cognate:opaque-gloss (decir/poner/traer/tener) are correctly categorized — they link common verbs to their Latin-root English cognates (dictate/pose/tract/tain) even though the direct gloss isn't cognate. Role tier left unchanged.
pgjoyoy277	decidiendo	deciding	reference	audit:reviewed	Audit: bulk mechanical pass — checked duplicate headwords (found only legitimate dual cognate/native-word coverage, e.g. liberar=liberate/release), missing/placeholder examples (1 found and fixed separately), and same-example-different-gloss pairs; nothing else found. The 4 "core" rows tagged cognate:opaque-gloss (decir/poner/traer/tener) are correctly categorized — they link common verbs to their Latin-root English cognates (dictate/pose/tract/tain) even though the direct gloss isn't cognate. Role tier left unchanged.
pwgug8da10	permitiendo	permitting	reference	audit:reviewed	Audit: bulk mechanical pass — checked duplicate headwords (found only legitimate dual cognate/native-word coverage, e.g. liberar=liberate/release), missing/placeholder examples (1 found and fixed separately), and same-example-different-gloss pairs; nothing else found. The 4 "core" rows tagged cognate:opaque-gloss (decir/poner/traer/tener) are correctly categorized — they link common verbs to their Latin-root English cognates (dictate/pose/tract/tain) even though the direct gloss isn't cognate. Role tier left unchanged.
u0kpsvg045	produciendo	producing	reference	audit:reviewed	Audit: bulk mechanical pass — checked duplicate headwords (found only legitimate dual cognate/native-word coverage, e.g. liberar=liberate/release), missing/placeholder examples (1 found and fixed separately), and same-example-different-gloss pairs; nothing else found. The 4 "core" rows tagged cognate:opaque-gloss (decir/poner/traer/tener) are correctly categorized — they link common verbs to their Latin-root English cognates (dictate/pose/tract/tain) even though the direct gloss isn't cognate. Role tier left unchanged.
x85ex3trnw	proponiendo	proposing	reference	audit:reviewed	Audit: bulk mechanical pass — checked duplicate headwords (found only legitimate dual cognate/native-word coverage, e.g. liberar=liberate/release), missing/placeholder examples (1 found and fixed separately), and same-example-different-gloss pairs; nothing else found. The 4 "core" rows tagged cognate:opaque-gloss (decir/poner/traer/tener) are correctly categorized — they link common verbs to their Latin-root English cognates (dictate/pose/tract/tain) even though the direct gloss isn't cognate. Role tier left unchanged.
5kzfo8gfgi	manteniendo	maintaining	reference	audit:reviewed	Audit: bulk mechanical pass — checked duplicate headwords (found only legitimate dual cognate/native-word coverage, e.g. liberar=liberate/release), missing/placeholder examples (1 found and fixed separately), and same-example-different-gloss pairs; nothing else found. The 4 "core" rows tagged cognate:opaque-gloss (decir/poner/traer/tener) are correctly categorized — they link common verbs to their Latin-root English cognates (dictate/pose/tract/tain) even though the direct gloss isn't cognate. Role tier left unchanged.
wo0sdm2f3u	practicado	practiced	reference	audit:reviewed	Audit: bulk mechanical pass — checked duplicate headwords (found only legitimate dual cognate/native-word coverage, e.g. liberar=liberate/release), missing/placeholder examples (1 found and fixed separately), and same-example-different-gloss pairs; nothing else found. The 4 "core" rows tagged cognate:opaque-gloss (decir/poner/traer/tener) are correctly categorized — they link common verbs to their Latin-root English cognates (dictate/pose/tract/tain) even though the direct gloss isn't cognate. Role tier left unchanged.
xpe7xser76	introducido	introduced	reference	audit:reviewed	Audit: bulk mechanical pass — checked duplicate headwords (found only legitimate dual cognate/native-word coverage, e.g. liberar=liberate/release), missing/placeholder examples (1 found and fixed separately), and same-example-different-gloss pairs; nothing else found. The 4 "core" rows tagged cognate:opaque-gloss (decir/poner/traer/tener) are correctly categorized — they link common verbs to their Latin-root English cognates (dictate/pose/tract/tain) even though the direct gloss isn't cognate. Role tier left unchanged.
g36a82xzg6	producido	produced	reference	audit:reviewed	Audit: bulk mechanical pass — checked duplicate headwords (found only legitimate dual cognate/native-word coverage, e.g. liberar=liberate/release), missing/placeholder examples (1 found and fixed separately), and same-example-different-gloss pairs; nothing else found. The 4 "core" rows tagged cognate:opaque-gloss (decir/poner/traer/tener) are correctly categorized — they link common verbs to their Latin-root English cognates (dictate/pose/tract/tain) even though the direct gloss isn't cognate. Role tier left unchanged.
oszot6y2pc	notado	noticed	reference	audit:reviewed	Audit: bulk mechanical pass — checked duplicate headwords (found only legitimate dual cognate/native-word coverage, e.g. liberar=liberate/release), missing/placeholder examples (1 found and fixed separately), and same-example-different-gloss pairs; nothing else found. The 4 "core" rows tagged cognate:opaque-gloss (decir/poner/traer/tener) are correctly categorized — they link common verbs to their Latin-root English cognates (dictate/pose/tract/tain) even though the direct gloss isn't cognate. Role tier left unchanged.
cpbvogwqlk	visitado	visited	supporting	audit:reviewed	Audit: bulk mechanical pass — checked duplicate headwords (found only legitimate dual cognate/native-word coverage, e.g. liberar=liberate/release), missing/placeholder examples (1 found and fixed separately), and same-example-different-gloss pairs; nothing else found. The 4 "core" rows tagged cognate:opaque-gloss (decir/poner/traer/tener) are correctly categorized — they link common verbs to their Latin-root English cognates (dictate/pose/tract/tain) even though the direct gloss isn't cognate. Role tier left unchanged.
0fq9g236b6	aceptado	accepted	reference	audit:reviewed	Audit: bulk mechanical pass — checked duplicate headwords (found only legitimate dual cognate/native-word coverage, e.g. liberar=liberate/release), missing/placeholder examples (1 found and fixed separately), and same-example-different-gloss pairs; nothing else found. The 4 "core" rows tagged cognate:opaque-gloss (decir/poner/traer/tener) are correctly categorized — they link common verbs to their Latin-root English cognates (dictate/pose/tract/tain) even though the direct gloss isn't cognate. Role tier left unchanged.
v7x2m7p57l	conectado	connected	reference	audit:reviewed	Audit: bulk mechanical pass — checked duplicate headwords (found only legitimate dual cognate/native-word coverage, e.g. liberar=liberate/release), missing/placeholder examples (1 found and fixed separately), and same-example-different-gloss pairs; nothing else found. The 4 "core" rows tagged cognate:opaque-gloss (decir/poner/traer/tener) are correctly categorized — they link common verbs to their Latin-root English cognates (dictate/pose/tract/tain) even though the direct gloss isn't cognate. Role tier left unchanged.
0xrtfpsxvb	contactado	contacted	reference	audit:reviewed	Audit: bulk mechanical pass — checked duplicate headwords (found only legitimate dual cognate/native-word coverage, e.g. liberar=liberate/release), missing/placeholder examples (1 found and fixed separately), and same-example-different-gloss pairs; nothing else found. The 4 "core" rows tagged cognate:opaque-gloss (decir/poner/traer/tener) are correctly categorized — they link common verbs to their Latin-root English cognates (dictate/pose/tract/tain) even though the direct gloss isn't cognate. Role tier left unchanged.
2tbttd1g5v	permitido	permitted	reference	audit:reviewed	Audit: bulk mechanical pass — checked duplicate headwords (found only legitimate dual cognate/native-word coverage, e.g. liberar=liberate/release), missing/placeholder examples (1 found and fixed separately), and same-example-different-gloss pairs; nothing else found. The 4 "core" rows tagged cognate:opaque-gloss (decir/poner/traer/tener) are correctly categorized — they link common verbs to their Latin-root English cognates (dictate/pose/tract/tain) even though the direct gloss isn't cognate. Role tier left unchanged.
0l9aed93ze	aplicar	to apply	supporting	audit:reviewed	Audit: bulk mechanical pass — checked duplicate headwords (found only legitimate dual cognate/native-word coverage, e.g. liberar=liberate/release), missing/placeholder examples (1 found and fixed separately), and same-example-different-gloss pairs; nothing else found. The 4 "core" rows tagged cognate:opaque-gloss (decir/poner/traer/tener) are correctly categorized — they link common verbs to their Latin-root English cognates (dictate/pose/tract/tain) even though the direct gloss isn't cognate. Role tier left unchanged.
uu1cnr3a36	multiplicar	to multiply	reference	audit:reviewed	Audit: bulk mechanical pass — checked duplicate headwords (found only legitimate dual cognate/native-word coverage, e.g. liberar=liberate/release), missing/placeholder examples (1 found and fixed separately), and same-example-different-gloss pairs; nothing else found. The 4 "core" rows tagged cognate:opaque-gloss (decir/poner/traer/tener) are correctly categorized — they link common verbs to their Latin-root English cognates (dictate/pose/tract/tain) even though the direct gloss isn't cognate. Role tier left unchanged.
bp593daco9	implicar	to imply	reference	audit:reviewed	Audit: bulk mechanical pass — checked duplicate headwords (found only legitimate dual cognate/native-word coverage, e.g. liberar=liberate/release), missing/placeholder examples (1 found and fixed separately), and same-example-different-gloss pairs; nothing else found. The 4 "core" rows tagged cognate:opaque-gloss (decir/poner/traer/tener) are correctly categorized — they link common verbs to their Latin-root English cognates (dictate/pose/tract/tain) even though the direct gloss isn't cognate. Role tier left unchanged.
yxxk3scerp	causar	to cause	supporting	audit:reviewed	Audit: bulk mechanical pass — checked duplicate headwords (found only legitimate dual cognate/native-word coverage, e.g. liberar=liberate/release), missing/placeholder examples (1 found and fixed separately), and same-example-different-gloss pairs; nothing else found. The 4 "core" rows tagged cognate:opaque-gloss (decir/poner/traer/tener) are correctly categorized — they link common verbs to their Latin-root English cognates (dictate/pose/tract/tain) even though the direct gloss isn't cognate. Role tier left unchanged.
ujfd2cjj1t	pausar	to pause	reference	audit:reviewed	Audit: bulk mechanical pass — checked duplicate headwords (found only legitimate dual cognate/native-word coverage, e.g. liberar=liberate/release), missing/placeholder examples (1 found and fixed separately), and same-example-different-gloss pairs; nothing else found. The 4 "core" rows tagged cognate:opaque-gloss (decir/poner/traer/tener) are correctly categorized — they link common verbs to their Latin-root English cognates (dictate/pose/tract/tain) even though the direct gloss isn't cognate. Role tier left unchanged.
4r07khungy	contribuir	to contribute	reference	audit:reviewed	Audit: bulk mechanical pass — checked duplicate headwords (found only legitimate dual cognate/native-word coverage, e.g. liberar=liberate/release), missing/placeholder examples (1 found and fixed separately), and same-example-different-gloss pairs; nothing else found. The 4 "core" rows tagged cognate:opaque-gloss (decir/poner/traer/tener) are correctly categorized — they link common verbs to their Latin-root English cognates (dictate/pose/tract/tain) even though the direct gloss isn't cognate. Role tier left unchanged.
779ynouu11	distribuir	to distribute	reference	audit:reviewed	Audit: bulk mechanical pass — checked duplicate headwords (found only legitimate dual cognate/native-word coverage, e.g. liberar=liberate/release), missing/placeholder examples (1 found and fixed separately), and same-example-different-gloss pairs; nothing else found. The 4 "core" rows tagged cognate:opaque-gloss (decir/poner/traer/tener) are correctly categorized — they link common verbs to their Latin-root English cognates (dictate/pose/tract/tain) even though the direct gloss isn't cognate. Role tier left unchanged.
c3amoye6xz	sustituir	to substitute	reference	audit:reviewed	Audit: bulk mechanical pass — checked duplicate headwords (found only legitimate dual cognate/native-word coverage, e.g. liberar=liberate/release), missing/placeholder examples (1 found and fixed separately), and same-example-different-gloss pairs; nothing else found. The 4 "core" rows tagged cognate:opaque-gloss (decir/poner/traer/tener) are correctly categorized — they link common verbs to their Latin-root English cognates (dictate/pose/tract/tain) even though the direct gloss isn't cognate. Role tier left unchanged.
ecvnd0ir3u	instituir	to institute	reference	audit:reviewed	Audit: bulk mechanical pass — checked duplicate headwords (found only legitimate dual cognate/native-word coverage, e.g. liberar=liberate/release), missing/placeholder examples (1 found and fixed separately), and same-example-different-gloss pairs; nothing else found. The 4 "core" rows tagged cognate:opaque-gloss (decir/poner/traer/tener) are correctly categorized — they link common verbs to their Latin-root English cognates (dictate/pose/tract/tain) even though the direct gloss isn't cognate. Role tier left unchanged.
5k3hommin3	ejecutar	to execute	reference	audit:reviewed	Audit: bulk mechanical pass — checked duplicate headwords (found only legitimate dual cognate/native-word coverage, e.g. liberar=liberate/release), missing/placeholder examples (1 found and fixed separately), and same-example-different-gloss pairs; nothing else found. The 4 "core" rows tagged cognate:opaque-gloss (decir/poner/traer/tener) are correctly categorized — they link common verbs to their Latin-root English cognates (dictate/pose/tract/tain) even though the direct gloss isn't cognate. Role tier left unchanged.
fguxguiyas	constituir	to constitute	reference	audit:reviewed	Audit: bulk mechanical pass — checked duplicate headwords (found only legitimate dual cognate/native-word coverage, e.g. liberar=liberate/release), missing/placeholder examples (1 found and fixed separately), and same-example-different-gloss pairs; nothing else found. The 4 "core" rows tagged cognate:opaque-gloss (decir/poner/traer/tener) are correctly categorized — they link common verbs to their Latin-root English cognates (dictate/pose/tract/tain) even though the direct gloss isn't cognate. Role tier left unchanged.
p34vsonve4	atribuir	to attribute	reference	audit:reviewed	Audit: bulk mechanical pass — checked duplicate headwords (found only legitimate dual cognate/native-word coverage, e.g. liberar=liberate/release), missing/placeholder examples (1 found and fixed separately), and same-example-different-gloss pairs; nothing else found. The 4 "core" rows tagged cognate:opaque-gloss (decir/poner/traer/tener) are correctly categorized — they link common verbs to their Latin-root English cognates (dictate/pose/tract/tain) even though the direct gloss isn't cognate. Role tier left unchanged.
opym3wa19f	crear	to create	supporting	audit:reviewed	Audit: bulk mechanical pass — checked duplicate headwords (found only legitimate dual cognate/native-word coverage, e.g. liberar=liberate/release), missing/placeholder examples (1 found and fixed separately), and same-example-different-gloss pairs; nothing else found. The 4 "core" rows tagged cognate:opaque-gloss (decir/poner/traer/tener) are correctly categorized — they link common verbs to their Latin-root English cognates (dictate/pose/tract/tain) even though the direct gloss isn't cognate. Role tier left unchanged.
0hrde16ahz	comunicar	to communicate	supporting	audit:reviewed	Audit: bulk mechanical pass — checked duplicate headwords (found only legitimate dual cognate/native-word coverage, e.g. liberar=liberate/release), missing/placeholder examples (1 found and fixed separately), and same-example-different-gloss pairs; nothing else found. The 4 "core" rows tagged cognate:opaque-gloss (decir/poner/traer/tener) are correctly categorized — they link common verbs to their Latin-root English cognates (dictate/pose/tract/tain) even though the direct gloss isn't cognate. Role tier left unchanged.
lfg0ejcjnq	estimar	to estimate	reference	audit:reviewed	Audit: bulk mechanical pass — checked duplicate headwords (found only legitimate dual cognate/native-word coverage, e.g. liberar=liberate/release), missing/placeholder examples (1 found and fixed separately), and same-example-different-gloss pairs; nothing else found. The 4 "core" rows tagged cognate:opaque-gloss (decir/poner/traer/tener) are correctly categorized — they link common verbs to their Latin-root English cognates (dictate/pose/tract/tain) even though the direct gloss isn't cognate. Role tier left unchanged.
yenl2lq9oq	negociar	to negotiate	reference	audit:reviewed	Audit: bulk mechanical pass — checked duplicate headwords (found only legitimate dual cognate/native-word coverage, e.g. liberar=liberate/release), missing/placeholder examples (1 found and fixed separately), and same-example-different-gloss pairs; nothing else found. The 4 "core" rows tagged cognate:opaque-gloss (decir/poner/traer/tener) are correctly categorized — they link common verbs to their Latin-root English cognates (dictate/pose/tract/tain) even though the direct gloss isn't cognate. Role tier left unchanged.
8c3fxz63mh	inmigrar	to immigrate	reference	audit:reviewed	Audit: bulk mechanical pass — checked duplicate headwords (found only legitimate dual cognate/native-word coverage, e.g. liberar=liberate/release), missing/placeholder examples (1 found and fixed separately), and same-example-different-gloss pairs; nothing else found. The 4 "core" rows tagged cognate:opaque-gloss (decir/poner/traer/tener) are correctly categorized — they link common verbs to their Latin-root English cognates (dictate/pose/tract/tain) even though the direct gloss isn't cognate. Role tier left unchanged.
vptbm9fgxy	acelerar	to accelerate	reference	audit:reviewed	Audit: bulk mechanical pass — checked duplicate headwords (found only legitimate dual cognate/native-word coverage, e.g. liberar=liberate/release), missing/placeholder examples (1 found and fixed separately), and same-example-different-gloss pairs; nothing else found. The 4 "core" rows tagged cognate:opaque-gloss (decir/poner/traer/tener) are correctly categorized — they link common verbs to their Latin-root English cognates (dictate/pose/tract/tain) even though the direct gloss isn't cognate. Role tier left unchanged.
fz6zup8oeg	traducir	to translate	supporting	audit:reviewed	Audit: bulk mechanical pass — checked duplicate headwords (found only legitimate dual cognate/native-word coverage, e.g. liberar=liberate/release), missing/placeholder examples (1 found and fixed separately), and same-example-different-gloss pairs; nothing else found. The 4 "core" rows tagged cognate:opaque-gloss (decir/poner/traer/tener) are correctly categorized — they link common verbs to their Latin-root English cognates (dictate/pose/tract/tain) even though the direct gloss isn't cognate. Role tier left unchanged.
xcxz8s6caf	participar	to participate	supporting	audit:reviewed	Audit: bulk mechanical pass — checked duplicate headwords (found only legitimate dual cognate/native-word coverage, e.g. liberar=liberate/release), missing/placeholder examples (1 found and fixed separately), and same-example-different-gloss pairs; nothing else found. The 4 "core" rows tagged cognate:opaque-gloss (decir/poner/traer/tener) are correctly categorized — they link common verbs to their Latin-root English cognates (dictate/pose/tract/tain) even though the direct gloss isn't cognate. Role tier left unchanged.
gskdto3d00	celebrar	to celebrate	supporting	audit:reviewed	Audit: bulk mechanical pass — checked duplicate headwords (found only legitimate dual cognate/native-word coverage, e.g. liberar=liberate/release), missing/placeholder examples (1 found and fixed separately), and same-example-different-gloss pairs; nothing else found. The 4 "core" rows tagged cognate:opaque-gloss (decir/poner/traer/tener) are correctly categorized — they link common verbs to their Latin-root English cognates (dictate/pose/tract/tain) even though the direct gloss isn't cognate. Role tier left unchanged.
sl4u8g4jfs	decorar	to decorate	reference	audit:reviewed	Audit: bulk mechanical pass — checked duplicate headwords (found only legitimate dual cognate/native-word coverage, e.g. liberar=liberate/release), missing/placeholder examples (1 found and fixed separately), and same-example-different-gloss pairs; nothing else found. The 4 "core" rows tagged cognate:opaque-gloss (decir/poner/traer/tener) are correctly categorized — they link common verbs to their Latin-root English cognates (dictate/pose/tract/tain) even though the direct gloss isn't cognate. Role tier left unchanged.
m4haqep8h2	eliminar	to eliminate	reference	audit:reviewed	Audit: bulk mechanical pass — checked duplicate headwords (found only legitimate dual cognate/native-word coverage, e.g. liberar=liberate/release), missing/placeholder examples (1 found and fixed separately), and same-example-different-gloss pairs; nothing else found. The 4 "core" rows tagged cognate:opaque-gloss (decir/poner/traer/tener) are correctly categorized — they link common verbs to their Latin-root English cognates (dictate/pose/tract/tain) even though the direct gloss isn't cognate. Role tier left unchanged.
6em7hpnut9	operar	to operate	reference	audit:reviewed	Audit: bulk mechanical pass — checked duplicate headwords (found only legitimate dual cognate/native-word coverage, e.g. liberar=liberate/release), missing/placeholder examples (1 found and fixed separately), and same-example-different-gloss pairs; nothing else found. The 4 "core" rows tagged cognate:opaque-gloss (decir/poner/traer/tener) are correctly categorized — they link common verbs to their Latin-root English cognates (dictate/pose/tract/tain) even though the direct gloss isn't cognate. Role tier left unchanged.
9gngsscsy0	liberar	to liberate	reference	audit:reviewed	Audit: bulk mechanical pass — checked duplicate headwords (found only legitimate dual cognate/native-word coverage, e.g. liberar=liberate/release), missing/placeholder examples (1 found and fixed separately), and same-example-different-gloss pairs; nothing else found. The 4 "core" rows tagged cognate:opaque-gloss (decir/poner/traer/tener) are correctly categorized — they link common verbs to their Latin-root English cognates (dictate/pose/tract/tain) even though the direct gloss isn't cognate. Role tier left unchanged.
j0hovpxufz	decidir	to decide	supporting	audit:reviewed	Audit: bulk mechanical pass — checked duplicate headwords (found only legitimate dual cognate/native-word coverage, e.g. liberar=liberate/release), missing/placeholder examples (1 found and fixed separately), and same-example-different-gloss pairs; nothing else found. The 4 "core" rows tagged cognate:opaque-gloss (decir/poner/traer/tener) are correctly categorized — they link common verbs to their Latin-root English cognates (dictate/pose/tract/tain) even though the direct gloss isn't cognate. Role tier left unchanged.
b4qf2uute8	dividir	to divide	supporting	audit:reviewed	Audit: bulk mechanical pass — checked duplicate headwords (found only legitimate dual cognate/native-word coverage, e.g. liberar=liberate/release), missing/placeholder examples (1 found and fixed separately), and same-example-different-gloss pairs; nothing else found. The 4 "core" rows tagged cognate:opaque-gloss (decir/poner/traer/tener) are correctly categorized — they link common verbs to their Latin-root English cognates (dictate/pose/tract/tain) even though the direct gloss isn't cognate. Role tier left unchanged.
2055jsg4lz	residir	to reside	reference	audit:reviewed	Audit: bulk mechanical pass — checked duplicate headwords (found only legitimate dual cognate/native-word coverage, e.g. liberar=liberate/release), missing/placeholder examples (1 found and fixed separately), and same-example-different-gloss pairs; nothing else found. The 4 "core" rows tagged cognate:opaque-gloss (decir/poner/traer/tener) are correctly categorized — they link common verbs to their Latin-root English cognates (dictate/pose/tract/tain) even though the direct gloss isn't cognate. Role tier left unchanged.
pnp6pglvyd	guiar	to guide	reference	audit:reviewed	Audit: bulk mechanical pass — checked duplicate headwords (found only legitimate dual cognate/native-word coverage, e.g. liberar=liberate/release), missing/placeholder examples (1 found and fixed separately), and same-example-different-gloss pairs; nothing else found. The 4 "core" rows tagged cognate:opaque-gloss (decir/poner/traer/tener) are correctly categorized — they link common verbs to their Latin-root English cognates (dictate/pose/tract/tain) even though the direct gloss isn't cognate. Role tier left unchanged.
ustq836daj	presidir	to preside	reference	audit:reviewed	Audit: bulk mechanical pass — checked duplicate headwords (found only legitimate dual cognate/native-word coverage, e.g. liberar=liberate/release), missing/placeholder examples (1 found and fixed separately), and same-example-different-gloss pairs; nothing else found. The 4 "core" rows tagged cognate:opaque-gloss (decir/poner/traer/tener) are correctly categorized — they link common verbs to their Latin-root English cognates (dictate/pose/tract/tain) even though the direct gloss isn't cognate. Role tier left unchanged.
xnwi7nn794	coincidir	to coincide	reference	audit:reviewed	Audit: bulk mechanical pass — checked duplicate headwords (found only legitimate dual cognate/native-word coverage, e.g. liberar=liberate/release), missing/placeholder examples (1 found and fixed separately), and same-example-different-gloss pairs; nothing else found. The 4 "core" rows tagged cognate:opaque-gloss (decir/poner/traer/tener) are correctly categorized — they link common verbs to their Latin-root English cognates (dictate/pose/tract/tain) even though the direct gloss isn't cognate. Role tier left unchanged.
rvy6cpjlbl	definir	to define	supporting	audit:reviewed	Audit: bulk mechanical pass — checked duplicate headwords (found only legitimate dual cognate/native-word coverage, e.g. liberar=liberate/release), missing/placeholder examples (1 found and fixed separately), and same-example-different-gloss pairs; nothing else found. The 4 "core" rows tagged cognate:opaque-gloss (decir/poner/traer/tener) are correctly categorized — they link common verbs to their Latin-root English cognates (dictate/pose/tract/tain) even though the direct gloss isn't cognate. Role tier left unchanged.
6gvilwx92s	refinar	to refine	reference	audit:reviewed	Audit: bulk mechanical pass — checked duplicate headwords (found only legitimate dual cognate/native-word coverage, e.g. liberar=liberate/release), missing/placeholder examples (1 found and fixed separately), and same-example-different-gloss pairs; nothing else found. The 4 "core" rows tagged cognate:opaque-gloss (decir/poner/traer/tener) are correctly categorized — they link common verbs to their Latin-root English cognates (dictate/pose/tract/tain) even though the direct gloss isn't cognate. Role tier left unchanged.
flw5i68vuy	combinar	to combine	supporting	audit:reviewed	Audit: bulk mechanical pass — checked duplicate headwords (found only legitimate dual cognate/native-word coverage, e.g. liberar=liberate/release), missing/placeholder examples (1 found and fixed separately), and same-example-different-gloss pairs; nothing else found. The 4 "core" rows tagged cognate:opaque-gloss (decir/poner/traer/tener) are correctly categorized — they link common verbs to their Latin-root English cognates (dictate/pose/tract/tain) even though the direct gloss isn't cognate. Role tier left unchanged.
5jet54qdcc	declinar	to decline	reference	audit:reviewed	Audit: bulk mechanical pass — checked duplicate headwords (found only legitimate dual cognate/native-word coverage, e.g. liberar=liberate/release), missing/placeholder examples (1 found and fixed separately), and same-example-different-gloss pairs; nothing else found. The 4 "core" rows tagged cognate:opaque-gloss (decir/poner/traer/tener) are correctly categorized — they link common verbs to their Latin-root English cognates (dictate/pose/tract/tain) even though the direct gloss isn't cognate. Role tier left unchanged.
gklngg6dry	imaginar	to imagine	supporting	audit:reviewed	Audit: bulk mechanical pass — checked duplicate headwords (found only legitimate dual cognate/native-word coverage, e.g. liberar=liberate/release), missing/placeholder examples (1 found and fixed separately), and same-example-different-gloss pairs; nothing else found. The 4 "core" rows tagged cognate:opaque-gloss (decir/poner/traer/tener) are correctly categorized — they link common verbs to their Latin-root English cognates (dictate/pose/tract/tain) even though the direct gloss isn't cognate. Role tier left unchanged.
3m3l646xr4	examinar	to examine	supporting	audit:reviewed	Audit: bulk mechanical pass — checked duplicate headwords (found only legitimate dual cognate/native-word coverage, e.g. liberar=liberate/release), missing/placeholder examples (1 found and fixed separately), and same-example-different-gloss pairs; nothing else found. The 4 "core" rows tagged cognate:opaque-gloss (decir/poner/traer/tener) are correctly categorized — they link common verbs to their Latin-root English cognates (dictate/pose/tract/tain) even though the direct gloss isn't cognate. Role tier left unchanged.
5dphe27cg7	determinar	to determine	supporting	audit:reviewed	Audit: bulk mechanical pass — checked duplicate headwords (found only legitimate dual cognate/native-word coverage, e.g. liberar=liberate/release), missing/placeholder examples (1 found and fixed separately), and same-example-different-gloss pairs; nothing else found. The 4 "core" rows tagged cognate:opaque-gloss (decir/poner/traer/tener) are correctly categorized — they link common verbs to their Latin-root English cognates (dictate/pose/tract/tain) even though the direct gloss isn't cognate. Role tier left unchanged.
f3de9phcrp	disciplinar	to discipline	reference	audit:reviewed	Audit: bulk mechanical pass — checked duplicate headwords (found only legitimate dual cognate/native-word coverage, e.g. liberar=liberate/release), missing/placeholder examples (1 found and fixed separately), and same-example-different-gloss pairs; nothing else found. The 4 "core" rows tagged cognate:opaque-gloss (decir/poner/traer/tener) are correctly categorized — they link common verbs to their Latin-root English cognates (dictate/pose/tract/tain) even though the direct gloss isn't cognate. Role tier left unchanged.
64la95zkw9	confinar	to confine	reference	audit:reviewed	Audit: bulk mechanical pass — checked duplicate headwords (found only legitimate dual cognate/native-word coverage, e.g. liberar=liberate/release), missing/placeholder examples (1 found and fixed separately), and same-example-different-gloss pairs; nothing else found. The 4 "core" rows tagged cognate:opaque-gloss (decir/poner/traer/tener) are correctly categorized — they link common verbs to their Latin-root English cognates (dictate/pose/tract/tain) even though the direct gloss isn't cognate. Role tier left unchanged.
ix1pir0fgb	inclinar	to incline	reference	audit:reviewed	Audit: bulk mechanical pass — checked duplicate headwords (found only legitimate dual cognate/native-word coverage, e.g. liberar=liberate/release), missing/placeholder examples (1 found and fixed separately), and same-example-different-gloss pairs; nothing else found. The 4 "core" rows tagged cognate:opaque-gloss (decir/poner/traer/tener) are correctly categorized — they link common verbs to their Latin-root English cognates (dictate/pose/tract/tain) even though the direct gloss isn't cognate. Role tier left unchanged.
4ur7u7wdv4	describir	to describe	supporting	audit:reviewed	Audit: bulk mechanical pass — checked duplicate headwords (found only legitimate dual cognate/native-word coverage, e.g. liberar=liberate/release), missing/placeholder examples (1 found and fixed separately), and same-example-different-gloss pairs; nothing else found. The 4 "core" rows tagged cognate:opaque-gloss (decir/poner/traer/tener) are correctly categorized — they link common verbs to their Latin-root English cognates (dictate/pose/tract/tain) even though the direct gloss isn't cognate. Role tier left unchanged.
1bs20nqq1z	inscribir	to inscribe	reference	audit:reviewed	Audit: bulk mechanical pass — checked duplicate headwords (found only legitimate dual cognate/native-word coverage, e.g. liberar=liberate/release), missing/placeholder examples (1 found and fixed separately), and same-example-different-gloss pairs; nothing else found. The 4 "core" rows tagged cognate:opaque-gloss (decir/poner/traer/tener) are correctly categorized — they link common verbs to their Latin-root English cognates (dictate/pose/tract/tain) even though the direct gloss isn't cognate. Role tier left unchanged.
b6wua9uv0p	prescribir	to prescribe	reference	audit:reviewed	Audit: bulk mechanical pass — checked duplicate headwords (found only legitimate dual cognate/native-word coverage, e.g. liberar=liberate/release), missing/placeholder examples (1 found and fixed separately), and same-example-different-gloss pairs; nothing else found. The 4 "core" rows tagged cognate:opaque-gloss (decir/poner/traer/tener) are correctly categorized — they link common verbs to their Latin-root English cognates (dictate/pose/tract/tain) even though the direct gloss isn't cognate. Role tier left unchanged.
gjh5b0lek7	suscribirse	to subscribe	reference	audit:reviewed	Audit: bulk mechanical pass — checked duplicate headwords (found only legitimate dual cognate/native-word coverage, e.g. liberar=liberate/release), missing/placeholder examples (1 found and fixed separately), and same-example-different-gloss pairs; nothing else found. The 4 "core" rows tagged cognate:opaque-gloss (decir/poner/traer/tener) are correctly categorized — they link common verbs to their Latin-root English cognates (dictate/pose/tract/tain) even though the direct gloss isn't cognate. Role tier left unchanged.
xjwylsxod0	transcribir	to transcribe	reference	audit:reviewed	Audit: bulk mechanical pass — checked duplicate headwords (found only legitimate dual cognate/native-word coverage, e.g. liberar=liberate/release), missing/placeholder examples (1 found and fixed separately), and same-example-different-gloss pairs; nothing else found. The 4 "core" rows tagged cognate:opaque-gloss (decir/poner/traer/tener) are correctly categorized — they link common verbs to their Latin-root English cognates (dictate/pose/tract/tain) even though the direct gloss isn't cognate. Role tier left unchanged.
gofzjv65s0	entrar	to enter	supporting	audit:reviewed	Audit: bulk mechanical pass — checked duplicate headwords (found only legitimate dual cognate/native-word coverage, e.g. liberar=liberate/release), missing/placeholder examples (1 found and fixed separately), and same-example-different-gloss pairs; nothing else found. The 4 "core" rows tagged cognate:opaque-gloss (decir/poner/traer/tener) are correctly categorized — they link common verbs to their Latin-root English cognates (dictate/pose/tract/tain) even though the direct gloss isn't cognate. Role tier left unchanged.
qqt1bizdh7	centrar	to center	reference	audit:reviewed	Audit: bulk mechanical pass — checked duplicate headwords (found only legitimate dual cognate/native-word coverage, e.g. liberar=liberate/release), missing/placeholder examples (1 found and fixed separately), and same-example-different-gloss pairs; nothing else found. The 4 "core" rows tagged cognate:opaque-gloss (decir/poner/traer/tener) are correctly categorized — they link common verbs to their Latin-root English cognates (dictate/pose/tract/tain) even though the direct gloss isn't cognate. Role tier left unchanged.
ky42p9r4c6	encontrar	to encounter	reference	audit:reviewed	Audit: bulk mechanical pass — checked duplicate headwords (found only legitimate dual cognate/native-word coverage, e.g. liberar=liberate/release), missing/placeholder examples (1 found and fixed separately), and same-example-different-gloss pairs; nothing else found. The 4 "core" rows tagged cognate:opaque-gloss (decir/poner/traer/tener) are correctly categorized — they link common verbs to their Latin-root English cognates (dictate/pose/tract/tain) even though the direct gloss isn't cognate. Role tier left unchanged.
j0hw7h1rsw	identificar	to identify	supporting	audit:reviewed	Audit: bulk mechanical pass — checked duplicate headwords (found only legitimate dual cognate/native-word coverage, e.g. liberar=liberate/release), missing/placeholder examples (1 found and fixed separately), and same-example-different-gloss pairs; nothing else found. The 4 "core" rows tagged cognate:opaque-gloss (decir/poner/traer/tener) are correctly categorized — they link common verbs to their Latin-root English cognates (dictate/pose/tract/tain) even though the direct gloss isn't cognate. Role tier left unchanged.
5jhih86mlc	verificar	to verify	supporting	audit:reviewed	Audit: bulk mechanical pass — checked duplicate headwords (found only legitimate dual cognate/native-word coverage, e.g. liberar=liberate/release), missing/placeholder examples (1 found and fixed separately), and same-example-different-gloss pairs; nothing else found. The 4 "core" rows tagged cognate:opaque-gloss (decir/poner/traer/tener) are correctly categorized — they link common verbs to their Latin-root English cognates (dictate/pose/tract/tain) even though the direct gloss isn't cognate. Role tier left unchanged.
d74s6zcq9j	justificar	to justify	reference	audit:reviewed	Audit: bulk mechanical pass — checked duplicate headwords (found only legitimate dual cognate/native-word coverage, e.g. liberar=liberate/release), missing/placeholder examples (1 found and fixed separately), and same-example-different-gloss pairs; nothing else found. The 4 "core" rows tagged cognate:opaque-gloss (decir/poner/traer/tener) are correctly categorized — they link common verbs to their Latin-root English cognates (dictate/pose/tract/tain) even though the direct gloss isn't cognate. Role tier left unchanged.
5e1wj91ui6	unificar	to unify	reference	audit:reviewed	Audit: bulk mechanical pass — checked duplicate headwords (found only legitimate dual cognate/native-word coverage, e.g. liberar=liberate/release), missing/placeholder examples (1 found and fixed separately), and same-example-different-gloss pairs; nothing else found. The 4 "core" rows tagged cognate:opaque-gloss (decir/poner/traer/tener) are correctly categorized — they link common verbs to their Latin-root English cognates (dictate/pose/tract/tain) even though the direct gloss isn't cognate. Role tier left unchanged.
ur8kfuni1s	cuantificar	to quantify	reference	audit:reviewed	Audit: bulk mechanical pass — checked duplicate headwords (found only legitimate dual cognate/native-word coverage, e.g. liberar=liberate/release), missing/placeholder examples (1 found and fixed separately), and same-example-different-gloss pairs; nothing else found. The 4 "core" rows tagged cognate:opaque-gloss (decir/poner/traer/tener) are correctly categorized — they link common verbs to their Latin-root English cognates (dictate/pose/tract/tain) even though the direct gloss isn't cognate. Role tier left unchanged.
v3a51wsgs5	clasificar	to classify	reference	audit:reviewed	Audit: bulk mechanical pass — checked duplicate headwords (found only legitimate dual cognate/native-word coverage, e.g. liberar=liberate/release), missing/placeholder examples (1 found and fixed separately), and same-example-different-gloss pairs; nothing else found. The 4 "core" rows tagged cognate:opaque-gloss (decir/poner/traer/tener) are correctly categorized — they link common verbs to their Latin-root English cognates (dictate/pose/tract/tain) even though the direct gloss isn't cognate. Role tier left unchanged.
uayl1xev1n	simplificar	to simplify	reference	audit:reviewed	Audit: bulk mechanical pass — checked duplicate headwords (found only legitimate dual cognate/native-word coverage, e.g. liberar=liberate/release), missing/placeholder examples (1 found and fixed separately), and same-example-different-gloss pairs; nothing else found. The 4 "core" rows tagged cognate:opaque-gloss (decir/poner/traer/tener) are correctly categorized — they link common verbs to their Latin-root English cognates (dictate/pose/tract/tain) even though the direct gloss isn't cognate. Role tier left unchanged.
gkn28jhn0w	modificar	to modify	reference	audit:reviewed	Audit: bulk mechanical pass — checked duplicate headwords (found only legitimate dual cognate/native-word coverage, e.g. liberar=liberate/release), missing/placeholder examples (1 found and fixed separately), and same-example-different-gloss pairs; nothing else found. The 4 "core" rows tagged cognate:opaque-gloss (decir/poner/traer/tener) are correctly categorized — they link common verbs to their Latin-root English cognates (dictate/pose/tract/tain) even though the direct gloss isn't cognate. Role tier left unchanged.
bgidx11mt2	clarificar	to clarify	reference	audit:reviewed	Audit: bulk mechanical pass — checked duplicate headwords (found only legitimate dual cognate/native-word coverage, e.g. liberar=liberate/release), missing/placeholder examples (1 found and fixed separately), and same-example-different-gloss pairs; nothing else found. The 4 "core" rows tagged cognate:opaque-gloss (decir/poner/traer/tener) are correctly categorized — they link common verbs to their Latin-root English cognates (dictate/pose/tract/tain) even though the direct gloss isn't cognate. Role tier left unchanged.
spi4yvy862	purificar	to purify	reference	audit:reviewed	Audit: bulk mechanical pass — checked duplicate headwords (found only legitimate dual cognate/native-word coverage, e.g. liberar=liberate/release), missing/placeholder examples (1 found and fixed separately), and same-example-different-gloss pairs; nothing else found. The 4 "core" rows tagged cognate:opaque-gloss (decir/poner/traer/tener) are correctly categorized — they link common verbs to their Latin-root English cognates (dictate/pose/tract/tain) even though the direct gloss isn't cognate. Role tier left unchanged.
l99hc4crr3	ignorar	to ignore	supporting	audit:reviewed	Audit: bulk mechanical pass — checked duplicate headwords (found only legitimate dual cognate/native-word coverage, e.g. liberar=liberate/release), missing/placeholder examples (1 found and fixed separately), and same-example-different-gloss pairs; nothing else found. The 4 "core" rows tagged cognate:opaque-gloss (decir/poner/traer/tener) are correctly categorized — they link common verbs to their Latin-root English cognates (dictate/pose/tract/tain) even though the direct gloss isn't cognate. Role tier left unchanged.
6zl0myxp6t	explorar	to explore	supporting	audit:reviewed	Audit: bulk mechanical pass — checked duplicate headwords (found only legitimate dual cognate/native-word coverage, e.g. liberar=liberate/release), missing/placeholder examples (1 found and fixed separately), and same-example-different-gloss pairs; nothing else found. The 4 "core" rows tagged cognate:opaque-gloss (decir/poner/traer/tener) are correctly categorized — they link common verbs to their Latin-root English cognates (dictate/pose/tract/tain) even though the direct gloss isn't cognate. Role tier left unchanged.
noyh1gv4we	restaurar	to restore	reference	audit:reviewed	Audit: bulk mechanical pass — checked duplicate headwords (found only legitimate dual cognate/native-word coverage, e.g. liberar=liberate/release), missing/placeholder examples (1 found and fixed separately), and same-example-different-gloss pairs; nothing else found. The 4 "core" rows tagged cognate:opaque-gloss (decir/poner/traer/tener) are correctly categorized — they link common verbs to their Latin-root English cognates (dictate/pose/tract/tain) even though the direct gloss isn't cognate. Role tier left unchanged.
0r24apl3e1	adorar	to adore	reference	audit:reviewed	Audit: bulk mechanical pass — checked duplicate headwords (found only legitimate dual cognate/native-word coverage, e.g. liberar=liberate/release), missing/placeholder examples (1 found and fixed separately), and same-example-different-gloss pairs; nothing else found. The 4 "core" rows tagged cognate:opaque-gloss (decir/poner/traer/tener) are correctly categorized — they link common verbs to their Latin-root English cognates (dictate/pose/tract/tain) even though the direct gloss isn't cognate. Role tier left unchanged.
feqh05bu0e	implorar	to implore	reference	audit:reviewed	Audit: bulk mechanical pass — checked duplicate headwords (found only legitimate dual cognate/native-word coverage, e.g. liberar=liberate/release), missing/placeholder examples (1 found and fixed separately), and same-example-different-gloss pairs; nothing else found. The 4 "core" rows tagged cognate:opaque-gloss (decir/poner/traer/tener) are correctly categorized — they link common verbs to their Latin-root English cognates (dictate/pose/tract/tain) even though the direct gloss isn't cognate. Role tier left unchanged.
dwu519xf0p	incluir	to include	supporting	audit:reviewed	Audit: bulk mechanical pass — checked duplicate headwords (found only legitimate dual cognate/native-word coverage, e.g. liberar=liberate/release), missing/placeholder examples (1 found and fixed separately), and same-example-different-gloss pairs; nothing else found. The 4 "core" rows tagged cognate:opaque-gloss (decir/poner/traer/tener) are correctly categorized — they link common verbs to their Latin-root English cognates (dictate/pose/tract/tain) even though the direct gloss isn't cognate. Role tier left unchanged.
xklnks32qd	excluir	to exclude	reference	audit:reviewed	Audit: bulk mechanical pass — checked duplicate headwords (found only legitimate dual cognate/native-word coverage, e.g. liberar=liberate/release), missing/placeholder examples (1 found and fixed separately), and same-example-different-gloss pairs; nothing else found. The 4 "core" rows tagged cognate:opaque-gloss (decir/poner/traer/tener) are correctly categorized — they link common verbs to their Latin-root English cognates (dictate/pose/tract/tain) even though the direct gloss isn't cognate. Role tier left unchanged.
pe06lzc5y3	concluir	to conclude	reference	audit:reviewed	Audit: bulk mechanical pass — checked duplicate headwords (found only legitimate dual cognate/native-word coverage, e.g. liberar=liberate/release), missing/placeholder examples (1 found and fixed separately), and same-example-different-gloss pairs; nothing else found. The 4 "core" rows tagged cognate:opaque-gloss (decir/poner/traer/tener) are correctly categorized — they link common verbs to their Latin-root English cognates (dictate/pose/tract/tain) even though the direct gloss isn't cognate. Role tier left unchanged.
919255rvxl	aludir a	to allude to	reference	audit:reviewed	Audit: bulk mechanical pass — checked duplicate headwords (found only legitimate dual cognate/native-word coverage, e.g. liberar=liberate/release), missing/placeholder examples (1 found and fixed separately), and same-example-different-gloss pairs; nothing else found. The 4 "core" rows tagged cognate:opaque-gloss (decir/poner/traer/tener) are correctly categorized — they link common verbs to their Latin-root English cognates (dictate/pose/tract/tain) even though the direct gloss isn't cognate. Role tier left unchanged.
bfazbua3qx	eludir	to elude	reference	audit:reviewed	Audit: bulk mechanical pass — checked duplicate headwords (found only legitimate dual cognate/native-word coverage, e.g. liberar=liberate/release), missing/placeholder examples (1 found and fixed separately), and same-example-different-gloss pairs; nothing else found. The 4 "core" rows tagged cognate:opaque-gloss (decir/poner/traer/tener) are correctly categorized — they link common verbs to their Latin-root English cognates (dictate/pose/tract/tain) even though the direct gloss isn't cognate. Role tier left unchanged.
4u8htj8ocd	inhalar	to inhale	reference	audit:reviewed	Audit: bulk mechanical pass — checked duplicate headwords (found only legitimate dual cognate/native-word coverage, e.g. liberar=liberate/release), missing/placeholder examples (1 found and fixed separately), and same-example-different-gloss pairs; nothing else found. The 4 "core" rows tagged cognate:opaque-gloss (decir/poner/traer/tener) are correctly categorized — they link common verbs to their Latin-root English cognates (dictate/pose/tract/tain) even though the direct gloss isn't cognate. Role tier left unchanged.
qup86o9vnn	exhalar	to exhale	reference	audit:reviewed	Audit: bulk mechanical pass — checked duplicate headwords (found only legitimate dual cognate/native-word coverage, e.g. liberar=liberate/release), missing/placeholder examples (1 found and fixed separately), and same-example-different-gloss pairs; nothing else found. The 4 "core" rows tagged cognate:opaque-gloss (decir/poner/traer/tener) are correctly categorized — they link common verbs to their Latin-root English cognates (dictate/pose/tract/tain) even though the direct gloss isn't cognate. Role tier left unchanged.
t8xl5ujrhi	introducir	to introduce	supporting	audit:reviewed	Audit: bulk mechanical pass — checked duplicate headwords (found only legitimate dual cognate/native-word coverage, e.g. liberar=liberate/release), missing/placeholder examples (1 found and fixed separately), and same-example-different-gloss pairs; nothing else found. The 4 "core" rows tagged cognate:opaque-gloss (decir/poner/traer/tener) are correctly categorized — they link common verbs to their Latin-root English cognates (dictate/pose/tract/tain) even though the direct gloss isn't cognate. Role tier left unchanged.
iwrrtg66rv	producir	to produce	supporting	audit:reviewed	Audit: bulk mechanical pass — checked duplicate headwords (found only legitimate dual cognate/native-word coverage, e.g. liberar=liberate/release), missing/placeholder examples (1 found and fixed separately), and same-example-different-gloss pairs; nothing else found. The 4 "core" rows tagged cognate:opaque-gloss (decir/poner/traer/tener) are correctly categorized — they link common verbs to their Latin-root English cognates (dictate/pose/tract/tain) even though the direct gloss isn't cognate. Role tier left unchanged.
4e8xlbp20p	reducir	to reduce	supporting	audit:reviewed	Audit: bulk mechanical pass — checked duplicate headwords (found only legitimate dual cognate/native-word coverage, e.g. liberar=liberate/release), missing/placeholder examples (1 found and fixed separately), and same-example-different-gloss pairs; nothing else found. The 4 "core" rows tagged cognate:opaque-gloss (decir/poner/traer/tener) are correctly categorized — they link common verbs to their Latin-root English cognates (dictate/pose/tract/tain) even though the direct gloss isn't cognate. Role tier left unchanged.
4w4rj5i3g0	deducir	to deduce	reference	audit:reviewed	Audit: bulk mechanical pass — checked duplicate headwords (found only legitimate dual cognate/native-word coverage, e.g. liberar=liberate/release), missing/placeholder examples (1 found and fixed separately), and same-example-different-gloss pairs; nothing else found. The 4 "core" rows tagged cognate:opaque-gloss (decir/poner/traer/tener) are correctly categorized — they link common verbs to their Latin-root English cognates (dictate/pose/tract/tain) even though the direct gloss isn't cognate. Role tier left unchanged.
ljjs4igbh8	inducir	to induce	reference	audit:reviewed	Audit: bulk mechanical pass — checked duplicate headwords (found only legitimate dual cognate/native-word coverage, e.g. liberar=liberate/release), missing/placeholder examples (1 found and fixed separately), and same-example-different-gloss pairs; nothing else found. The 4 "core" rows tagged cognate:opaque-gloss (decir/poner/traer/tener) are correctly categorized — they link common verbs to their Latin-root English cognates (dictate/pose/tract/tain) even though the direct gloss isn't cognate. Role tier left unchanged.
z0ppej4qej	seducir	to seduce	reference	audit:reviewed	Audit: bulk mechanical pass — checked duplicate headwords (found only legitimate dual cognate/native-word coverage, e.g. liberar=liberate/release), missing/placeholder examples (1 found and fixed separately), and same-example-different-gloss pairs; nothing else found. The 4 "core" rows tagged cognate:opaque-gloss (decir/poner/traer/tener) are correctly categorized — they link common verbs to their Latin-root English cognates (dictate/pose/tract/tain) even though the direct gloss isn't cognate. Role tier left unchanged.
czdf4gnfnp	reproducir	to reproduce	reference	audit:reviewed	Audit: bulk mechanical pass — checked duplicate headwords (found only legitimate dual cognate/native-word coverage, e.g. liberar=liberate/release), missing/placeholder examples (1 found and fixed separately), and same-example-different-gloss pairs; nothing else found. The 4 "core" rows tagged cognate:opaque-gloss (decir/poner/traer/tener) are correctly categorized — they link common verbs to their Latin-root English cognates (dictate/pose/tract/tain) even though the direct gloss isn't cognate. Role tier left unchanged.
t8ze0gyt3p	invitar	to invite	supporting	audit:reviewed	Audit: bulk mechanical pass — checked duplicate headwords (found only legitimate dual cognate/native-word coverage, e.g. liberar=liberate/release), missing/placeholder examples (1 found and fixed separately), and same-example-different-gloss pairs; nothing else found. The 4 "core" rows tagged cognate:opaque-gloss (decir/poner/traer/tener) are correctly categorized — they link common verbs to their Latin-root English cognates (dictate/pose/tract/tain) even though the direct gloss isn't cognate. Role tier left unchanged.
7yc3ljvgss	unir	to unite	reference	audit:reviewed	Audit: bulk mechanical pass — checked duplicate headwords (found only legitimate dual cognate/native-word coverage, e.g. liberar=liberate/release), missing/placeholder examples (1 found and fixed separately), and same-example-different-gloss pairs; nothing else found. The 4 "core" rows tagged cognate:opaque-gloss (decir/poner/traer/tener) are correctly categorized — they link common verbs to their Latin-root English cognates (dictate/pose/tract/tain) even though the direct gloss isn't cognate. Role tier left unchanged.
ull88y8rzv	reunir	to reunite	reference	audit:reviewed	Audit: bulk mechanical pass — checked duplicate headwords (found only legitimate dual cognate/native-word coverage, e.g. liberar=liberate/release), missing/placeholder examples (1 found and fixed separately), and same-example-different-gloss pairs; nothing else found. The 4 "core" rows tagged cognate:opaque-gloss (decir/poner/traer/tener) are correctly categorized — they link common verbs to their Latin-root English cognates (dictate/pose/tract/tain) even though the direct gloss isn't cognate. Role tier left unchanged.
qdcruk7002	citar	to cite	reference	audit:reviewed	Audit: bulk mechanical pass — checked duplicate headwords (found only legitimate dual cognate/native-word coverage, e.g. liberar=liberate/release), missing/placeholder examples (1 found and fixed separately), and same-example-different-gloss pairs; nothing else found. The 4 "core" rows tagged cognate:opaque-gloss (decir/poner/traer/tener) are correctly categorized — they link common verbs to their Latin-root English cognates (dictate/pose/tract/tain) even though the direct gloss isn't cognate. Role tier left unchanged.
teeid30z0y	incitar	to incite	reference	audit:reviewed	Audit: bulk mechanical pass — checked duplicate headwords (found only legitimate dual cognate/native-word coverage, e.g. liberar=liberate/release), missing/placeholder examples (1 found and fixed separately), and same-example-different-gloss pairs; nothing else found. The 4 "core" rows tagged cognate:opaque-gloss (decir/poner/traer/tener) are correctly categorized — they link common verbs to their Latin-root English cognates (dictate/pose/tract/tain) even though the direct gloss isn't cognate. Role tier left unchanged.
3q52q39i7l	recitar	to recite	reference	audit:reviewed	Audit: bulk mechanical pass — checked duplicate headwords (found only legitimate dual cognate/native-word coverage, e.g. liberar=liberate/release), missing/placeholder examples (1 found and fixed separately), and same-example-different-gloss pairs; nothing else found. The 4 "core" rows tagged cognate:opaque-gloss (decir/poner/traer/tener) are correctly categorized — they link common verbs to their Latin-root English cognates (dictate/pose/tract/tain) even though the direct gloss isn't cognate. Role tier left unchanged.
5g4fbayz0u	observar	to observe	reference	audit:reviewed	Audit: bulk mechanical pass — checked duplicate headwords (found only legitimate dual cognate/native-word coverage, e.g. liberar=liberate/release), missing/placeholder examples (1 found and fixed separately), and same-example-different-gloss pairs; nothing else found. The 4 "core" rows tagged cognate:opaque-gloss (decir/poner/traer/tener) are correctly categorized — they link common verbs to their Latin-root English cognates (dictate/pose/tract/tain) even though the direct gloss isn't cognate. Role tier left unchanged.
invu1lmtuw	conservar	to conserve	reference	audit:reviewed	Audit: bulk mechanical pass — checked duplicate headwords (found only legitimate dual cognate/native-word coverage, e.g. liberar=liberate/release), missing/placeholder examples (1 found and fixed separately), and same-example-different-gloss pairs; nothing else found. The 4 "core" rows tagged cognate:opaque-gloss (decir/poner/traer/tener) are correctly categorized — they link common verbs to their Latin-root English cognates (dictate/pose/tract/tain) even though the direct gloss isn't cognate. Role tier left unchanged.
gbkix5lyv6	preservar	to preserve	reference	audit:reviewed	Audit: bulk mechanical pass — checked duplicate headwords (found only legitimate dual cognate/native-word coverage, e.g. liberar=liberate/release), missing/placeholder examples (1 found and fixed separately), and same-example-different-gloss pairs; nothing else found. The 4 "core" rows tagged cognate:opaque-gloss (decir/poner/traer/tener) are correctly categorized — they link common verbs to their Latin-root English cognates (dictate/pose/tract/tain) even though the direct gloss isn't cognate. Role tier left unchanged.
alnivw5ja6	reservar	to reserve	supporting	audit:reviewed	Audit: bulk mechanical pass — checked duplicate headwords (found only legitimate dual cognate/native-word coverage, e.g. liberar=liberate/release), missing/placeholder examples (1 found and fixed separately), and same-example-different-gloss pairs; nothing else found. The 4 "core" rows tagged cognate:opaque-gloss (decir/poner/traer/tener) are correctly categorized — they link common verbs to their Latin-root English cognates (dictate/pose/tract/tain) even though the direct gloss isn't cognate. Role tier left unchanged.
7edrci2tcy	preparar	to prepare	supporting	audit:reviewed	Audit: bulk mechanical pass — checked duplicate headwords (found only legitimate dual cognate/native-word coverage, e.g. liberar=liberate/release), missing/placeholder examples (1 found and fixed separately), and same-example-different-gloss pairs; nothing else found. The 4 "core" rows tagged cognate:opaque-gloss (decir/poner/traer/tener) are correctly categorized — they link common verbs to their Latin-root English cognates (dictate/pose/tract/tain) even though the direct gloss isn't cognate. Role tier left unchanged.
mgdq7n4g99	comparar	to compare	supporting	audit:reviewed	Audit: bulk mechanical pass — checked duplicate headwords (found only legitimate dual cognate/native-word coverage, e.g. liberar=liberate/release), missing/placeholder examples (1 found and fixed separately), and same-example-different-gloss pairs; nothing else found. The 4 "core" rows tagged cognate:opaque-gloss (decir/poner/traer/tener) are correctly categorized — they link common verbs to their Latin-root English cognates (dictate/pose/tract/tain) even though the direct gloss isn't cognate. Role tier left unchanged.
q6rkgiwa5d	declarar	to declare	reference	audit:reviewed	Audit: bulk mechanical pass — checked duplicate headwords (found only legitimate dual cognate/native-word coverage, e.g. liberar=liberate/release), missing/placeholder examples (1 found and fixed separately), and same-example-different-gloss pairs; nothing else found. The 4 "core" rows tagged cognate:opaque-gloss (decir/poner/traer/tener) are correctly categorized — they link common verbs to their Latin-root English cognates (dictate/pose/tract/tain) even though the direct gloss isn't cognate. Role tier left unchanged.
9oke1wki5z	reparar	to repair	supporting	audit:reviewed	Audit: bulk mechanical pass — checked duplicate headwords (found only legitimate dual cognate/native-word coverage, e.g. liberar=liberate/release), missing/placeholder examples (1 found and fixed separately), and same-example-different-gloss pairs; nothing else found. The 4 "core" rows tagged cognate:opaque-gloss (decir/poner/traer/tener) are correctly categorized — they link common verbs to their Latin-root English cognates (dictate/pose/tract/tain) even though the direct gloss isn't cognate. Role tier left unchanged.
3qo4l6ua2u	prohibir	to prohibit	reference	audit:reviewed	Audit: bulk mechanical pass — checked duplicate headwords (found only legitimate dual cognate/native-word coverage, e.g. liberar=liberate/release), missing/placeholder examples (1 found and fixed separately), and same-example-different-gloss pairs; nothing else found. The 4 "core" rows tagged cognate:opaque-gloss (decir/poner/traer/tener) are correctly categorized — they link common verbs to their Latin-root English cognates (dictate/pose/tract/tain) even though the direct gloss isn't cognate. Role tier left unchanged.
hzw88e00ad	exhibir	to exhibit	reference	audit:reviewed	Audit: bulk mechanical pass — checked duplicate headwords (found only legitimate dual cognate/native-word coverage, e.g. liberar=liberate/release), missing/placeholder examples (1 found and fixed separately), and same-example-different-gloss pairs; nothing else found. The 4 "core" rows tagged cognate:opaque-gloss (decir/poner/traer/tener) are correctly categorized — they link common verbs to their Latin-root English cognates (dictate/pose/tract/tain) even though the direct gloss isn't cognate. Role tier left unchanged.
ahkjwrez5w	inhibir	to inhibit	reference	audit:reviewed	Audit: bulk mechanical pass — checked duplicate headwords (found only legitimate dual cognate/native-word coverage, e.g. liberar=liberate/release), missing/placeholder examples (1 found and fixed separately), and same-example-different-gloss pairs; nothing else found. The 4 "core" rows tagged cognate:opaque-gloss (decir/poner/traer/tener) are correctly categorized — they link common verbs to their Latin-root English cognates (dictate/pose/tract/tain) even though the direct gloss isn't cognate. Role tier left unchanged.
xuo5hy2tk4	recibir	to receive	supporting	audit:reviewed	Audit: bulk mechanical pass — checked duplicate headwords (found only legitimate dual cognate/native-word coverage, e.g. liberar=liberate/release), missing/placeholder examples (1 found and fixed separately), and same-example-different-gloss pairs; nothing else found. The 4 "core" rows tagged cognate:opaque-gloss (decir/poner/traer/tener) are correctly categorized — they link common verbs to their Latin-root English cognates (dictate/pose/tract/tain) even though the direct gloss isn't cognate. Role tier left unchanged.
a2ujxq83pk	percibir	to perceive	reference	audit:reviewed	Audit: bulk mechanical pass — checked duplicate headwords (found only legitimate dual cognate/native-word coverage, e.g. liberar=liberate/release), missing/placeholder examples (1 found and fixed separately), and same-example-different-gloss pairs; nothing else found. The 4 "core" rows tagged cognate:opaque-gloss (decir/poner/traer/tener) are correctly categorized — they link common verbs to their Latin-root English cognates (dictate/pose/tract/tain) even though the direct gloss isn't cognate. Role tier left unchanged.
286sjydeon	concebir	to conceive	reference	audit:reviewed	Audit: bulk mechanical pass — checked duplicate headwords (found only legitimate dual cognate/native-word coverage, e.g. liberar=liberate/release), missing/placeholder examples (1 found and fixed separately), and same-example-different-gloss pairs; nothing else found. The 4 "core" rows tagged cognate:opaque-gloss (decir/poner/traer/tener) are correctly categorized — they link common verbs to their Latin-root English cognates (dictate/pose/tract/tain) even though the direct gloss isn't cognate. Role tier left unchanged.
jck1nkdlkp	resolver	to resolve	supporting	audit:reviewed	Audit: bulk mechanical pass — checked duplicate headwords (found only legitimate dual cognate/native-word coverage, e.g. liberar=liberate/release), missing/placeholder examples (1 found and fixed separately), and same-example-different-gloss pairs; nothing else found. The 4 "core" rows tagged cognate:opaque-gloss (decir/poner/traer/tener) are correctly categorized — they link common verbs to their Latin-root English cognates (dictate/pose/tract/tain) even though the direct gloss isn't cognate. Role tier left unchanged.
vuqfy6bg06	disolver	to dissolve	reference	audit:reviewed	Audit: bulk mechanical pass — checked duplicate headwords (found only legitimate dual cognate/native-word coverage, e.g. liberar=liberate/release), missing/placeholder examples (1 found and fixed separately), and same-example-different-gloss pairs; nothing else found. The 4 "core" rows tagged cognate:opaque-gloss (decir/poner/traer/tener) are correctly categorized — they link common verbs to their Latin-root English cognates (dictate/pose/tract/tain) even though the direct gloss isn't cognate. Role tier left unchanged.
55iitmw0d7	absolver	to absolve	reference	audit:reviewed	Audit: bulk mechanical pass — checked duplicate headwords (found only legitimate dual cognate/native-word coverage, e.g. liberar=liberate/release), missing/placeholder examples (1 found and fixed separately), and same-example-different-gloss pairs; nothing else found. The 4 "core" rows tagged cognate:opaque-gloss (decir/poner/traer/tener) are correctly categorized — they link common verbs to their Latin-root English cognates (dictate/pose/tract/tain) even though the direct gloss isn't cognate. Role tier left unchanged.
2y98aummee	sobrevivir	to survive	supporting	audit:reviewed	Audit: bulk mechanical pass — checked duplicate headwords (found only legitimate dual cognate/native-word coverage, e.g. liberar=liberate/release), missing/placeholder examples (1 found and fixed separately), and same-example-different-gloss pairs; nothing else found. The 4 "core" rows tagged cognate:opaque-gloss (decir/poner/traer/tener) are correctly categorized — they link common verbs to their Latin-root English cognates (dictate/pose/tract/tain) even though the direct gloss isn't cognate. Role tier left unchanged.
v6l6ujop47	revivir	to revive	reference	audit:reviewed	Audit: bulk mechanical pass — checked duplicate headwords (found only legitimate dual cognate/native-word coverage, e.g. liberar=liberate/release), missing/placeholder examples (1 found and fixed separately), and same-example-different-gloss pairs; nothing else found. The 4 "core" rows tagged cognate:opaque-gloss (decir/poner/traer/tener) are correctly categorized — they link common verbs to their Latin-root English cognates (dictate/pose/tract/tain) even though the direct gloss isn't cognate. Role tier left unchanged.
ph4y9pkwf1	derivar	to derive	reference	audit:reviewed	Audit: bulk mechanical pass — checked duplicate headwords (found only legitimate dual cognate/native-word coverage, e.g. liberar=liberate/release), missing/placeholder examples (1 found and fixed separately), and same-example-different-gloss pairs; nothing else found. The 4 "core" rows tagged cognate:opaque-gloss (decir/poner/traer/tener) are correctly categorized — they link common verbs to their Latin-root English cognates (dictate/pose/tract/tain) even though the direct gloss isn't cognate. Role tier left unchanged.
6vrwq0uujo	privar de	to deprive of	reference	audit:reviewed	Audit: bulk mechanical pass — checked duplicate headwords (found only legitimate dual cognate/native-word coverage, e.g. liberar=liberate/release), missing/placeholder examples (1 found and fixed separately), and same-example-different-gloss pairs; nothing else found. The 4 "core" rows tagged cognate:opaque-gloss (decir/poner/traer/tener) are correctly categorized — they link common verbs to their Latin-root English cognates (dictate/pose/tract/tain) even though the direct gloss isn't cognate. Role tier left unchanged.
ph8exwfohx	sugerir	to suggest	supporting	audit:reviewed	Audit: bulk mechanical pass — checked duplicate headwords (found only legitimate dual cognate/native-word coverage, e.g. liberar=liberate/release), missing/placeholder examples (1 found and fixed separately), and same-example-different-gloss pairs; nothing else found. The 4 "core" rows tagged cognate:opaque-gloss (decir/poner/traer/tener) are correctly categorized — they link common verbs to their Latin-root English cognates (dictate/pose/tract/tain) even though the direct gloss isn't cognate. Role tier left unchanged.
gqqod0k0fl	digerir	to digest	reference	audit:reviewed	Audit: bulk mechanical pass — checked duplicate headwords (found only legitimate dual cognate/native-word coverage, e.g. liberar=liberate/release), missing/placeholder examples (1 found and fixed separately), and same-example-different-gloss pairs; nothing else found. The 4 "core" rows tagged cognate:opaque-gloss (decir/poner/traer/tener) are correctly categorized — they link common verbs to their Latin-root English cognates (dictate/pose/tract/tain) even though the direct gloss isn't cognate. Role tier left unchanged.
6hc9qj9an6	ingerir	to ingest	reference	audit:reviewed	Audit: bulk mechanical pass — checked duplicate headwords (found only legitimate dual cognate/native-word coverage, e.g. liberar=liberate/release), missing/placeholder examples (1 found and fixed separately), and same-example-different-gloss pairs; nothing else found. The 4 "core" rows tagged cognate:opaque-gloss (decir/poner/traer/tener) are correctly categorized — they link common verbs to their Latin-root English cognates (dictate/pose/tract/tain) even though the direct gloss isn't cognate. Role tier left unchanged.
zz361ii5vv	atraer	to attract	supporting	audit:reviewed	Audit: bulk mechanical pass — checked duplicate headwords (found only legitimate dual cognate/native-word coverage, e.g. liberar=liberate/release), missing/placeholder examples (1 found and fixed separately), and same-example-different-gloss pairs; nothing else found. The 4 "core" rows tagged cognate:opaque-gloss (decir/poner/traer/tener) are correctly categorized — they link common verbs to their Latin-root English cognates (dictate/pose/tract/tain) even though the direct gloss isn't cognate. Role tier left unchanged.
4rbp4wgwso	distraer	to distract	reference	audit:reviewed	Audit: bulk mechanical pass — checked duplicate headwords (found only legitimate dual cognate/native-word coverage, e.g. liberar=liberate/release), missing/placeholder examples (1 found and fixed separately), and same-example-different-gloss pairs; nothing else found. The 4 "core" rows tagged cognate:opaque-gloss (decir/poner/traer/tener) are correctly categorized — they link common verbs to their Latin-root English cognates (dictate/pose/tract/tain) even though the direct gloss isn't cognate. Role tier left unchanged.
905ihja4zo	extraer	to extract	reference	audit:reviewed	Audit: bulk mechanical pass — checked duplicate headwords (found only legitimate dual cognate/native-word coverage, e.g. liberar=liberate/release), missing/placeholder examples (1 found and fixed separately), and same-example-different-gloss pairs; nothing else found. The 4 "core" rows tagged cognate:opaque-gloss (decir/poner/traer/tener) are correctly categorized — they link common verbs to their Latin-root English cognates (dictate/pose/tract/tain) even though the direct gloss isn't cognate. Role tier left unchanged.
p4scw97v1h	contraer	to contract	reference	audit:reviewed	Audit: bulk mechanical pass — checked duplicate headwords (found only legitimate dual cognate/native-word coverage, e.g. liberar=liberate/release), missing/placeholder examples (1 found and fixed separately), and same-example-different-gloss pairs; nothing else found. The 4 "core" rows tagged cognate:opaque-gloss (decir/poner/traer/tener) are correctly categorized — they link common verbs to their Latin-root English cognates (dictate/pose/tract/tain) even though the direct gloss isn't cognate. Role tier left unchanged.
208ry1ffqk	sustraer	to subtract	reference	audit:reviewed	Audit: bulk mechanical pass — checked duplicate headwords (found only legitimate dual cognate/native-word coverage, e.g. liberar=liberate/release), missing/placeholder examples (1 found and fixed separately), and same-example-different-gloss pairs; nothing else found. The 4 "core" rows tagged cognate:opaque-gloss (decir/poner/traer/tener) are correctly categorized — they link common verbs to their Latin-root English cognates (dictate/pose/tract/tain) even though the direct gloss isn't cognate. Role tier left unchanged.
j0h2wd9lh8	contactar	to contact	supporting	audit:reviewed	Audit: bulk mechanical pass — checked duplicate headwords (found only legitimate dual cognate/native-word coverage, e.g. liberar=liberate/release), missing/placeholder examples (1 found and fixed separately), and same-example-different-gloss pairs; nothing else found. The 4 "core" rows tagged cognate:opaque-gloss (decir/poner/traer/tener) are correctly categorized — they link common verbs to their Latin-root English cognates (dictate/pose/tract/tain) even though the direct gloss isn't cognate. Role tier left unchanged.
z9ytm2qbqw	impactar	to impact	reference	audit:reviewed	Audit: bulk mechanical pass — checked duplicate headwords (found only legitimate dual cognate/native-word coverage, e.g. liberar=liberate/release), missing/placeholder examples (1 found and fixed separately), and same-example-different-gloss pairs; nothing else found. The 4 "core" rows tagged cognate:opaque-gloss (decir/poner/traer/tener) are correctly categorized — they link common verbs to their Latin-root English cognates (dictate/pose/tract/tain) even though the direct gloss isn't cognate. Role tier left unchanged.
752sk009k3	actuar	to act	supporting	audit:reviewed	Audit: bulk mechanical pass — checked duplicate headwords (found only legitimate dual cognate/native-word coverage, e.g. liberar=liberate/release), missing/placeholder examples (1 found and fixed separately), and same-example-different-gloss pairs; nothing else found. The 4 "core" rows tagged cognate:opaque-gloss (decir/poner/traer/tener) are correctly categorized — they link common verbs to their Latin-root English cognates (dictate/pose/tract/tain) even though the direct gloss isn't cognate. Role tier left unchanged.
49q4uk89ud	reaccionar	to react	supporting	audit:reviewed	Audit: bulk mechanical pass — checked duplicate headwords (found only legitimate dual cognate/native-word coverage, e.g. liberar=liberate/release), missing/placeholder examples (1 found and fixed separately), and same-example-different-gloss pairs; nothing else found. The 4 "core" rows tagged cognate:opaque-gloss (decir/poner/traer/tener) are correctly categorized — they link common verbs to their Latin-root English cognates (dictate/pose/tract/tain) even though the direct gloss isn't cognate. Role tier left unchanged.
qhthbncgk7	interactuar	to interact	reference	audit:reviewed	Audit: bulk mechanical pass — checked duplicate headwords (found only legitimate dual cognate/native-word coverage, e.g. liberar=liberate/release), missing/placeholder examples (1 found and fixed separately), and same-example-different-gloss pairs; nothing else found. The 4 "core" rows tagged cognate:opaque-gloss (decir/poner/traer/tener) are correctly categorized — they link common verbs to their Latin-root English cognates (dictate/pose/tract/tain) even though the direct gloss isn't cognate. Role tier left unchanged.
98sen5xp7y	comprender	to comprehend	reference	audit:reviewed	Audit: bulk mechanical pass — checked duplicate headwords (found only legitimate dual cognate/native-word coverage, e.g. liberar=liberate/release), missing/placeholder examples (1 found and fixed separately), and same-example-different-gloss pairs; nothing else found. The 4 "core" rows tagged cognate:opaque-gloss (decir/poner/traer/tener) are correctly categorized — they link common verbs to their Latin-root English cognates (dictate/pose/tract/tain) even though the direct gloss isn't cognate. Role tier left unchanged.
9nxtl23uza	aprehender	to apprehend	reference	audit:reviewed	Audit: bulk mechanical pass — checked duplicate headwords (found only legitimate dual cognate/native-word coverage, e.g. liberar=liberate/release), missing/placeholder examples (1 found and fixed separately), and same-example-different-gloss pairs; nothing else found. The 4 "core" rows tagged cognate:opaque-gloss (decir/poner/traer/tener) are correctly categorized — they link common verbs to their Latin-root English cognates (dictate/pose/tract/tain) even though the direct gloss isn't cognate. Role tier left unchanged.
4yf8ijcj19	comprimir	to compress	reference	audit:reviewed	Audit: bulk mechanical pass — checked duplicate headwords (found only legitimate dual cognate/native-word coverage, e.g. liberar=liberate/release), missing/placeholder examples (1 found and fixed separately), and same-example-different-gloss pairs; nothing else found. The 4 "core" rows tagged cognate:opaque-gloss (decir/poner/traer/tener) are correctly categorized — they link common verbs to their Latin-root English cognates (dictate/pose/tract/tain) even though the direct gloss isn't cognate. Role tier left unchanged.
nk0a8snhq8	reprimir	to repress	reference	audit:reviewed	Audit: bulk mechanical pass — checked duplicate headwords (found only legitimate dual cognate/native-word coverage, e.g. liberar=liberate/release), missing/placeholder examples (1 found and fixed separately), and same-example-different-gloss pairs; nothing else found. The 4 "core" rows tagged cognate:opaque-gloss (decir/poner/traer/tener) are correctly categorized — they link common verbs to their Latin-root English cognates (dictate/pose/tract/tain) even though the direct gloss isn't cognate. Role tier left unchanged.
a3bhdljvih	suprimir	to suppress	reference	audit:reviewed	Audit: bulk mechanical pass — checked duplicate headwords (found only legitimate dual cognate/native-word coverage, e.g. liberar=liberate/release), missing/placeholder examples (1 found and fixed separately), and same-example-different-gloss pairs; nothing else found. The 4 "core" rows tagged cognate:opaque-gloss (decir/poner/traer/tener) are correctly categorized — they link common verbs to their Latin-root English cognates (dictate/pose/tract/tain) even though the direct gloss isn't cognate. Role tier left unchanged.
dfw51tn4hy	expresar	to express	supporting	audit:reviewed	Audit: bulk mechanical pass — checked duplicate headwords (found only legitimate dual cognate/native-word coverage, e.g. liberar=liberate/release), missing/placeholder examples (1 found and fixed separately), and same-example-different-gloss pairs; nothing else found. The 4 "core" rows tagged cognate:opaque-gloss (decir/poner/traer/tener) are correctly categorized — they link common verbs to their Latin-root English cognates (dictate/pose/tract/tain) even though the direct gloss isn't cognate. Role tier left unchanged.
o3l6oubtj6	conceder	to concede	reference	audit:reviewed	Audit: bulk mechanical pass — checked duplicate headwords (found only legitimate dual cognate/native-word coverage, e.g. liberar=liberate/release), missing/placeholder examples (1 found and fixed separately), and same-example-different-gloss pairs; nothing else found. The 4 "core" rows tagged cognate:opaque-gloss (decir/poner/traer/tener) are correctly categorized — they link common verbs to their Latin-root English cognates (dictate/pose/tract/tain) even though the direct gloss isn't cognate. Role tier left unchanged.
xltdt2bpq9	preceder	to precede	reference	audit:reviewed	Audit: bulk mechanical pass — checked duplicate headwords (found only legitimate dual cognate/native-word coverage, e.g. liberar=liberate/release), missing/placeholder examples (1 found and fixed separately), and same-example-different-gloss pairs; nothing else found. The 4 "core" rows tagged cognate:opaque-gloss (decir/poner/traer/tener) are correctly categorized — they link common verbs to their Latin-root English cognates (dictate/pose/tract/tain) even though the direct gloss isn't cognate. Role tier left unchanged.
zb1r0lavqo	exceder	to exceed	reference	audit:reviewed	Audit: bulk mechanical pass — checked duplicate headwords (found only legitimate dual cognate/native-word coverage, e.g. liberar=liberate/release), missing/placeholder examples (1 found and fixed separately), and same-example-different-gloss pairs; nothing else found. The 4 "core" rows tagged cognate:opaque-gloss (decir/poner/traer/tener) are correctly categorized — they link common verbs to their Latin-root English cognates (dictate/pose/tract/tain) even though the direct gloss isn't cognate. Role tier left unchanged.
ihevpwrjl9	proceder	to proceed	reference	audit:reviewed	Audit: bulk mechanical pass — checked duplicate headwords (found only legitimate dual cognate/native-word coverage, e.g. liberar=liberate/release), missing/placeholder examples (1 found and fixed separately), and same-example-different-gloss pairs; nothing else found. The 4 "core" rows tagged cognate:opaque-gloss (decir/poner/traer/tener) are correctly categorized — they link common verbs to their Latin-root English cognates (dictate/pose/tract/tain) even though the direct gloss isn't cognate. Role tier left unchanged.
hyjsumzen7	convertir	to convert	supporting	audit:reviewed	Audit: bulk mechanical pass — checked duplicate headwords (found only legitimate dual cognate/native-word coverage, e.g. liberar=liberate/release), missing/placeholder examples (1 found and fixed separately), and same-example-different-gloss pairs; nothing else found. The 4 "core" rows tagged cognate:opaque-gloss (decir/poner/traer/tener) are correctly categorized — they link common verbs to their Latin-root English cognates (dictate/pose/tract/tain) even though the direct gloss isn't cognate. Role tier left unchanged.
bwkdp2bsi4	revertir	to revert	reference	audit:reviewed	Audit: bulk mechanical pass — checked duplicate headwords (found only legitimate dual cognate/native-word coverage, e.g. liberar=liberate/release), missing/placeholder examples (1 found and fixed separately), and same-example-different-gloss pairs; nothing else found. The 4 "core" rows tagged cognate:opaque-gloss (decir/poner/traer/tener) are correctly categorized — they link common verbs to their Latin-root English cognates (dictate/pose/tract/tain) even though the direct gloss isn't cognate. Role tier left unchanged.
vmofgr1p4a	invertir	to invert	reference	audit:reviewed	Audit: bulk mechanical pass — checked duplicate headwords (found only legitimate dual cognate/native-word coverage, e.g. liberar=liberate/release), missing/placeholder examples (1 found and fixed separately), and same-example-different-gloss pairs; nothing else found. The 4 "core" rows tagged cognate:opaque-gloss (decir/poner/traer/tener) are correctly categorized — they link common verbs to their Latin-root English cognates (dictate/pose/tract/tain) even though the direct gloss isn't cognate. Role tier left unchanged.
19v3shosi9	corregir	to correct	supporting	audit:reviewed	Audit: bulk mechanical pass — checked duplicate headwords (found only legitimate dual cognate/native-word coverage, e.g. liberar=liberate/release), missing/placeholder examples (1 found and fixed separately), and same-example-different-gloss pairs; nothing else found. The 4 "core" rows tagged cognate:opaque-gloss (decir/poner/traer/tener) are correctly categorized — they link common verbs to their Latin-root English cognates (dictate/pose/tract/tain) even though the direct gloss isn't cognate. Role tier left unchanged.
3sxzs54o8t	dirigir	to direct	supporting	audit:reviewed	Audit: bulk mechanical pass — checked duplicate headwords (found only legitimate dual cognate/native-word coverage, e.g. liberar=liberate/release), missing/placeholder examples (1 found and fixed separately), and same-example-different-gloss pairs; nothing else found. The 4 "core" rows tagged cognate:opaque-gloss (decir/poner/traer/tener) are correctly categorized — they link common verbs to their Latin-root English cognates (dictate/pose/tract/tain) even though the direct gloss isn't cognate. Role tier left unchanged.
mjvhe37ien	elegir	to elect	reference	audit:reviewed	Audit: bulk mechanical pass — checked duplicate headwords (found only legitimate dual cognate/native-word coverage, e.g. liberar=liberate/release), missing/placeholder examples (1 found and fixed separately), and same-example-different-gloss pairs; nothing else found. The 4 "core" rows tagged cognate:opaque-gloss (decir/poner/traer/tener) are correctly categorized — they link common verbs to their Latin-root English cognates (dictate/pose/tract/tain) even though the direct gloss isn't cognate. Role tier left unchanged.
u2q8wxrslu	proteger	to protect	supporting	audit:reviewed	Audit: bulk mechanical pass — checked duplicate headwords (found only legitimate dual cognate/native-word coverage, e.g. liberar=liberate/release), missing/placeholder examples (1 found and fixed separately), and same-example-different-gloss pairs; nothing else found. The 4 "core" rows tagged cognate:opaque-gloss (decir/poner/traer/tener) are correctly categorized — they link common verbs to their Latin-root English cognates (dictate/pose/tract/tain) even though the direct gloss isn't cognate. Role tier left unchanged.
ay52qg5p32	erigir	to erect	reference	audit:reviewed	Audit: bulk mechanical pass — checked duplicate headwords (found only legitimate dual cognate/native-word coverage, e.g. liberar=liberate/release), missing/placeholder examples (1 found and fixed separately), and same-example-different-gloss pairs; nothing else found. The 4 "core" rows tagged cognate:opaque-gloss (decir/poner/traer/tener) are correctly categorized — they link common verbs to their Latin-root English cognates (dictate/pose/tract/tain) even though the direct gloss isn't cognate. Role tier left unchanged.
wre5v1rrgt	conectar	to connect	supporting	audit:reviewed	Audit: bulk mechanical pass — checked duplicate headwords (found only legitimate dual cognate/native-word coverage, e.g. liberar=liberate/release), missing/placeholder examples (1 found and fixed separately), and same-example-different-gloss pairs; nothing else found. The 4 "core" rows tagged cognate:opaque-gloss (decir/poner/traer/tener) are correctly categorized — they link common verbs to their Latin-root English cognates (dictate/pose/tract/tain) even though the direct gloss isn't cognate. Role tier left unchanged.
sieanaw5b9	detectar	to detect	reference	audit:reviewed	Audit: bulk mechanical pass — checked duplicate headwords (found only legitimate dual cognate/native-word coverage, e.g. liberar=liberate/release), missing/placeholder examples (1 found and fixed separately), and same-example-different-gloss pairs; nothing else found. The 4 "core" rows tagged cognate:opaque-gloss (decir/poner/traer/tener) are correctly categorized — they link common verbs to their Latin-root English cognates (dictate/pose/tract/tain) even though the direct gloss isn't cognate. Role tier left unchanged.
0weozcxz12	proyectar	to project	reference	audit:reviewed	Audit: bulk mechanical pass — checked duplicate headwords (found only legitimate dual cognate/native-word coverage, e.g. liberar=liberate/release), missing/placeholder examples (1 found and fixed separately), and same-example-different-gloss pairs; nothing else found. The 4 "core" rows tagged cognate:opaque-gloss (decir/poner/traer/tener) are correctly categorized — they link common verbs to their Latin-root English cognates (dictate/pose/tract/tain) even though the direct gloss isn't cognate. Role tier left unchanged.
crnaqu05jw	perfeccionar	to perfect	reference	audit:reviewed	Audit: bulk mechanical pass — checked duplicate headwords (found only legitimate dual cognate/native-word coverage, e.g. liberar=liberate/release), missing/placeholder examples (1 found and fixed separately), and same-example-different-gloss pairs; nothing else found. The 4 "core" rows tagged cognate:opaque-gloss (decir/poner/traer/tener) are correctly categorized — they link common verbs to their Latin-root English cognates (dictate/pose/tract/tain) even though the direct gloss isn't cognate. Role tier left unchanged.
u9hxahpvn8	coleccionar	to collect	reference	audit:reviewed	Audit: bulk mechanical pass — checked duplicate headwords (found only legitimate dual cognate/native-word coverage, e.g. liberar=liberate/release), missing/placeholder examples (1 found and fixed separately), and same-example-different-gloss pairs; nothing else found. The 4 "core" rows tagged cognate:opaque-gloss (decir/poner/traer/tener) are correctly categorized — they link common verbs to their Latin-root English cognates (dictate/pose/tract/tain) even though the direct gloss isn't cognate. Role tier left unchanged.
w5ymlrexk6	inspeccionar	to inspect	reference	audit:reviewed	Audit: bulk mechanical pass — checked duplicate headwords (found only legitimate dual cognate/native-word coverage, e.g. liberar=liberate/release), missing/placeholder examples (1 found and fixed separately), and same-example-different-gloss pairs; nothing else found. The 4 "core" rows tagged cognate:opaque-gloss (decir/poner/traer/tener) are correctly categorized — they link common verbs to their Latin-root English cognates (dictate/pose/tract/tain) even though the direct gloss isn't cognate. Role tier left unchanged.
3scspzwt5d	instruir	to instruct	reference	audit:reviewed	Audit: bulk mechanical pass — checked duplicate headwords (found only legitimate dual cognate/native-word coverage, e.g. liberar=liberate/release), missing/placeholder examples (1 found and fixed separately), and same-example-different-gloss pairs; nothing else found. The 4 "core" rows tagged cognate:opaque-gloss (decir/poner/traer/tener) are correctly categorized — they link common verbs to their Latin-root English cognates (dictate/pose/tract/tain) even though the direct gloss isn't cognate. Role tier left unchanged.
n0v5y8wx0o	construir	to construct	reference	audit:reviewed	Audit: bulk mechanical pass — checked duplicate headwords (found only legitimate dual cognate/native-word coverage, e.g. liberar=liberate/release), missing/placeholder examples (1 found and fixed separately), and same-example-different-gloss pairs; nothing else found. The 4 "core" rows tagged cognate:opaque-gloss (decir/poner/traer/tener) are correctly categorized — they link common verbs to their Latin-root English cognates (dictate/pose/tract/tain) even though the direct gloss isn't cognate. Role tier left unchanged.
sz6kj23n5m	reconstruir	to reconstruct	reference	audit:reviewed	Audit: bulk mechanical pass — checked duplicate headwords (found only legitimate dual cognate/native-word coverage, e.g. liberar=liberate/release), missing/placeholder examples (1 found and fixed separately), and same-example-different-gloss pairs; nothing else found. The 4 "core" rows tagged cognate:opaque-gloss (decir/poner/traer/tener) are correctly categorized — they link common verbs to their Latin-root English cognates (dictate/pose/tract/tain) even though the direct gloss isn't cognate. Role tier left unchanged.
hbbltk5r4f	obstruir	to obstruct	reference	audit:reviewed	Audit: bulk mechanical pass — checked duplicate headwords (found only legitimate dual cognate/native-word coverage, e.g. liberar=liberate/release), missing/placeholder examples (1 found and fixed separately), and same-example-different-gloss pairs; nothing else found. The 4 "core" rows tagged cognate:opaque-gloss (decir/poner/traer/tener) are correctly categorized — they link common verbs to their Latin-root English cognates (dictate/pose/tract/tain) even though the direct gloss isn't cognate. Role tier left unchanged.
q6nk7om8xl	obtener	to obtain	supporting	audit:reviewed	Audit: bulk mechanical pass — checked duplicate headwords (found only legitimate dual cognate/native-word coverage, e.g. liberar=liberate/release), missing/placeholder examples (1 found and fixed separately), and same-example-different-gloss pairs; nothing else found. The 4 "core" rows tagged cognate:opaque-gloss (decir/poner/traer/tener) are correctly categorized — they link common verbs to their Latin-root English cognates (dictate/pose/tract/tain) even though the direct gloss isn't cognate. Role tier left unchanged.
jbffg23epm	mantener	to maintain	supporting	audit:reviewed	Audit: bulk mechanical pass — checked duplicate headwords (found only legitimate dual cognate/native-word coverage, e.g. liberar=liberate/release), missing/placeholder examples (1 found and fixed separately), and same-example-different-gloss pairs; nothing else found. The 4 "core" rows tagged cognate:opaque-gloss (decir/poner/traer/tener) are correctly categorized — they link common verbs to their Latin-root English cognates (dictate/pose/tract/tain) even though the direct gloss isn't cognate. Role tier left unchanged.
nxk7dtjdpe	sostener	to sustain	reference	audit:reviewed	Audit: bulk mechanical pass — checked duplicate headwords (found only legitimate dual cognate/native-word coverage, e.g. liberar=liberate/release), missing/placeholder examples (1 found and fixed separately), and same-example-different-gloss pairs; nothing else found. The 4 "core" rows tagged cognate:opaque-gloss (decir/poner/traer/tener) are correctly categorized — they link common verbs to their Latin-root English cognates (dictate/pose/tract/tain) even though the direct gloss isn't cognate. Role tier left unchanged.
nk60yb6f9o	contener	to contain	supporting	audit:reviewed	Audit: bulk mechanical pass — checked duplicate headwords (found only legitimate dual cognate/native-word coverage, e.g. liberar=liberate/release), missing/placeholder examples (1 found and fixed separately), and same-example-different-gloss pairs; nothing else found. The 4 "core" rows tagged cognate:opaque-gloss (decir/poner/traer/tener) are correctly categorized — they link common verbs to their Latin-root English cognates (dictate/pose/tract/tain) even though the direct gloss isn't cognate. Role tier left unchanged.
mpxfwjh99r	retener	to retain	reference	audit:reviewed	Audit: bulk mechanical pass — checked duplicate headwords (found only legitimate dual cognate/native-word coverage, e.g. liberar=liberate/release), missing/placeholder examples (1 found and fixed separately), and same-example-different-gloss pairs; nothing else found. The 4 "core" rows tagged cognate:opaque-gloss (decir/poner/traer/tener) are correctly categorized — they link common verbs to their Latin-root English cognates (dictate/pose/tract/tain) even though the direct gloss isn't cognate. Role tier left unchanged.
3lzsofawpo	explicar	to explain	supporting	audit:reviewed	Audit: bulk mechanical pass — checked duplicate headwords (found only legitimate dual cognate/native-word coverage, e.g. liberar=liberate/release), missing/placeholder examples (1 found and fixed separately), and same-example-different-gloss pairs; nothing else found. The 4 "core" rows tagged cognate:opaque-gloss (decir/poner/traer/tener) are correctly categorized — they link common verbs to their Latin-root English cognates (dictate/pose/tract/tain) even though the direct gloss isn't cognate. Role tier left unchanged.
u1njnze2ss	detener	to detain	reference	audit:reviewed	Audit: bulk mechanical pass — checked duplicate headwords (found only legitimate dual cognate/native-word coverage, e.g. liberar=liberate/release), missing/placeholder examples (1 found and fixed separately), and same-example-different-gloss pairs; nothing else found. The 4 "core" rows tagged cognate:opaque-gloss (decir/poner/traer/tener) are correctly categorized — they link common verbs to their Latin-root English cognates (dictate/pose/tract/tain) even though the direct gloss isn't cognate. Role tier left unchanged.
dpp6pujrc4	entretener	to entertain	reference	audit:reviewed	Audit: bulk mechanical pass — checked duplicate headwords (found only legitimate dual cognate/native-word coverage, e.g. liberar=liberate/release), missing/placeholder examples (1 found and fixed separately), and same-example-different-gloss pairs; nothing else found. The 4 "core" rows tagged cognate:opaque-gloss (decir/poner/traer/tener) are correctly categorized — they link common verbs to their Latin-root English cognates (dictate/pose/tract/tain) even though the direct gloss isn't cognate. Role tier left unchanged.
mvddgib5ti	abstenerse	to abstain	reference	audit:reviewed	Audit: bulk mechanical pass — checked duplicate headwords (found only legitimate dual cognate/native-word coverage, e.g. liberar=liberate/release), missing/placeholder examples (1 found and fixed separately), and same-example-different-gloss pairs; nothing else found. The 4 "core" rows tagged cognate:opaque-gloss (decir/poner/traer/tener) are correctly categorized — they link common verbs to their Latin-root English cognates (dictate/pose/tract/tain) even though the direct gloss isn't cognate. Role tier left unchanged.
p0b6bsx2vd	ocurrir	to occur	supporting	audit:reviewed	Audit: bulk mechanical pass — checked duplicate headwords (found only legitimate dual cognate/native-word coverage, e.g. liberar=liberate/release), missing/placeholder examples (1 found and fixed separately), and same-example-different-gloss pairs; nothing else found. The 4 "core" rows tagged cognate:opaque-gloss (decir/poner/traer/tener) are correctly categorized — they link common verbs to their Latin-root English cognates (dictate/pose/tract/tain) even though the direct gloss isn't cognate. Role tier left unchanged.
zuvh5lsd8u	incurrir en	to incur	reference	audit:reviewed	Audit: bulk mechanical pass — checked duplicate headwords (found only legitimate dual cognate/native-word coverage, e.g. liberar=liberate/release), missing/placeholder examples (1 found and fixed separately), and same-example-different-gloss pairs; nothing else found. The 4 "core" rows tagged cognate:opaque-gloss (decir/poner/traer/tener) are correctly categorized — they link common verbs to their Latin-root English cognates (dictate/pose/tract/tain) even though the direct gloss isn't cognate. Role tier left unchanged.
4fc2kcqip3	proponer	to propose	reference	audit:reviewed	Audit: bulk mechanical pass — checked duplicate headwords (found only legitimate dual cognate/native-word coverage, e.g. liberar=liberate/release), missing/placeholder examples (1 found and fixed separately), and same-example-different-gloss pairs; nothing else found. The 4 "core" rows tagged cognate:opaque-gloss (decir/poner/traer/tener) are correctly categorized — they link common verbs to their Latin-root English cognates (dictate/pose/tract/tain) even though the direct gloss isn't cognate. Role tier left unchanged.
g05qdfu47y	oponerse	to oppose	reference	audit:reviewed	Audit: bulk mechanical pass — checked duplicate headwords (found only legitimate dual cognate/native-word coverage, e.g. liberar=liberate/release), missing/placeholder examples (1 found and fixed separately), and same-example-different-gloss pairs; nothing else found. The 4 "core" rows tagged cognate:opaque-gloss (decir/poner/traer/tener) are correctly categorized — they link common verbs to their Latin-root English cognates (dictate/pose/tract/tain) even though the direct gloss isn't cognate. Role tier left unchanged.
mt3fyxp4nv	exponer	to expose	reference	audit:reviewed	Audit: bulk mechanical pass — checked duplicate headwords (found only legitimate dual cognate/native-word coverage, e.g. liberar=liberate/release), missing/placeholder examples (1 found and fixed separately), and same-example-different-gloss pairs; nothing else found. The 4 "core" rows tagged cognate:opaque-gloss (decir/poner/traer/tener) are correctly categorized — they link common verbs to their Latin-root English cognates (dictate/pose/tract/tain) even though the direct gloss isn't cognate. Role tier left unchanged.
x2avxaorkd	suponer	to suppose	supporting	audit:reviewed	Audit: bulk mechanical pass — checked duplicate headwords (found only legitimate dual cognate/native-word coverage, e.g. liberar=liberate/release), missing/placeholder examples (1 found and fixed separately), and same-example-different-gloss pairs; nothing else found. The 4 "core" rows tagged cognate:opaque-gloss (decir/poner/traer/tener) are correctly categorized — they link common verbs to their Latin-root English cognates (dictate/pose/tract/tain) even though the direct gloss isn't cognate. Role tier left unchanged.
qta6ei3b67	componer	to compose	reference	audit:reviewed	Audit: bulk mechanical pass — checked duplicate headwords (found only legitimate dual cognate/native-word coverage, e.g. liberar=liberate/release), missing/placeholder examples (1 found and fixed separately), and same-example-different-gloss pairs; nothing else found. The 4 "core" rows tagged cognate:opaque-gloss (decir/poner/traer/tener) are correctly categorized — they link common verbs to their Latin-root English cognates (dictate/pose/tract/tain) even though the direct gloss isn't cognate. Role tier left unchanged.
inf9g9dmd7	imponer	to impose	reference	audit:reviewed	Audit: bulk mechanical pass — checked duplicate headwords (found only legitimate dual cognate/native-word coverage, e.g. liberar=liberate/release), missing/placeholder examples (1 found and fixed separately), and same-example-different-gloss pairs; nothing else found. The 4 "core" rows tagged cognate:opaque-gloss (decir/poner/traer/tener) are correctly categorized — they link common verbs to their Latin-root English cognates (dictate/pose/tract/tain) even though the direct gloss isn't cognate. Role tier left unchanged.
3x6gdy36k9	deponer	to depose	reference	audit:reviewed	Audit: bulk mechanical pass — checked duplicate headwords (found only legitimate dual cognate/native-word coverage, e.g. liberar=liberate/release), missing/placeholder examples (1 found and fixed separately), and same-example-different-gloss pairs; nothing else found. The 4 "core" rows tagged cognate:opaque-gloss (decir/poner/traer/tener) are correctly categorized — they link common verbs to their Latin-root English cognates (dictate/pose/tract/tain) even though the direct gloss isn't cognate. Role tier left unchanged.
cencbpbbei	interponer	to interpose	reference	audit:reviewed	Audit: bulk mechanical pass — checked duplicate headwords (found only legitimate dual cognate/native-word coverage, e.g. liberar=liberate/release), missing/placeholder examples (1 found and fixed separately), and same-example-different-gloss pairs; nothing else found. The 4 "core" rows tagged cognate:opaque-gloss (decir/poner/traer/tener) are correctly categorized — they link common verbs to their Latin-root English cognates (dictate/pose/tract/tain) even though the direct gloss isn't cognate. Role tier left unchanged.
fktf9mepcn	predisponer	to predispose	reference	audit:reviewed	Audit: bulk mechanical pass — checked duplicate headwords (found only legitimate dual cognate/native-word coverage, e.g. liberar=liberate/release), missing/placeholder examples (1 found and fixed separately), and same-example-different-gloss pairs; nothing else found. The 4 "core" rows tagged cognate:opaque-gloss (decir/poner/traer/tener) are correctly categorized — they link common verbs to their Latin-root English cognates (dictate/pose/tract/tain) even though the direct gloss isn't cognate. Role tier left unchanged.
q4hcooj6w7	admirar	to admire	supporting	audit:reviewed	Audit: bulk mechanical pass — checked duplicate headwords (found only legitimate dual cognate/native-word coverage, e.g. liberar=liberate/release), missing/placeholder examples (1 found and fixed separately), and same-example-different-gloss pairs; nothing else found. The 4 "core" rows tagged cognate:opaque-gloss (decir/poner/traer/tener) are correctly categorized — they link common verbs to their Latin-root English cognates (dictate/pose/tract/tain) even though the direct gloss isn't cognate. Role tier left unchanged.
hh62oet6li	inspirar	to inspire	supporting	audit:reviewed	Audit: bulk mechanical pass — checked duplicate headwords (found only legitimate dual cognate/native-word coverage, e.g. liberar=liberate/release), missing/placeholder examples (1 found and fixed separately), and same-example-different-gloss pairs; nothing else found. The 4 "core" rows tagged cognate:opaque-gloss (decir/poner/traer/tener) are correctly categorized — they link common verbs to their Latin-root English cognates (dictate/pose/tract/tain) even though the direct gloss isn't cognate. Role tier left unchanged.
f8vxtpc7m8	adquirir	to acquire	reference	audit:reviewed	Audit: bulk mechanical pass — checked duplicate headwords (found only legitimate dual cognate/native-word coverage, e.g. liberar=liberate/release), missing/placeholder examples (1 found and fixed separately), and same-example-different-gloss pairs; nothing else found. The 4 "core" rows tagged cognate:opaque-gloss (decir/poner/traer/tener) are correctly categorized — they link common verbs to their Latin-root English cognates (dictate/pose/tract/tain) even though the direct gloss isn't cognate. Role tier left unchanged.
j7ecz0bqjs	requerir	to require	supporting	audit:reviewed	Audit: bulk mechanical pass — checked duplicate headwords (found only legitimate dual cognate/native-word coverage, e.g. liberar=liberate/release), missing/placeholder examples (1 found and fixed separately), and same-example-different-gloss pairs; nothing else found. The 4 "core" rows tagged cognate:opaque-gloss (decir/poner/traer/tener) are correctly categorized — they link common verbs to their Latin-root English cognates (dictate/pose/tract/tain) even though the direct gloss isn't cognate. Role tier left unchanged.
ggkqe82rdu	retirarse	to retire	reference	audit:reviewed	Audit: bulk mechanical pass — checked duplicate headwords (found only legitimate dual cognate/native-word coverage, e.g. liberar=liberate/release), missing/placeholder examples (1 found and fixed separately), and same-example-different-gloss pairs; nothing else found. The 4 "core" rows tagged cognate:opaque-gloss (decir/poner/traer/tener) are correctly categorized — they link common verbs to their Latin-root English cognates (dictate/pose/tract/tain) even though the direct gloss isn't cognate. Role tier left unchanged.
2y6u1mwiqm	expirar	to expire	reference	audit:reviewed	Audit: bulk mechanical pass — checked duplicate headwords (found only legitimate dual cognate/native-word coverage, e.g. liberar=liberate/release), missing/placeholder examples (1 found and fixed separately), and same-example-different-gloss pairs; nothing else found. The 4 "core" rows tagged cognate:opaque-gloss (decir/poner/traer/tener) are correctly categorized — they link common verbs to their Latin-root English cognates (dictate/pose/tract/tain) even though the direct gloss isn't cognate. Role tier left unchanged.
ukwulq0hup	aspirar a	to aspire to	reference	audit:reviewed	Audit: bulk mechanical pass — checked duplicate headwords (found only legitimate dual cognate/native-word coverage, e.g. liberar=liberate/release), missing/placeholder examples (1 found and fixed separately), and same-example-different-gloss pairs; nothing else found. The 4 "core" rows tagged cognate:opaque-gloss (decir/poner/traer/tener) are correctly categorized — they link common verbs to their Latin-root English cognates (dictate/pose/tract/tain) even though the direct gloss isn't cognate. Role tier left unchanged.
mpao4yhv55	conspirar	to conspire	reference	audit:reviewed	Audit: bulk mechanical pass — checked duplicate headwords (found only legitimate dual cognate/native-word coverage, e.g. liberar=liberate/release), missing/placeholder examples (1 found and fixed separately), and same-example-different-gloss pairs; nothing else found. The 4 "core" rows tagged cognate:opaque-gloss (decir/poner/traer/tener) are correctly categorized — they link common verbs to their Latin-root English cognates (dictate/pose/tract/tain) even though the direct gloss isn't cognate. Role tier left unchanged.
piqic5esem	continuar	to continue	supporting	audit:reviewed	Audit: bulk mechanical pass — checked duplicate headwords (found only legitimate dual cognate/native-word coverage, e.g. liberar=liberate/release), missing/placeholder examples (1 found and fixed separately), and same-example-different-gloss pairs; nothing else found. The 4 "core" rows tagged cognate:opaque-gloss (decir/poner/traer/tener) are correctly categorized — they link common verbs to their Latin-root English cognates (dictate/pose/tract/tain) even though the direct gloss isn't cognate. Role tier left unchanged.
kklu7hedoy	valorar	to value	supporting	audit:reviewed	Audit: bulk mechanical pass — checked duplicate headwords (found only legitimate dual cognate/native-word coverage, e.g. liberar=liberate/release), missing/placeholder examples (1 found and fixed separately), and same-example-different-gloss pairs; nothing else found. The 4 "core" rows tagged cognate:opaque-gloss (decir/poner/traer/tener) are correctly categorized — they link common verbs to their Latin-root English cognates (dictate/pose/tract/tain) even though the direct gloss isn't cognate. Role tier left unchanged.
00igen7v9s	subvalorar	to undervalue	reference	audit:reviewed	Audit: bulk mechanical pass — checked duplicate headwords (found only legitimate dual cognate/native-word coverage, e.g. liberar=liberate/release), missing/placeholder examples (1 found and fixed separately), and same-example-different-gloss pairs; nothing else found. The 4 "core" rows tagged cognate:opaque-gloss (decir/poner/traer/tener) are correctly categorized — they link common verbs to their Latin-root English cognates (dictate/pose/tract/tain) even though the direct gloss isn't cognate. Role tier left unchanged.
mo3m4rjpyo	sobrevalorar	to overvalue	reference	audit:reviewed	Audit: bulk mechanical pass — checked duplicate headwords (found only legitimate dual cognate/native-word coverage, e.g. liberar=liberate/release), missing/placeholder examples (1 found and fixed separately), and same-example-different-gloss pairs; nothing else found. The 4 "core" rows tagged cognate:opaque-gloss (decir/poner/traer/tener) are correctly categorized — they link common verbs to their Latin-root English cognates (dictate/pose/tract/tain) even though the direct gloss isn't cognate. Role tier left unchanged.
349woeqgw3	devaluar	to devalue	reference	audit:reviewed	Audit: bulk mechanical pass — checked duplicate headwords (found only legitimate dual cognate/native-word coverage, e.g. liberar=liberate/release), missing/placeholder examples (1 found and fixed separately), and same-example-different-gloss pairs; nothing else found. The 4 "core" rows tagged cognate:opaque-gloss (decir/poner/traer/tener) are correctly categorized — they link common verbs to their Latin-root English cognates (dictate/pose/tract/tain) even though the direct gloss isn't cognate. Role tier left unchanged.
pud3q68taq	revaluar	to revalue	reference	audit:reviewed	Audit: bulk mechanical pass — checked duplicate headwords (found only legitimate dual cognate/native-word coverage, e.g. liberar=liberate/release), missing/placeholder examples (1 found and fixed separately), and same-example-different-gloss pairs; nothing else found. The 4 "core" rows tagged cognate:opaque-gloss (decir/poner/traer/tener) are correctly categorized — they link common verbs to their Latin-root English cognates (dictate/pose/tract/tain) even though the direct gloss isn't cognate. Role tier left unchanged.
6mkt3ys5cc	abolir	to abolish	reference	audit:reviewed	Audit: bulk mechanical pass — checked duplicate headwords (found only legitimate dual cognate/native-word coverage, e.g. liberar=liberate/release), missing/placeholder examples (1 found and fixed separately), and same-example-different-gloss pairs; nothing else found. The 4 "core" rows tagged cognate:opaque-gloss (decir/poner/traer/tener) are correctly categorized — they link common verbs to their Latin-root English cognates (dictate/pose/tract/tain) even though the direct gloss isn't cognate. Role tier left unchanged.
tjn9t0zmm4	pulir	to polish	reference	audit:reviewed	Audit: bulk mechanical pass — checked duplicate headwords (found only legitimate dual cognate/native-word coverage, e.g. liberar=liberate/release), missing/placeholder examples (1 found and fixed separately), and same-example-different-gloss pairs; nothing else found. The 4 "core" rows tagged cognate:opaque-gloss (decir/poner/traer/tener) are correctly categorized — they link common verbs to their Latin-root English cognates (dictate/pose/tract/tain) even though the direct gloss isn't cognate. Role tier left unchanged.
3tel071upm	distinguir	to distinguish	reference	audit:reviewed	Audit: bulk mechanical pass — checked duplicate headwords (found only legitimate dual cognate/native-word coverage, e.g. liberar=liberate/release), missing/placeholder examples (1 found and fixed separately), and same-example-different-gloss pairs; nothing else found. The 4 "core" rows tagged cognate:opaque-gloss (decir/poner/traer/tener) are correctly categorized — they link common verbs to their Latin-root English cognates (dictate/pose/tract/tain) even though the direct gloss isn't cognate. Role tier left unchanged.
azzxq4wu4n	extinguir	to extinguish	reference	audit:reviewed	Audit: bulk mechanical pass — checked duplicate headwords (found only legitimate dual cognate/native-word coverage, e.g. liberar=liberate/release), missing/placeholder examples (1 found and fixed separately), and same-example-different-gloss pairs; nothing else found. The 4 "core" rows tagged cognate:opaque-gloss (decir/poner/traer/tener) are correctly categorized — they link common verbs to their Latin-root English cognates (dictate/pose/tract/tain) even though the direct gloss isn't cognate. Role tier left unchanged.
ggyjh7g2dw	establecer	to establish	supporting	audit:reviewed	Audit: bulk mechanical pass — checked duplicate headwords (found only legitimate dual cognate/native-word coverage, e.g. liberar=liberate/release), missing/placeholder examples (1 found and fixed separately), and same-example-different-gloss pairs; nothing else found. The 4 "core" rows tagged cognate:opaque-gloss (decir/poner/traer/tener) are correctly categorized — they link common verbs to their Latin-root English cognates (dictate/pose/tract/tain) even though the direct gloss isn't cognate. Role tier left unchanged.
90thzh7p12	demoler	to demolish	reference	audit:reviewed	Audit: bulk mechanical pass — checked duplicate headwords (found only legitimate dual cognate/native-word coverage, e.g. liberar=liberate/release), missing/placeholder examples (1 found and fixed separately), and same-example-different-gloss pairs; nothing else found. The 4 "core" rows tagged cognate:opaque-gloss (decir/poner/traer/tener) are correctly categorized — they link common verbs to their Latin-root English cognates (dictate/pose/tract/tain) even though the direct gloss isn't cognate. Role tier left unchanged.
id9rfte04s	florecer	to flourish	reference	audit:reviewed	Audit: bulk mechanical pass — checked duplicate headwords (found only legitimate dual cognate/native-word coverage, e.g. liberar=liberate/release), missing/placeholder examples (1 found and fixed separately), and same-example-different-gloss pairs; nothing else found. The 4 "core" rows tagged cognate:opaque-gloss (decir/poner/traer/tener) are correctly categorized — they link common verbs to their Latin-root English cognates (dictate/pose/tract/tain) even though the direct gloss isn't cognate. Role tier left unchanged.
im3warqgr0	publicar	to publish	supporting	audit:reviewed	Audit: bulk mechanical pass — checked duplicate headwords (found only legitimate dual cognate/native-word coverage, e.g. liberar=liberate/release), missing/placeholder examples (1 found and fixed separately), and same-example-different-gloss pairs; nothing else found. The 4 "core" rows tagged cognate:opaque-gloss (decir/poner/traer/tener) are correctly categorized — they link common verbs to their Latin-root English cognates (dictate/pose/tract/tain) even though the direct gloss isn't cognate. Role tier left unchanged.
z0t602y5w0	estudiar	to study	supporting	audit:reviewed	Audit: bulk mechanical pass — checked duplicate headwords (found only legitimate dual cognate/native-word coverage, e.g. liberar=liberate/release), missing/placeholder examples (1 found and fixed separately), and same-example-different-gloss pairs; nothing else found. The 4 "core" rows tagged cognate:opaque-gloss (decir/poner/traer/tener) are correctly categorized — they link common verbs to their Latin-root English cognates (dictate/pose/tract/tain) even though the direct gloss isn't cognate. Role tier left unchanged.
rr7hwdqvpq	entrenar	to train	supporting	audit:reviewed	Audit: bulk mechanical pass — checked duplicate headwords (found only legitimate dual cognate/native-word coverage, e.g. liberar=liberate/release), missing/placeholder examples (1 found and fixed separately), and same-example-different-gloss pairs; nothing else found. The 4 "core" rows tagged cognate:opaque-gloss (decir/poner/traer/tener) are correctly categorized — they link common verbs to their Latin-root English cognates (dictate/pose/tract/tain) even though the direct gloss isn't cognate. Role tier left unchanged.
u22ptddek2	espiar	to spy	reference	audit:reviewed	Audit: bulk mechanical pass — checked duplicate headwords (found only legitimate dual cognate/native-word coverage, e.g. liberar=liberate/release), missing/placeholder examples (1 found and fixed separately), and same-example-different-gloss pairs; nothing else found. The 4 "core" rows tagged cognate:opaque-gloss (decir/poner/traer/tener) are correctly categorized — they link common verbs to their Latin-root English cognates (dictate/pose/tract/tain) even though the direct gloss isn't cognate. Role tier left unchanged.
y4vzfsns1u	escanear	to scan	supporting	audit:reviewed	Audit: bulk mechanical pass — checked duplicate headwords (found only legitimate dual cognate/native-word coverage, e.g. liberar=liberate/release), missing/placeholder examples (1 found and fixed separately), and same-example-different-gloss pairs; nothing else found. The 4 "core" rows tagged cognate:opaque-gloss (decir/poner/traer/tener) are correctly categorized — they link common verbs to their Latin-root English cognates (dictate/pose/tract/tain) even though the direct gloss isn't cognate. Role tier left unchanged.
dm6zd12erf	incrementar	to increase	supporting	audit:reviewed	Audit: bulk mechanical pass — checked duplicate headwords (found only legitimate dual cognate/native-word coverage, e.g. liberar=liberate/release), missing/placeholder examples (1 found and fixed separately), and same-example-different-gloss pairs; nothing else found. The 4 "core" rows tagged cognate:opaque-gloss (decir/poner/traer/tener) are correctly categorized — they link common verbs to their Latin-root English cognates (dictate/pose/tract/tain) even though the direct gloss isn't cognate. Role tier left unchanged.
fyldm4hx88	decrementar	to decrease	reference	audit:reviewed	Audit: bulk mechanical pass — checked duplicate headwords (found only legitimate dual cognate/native-word coverage, e.g. liberar=liberate/release), missing/placeholder examples (1 found and fixed separately), and same-example-different-gloss pairs; nothing else found. The 4 "core" rows tagged cognate:opaque-gloss (decir/poner/traer/tener) are correctly categorized — they link common verbs to their Latin-root English cognates (dictate/pose/tract/tain) even though the direct gloss isn't cognate. Role tier left unchanged.
3m6jm8uts6	liberar	to release	supporting	audit:reviewed	Audit: bulk mechanical pass — checked duplicate headwords (found only legitimate dual cognate/native-word coverage, e.g. liberar=liberate/release), missing/placeholder examples (1 found and fixed separately), and same-example-different-gloss pairs; nothing else found. The 4 "core" rows tagged cognate:opaque-gloss (decir/poner/traer/tener) are correctly categorized — they link common verbs to their Latin-root English cognates (dictate/pose/tract/tain) even though the direct gloss isn't cognate. Role tier left unchanged.
vnrarozvhe	cesar	to cease	reference	audit:reviewed	Audit: bulk mechanical pass — checked duplicate headwords (found only legitimate dual cognate/native-word coverage, e.g. liberar=liberate/release), missing/placeholder examples (1 found and fixed separately), and same-example-different-gloss pairs; nothing else found. The 4 "core" rows tagged cognate:opaque-gloss (decir/poner/traer/tener) are correctly categorized — they link common verbs to their Latin-root English cognates (dictate/pose/tract/tain) even though the direct gloss isn't cognate. Role tier left unchanged.
ut0poxmq1d	practicar	to practice	supporting	audit:reviewed	Audit: bulk mechanical pass — checked duplicate headwords (found only legitimate dual cognate/native-word coverage, e.g. liberar=liberate/release), missing/placeholder examples (1 found and fixed separately), and same-example-different-gloss pairs; nothing else found. The 4 "core" rows tagged cognate:opaque-gloss (decir/poner/traer/tener) are correctly categorized — they link common verbs to their Latin-root English cognates (dictate/pose/tract/tain) even though the direct gloss isn't cognate. Role tier left unchanged.
2hq1d8gi4c	notar	to notice	supporting	audit:reviewed	Audit: bulk mechanical pass — checked duplicate headwords (found only legitimate dual cognate/native-word coverage, e.g. liberar=liberate/release), missing/placeholder examples (1 found and fixed separately), and same-example-different-gloss pairs; nothing else found. The 4 "core" rows tagged cognate:opaque-gloss (decir/poner/traer/tener) are correctly categorized — they link common verbs to their Latin-root English cognates (dictate/pose/tract/tain) even though the direct gloss isn't cognate. Role tier left unchanged.
awo387st2o	prometer	to promise	supporting	audit:reviewed	Audit: bulk mechanical pass — checked duplicate headwords (found only legitimate dual cognate/native-word coverage, e.g. liberar=liberate/release), missing/placeholder examples (1 found and fixed separately), and same-example-different-gloss pairs; nothing else found. The 4 "core" rows tagged cognate:opaque-gloss (decir/poner/traer/tener) are correctly categorized — they link common verbs to their Latin-root English cognates (dictate/pose/tract/tain) even though the direct gloss isn't cognate. Role tier left unchanged.
lhqwt7vhxe	sacrificar	to sacrifice	reference	audit:reviewed	Audit: bulk mechanical pass — checked duplicate headwords (found only legitimate dual cognate/native-word coverage, e.g. liberar=liberate/release), missing/placeholder examples (1 found and fixed separately), and same-example-different-gloss pairs; nothing else found. The 4 "core" rows tagged cognate:opaque-gloss (decir/poner/traer/tener) are correctly categorized — they link common verbs to their Latin-root English cognates (dictate/pose/tract/tain) even though the direct gloss isn't cognate. Role tier left unchanged.
1nm2wdol3n	terminar	to finish	supporting	audit:reviewed	Audit: bulk mechanical pass — checked duplicate headwords (found only legitimate dual cognate/native-word coverage, e.g. liberar=liberate/release), missing/placeholder examples (1 found and fixed separately), and same-example-different-gloss pairs; nothing else found. The 4 "core" rows tagged cognate:opaque-gloss (decir/poner/traer/tener) are correctly categorized — they link common verbs to their Latin-root English cognates (dictate/pose/tract/tain) even though the direct gloss isn't cognate. Role tier left unchanged.
f5l6clhdf8	castigar	to punish	reference	audit:reviewed	Audit: bulk mechanical pass — checked duplicate headwords (found only legitimate dual cognate/native-word coverage, e.g. liberar=liberate/release), missing/placeholder examples (1 found and fixed separately), and same-example-different-gloss pairs; nothing else found. The 4 "core" rows tagged cognate:opaque-gloss (decir/poner/traer/tener) are correctly categorized — they link common verbs to their Latin-root English cognates (dictate/pose/tract/tain) even though the direct gloss isn't cognate. Role tier left unchanged.
l12jegmf94	disminuir	to diminish	reference	audit:reviewed	Audit: bulk mechanical pass — checked duplicate headwords (found only legitimate dual cognate/native-word coverage, e.g. liberar=liberate/release), missing/placeholder examples (1 found and fixed separately), and same-example-different-gloss pairs; nothing else found. The 4 "core" rows tagged cognate:opaque-gloss (decir/poner/traer/tener) are correctly categorized — they link common verbs to their Latin-root English cognates (dictate/pose/tract/tain) even though the direct gloss isn't cognate. Role tier left unchanged.
avla9wxl8x	barnizar	to varnish	reference	audit:reviewed	Audit: bulk mechanical pass — checked duplicate headwords (found only legitimate dual cognate/native-word coverage, e.g. liberar=liberate/release), missing/placeholder examples (1 found and fixed separately), and same-example-different-gloss pairs; nothing else found. The 4 "core" rows tagged cognate:opaque-gloss (decir/poner/traer/tener) are correctly categorized — they link common verbs to their Latin-root English cognates (dictate/pose/tract/tain) even though the direct gloss isn't cognate. Role tier left unchanged.
svksm10h8x	usar	to use	supporting	audit:reviewed	Audit: bulk mechanical pass — checked duplicate headwords (found only legitimate dual cognate/native-word coverage, e.g. liberar=liberate/release), missing/placeholder examples (1 found and fixed separately), and same-example-different-gloss pairs; nothing else found. The 4 "core" rows tagged cognate:opaque-gloss (decir/poner/traer/tener) are correctly categorized — they link common verbs to their Latin-root English cognates (dictate/pose/tract/tain) even though the direct gloss isn't cognate. Role tier left unchanged.
04f7x5sjwc	excusar	to excuse	supporting	audit:reviewed	Audit: bulk mechanical pass — checked duplicate headwords (found only legitimate dual cognate/native-word coverage, e.g. liberar=liberate/release), missing/placeholder examples (1 found and fixed separately), and same-example-different-gloss pairs; nothing else found. The 4 "core" rows tagged cognate:opaque-gloss (decir/poner/traer/tener) are correctly categorized — they link common verbs to their Latin-root English cognates (dictate/pose/tract/tain) even though the direct gloss isn't cognate. Role tier left unchanged.
t7xdhmoj13	acusar	to accuse	reference	audit:reviewed	Audit: bulk mechanical pass — checked duplicate headwords (found only legitimate dual cognate/native-word coverage, e.g. liberar=liberate/release), missing/placeholder examples (1 found and fixed separately), and same-example-different-gloss pairs; nothing else found. The 4 "core" rows tagged cognate:opaque-gloss (decir/poner/traer/tener) are correctly categorized — they link common verbs to their Latin-root English cognates (dictate/pose/tract/tain) even though the direct gloss isn't cognate. Role tier left unchanged.
3xlw2zhcdr	confundir	to confuse	supporting	audit:reviewed	Audit: bulk mechanical pass — checked duplicate headwords (found only legitimate dual cognate/native-word coverage, e.g. liberar=liberate/release), missing/placeholder examples (1 found and fixed separately), and same-example-different-gloss pairs; nothing else found. The 4 "core" rows tagged cognate:opaque-gloss (decir/poner/traer/tener) are correctly categorized — they link common verbs to their Latin-root English cognates (dictate/pose/tract/tain) even though the direct gloss isn't cognate. Role tier left unchanged.
pltwlpitcz	rehusar	to refuse	reference	audit:reviewed	Audit: bulk mechanical pass — checked duplicate headwords (found only legitimate dual cognate/native-word coverage, e.g. liberar=liberate/release), missing/placeholder examples (1 found and fixed separately), and same-example-different-gloss pairs; nothing else found. The 4 "core" rows tagged cognate:opaque-gloss (decir/poner/traer/tener) are correctly categorized — they link common verbs to their Latin-root English cognates (dictate/pose/tract/tain) even though the direct gloss isn't cognate. Role tier left unchanged.
67xfwgpbci	abusar de	to abuse	reference	audit:reviewed	Audit: bulk mechanical pass — checked duplicate headwords (found only legitimate dual cognate/native-word coverage, e.g. liberar=liberate/release), missing/placeholder examples (1 found and fixed separately), and same-example-different-gloss pairs; nothing else found. The 4 "core" rows tagged cognate:opaque-gloss (decir/poner/traer/tener) are correctly categorized — they link common verbs to their Latin-root English cognates (dictate/pose/tract/tain) even though the direct gloss isn't cognate. Role tier left unchanged.
j6008tp8dx	consignar	to transfer	reference	audit:reviewed	Audit: bulk mechanical pass — checked duplicate headwords (found only legitimate dual cognate/native-word coverage, e.g. liberar=liberate/release), missing/placeholder examples (1 found and fixed separately), and same-example-different-gloss pairs; nothing else found. The 4 "core" rows tagged cognate:opaque-gloss (decir/poner/traer/tener) are correctly categorized — they link common verbs to their Latin-root English cognates (dictate/pose/tract/tain) even though the direct gloss isn't cognate. Role tier left unchanged.
qrdegrts3w	construir	to build	reference	audit:reviewed	Audit: bulk mechanical pass — checked duplicate headwords (found only legitimate dual cognate/native-word coverage, e.g. liberar=liberate/release), missing/placeholder examples (1 found and fixed separately), and same-example-different-gloss pairs; nothing else found. The 4 "core" rows tagged cognate:opaque-gloss (decir/poner/traer/tener) are correctly categorized — they link common verbs to their Latin-root English cognates (dictate/pose/tract/tain) even though the direct gloss isn't cognate. Role tier left unchanged.
29il3kxdpo	reconstruir	to rebuild	reference	audit:reviewed	Audit: bulk mechanical pass — checked duplicate headwords (found only legitimate dual cognate/native-word coverage, e.g. liberar=liberate/release), missing/placeholder examples (1 found and fixed separately), and same-example-different-gloss pairs; nothing else found. The 4 "core" rows tagged cognate:opaque-gloss (decir/poner/traer/tener) are correctly categorized — they link common verbs to their Latin-root English cognates (dictate/pose/tract/tain) even though the direct gloss isn't cognate. Role tier left unchanged.
3bbmjt77uh	rechazar	to refuse	reference	audit:reviewed	Audit: bulk mechanical pass — checked duplicate headwords (found only legitimate dual cognate/native-word coverage, e.g. liberar=liberate/release), missing/placeholder examples (1 found and fixed separately), and same-example-different-gloss pairs; nothing else found. The 4 "core" rows tagged cognate:opaque-gloss (decir/poner/traer/tener) are correctly categorized — they link common verbs to their Latin-root English cognates (dictate/pose/tract/tain) even though the direct gloss isn't cognate. Role tier left unchanged.
