4ou8sxbjxk	[pasado] burn	burned	reference	audit:reviewed	Audit: bulk mechanical pass over the Past-Tense & Past-Participle Formation page — checked duplicate headwords (all legitimate American/British or regular/irregular spelling-variant pairs, e.g. burned/burnt, dreamed/dreamt, proved/proven) and missing/placeholder examples; none of the latter found. Role tier left unchanged.
w5jumzobua	[participio] burn	burned	reference	audit:reviewed	Audit: bulk mechanical pass over the Past-Tense & Past-Participle Formation page — checked duplicate headwords (all legitimate American/British or regular/irregular spelling-variant pairs, e.g. burned/burnt, dreamed/dreamt, proved/proven) and missing/placeholder examples; none of the latter found. Role tier left unchanged.
spsm9r8vyb	[pasado] clothe	clothed	reference	audit:reviewed	Audit: bulk mechanical pass over the Past-Tense & Past-Participle Formation page — checked duplicate headwords (all legitimate American/British or regular/irregular spelling-variant pairs, e.g. burned/burnt, dreamed/dreamt, proved/proven) and missing/placeholder examples; none of the latter found. Role tier left unchanged.
xpnywfr939	[participio] clothe	clothed	reference	audit:reviewed	Audit: bulk mechanical pass over the Past-Tense & Past-Participle Formation page — checked duplicate headwords (all legitimate American/British or regular/irregular spelling-variant pairs, e.g. burned/burnt, dreamed/dreamt, proved/proven) and missing/placeholder examples; none of the latter found. Role tier left unchanged.
msi48xyv0q	[pasado] dive	dived	reference	audit:reviewed	Audit: bulk mechanical pass over the Past-Tense & Past-Participle Formation page — checked duplicate headwords (all legitimate American/British or regular/irregular spelling-variant pairs, e.g. burned/burnt, dreamed/dreamt, proved/proven) and missing/placeholder examples; none of the latter found. Role tier left unchanged.
gkinlwurxm	[participio] dive	dived	reference	audit:reviewed	Audit: bulk mechanical pass over the Past-Tense & Past-Participle Formation page — checked duplicate headwords (all legitimate American/British or regular/irregular spelling-variant pairs, e.g. burned/burnt, dreamed/dreamt, proved/proven) and missing/placeholder examples; none of the latter found. Role tier left unchanged.
y1b6i0a0r9	[pasado] dream	dreamed	reference	audit:reviewed	Audit: bulk mechanical pass over the Past-Tense & Past-Participle Formation page — checked duplicate headwords (all legitimate American/British or regular/irregular spelling-variant pairs, e.g. burned/burnt, dreamed/dreamt, proved/proven) and missing/placeholder examples; none of the latter found. Role tier left unchanged.
in3djophq4	[participio] dream	dreamed	reference	audit:reviewed	Audit: bulk mechanical pass over the Past-Tense & Past-Participle Formation page — checked duplicate headwords (all legitimate American/British or regular/irregular spelling-variant pairs, e.g. burned/burnt, dreamed/dreamt, proved/proven) and missing/placeholder examples; none of the latter found. Role tier left unchanged.
s72csld91t	[pasado] hang	hanged	reference	audit:reviewed	Audit: bulk mechanical pass over the Past-Tense & Past-Participle Formation page — checked duplicate headwords (all legitimate American/British or regular/irregular spelling-variant pairs, e.g. burned/burnt, dreamed/dreamt, proved/proven) and missing/placeholder examples; none of the latter found. Role tier left unchanged.
5ig0y87gzs	[participio] hang	hanged	reference	audit:reviewed	Audit: bulk mechanical pass over the Past-Tense & Past-Participle Formation page — checked duplicate headwords (all legitimate American/British or regular/irregular spelling-variant pairs, e.g. burned/burnt, dreamed/dreamt, proved/proven) and missing/placeholder examples; none of the latter found. Role tier left unchanged.
32syierhkp	[pasado] kneel	kneeled	reference	audit:reviewed	Audit: bulk mechanical pass over the Past-Tense & Past-Participle Formation page — checked duplicate headwords (all legitimate American/British or regular/irregular spelling-variant pairs, e.g. burned/burnt, dreamed/dreamt, proved/proven) and missing/placeholder examples; none of the latter found. Role tier left unchanged.
4lh6kbhnv2	[participio] kneel	kneeled	reference	audit:reviewed	Audit: bulk mechanical pass over the Past-Tense & Past-Participle Formation page — checked duplicate headwords (all legitimate American/British or regular/irregular spelling-variant pairs, e.g. burned/burnt, dreamed/dreamt, proved/proven) and missing/placeholder examples; none of the latter found. Role tier left unchanged.
w0p74y9naa	[pasado] lean	leaned	reference	audit:reviewed	Audit: bulk mechanical pass over the Past-Tense & Past-Participle Formation page — checked duplicate headwords (all legitimate American/British or regular/irregular spelling-variant pairs, e.g. burned/burnt, dreamed/dreamt, proved/proven) and missing/placeholder examples; none of the latter found. Role tier left unchanged.
fhpmbsbpaw	[participio] lean	leaned	reference	audit:reviewed	Audit: bulk mechanical pass over the Past-Tense & Past-Participle Formation page — checked duplicate headwords (all legitimate American/British or regular/irregular spelling-variant pairs, e.g. burned/burnt, dreamed/dreamt, proved/proven) and missing/placeholder examples; none of the latter found. Role tier left unchanged.
3ykv4stp4a	[pasado] learn	learned	reference	audit:reviewed	Audit: bulk mechanical pass over the Past-Tense & Past-Participle Formation page — checked duplicate headwords (all legitimate American/British or regular/irregular spelling-variant pairs, e.g. burned/burnt, dreamed/dreamt, proved/proven) and missing/placeholder examples; none of the latter found. Role tier left unchanged.
04poz5wtji	[participio] learn	learned	reference	audit:reviewed	Audit: bulk mechanical pass over the Past-Tense & Past-Participle Formation page — checked duplicate headwords (all legitimate American/British or regular/irregular spelling-variant pairs, e.g. burned/burnt, dreamed/dreamt, proved/proven) and missing/placeholder examples; none of the latter found. Role tier left unchanged.
b1ncaq30tj	[pasado] mow	mowed	reference	audit:reviewed	Audit: bulk mechanical pass over the Past-Tense & Past-Participle Formation page — checked duplicate headwords (all legitimate American/British or regular/irregular spelling-variant pairs, e.g. burned/burnt, dreamed/dreamt, proved/proven) and missing/placeholder examples; none of the latter found. Role tier left unchanged.
z0fa35yjx9	[participio] mow	mowed	reference	audit:reviewed	Audit: bulk mechanical pass over the Past-Tense & Past-Participle Formation page — checked duplicate headwords (all legitimate American/British or regular/irregular spelling-variant pairs, e.g. burned/burnt, dreamed/dreamt, proved/proven) and missing/placeholder examples; none of the latter found. Role tier left unchanged.
a52hbmvqbe	[pasado] prove	proved	reference	audit:reviewed	Audit: bulk mechanical pass over the Past-Tense & Past-Participle Formation page — checked duplicate headwords (all legitimate American/British or regular/irregular spelling-variant pairs, e.g. burned/burnt, dreamed/dreamt, proved/proven) and missing/placeholder examples; none of the latter found. Role tier left unchanged.
3vmu206qps	[participio] prove	proved	reference	audit:reviewed	Audit: bulk mechanical pass over the Past-Tense & Past-Participle Formation page — checked duplicate headwords (all legitimate American/British or regular/irregular spelling-variant pairs, e.g. burned/burnt, dreamed/dreamt, proved/proven) and missing/placeholder examples; none of the latter found. Role tier left unchanged.
yz9g9ykdb9	[pasado] sew	sewed	reference	audit:reviewed	Audit: bulk mechanical pass over the Past-Tense & Past-Participle Formation page — checked duplicate headwords (all legitimate American/British or regular/irregular spelling-variant pairs, e.g. burned/burnt, dreamed/dreamt, proved/proven) and missing/placeholder examples; none of the latter found. Role tier left unchanged.
lxvwbr6d7x	[participio] sew	sewed	reference	audit:reviewed	Audit: bulk mechanical pass over the Past-Tense & Past-Participle Formation page — checked duplicate headwords (all legitimate American/British or regular/irregular spelling-variant pairs, e.g. burned/burnt, dreamed/dreamt, proved/proven) and missing/placeholder examples; none of the latter found. Role tier left unchanged.
9mq6n0oaz0	[pasado] shave	shaved	reference	audit:reviewed	Audit: bulk mechanical pass over the Past-Tense & Past-Participle Formation page — checked duplicate headwords (all legitimate American/British or regular/irregular spelling-variant pairs, e.g. burned/burnt, dreamed/dreamt, proved/proven) and missing/placeholder examples; none of the latter found. Role tier left unchanged.
4juijftxrq	[participio] shave	shaved	reference	audit:reviewed	Audit: bulk mechanical pass over the Past-Tense & Past-Participle Formation page — checked duplicate headwords (all legitimate American/British or regular/irregular spelling-variant pairs, e.g. burned/burnt, dreamed/dreamt, proved/proven) and missing/placeholder examples; none of the latter found. Role tier left unchanged.
qczwgbuzwe	[pasado] show	showed	supporting	audit:reviewed	Audit: bulk mechanical pass over the Past-Tense & Past-Participle Formation page — checked duplicate headwords (all legitimate American/British or regular/irregular spelling-variant pairs, e.g. burned/burnt, dreamed/dreamt, proved/proven) and missing/placeholder examples; none of the latter found. Role tier left unchanged.
sgfwcsau8u	[participio] show	showed	supporting	audit:reviewed	Audit: bulk mechanical pass over the Past-Tense & Past-Participle Formation page — checked duplicate headwords (all legitimate American/British or regular/irregular spelling-variant pairs, e.g. burned/burnt, dreamed/dreamt, proved/proven) and missing/placeholder examples; none of the latter found. Role tier left unchanged.
l64sml5vb4	[pasado] smell	smelled	reference	audit:reviewed	Audit: bulk mechanical pass over the Past-Tense & Past-Participle Formation page — checked duplicate headwords (all legitimate American/British or regular/irregular spelling-variant pairs, e.g. burned/burnt, dreamed/dreamt, proved/proven) and missing/placeholder examples; none of the latter found. Role tier left unchanged.
9flbcl8ewb	[participio] smell	smelled	reference	audit:reviewed	Audit: bulk mechanical pass over the Past-Tense & Past-Participle Formation page — checked duplicate headwords (all legitimate American/British or regular/irregular spelling-variant pairs, e.g. burned/burnt, dreamed/dreamt, proved/proven) and missing/placeholder examples; none of the latter found. Role tier left unchanged.
5oxardz26e	[pasado] sow	sowed	reference	audit:reviewed	Audit: bulk mechanical pass over the Past-Tense & Past-Participle Formation page — checked duplicate headwords (all legitimate American/British or regular/irregular spelling-variant pairs, e.g. burned/burnt, dreamed/dreamt, proved/proven) and missing/placeholder examples; none of the latter found. Role tier left unchanged.
wh9yw9j5ya	[participio] sow	sowed	reference	audit:reviewed	Audit: bulk mechanical pass over the Past-Tense & Past-Participle Formation page — checked duplicate headwords (all legitimate American/British or regular/irregular spelling-variant pairs, e.g. burned/burnt, dreamed/dreamt, proved/proven) and missing/placeholder examples; none of the latter found. Role tier left unchanged.
azp87kfl3o	[pasado] spell	spelled	reference	audit:reviewed	Audit: bulk mechanical pass over the Past-Tense & Past-Participle Formation page — checked duplicate headwords (all legitimate American/British or regular/irregular spelling-variant pairs, e.g. burned/burnt, dreamed/dreamt, proved/proven) and missing/placeholder examples; none of the latter found. Role tier left unchanged.
qmy73bs4c3	[participio] spell	spelled	reference	audit:reviewed	Audit: bulk mechanical pass over the Past-Tense & Past-Participle Formation page — checked duplicate headwords (all legitimate American/British or regular/irregular spelling-variant pairs, e.g. burned/burnt, dreamed/dreamt, proved/proven) and missing/placeholder examples; none of the latter found. Role tier left unchanged.
v3pmktibjc	[pasado] spill	spilled	reference	audit:reviewed	Audit: bulk mechanical pass over the Past-Tense & Past-Participle Formation page — checked duplicate headwords (all legitimate American/British or regular/irregular spelling-variant pairs, e.g. burned/burnt, dreamed/dreamt, proved/proven) and missing/placeholder examples; none of the latter found. Role tier left unchanged.
15tjmych75	[participio] spill	spilled	reference	audit:reviewed	Audit: bulk mechanical pass over the Past-Tense & Past-Participle Formation page — checked duplicate headwords (all legitimate American/British or regular/irregular spelling-variant pairs, e.g. burned/burnt, dreamed/dreamt, proved/proven) and missing/placeholder examples; none of the latter found. Role tier left unchanged.
nk4kcnfxfj	[pasado] spoil	spoiled	reference	audit:reviewed	Audit: bulk mechanical pass over the Past-Tense & Past-Participle Formation page — checked duplicate headwords (all legitimate American/British or regular/irregular spelling-variant pairs, e.g. burned/burnt, dreamed/dreamt, proved/proven) and missing/placeholder examples; none of the latter found. Role tier left unchanged.
t89x2qfisn	[participio] spoil	spoiled	reference	audit:reviewed	Audit: bulk mechanical pass over the Past-Tense & Past-Participle Formation page — checked duplicate headwords (all legitimate American/British or regular/irregular spelling-variant pairs, e.g. burned/burnt, dreamed/dreamt, proved/proven) and missing/placeholder examples; none of the latter found. Role tier left unchanged.
8t0o3efrk4	[pasado] strive	strived	reference	audit:reviewed	Audit: bulk mechanical pass over the Past-Tense & Past-Participle Formation page — checked duplicate headwords (all legitimate American/British or regular/irregular spelling-variant pairs, e.g. burned/burnt, dreamed/dreamt, proved/proven) and missing/placeholder examples; none of the latter found. Role tier left unchanged.
gv3tsqoq45	[participio] strive	strived	reference	audit:reviewed	Audit: bulk mechanical pass over the Past-Tense & Past-Participle Formation page — checked duplicate headwords (all legitimate American/British or regular/irregular spelling-variant pairs, e.g. burned/burnt, dreamed/dreamt, proved/proven) and missing/placeholder examples; none of the latter found. Role tier left unchanged.
y6x3jrcw5g	[pasado] swell	swelled	reference	audit:reviewed	Audit: bulk mechanical pass over the Past-Tense & Past-Participle Formation page — checked duplicate headwords (all legitimate American/British or regular/irregular spelling-variant pairs, e.g. burned/burnt, dreamed/dreamt, proved/proven) and missing/placeholder examples; none of the latter found. Role tier left unchanged.
y64klyxplv	[participio] swell	swelled	reference	audit:reviewed	Audit: bulk mechanical pass over the Past-Tense & Past-Participle Formation page — checked duplicate headwords (all legitimate American/British or regular/irregular spelling-variant pairs, e.g. burned/burnt, dreamed/dreamt, proved/proven) and missing/placeholder examples; none of the latter found. Role tier left unchanged.
fpythnuffg	[pasado] thrive	thrived	reference	audit:reviewed	Audit: bulk mechanical pass over the Past-Tense & Past-Participle Formation page — checked duplicate headwords (all legitimate American/British or regular/irregular spelling-variant pairs, e.g. burned/burnt, dreamed/dreamt, proved/proven) and missing/placeholder examples; none of the latter found. Role tier left unchanged.
v4mlk3ol2y	[participio] thrive	thrived	reference	audit:reviewed	Audit: bulk mechanical pass over the Past-Tense & Past-Participle Formation page — checked duplicate headwords (all legitimate American/British or regular/irregular spelling-variant pairs, e.g. burned/burnt, dreamed/dreamt, proved/proven) and missing/placeholder examples; none of the latter found. Role tier left unchanged.
6ybadbgc6g	[pasado] leap	leaped	reference	audit:reviewed	Audit: bulk mechanical pass over the Past-Tense & Past-Participle Formation page — checked duplicate headwords (all legitimate American/British or regular/irregular spelling-variant pairs, e.g. burned/burnt, dreamed/dreamt, proved/proven) and missing/placeholder examples; none of the latter found. Role tier left unchanged.
u5bhiwm7ld	[participio] leap	leaped	reference	audit:reviewed	Audit: bulk mechanical pass over the Past-Tense & Past-Participle Formation page — checked duplicate headwords (all legitimate American/British or regular/irregular spelling-variant pairs, e.g. burned/burnt, dreamed/dreamt, proved/proven) and missing/placeholder examples; none of the latter found. Role tier left unchanged.
x7dbibyw8v	[pasado] sneak	sneaked	reference	audit:reviewed	Audit: bulk mechanical pass over the Past-Tense & Past-Participle Formation page — checked duplicate headwords (all legitimate American/British or regular/irregular spelling-variant pairs, e.g. burned/burnt, dreamed/dreamt, proved/proven) and missing/placeholder examples; none of the latter found. Role tier left unchanged.
wkyh1rzgay	[participio] sneak	sneaked	reference	audit:reviewed	Audit: bulk mechanical pass over the Past-Tense & Past-Participle Formation page — checked duplicate headwords (all legitimate American/British or regular/irregular spelling-variant pairs, e.g. burned/burnt, dreamed/dreamt, proved/proven) and missing/placeholder examples; none of the latter found. Role tier left unchanged.
agoglocbab	[pasado] fit	fitted	reference	audit:reviewed	Audit: bulk mechanical pass over the Past-Tense & Past-Participle Formation page — checked duplicate headwords (all legitimate American/British or regular/irregular spelling-variant pairs, e.g. burned/burnt, dreamed/dreamt, proved/proven) and missing/placeholder examples; none of the latter found. Role tier left unchanged.
tgsgs5lsmk	[participio] fit	fitted	reference	audit:reviewed	Audit: bulk mechanical pass over the Past-Tense & Past-Participle Formation page — checked duplicate headwords (all legitimate American/British or regular/irregular spelling-variant pairs, e.g. burned/burnt, dreamed/dreamt, proved/proven) and missing/placeholder examples; none of the latter found. Role tier left unchanged.
lrlhtti1dj	[pasado] knit	knitted	reference	audit:reviewed	Audit: bulk mechanical pass over the Past-Tense & Past-Participle Formation page — checked duplicate headwords (all legitimate American/British or regular/irregular spelling-variant pairs, e.g. burned/burnt, dreamed/dreamt, proved/proven) and missing/placeholder examples; none of the latter found. Role tier left unchanged.
t4uldaqtrn	[participio] knit	knitted	reference	audit:reviewed	Audit: bulk mechanical pass over the Past-Tense & Past-Participle Formation page — checked duplicate headwords (all legitimate American/British or regular/irregular spelling-variant pairs, e.g. burned/burnt, dreamed/dreamt, proved/proven) and missing/placeholder examples; none of the latter found. Role tier left unchanged.
xfqmtcs67o	[pasado] light	lighted	reference	audit:reviewed	Audit: bulk mechanical pass over the Past-Tense & Past-Participle Formation page — checked duplicate headwords (all legitimate American/British or regular/irregular spelling-variant pairs, e.g. burned/burnt, dreamed/dreamt, proved/proven) and missing/placeholder examples; none of the latter found. Role tier left unchanged.
x0fy3ae2fn	[participio] light	lighted	reference	audit:reviewed	Audit: bulk mechanical pass over the Past-Tense & Past-Participle Formation page — checked duplicate headwords (all legitimate American/British or regular/irregular spelling-variant pairs, e.g. burned/burnt, dreamed/dreamt, proved/proven) and missing/placeholder examples; none of the latter found. Role tier left unchanged.
vc6r566gjh	[pasado] plead	pleaded	reference	audit:reviewed	Audit: bulk mechanical pass over the Past-Tense & Past-Participle Formation page — checked duplicate headwords (all legitimate American/British or regular/irregular spelling-variant pairs, e.g. burned/burnt, dreamed/dreamt, proved/proven) and missing/placeholder examples; none of the latter found. Role tier left unchanged.
k3pvgd3wse	[participio] plead	pleaded	reference	audit:reviewed	Audit: bulk mechanical pass over the Past-Tense & Past-Participle Formation page — checked duplicate headwords (all legitimate American/British or regular/irregular spelling-variant pairs, e.g. burned/burnt, dreamed/dreamt, proved/proven) and missing/placeholder examples; none of the latter found. Role tier left unchanged.
er9pgbwvmu	[pasado] speed	speeded	reference	audit:reviewed	Audit: bulk mechanical pass over the Past-Tense & Past-Participle Formation page — checked duplicate headwords (all legitimate American/British or regular/irregular spelling-variant pairs, e.g. burned/burnt, dreamed/dreamt, proved/proven) and missing/placeholder examples; none of the latter found. Role tier left unchanged.
09nr4ep7eh	[participio] speed	speeded	reference	audit:reviewed	Audit: bulk mechanical pass over the Past-Tense & Past-Participle Formation page — checked duplicate headwords (all legitimate American/British or regular/irregular spelling-variant pairs, e.g. burned/burnt, dreamed/dreamt, proved/proven) and missing/placeholder examples; none of the latter found. Role tier left unchanged.
0vtxy7v8ys	[pasado] sweat	sweated	reference	audit:reviewed	Audit: bulk mechanical pass over the Past-Tense & Past-Participle Formation page — checked duplicate headwords (all legitimate American/British or regular/irregular spelling-variant pairs, e.g. burned/burnt, dreamed/dreamt, proved/proven) and missing/placeholder examples; none of the latter found. Role tier left unchanged.
r5f0ivakc5	[participio] sweat	sweated	reference	audit:reviewed	Audit: bulk mechanical pass over the Past-Tense & Past-Participle Formation page — checked duplicate headwords (all legitimate American/British or regular/irregular spelling-variant pairs, e.g. burned/burnt, dreamed/dreamt, proved/proven) and missing/placeholder examples; none of the latter found. Role tier left unchanged.
k4ij0txe78	[pasado] wed	wedded	reference	audit:reviewed	Audit: bulk mechanical pass over the Past-Tense & Past-Participle Formation page — checked duplicate headwords (all legitimate American/British or regular/irregular spelling-variant pairs, e.g. burned/burnt, dreamed/dreamt, proved/proven) and missing/placeholder examples; none of the latter found. Role tier left unchanged.
3k38v52r8j	[participio] wed	wedded	reference	audit:reviewed	Audit: bulk mechanical pass over the Past-Tense & Past-Participle Formation page — checked duplicate headwords (all legitimate American/British or regular/irregular spelling-variant pairs, e.g. burned/burnt, dreamed/dreamt, proved/proven) and missing/placeholder examples; none of the latter found. Role tier left unchanged.
mllnyzs7zr	[pasado] bet	bet	reference	audit:reviewed	Audit: bulk mechanical pass over the Past-Tense & Past-Participle Formation page — checked duplicate headwords (all legitimate American/British or regular/irregular spelling-variant pairs, e.g. burned/burnt, dreamed/dreamt, proved/proven) and missing/placeholder examples; none of the latter found. Role tier left unchanged.
svtoxcx6b0	[participio] bet	bet	reference	audit:reviewed	Audit: bulk mechanical pass over the Past-Tense & Past-Participle Formation page — checked duplicate headwords (all legitimate American/British or regular/irregular spelling-variant pairs, e.g. burned/burnt, dreamed/dreamt, proved/proven) and missing/placeholder examples; none of the latter found. Role tier left unchanged.
p85salreqo	[pasado] broadcast	broadcast	reference	audit:reviewed	Audit: bulk mechanical pass over the Past-Tense & Past-Participle Formation page — checked duplicate headwords (all legitimate American/British or regular/irregular spelling-variant pairs, e.g. burned/burnt, dreamed/dreamt, proved/proven) and missing/placeholder examples; none of the latter found. Role tier left unchanged.
z3kamqz76n	[participio] broadcast	broadcast	reference	audit:reviewed	Audit: bulk mechanical pass over the Past-Tense & Past-Participle Formation page — checked duplicate headwords (all legitimate American/British or regular/irregular spelling-variant pairs, e.g. burned/burnt, dreamed/dreamt, proved/proven) and missing/placeholder examples; none of the latter found. Role tier left unchanged.
dfzbacmzy5	[pasado] burst	burst	reference	audit:reviewed	Audit: bulk mechanical pass over the Past-Tense & Past-Participle Formation page — checked duplicate headwords (all legitimate American/British or regular/irregular spelling-variant pairs, e.g. burned/burnt, dreamed/dreamt, proved/proven) and missing/placeholder examples; none of the latter found. Role tier left unchanged.
pnwix23mmu	[participio] burst	burst	reference	audit:reviewed	Audit: bulk mechanical pass over the Past-Tense & Past-Participle Formation page — checked duplicate headwords (all legitimate American/British or regular/irregular spelling-variant pairs, e.g. burned/burnt, dreamed/dreamt, proved/proven) and missing/placeholder examples; none of the latter found. Role tier left unchanged.
hub84vedvz	[pasado] cast	cast	reference	audit:reviewed	Audit: bulk mechanical pass over the Past-Tense & Past-Participle Formation page — checked duplicate headwords (all legitimate American/British or regular/irregular spelling-variant pairs, e.g. burned/burnt, dreamed/dreamt, proved/proven) and missing/placeholder examples; none of the latter found. Role tier left unchanged.
iwllkmo2pg	[participio] cast	cast	reference	audit:reviewed	Audit: bulk mechanical pass over the Past-Tense & Past-Participle Formation page — checked duplicate headwords (all legitimate American/British or regular/irregular spelling-variant pairs, e.g. burned/burnt, dreamed/dreamt, proved/proven) and missing/placeholder examples; none of the latter found. Role tier left unchanged.
zfuqam5zu5	[pasado] cost	cost	supporting	audit:reviewed	Audit: bulk mechanical pass over the Past-Tense & Past-Participle Formation page — checked duplicate headwords (all legitimate American/British or regular/irregular spelling-variant pairs, e.g. burned/burnt, dreamed/dreamt, proved/proven) and missing/placeholder examples; none of the latter found. Role tier left unchanged.
i8kazlyawi	[participio] cost	cost	supporting	audit:reviewed	Audit: bulk mechanical pass over the Past-Tense & Past-Participle Formation page — checked duplicate headwords (all legitimate American/British or regular/irregular spelling-variant pairs, e.g. burned/burnt, dreamed/dreamt, proved/proven) and missing/placeholder examples; none of the latter found. Role tier left unchanged.
no7v9kkvhq	[pasado] cut	cut	supporting	audit:reviewed	Audit: bulk mechanical pass over the Past-Tense & Past-Participle Formation page — checked duplicate headwords (all legitimate American/British or regular/irregular spelling-variant pairs, e.g. burned/burnt, dreamed/dreamt, proved/proven) and missing/placeholder examples; none of the latter found. Role tier left unchanged.
5rcenaxbna	[participio] cut	cut	supporting	audit:reviewed	Audit: bulk mechanical pass over the Past-Tense & Past-Participle Formation page — checked duplicate headwords (all legitimate American/British or regular/irregular spelling-variant pairs, e.g. burned/burnt, dreamed/dreamt, proved/proven) and missing/placeholder examples; none of the latter found. Role tier left unchanged.
biczrdqgdd	[pasado] fit	fit	reference	audit:reviewed	Audit: bulk mechanical pass over the Past-Tense & Past-Participle Formation page — checked duplicate headwords (all legitimate American/British or regular/irregular spelling-variant pairs, e.g. burned/burnt, dreamed/dreamt, proved/proven) and missing/placeholder examples; none of the latter found. Role tier left unchanged.
e6lte4vuoz	[participio] fit	fit	reference	audit:reviewed	Audit: bulk mechanical pass over the Past-Tense & Past-Participle Formation page — checked duplicate headwords (all legitimate American/British or regular/irregular spelling-variant pairs, e.g. burned/burnt, dreamed/dreamt, proved/proven) and missing/placeholder examples; none of the latter found. Role tier left unchanged.
h89xcjotmg	[pasado] hit	hit	supporting	audit:reviewed	Audit: bulk mechanical pass over the Past-Tense & Past-Participle Formation page — checked duplicate headwords (all legitimate American/British or regular/irregular spelling-variant pairs, e.g. burned/burnt, dreamed/dreamt, proved/proven) and missing/placeholder examples; none of the latter found. Role tier left unchanged.
tyke6c3ns2	[participio] hit	hit	supporting	audit:reviewed	Audit: bulk mechanical pass over the Past-Tense & Past-Participle Formation page — checked duplicate headwords (all legitimate American/British or regular/irregular spelling-variant pairs, e.g. burned/burnt, dreamed/dreamt, proved/proven) and missing/placeholder examples; none of the latter found. Role tier left unchanged.
ingp6lcqb4	[pasado] hurt	hurt	supporting	audit:reviewed	Audit: bulk mechanical pass over the Past-Tense & Past-Participle Formation page — checked duplicate headwords (all legitimate American/British or regular/irregular spelling-variant pairs, e.g. burned/burnt, dreamed/dreamt, proved/proven) and missing/placeholder examples; none of the latter found. Role tier left unchanged.
m4t3vxqpl6	[participio] hurt	hurt	supporting	audit:reviewed	Audit: bulk mechanical pass over the Past-Tense & Past-Participle Formation page — checked duplicate headwords (all legitimate American/British or regular/irregular spelling-variant pairs, e.g. burned/burnt, dreamed/dreamt, proved/proven) and missing/placeholder examples; none of the latter found. Role tier left unchanged.
4ntxn5h6iz	[pasado] knit	knit	reference	audit:reviewed	Audit: bulk mechanical pass over the Past-Tense & Past-Participle Formation page — checked duplicate headwords (all legitimate American/British or regular/irregular spelling-variant pairs, e.g. burned/burnt, dreamed/dreamt, proved/proven) and missing/placeholder examples; none of the latter found. Role tier left unchanged.
udnhjgdfki	[participio] knit	knit	reference	audit:reviewed	Audit: bulk mechanical pass over the Past-Tense & Past-Participle Formation page — checked duplicate headwords (all legitimate American/British or regular/irregular spelling-variant pairs, e.g. burned/burnt, dreamed/dreamt, proved/proven) and missing/placeholder examples; none of the latter found. Role tier left unchanged.
92ealprsbd	[pasado] let	let	supporting	audit:reviewed	Audit: bulk mechanical pass over the Past-Tense & Past-Participle Formation page — checked duplicate headwords (all legitimate American/British or regular/irregular spelling-variant pairs, e.g. burned/burnt, dreamed/dreamt, proved/proven) and missing/placeholder examples; none of the latter found. Role tier left unchanged.
dxb9jzinrq	[participio] let	let	supporting	audit:reviewed	Audit: bulk mechanical pass over the Past-Tense & Past-Participle Formation page — checked duplicate headwords (all legitimate American/British or regular/irregular spelling-variant pairs, e.g. burned/burnt, dreamed/dreamt, proved/proven) and missing/placeholder examples; none of the latter found. Role tier left unchanged.
vd3nut7nkt	[pasado] put	put	supporting	audit:reviewed	Audit: bulk mechanical pass over the Past-Tense & Past-Participle Formation page — checked duplicate headwords (all legitimate American/British or regular/irregular spelling-variant pairs, e.g. burned/burnt, dreamed/dreamt, proved/proven) and missing/placeholder examples; none of the latter found. Role tier left unchanged.
smpiiw148l	[participio] put	put	supporting	audit:reviewed	Audit: bulk mechanical pass over the Past-Tense & Past-Participle Formation page — checked duplicate headwords (all legitimate American/British or regular/irregular spelling-variant pairs, e.g. burned/burnt, dreamed/dreamt, proved/proven) and missing/placeholder examples; none of the latter found. Role tier left unchanged.
9pqsf0ud6d	[pasado] quit	quit	reference	audit:reviewed	Audit: bulk mechanical pass over the Past-Tense & Past-Participle Formation page — checked duplicate headwords (all legitimate American/British or regular/irregular spelling-variant pairs, e.g. burned/burnt, dreamed/dreamt, proved/proven) and missing/placeholder examples; none of the latter found. Role tier left unchanged.
u6notwo6my	[participio] quit	quit	reference	audit:reviewed	Audit: bulk mechanical pass over the Past-Tense & Past-Participle Formation page — checked duplicate headwords (all legitimate American/British or regular/irregular spelling-variant pairs, e.g. burned/burnt, dreamed/dreamt, proved/proven) and missing/placeholder examples; none of the latter found. Role tier left unchanged.
rexmxhv2ih	[pasado] rid	rid	reference	audit:reviewed	Audit: bulk mechanical pass over the Past-Tense & Past-Participle Formation page — checked duplicate headwords (all legitimate American/British or regular/irregular spelling-variant pairs, e.g. burned/burnt, dreamed/dreamt, proved/proven) and missing/placeholder examples; none of the latter found. Role tier left unchanged.
awhxvvklkw	[participio] rid	rid	reference	audit:reviewed	Audit: bulk mechanical pass over the Past-Tense & Past-Participle Formation page — checked duplicate headwords (all legitimate American/British or regular/irregular spelling-variant pairs, e.g. burned/burnt, dreamed/dreamt, proved/proven) and missing/placeholder examples; none of the latter found. Role tier left unchanged.
8iwzc12hm2	[pasado] set	set	supporting	audit:reviewed	Audit: bulk mechanical pass over the Past-Tense & Past-Participle Formation page — checked duplicate headwords (all legitimate American/British or regular/irregular spelling-variant pairs, e.g. burned/burnt, dreamed/dreamt, proved/proven) and missing/placeholder examples; none of the latter found. Role tier left unchanged.
9lle2cpep8	[participio] set	set	supporting	audit:reviewed	Audit: bulk mechanical pass over the Past-Tense & Past-Participle Formation page — checked duplicate headwords (all legitimate American/British or regular/irregular spelling-variant pairs, e.g. burned/burnt, dreamed/dreamt, proved/proven) and missing/placeholder examples; none of the latter found. Role tier left unchanged.
m1ax3ny7qf	[pasado] shed	shed	reference	audit:reviewed	Audit: bulk mechanical pass over the Past-Tense & Past-Participle Formation page — checked duplicate headwords (all legitimate American/British or regular/irregular spelling-variant pairs, e.g. burned/burnt, dreamed/dreamt, proved/proven) and missing/placeholder examples; none of the latter found. Role tier left unchanged.
4vr9rm80nf	[participio] shed	shed	reference	audit:reviewed	Audit: bulk mechanical pass over the Past-Tense & Past-Participle Formation page — checked duplicate headwords (all legitimate American/British or regular/irregular spelling-variant pairs, e.g. burned/burnt, dreamed/dreamt, proved/proven) and missing/placeholder examples; none of the latter found. Role tier left unchanged.
fc2clq9pib	[pasado] shut	shut	supporting	audit:reviewed	Audit: bulk mechanical pass over the Past-Tense & Past-Participle Formation page — checked duplicate headwords (all legitimate American/British or regular/irregular spelling-variant pairs, e.g. burned/burnt, dreamed/dreamt, proved/proven) and missing/placeholder examples; none of the latter found. Role tier left unchanged.
6x86xzkbvv	[participio] shut	shut	supporting	audit:reviewed	Audit: bulk mechanical pass over the Past-Tense & Past-Participle Formation page — checked duplicate headwords (all legitimate American/British or regular/irregular spelling-variant pairs, e.g. burned/burnt, dreamed/dreamt, proved/proven) and missing/placeholder examples; none of the latter found. Role tier left unchanged.
ft4yjt47fc	[pasado] split	split	reference	audit:reviewed	Audit: bulk mechanical pass over the Past-Tense & Past-Participle Formation page — checked duplicate headwords (all legitimate American/British or regular/irregular spelling-variant pairs, e.g. burned/burnt, dreamed/dreamt, proved/proven) and missing/placeholder examples; none of the latter found. Role tier left unchanged.
37mg3fllxt	[participio] split	split	reference	audit:reviewed	Audit: bulk mechanical pass over the Past-Tense & Past-Participle Formation page — checked duplicate headwords (all legitimate American/British or regular/irregular spelling-variant pairs, e.g. burned/burnt, dreamed/dreamt, proved/proven) and missing/placeholder examples; none of the latter found. Role tier left unchanged.
sm75s0jenr	[pasado] spread	spread	reference	audit:reviewed	Audit: bulk mechanical pass over the Past-Tense & Past-Participle Formation page — checked duplicate headwords (all legitimate American/British or regular/irregular spelling-variant pairs, e.g. burned/burnt, dreamed/dreamt, proved/proven) and missing/placeholder examples; none of the latter found. Role tier left unchanged.
nwmckpzbms	[participio] spread	spread	reference	audit:reviewed	Audit: bulk mechanical pass over the Past-Tense & Past-Participle Formation page — checked duplicate headwords (all legitimate American/British or regular/irregular spelling-variant pairs, e.g. burned/burnt, dreamed/dreamt, proved/proven) and missing/placeholder examples; none of the latter found. Role tier left unchanged.
1swwzn0q0a	[pasado] sweat	sweat	reference	audit:reviewed	Audit: bulk mechanical pass over the Past-Tense & Past-Participle Formation page — checked duplicate headwords (all legitimate American/British or regular/irregular spelling-variant pairs, e.g. burned/burnt, dreamed/dreamt, proved/proven) and missing/placeholder examples; none of the latter found. Role tier left unchanged.
76zr8d5t1t	[participio] sweat	sweat	reference	audit:reviewed	Audit: bulk mechanical pass over the Past-Tense & Past-Participle Formation page — checked duplicate headwords (all legitimate American/British or regular/irregular spelling-variant pairs, e.g. burned/burnt, dreamed/dreamt, proved/proven) and missing/placeholder examples; none of the latter found. Role tier left unchanged.
5j51i47696	[pasado] thrust	thrust	reference	audit:reviewed	Audit: bulk mechanical pass over the Past-Tense & Past-Participle Formation page — checked duplicate headwords (all legitimate American/British or regular/irregular spelling-variant pairs, e.g. burned/burnt, dreamed/dreamt, proved/proven) and missing/placeholder examples; none of the latter found. Role tier left unchanged.
0vu1ut2tbr	[participio] thrust	thrust	reference	audit:reviewed	Audit: bulk mechanical pass over the Past-Tense & Past-Participle Formation page — checked duplicate headwords (all legitimate American/British or regular/irregular spelling-variant pairs, e.g. burned/burnt, dreamed/dreamt, proved/proven) and missing/placeholder examples; none of the latter found. Role tier left unchanged.
uaxkjxmpdf	[pasado] wed	wed	reference	audit:reviewed	Audit: bulk mechanical pass over the Past-Tense & Past-Participle Formation page — checked duplicate headwords (all legitimate American/British or regular/irregular spelling-variant pairs, e.g. burned/burnt, dreamed/dreamt, proved/proven) and missing/placeholder examples; none of the latter found. Role tier left unchanged.
ctie5bq9jz	[participio] wed	wed	reference	audit:reviewed	Audit: bulk mechanical pass over the Past-Tense & Past-Participle Formation page — checked duplicate headwords (all legitimate American/British or regular/irregular spelling-variant pairs, e.g. burned/burnt, dreamed/dreamt, proved/proven) and missing/placeholder examples; none of the latter found. Role tier left unchanged.
nblh1qgt26	[pasado] wet	wet	reference	audit:reviewed	Audit: bulk mechanical pass over the Past-Tense & Past-Participle Formation page — checked duplicate headwords (all legitimate American/British or regular/irregular spelling-variant pairs, e.g. burned/burnt, dreamed/dreamt, proved/proven) and missing/placeholder examples; none of the latter found. Role tier left unchanged.
fbxh30hccl	[participio] wet	wet	reference	audit:reviewed	Audit: bulk mechanical pass over the Past-Tense & Past-Participle Formation page — checked duplicate headwords (all legitimate American/British or regular/irregular spelling-variant pairs, e.g. burned/burnt, dreamed/dreamt, proved/proven) and missing/placeholder examples; none of the latter found. Role tier left unchanged.
zwehatba0w	[pasado] bend	bent	reference	audit:reviewed	Audit: bulk mechanical pass over the Past-Tense & Past-Participle Formation page — checked duplicate headwords (all legitimate American/British or regular/irregular spelling-variant pairs, e.g. burned/burnt, dreamed/dreamt, proved/proven) and missing/placeholder examples; none of the latter found. Role tier left unchanged.
eangpz65s8	[participio] bend	bent	reference	audit:reviewed	Audit: bulk mechanical pass over the Past-Tense & Past-Participle Formation page — checked duplicate headwords (all legitimate American/British or regular/irregular spelling-variant pairs, e.g. burned/burnt, dreamed/dreamt, proved/proven) and missing/placeholder examples; none of the latter found. Role tier left unchanged.
3n6i16wyag	[pasado] lend	lent	supporting	audit:reviewed	Audit: bulk mechanical pass over the Past-Tense & Past-Participle Formation page — checked duplicate headwords (all legitimate American/British or regular/irregular spelling-variant pairs, e.g. burned/burnt, dreamed/dreamt, proved/proven) and missing/placeholder examples; none of the latter found. Role tier left unchanged.
5yfrmfazp0	[participio] lend	lent	supporting	audit:reviewed	Audit: bulk mechanical pass over the Past-Tense & Past-Participle Formation page — checked duplicate headwords (all legitimate American/British or regular/irregular spelling-variant pairs, e.g. burned/burnt, dreamed/dreamt, proved/proven) and missing/placeholder examples; none of the latter found. Role tier left unchanged.
zui5vgopk6	[pasado] send	sent	supporting	audit:reviewed	Audit: bulk mechanical pass over the Past-Tense & Past-Participle Formation page — checked duplicate headwords (all legitimate American/British or regular/irregular spelling-variant pairs, e.g. burned/burnt, dreamed/dreamt, proved/proven) and missing/placeholder examples; none of the latter found. Role tier left unchanged.
mon6vzw35r	[participio] send	sent	supporting	audit:reviewed	Audit: bulk mechanical pass over the Past-Tense & Past-Participle Formation page — checked duplicate headwords (all legitimate American/British or regular/irregular spelling-variant pairs, e.g. burned/burnt, dreamed/dreamt, proved/proven) and missing/placeholder examples; none of the latter found. Role tier left unchanged.
c0tgz8x0rs	[pasado] spend	spent	supporting	audit:reviewed	Audit: bulk mechanical pass over the Past-Tense & Past-Participle Formation page — checked duplicate headwords (all legitimate American/British or regular/irregular spelling-variant pairs, e.g. burned/burnt, dreamed/dreamt, proved/proven) and missing/placeholder examples; none of the latter found. Role tier left unchanged.
zj8o7ga6sq	[participio] spend	spent	supporting	audit:reviewed	Audit: bulk mechanical pass over the Past-Tense & Past-Participle Formation page — checked duplicate headwords (all legitimate American/British or regular/irregular spelling-variant pairs, e.g. burned/burnt, dreamed/dreamt, proved/proven) and missing/placeholder examples; none of the latter found. Role tier left unchanged.
okfppdbnlq	[pasado] creep	crept	reference	audit:reviewed	Audit: bulk mechanical pass over the Past-Tense & Past-Participle Formation page — checked duplicate headwords (all legitimate American/British or regular/irregular spelling-variant pairs, e.g. burned/burnt, dreamed/dreamt, proved/proven) and missing/placeholder examples; none of the latter found. Role tier left unchanged.
ptwl0aih6e	[participio] creep	crept	reference	audit:reviewed	Audit: bulk mechanical pass over the Past-Tense & Past-Participle Formation page — checked duplicate headwords (all legitimate American/British or regular/irregular spelling-variant pairs, e.g. burned/burnt, dreamed/dreamt, proved/proven) and missing/placeholder examples; none of the latter found. Role tier left unchanged.
96jj8crcsn	[pasado] keep	kept	supporting	audit:reviewed	Audit: bulk mechanical pass over the Past-Tense & Past-Participle Formation page — checked duplicate headwords (all legitimate American/British or regular/irregular spelling-variant pairs, e.g. burned/burnt, dreamed/dreamt, proved/proven) and missing/placeholder examples; none of the latter found. Role tier left unchanged.
rn03b9v8rd	[participio] keep	kept	supporting	audit:reviewed	Audit: bulk mechanical pass over the Past-Tense & Past-Participle Formation page — checked duplicate headwords (all legitimate American/British or regular/irregular spelling-variant pairs, e.g. burned/burnt, dreamed/dreamt, proved/proven) and missing/placeholder examples; none of the latter found. Role tier left unchanged.
nntgjqr7v0	[pasado] sleep	slept	supporting	audit:reviewed	Audit: bulk mechanical pass over the Past-Tense & Past-Participle Formation page — checked duplicate headwords (all legitimate American/British or regular/irregular spelling-variant pairs, e.g. burned/burnt, dreamed/dreamt, proved/proven) and missing/placeholder examples; none of the latter found. Role tier left unchanged.
gv0nkhlrgg	[participio] sleep	slept	supporting	audit:reviewed	Audit: bulk mechanical pass over the Past-Tense & Past-Participle Formation page — checked duplicate headwords (all legitimate American/British or regular/irregular spelling-variant pairs, e.g. burned/burnt, dreamed/dreamt, proved/proven) and missing/placeholder examples; none of the latter found. Role tier left unchanged.
j3kykzhfru	[pasado] sweep	swept	reference	audit:reviewed	Audit: bulk mechanical pass over the Past-Tense & Past-Participle Formation page — checked duplicate headwords (all legitimate American/British or regular/irregular spelling-variant pairs, e.g. burned/burnt, dreamed/dreamt, proved/proven) and missing/placeholder examples; none of the latter found. Role tier left unchanged.
tm3az2k3ko	[participio] sweep	swept	reference	audit:reviewed	Audit: bulk mechanical pass over the Past-Tense & Past-Participle Formation page — checked duplicate headwords (all legitimate American/British or regular/irregular spelling-variant pairs, e.g. burned/burnt, dreamed/dreamt, proved/proven) and missing/placeholder examples; none of the latter found. Role tier left unchanged.
i8igjuqcsw	[pasado] weep	wept	reference	audit:reviewed	Audit: bulk mechanical pass over the Past-Tense & Past-Participle Formation page — checked duplicate headwords (all legitimate American/British or regular/irregular spelling-variant pairs, e.g. burned/burnt, dreamed/dreamt, proved/proven) and missing/placeholder examples; none of the latter found. Role tier left unchanged.
yruzhn6l6s	[participio] weep	wept	reference	audit:reviewed	Audit: bulk mechanical pass over the Past-Tense & Past-Participle Formation page — checked duplicate headwords (all legitimate American/British or regular/irregular spelling-variant pairs, e.g. burned/burnt, dreamed/dreamt, proved/proven) and missing/placeholder examples; none of the latter found. Role tier left unchanged.
79go7y7jek	[pasado] deal	dealt	reference	audit:reviewed	Audit: bulk mechanical pass over the Past-Tense & Past-Participle Formation page — checked duplicate headwords (all legitimate American/British or regular/irregular spelling-variant pairs, e.g. burned/burnt, dreamed/dreamt, proved/proven) and missing/placeholder examples; none of the latter found. Role tier left unchanged.
t0j14amubg	[participio] deal	dealt	reference	audit:reviewed	Audit: bulk mechanical pass over the Past-Tense & Past-Participle Formation page — checked duplicate headwords (all legitimate American/British or regular/irregular spelling-variant pairs, e.g. burned/burnt, dreamed/dreamt, proved/proven) and missing/placeholder examples; none of the latter found. Role tier left unchanged.
x1nx1z1a1p	[pasado] feel	felt	supporting	audit:reviewed	Audit: bulk mechanical pass over the Past-Tense & Past-Participle Formation page — checked duplicate headwords (all legitimate American/British or regular/irregular spelling-variant pairs, e.g. burned/burnt, dreamed/dreamt, proved/proven) and missing/placeholder examples; none of the latter found. Role tier left unchanged.
20ehjgbq4l	[participio] feel	felt	supporting	audit:reviewed	Audit: bulk mechanical pass over the Past-Tense & Past-Participle Formation page — checked duplicate headwords (all legitimate American/British or regular/irregular spelling-variant pairs, e.g. burned/burnt, dreamed/dreamt, proved/proven) and missing/placeholder examples; none of the latter found. Role tier left unchanged.
8c3jkl2q3o	[pasado] kneel	knelt	reference	audit:reviewed	Audit: bulk mechanical pass over the Past-Tense & Past-Participle Formation page — checked duplicate headwords (all legitimate American/British or regular/irregular spelling-variant pairs, e.g. burned/burnt, dreamed/dreamt, proved/proven) and missing/placeholder examples; none of the latter found. Role tier left unchanged.
7itawft3f4	[participio] kneel	knelt	reference	audit:reviewed	Audit: bulk mechanical pass over the Past-Tense & Past-Participle Formation page — checked duplicate headwords (all legitimate American/British or regular/irregular spelling-variant pairs, e.g. burned/burnt, dreamed/dreamt, proved/proven) and missing/placeholder examples; none of the latter found. Role tier left unchanged.
qj21s7e75n	[pasado] smell	smelt	reference	audit:reviewed	Audit: bulk mechanical pass over the Past-Tense & Past-Participle Formation page — checked duplicate headwords (all legitimate American/British or regular/irregular spelling-variant pairs, e.g. burned/burnt, dreamed/dreamt, proved/proven) and missing/placeholder examples; none of the latter found. Role tier left unchanged.
i7s2dwmv0x	[participio] smell	smelt	reference	audit:reviewed	Audit: bulk mechanical pass over the Past-Tense & Past-Participle Formation page — checked duplicate headwords (all legitimate American/British or regular/irregular spelling-variant pairs, e.g. burned/burnt, dreamed/dreamt, proved/proven) and missing/placeholder examples; none of the latter found. Role tier left unchanged.
c7xhfvg2lc	[pasado] spell	spelt	reference	audit:reviewed	Audit: bulk mechanical pass over the Past-Tense & Past-Participle Formation page — checked duplicate headwords (all legitimate American/British or regular/irregular spelling-variant pairs, e.g. burned/burnt, dreamed/dreamt, proved/proven) and missing/placeholder examples; none of the latter found. Role tier left unchanged.
308tmfvnvk	[participio] spell	spelt	reference	audit:reviewed	Audit: bulk mechanical pass over the Past-Tense & Past-Participle Formation page — checked duplicate headwords (all legitimate American/British or regular/irregular spelling-variant pairs, e.g. burned/burnt, dreamed/dreamt, proved/proven) and missing/placeholder examples; none of the latter found. Role tier left unchanged.
kosp2rzf7h	[pasado] bleed	bled	reference	audit:reviewed	Audit: bulk mechanical pass over the Past-Tense & Past-Participle Formation page — checked duplicate headwords (all legitimate American/British or regular/irregular spelling-variant pairs, e.g. burned/burnt, dreamed/dreamt, proved/proven) and missing/placeholder examples; none of the latter found. Role tier left unchanged.
qn1ohmgeli	[participio] bleed	bled	reference	audit:reviewed	Audit: bulk mechanical pass over the Past-Tense & Past-Participle Formation page — checked duplicate headwords (all legitimate American/British or regular/irregular spelling-variant pairs, e.g. burned/burnt, dreamed/dreamt, proved/proven) and missing/placeholder examples; none of the latter found. Role tier left unchanged.
1w4k9d2e4d	[pasado] breed	bred	reference	audit:reviewed	Audit: bulk mechanical pass over the Past-Tense & Past-Participle Formation page — checked duplicate headwords (all legitimate American/British or regular/irregular spelling-variant pairs, e.g. burned/burnt, dreamed/dreamt, proved/proven) and missing/placeholder examples; none of the latter found. Role tier left unchanged.
om096ydns5	[participio] breed	bred	reference	audit:reviewed	Audit: bulk mechanical pass over the Past-Tense & Past-Participle Formation page — checked duplicate headwords (all legitimate American/British or regular/irregular spelling-variant pairs, e.g. burned/burnt, dreamed/dreamt, proved/proven) and missing/placeholder examples; none of the latter found. Role tier left unchanged.
lqkjvqvga0	[pasado] feed	fed	reference	audit:reviewed	Audit: bulk mechanical pass over the Past-Tense & Past-Participle Formation page — checked duplicate headwords (all legitimate American/British or regular/irregular spelling-variant pairs, e.g. burned/burnt, dreamed/dreamt, proved/proven) and missing/placeholder examples; none of the latter found. Role tier left unchanged.
9khmf2u9eb	[participio] feed	fed	reference	audit:reviewed	Audit: bulk mechanical pass over the Past-Tense & Past-Participle Formation page — checked duplicate headwords (all legitimate American/British or regular/irregular spelling-variant pairs, e.g. burned/burnt, dreamed/dreamt, proved/proven) and missing/placeholder examples; none of the latter found. Role tier left unchanged.
dz3lxqyat3	[pasado] flee	fled	reference	audit:reviewed	Audit: bulk mechanical pass over the Past-Tense & Past-Participle Formation page — checked duplicate headwords (all legitimate American/British or regular/irregular spelling-variant pairs, e.g. burned/burnt, dreamed/dreamt, proved/proven) and missing/placeholder examples; none of the latter found. Role tier left unchanged.
l2z9k8jtx4	[participio] flee	fled	reference	audit:reviewed	Audit: bulk mechanical pass over the Past-Tense & Past-Participle Formation page — checked duplicate headwords (all legitimate American/British or regular/irregular spelling-variant pairs, e.g. burned/burnt, dreamed/dreamt, proved/proven) and missing/placeholder examples; none of the latter found. Role tier left unchanged.
moa509gjfs	[pasado] lead	led	reference	audit:reviewed	Audit: bulk mechanical pass over the Past-Tense & Past-Participle Formation page — checked duplicate headwords (all legitimate American/British or regular/irregular spelling-variant pairs, e.g. burned/burnt, dreamed/dreamt, proved/proven) and missing/placeholder examples; none of the latter found. Role tier left unchanged.
yiyb24ixan	[participio] lead	led	reference	audit:reviewed	Audit: bulk mechanical pass over the Past-Tense & Past-Participle Formation page — checked duplicate headwords (all legitimate American/British or regular/irregular spelling-variant pairs, e.g. burned/burnt, dreamed/dreamt, proved/proven) and missing/placeholder examples; none of the latter found. Role tier left unchanged.
5tgfasmkqp	[pasado] plead	pled	reference	audit:reviewed	Audit: bulk mechanical pass over the Past-Tense & Past-Participle Formation page — checked duplicate headwords (all legitimate American/British or regular/irregular spelling-variant pairs, e.g. burned/burnt, dreamed/dreamt, proved/proven) and missing/placeholder examples; none of the latter found. Role tier left unchanged.
yv0rgqk0rr	[participio] plead	pled	reference	audit:reviewed	Audit: bulk mechanical pass over the Past-Tense & Past-Participle Formation page — checked duplicate headwords (all legitimate American/British or regular/irregular spelling-variant pairs, e.g. burned/burnt, dreamed/dreamt, proved/proven) and missing/placeholder examples; none of the latter found. Role tier left unchanged.
59yagpqbix	[pasado] read	read	supporting	audit:reviewed	Audit: bulk mechanical pass over the Past-Tense & Past-Participle Formation page — checked duplicate headwords (all legitimate American/British or regular/irregular spelling-variant pairs, e.g. burned/burnt, dreamed/dreamt, proved/proven) and missing/placeholder examples; none of the latter found. Role tier left unchanged.
ror87had0q	[participio] read	read	supporting	audit:reviewed	Audit: bulk mechanical pass over the Past-Tense & Past-Participle Formation page — checked duplicate headwords (all legitimate American/British or regular/irregular spelling-variant pairs, e.g. burned/burnt, dreamed/dreamt, proved/proven) and missing/placeholder examples; none of the latter found. Role tier left unchanged.
cij7k51kqk	[pasado] say	said	supporting	audit:reviewed	Audit: bulk mechanical pass over the Past-Tense & Past-Participle Formation page — checked duplicate headwords (all legitimate American/British or regular/irregular spelling-variant pairs, e.g. burned/burnt, dreamed/dreamt, proved/proven) and missing/placeholder examples; none of the latter found. Role tier left unchanged.
12lrm1b61l	[participio] say	said	supporting	audit:reviewed	Audit: bulk mechanical pass over the Past-Tense & Past-Participle Formation page — checked duplicate headwords (all legitimate American/British or regular/irregular spelling-variant pairs, e.g. burned/burnt, dreamed/dreamt, proved/proven) and missing/placeholder examples; none of the latter found. Role tier left unchanged.
u0upjdj9xz	[pasado] speed	sped	reference	audit:reviewed	Audit: bulk mechanical pass over the Past-Tense & Past-Participle Formation page — checked duplicate headwords (all legitimate American/British or regular/irregular spelling-variant pairs, e.g. burned/burnt, dreamed/dreamt, proved/proven) and missing/placeholder examples; none of the latter found. Role tier left unchanged.
tv4q566jil	[participio] speed	sped	reference	audit:reviewed	Audit: bulk mechanical pass over the Past-Tense & Past-Participle Formation page — checked duplicate headwords (all legitimate American/British or regular/irregular spelling-variant pairs, e.g. burned/burnt, dreamed/dreamt, proved/proven) and missing/placeholder examples; none of the latter found. Role tier left unchanged.
uf2e7r7bol	[pasado] bind	bound	reference	audit:reviewed	Audit: bulk mechanical pass over the Past-Tense & Past-Participle Formation page — checked duplicate headwords (all legitimate American/British or regular/irregular spelling-variant pairs, e.g. burned/burnt, dreamed/dreamt, proved/proven) and missing/placeholder examples; none of the latter found. Role tier left unchanged.
6c0uxx7uu9	[participio] bind	bound	reference	audit:reviewed	Audit: bulk mechanical pass over the Past-Tense & Past-Participle Formation page — checked duplicate headwords (all legitimate American/British or regular/irregular spelling-variant pairs, e.g. burned/burnt, dreamed/dreamt, proved/proven) and missing/placeholder examples; none of the latter found. Role tier left unchanged.
zmnamkbq3b	[pasado] find	found	supporting	audit:reviewed	Audit: bulk mechanical pass over the Past-Tense & Past-Participle Formation page — checked duplicate headwords (all legitimate American/British or regular/irregular spelling-variant pairs, e.g. burned/burnt, dreamed/dreamt, proved/proven) and missing/placeholder examples; none of the latter found. Role tier left unchanged.
nl08qe1e3q	[participio] find	found	supporting	audit:reviewed	Audit: bulk mechanical pass over the Past-Tense & Past-Participle Formation page — checked duplicate headwords (all legitimate American/British or regular/irregular spelling-variant pairs, e.g. burned/burnt, dreamed/dreamt, proved/proven) and missing/placeholder examples; none of the latter found. Role tier left unchanged.
h8v7gva74y	[pasado] grind	ground	reference	audit:reviewed	Audit: bulk mechanical pass over the Past-Tense & Past-Participle Formation page — checked duplicate headwords (all legitimate American/British or regular/irregular spelling-variant pairs, e.g. burned/burnt, dreamed/dreamt, proved/proven) and missing/placeholder examples; none of the latter found. Role tier left unchanged.
iv59zmzpfc	[participio] grind	ground	reference	audit:reviewed	Audit: bulk mechanical pass over the Past-Tense & Past-Participle Formation page — checked duplicate headwords (all legitimate American/British or regular/irregular spelling-variant pairs, e.g. burned/burnt, dreamed/dreamt, proved/proven) and missing/placeholder examples; none of the latter found. Role tier left unchanged.
ywshdrwtq9	[pasado] wind	wound	reference	audit:reviewed	Audit: bulk mechanical pass over the Past-Tense & Past-Participle Formation page — checked duplicate headwords (all legitimate American/British or regular/irregular spelling-variant pairs, e.g. burned/burnt, dreamed/dreamt, proved/proven) and missing/placeholder examples; none of the latter found. Role tier left unchanged.
4zcbk693q2	[participio] wind	wound	reference	audit:reviewed	Audit: bulk mechanical pass over the Past-Tense & Past-Participle Formation page — checked duplicate headwords (all legitimate American/British or regular/irregular spelling-variant pairs, e.g. burned/burnt, dreamed/dreamt, proved/proven) and missing/placeholder examples; none of the latter found. Role tier left unchanged.
45hq45uq4y	[pasado] bring	brought	supporting	audit:reviewed	Audit: bulk mechanical pass over the Past-Tense & Past-Participle Formation page — checked duplicate headwords (all legitimate American/British or regular/irregular spelling-variant pairs, e.g. burned/burnt, dreamed/dreamt, proved/proven) and missing/placeholder examples; none of the latter found. Role tier left unchanged.
yktvtrhk80	[participio] bring	brought	supporting	audit:reviewed	Audit: bulk mechanical pass over the Past-Tense & Past-Participle Formation page — checked duplicate headwords (all legitimate American/British or regular/irregular spelling-variant pairs, e.g. burned/burnt, dreamed/dreamt, proved/proven) and missing/placeholder examples; none of the latter found. Role tier left unchanged.
rugw6w9oay	[pasado] buy	bought	supporting	audit:reviewed	Audit: bulk mechanical pass over the Past-Tense & Past-Participle Formation page — checked duplicate headwords (all legitimate American/British or regular/irregular spelling-variant pairs, e.g. burned/burnt, dreamed/dreamt, proved/proven) and missing/placeholder examples; none of the latter found. Role tier left unchanged.
0j5tjt1o7j	[participio] buy	bought	supporting	audit:reviewed	Audit: bulk mechanical pass over the Past-Tense & Past-Participle Formation page — checked duplicate headwords (all legitimate American/British or regular/irregular spelling-variant pairs, e.g. burned/burnt, dreamed/dreamt, proved/proven) and missing/placeholder examples; none of the latter found. Role tier left unchanged.
gl1iyxy3yl	[pasado] catch	caught	supporting	audit:reviewed	Audit: bulk mechanical pass over the Past-Tense & Past-Participle Formation page — checked duplicate headwords (all legitimate American/British or regular/irregular spelling-variant pairs, e.g. burned/burnt, dreamed/dreamt, proved/proven) and missing/placeholder examples; none of the latter found. Role tier left unchanged.
tewh0c95pd	[participio] catch	caught	supporting	audit:reviewed	Audit: bulk mechanical pass over the Past-Tense & Past-Participle Formation page — checked duplicate headwords (all legitimate American/British or regular/irregular spelling-variant pairs, e.g. burned/burnt, dreamed/dreamt, proved/proven) and missing/placeholder examples; none of the latter found. Role tier left unchanged.
d0ezvwcw54	[pasado] fight	fought	supporting	audit:reviewed	Audit: bulk mechanical pass over the Past-Tense & Past-Participle Formation page — checked duplicate headwords (all legitimate American/British or regular/irregular spelling-variant pairs, e.g. burned/burnt, dreamed/dreamt, proved/proven) and missing/placeholder examples; none of the latter found. Role tier left unchanged.
ec8kcymom7	[participio] fight	fought	supporting	audit:reviewed	Audit: bulk mechanical pass over the Past-Tense & Past-Participle Formation page — checked duplicate headwords (all legitimate American/British or regular/irregular spelling-variant pairs, e.g. burned/burnt, dreamed/dreamt, proved/proven) and missing/placeholder examples; none of the latter found. Role tier left unchanged.
k1zeafjyeu	[pasado] seek	sought	reference	audit:reviewed	Audit: bulk mechanical pass over the Past-Tense & Past-Participle Formation page — checked duplicate headwords (all legitimate American/British or regular/irregular spelling-variant pairs, e.g. burned/burnt, dreamed/dreamt, proved/proven) and missing/placeholder examples; none of the latter found. Role tier left unchanged.
z6bg9qle6t	[participio] seek	sought	reference	audit:reviewed	Audit: bulk mechanical pass over the Past-Tense & Past-Participle Formation page — checked duplicate headwords (all legitimate American/British or regular/irregular spelling-variant pairs, e.g. burned/burnt, dreamed/dreamt, proved/proven) and missing/placeholder examples; none of the latter found. Role tier left unchanged.
l33gheat0q	[pasado] teach	taught	supporting	audit:reviewed	Audit: bulk mechanical pass over the Past-Tense & Past-Participle Formation page — checked duplicate headwords (all legitimate American/British or regular/irregular spelling-variant pairs, e.g. burned/burnt, dreamed/dreamt, proved/proven) and missing/placeholder examples; none of the latter found. Role tier left unchanged.
uxgsk3ka13	[participio] teach	taught	supporting	audit:reviewed	Audit: bulk mechanical pass over the Past-Tense & Past-Participle Formation page — checked duplicate headwords (all legitimate American/British or regular/irregular spelling-variant pairs, e.g. burned/burnt, dreamed/dreamt, proved/proven) and missing/placeholder examples; none of the latter found. Role tier left unchanged.
vxo4j1a99j	[pasado] think	thought	supporting	audit:reviewed	Audit: bulk mechanical pass over the Past-Tense & Past-Participle Formation page — checked duplicate headwords (all legitimate American/British or regular/irregular spelling-variant pairs, e.g. burned/burnt, dreamed/dreamt, proved/proven) and missing/placeholder examples; none of the latter found. Role tier left unchanged.
gryg1an0ql	[participio] think	thought	supporting	audit:reviewed	Audit: bulk mechanical pass over the Past-Tense & Past-Participle Formation page — checked duplicate headwords (all legitimate American/British or regular/irregular spelling-variant pairs, e.g. burned/burnt, dreamed/dreamt, proved/proven) and missing/placeholder examples; none of the latter found. Role tier left unchanged.
mpfyf2ovqk	[pasado] sell	sold	supporting	audit:reviewed	Audit: bulk mechanical pass over the Past-Tense & Past-Participle Formation page — checked duplicate headwords (all legitimate American/British or regular/irregular spelling-variant pairs, e.g. burned/burnt, dreamed/dreamt, proved/proven) and missing/placeholder examples; none of the latter found. Role tier left unchanged.
as3d3fjuw7	[participio] sell	sold	supporting	audit:reviewed	Audit: bulk mechanical pass over the Past-Tense & Past-Participle Formation page — checked duplicate headwords (all legitimate American/British or regular/irregular spelling-variant pairs, e.g. burned/burnt, dreamed/dreamt, proved/proven) and missing/placeholder examples; none of the latter found. Role tier left unchanged.
hwmvhbt7if	[pasado] tell	told	supporting	audit:reviewed	Audit: bulk mechanical pass over the Past-Tense & Past-Participle Formation page — checked duplicate headwords (all legitimate American/British or regular/irregular spelling-variant pairs, e.g. burned/burnt, dreamed/dreamt, proved/proven) and missing/placeholder examples; none of the latter found. Role tier left unchanged.
radt5ut6yj	[participio] tell	told	supporting	audit:reviewed	Audit: bulk mechanical pass over the Past-Tense & Past-Participle Formation page — checked duplicate headwords (all legitimate American/British or regular/irregular spelling-variant pairs, e.g. burned/burnt, dreamed/dreamt, proved/proven) and missing/placeholder examples; none of the latter found. Role tier left unchanged.
4i10zqiqjp	[pasado] build	built	supporting	audit:reviewed	Audit: bulk mechanical pass over the Past-Tense & Past-Participle Formation page — checked duplicate headwords (all legitimate American/British or regular/irregular spelling-variant pairs, e.g. burned/burnt, dreamed/dreamt, proved/proven) and missing/placeholder examples; none of the latter found. Role tier left unchanged.
xkyb2vua4e	[participio] build	built	supporting	audit:reviewed	Audit: bulk mechanical pass over the Past-Tense & Past-Participle Formation page — checked duplicate headwords (all legitimate American/British or regular/irregular spelling-variant pairs, e.g. burned/burnt, dreamed/dreamt, proved/proven) and missing/placeholder examples; none of the latter found. Role tier left unchanged.
5vg8sjndmp	[pasado] lay	laid	reference	audit:reviewed	Audit: bulk mechanical pass over the Past-Tense & Past-Participle Formation page — checked duplicate headwords (all legitimate American/British or regular/irregular spelling-variant pairs, e.g. burned/burnt, dreamed/dreamt, proved/proven) and missing/placeholder examples; none of the latter found. Role tier left unchanged.
w3xwt1is0s	[participio] lay	laid	reference	audit:reviewed	Audit: bulk mechanical pass over the Past-Tense & Past-Participle Formation page — checked duplicate headwords (all legitimate American/British or regular/irregular spelling-variant pairs, e.g. burned/burnt, dreamed/dreamt, proved/proven) and missing/placeholder examples; none of the latter found. Role tier left unchanged.
lmc3z7ehft	[pasado] make	made	supporting	audit:reviewed	Audit: bulk mechanical pass over the Past-Tense & Past-Participle Formation page — checked duplicate headwords (all legitimate American/British or regular/irregular spelling-variant pairs, e.g. burned/burnt, dreamed/dreamt, proved/proven) and missing/placeholder examples; none of the latter found. Role tier left unchanged.
pekpg8dy8k	[participio] make	made	supporting	audit:reviewed	Audit: bulk mechanical pass over the Past-Tense & Past-Participle Formation page — checked duplicate headwords (all legitimate American/British or regular/irregular spelling-variant pairs, e.g. burned/burnt, dreamed/dreamt, proved/proven) and missing/placeholder examples; none of the latter found. Role tier left unchanged.
rpgb8mpa5f	[pasado] pay	paid	supporting	audit:reviewed	Audit: bulk mechanical pass over the Past-Tense & Past-Participle Formation page — checked duplicate headwords (all legitimate American/British or regular/irregular spelling-variant pairs, e.g. burned/burnt, dreamed/dreamt, proved/proven) and missing/placeholder examples; none of the latter found. Role tier left unchanged.
mrzig8vrnw	[participio] pay	paid	supporting	audit:reviewed	Audit: bulk mechanical pass over the Past-Tense & Past-Participle Formation page — checked duplicate headwords (all legitimate American/British or regular/irregular spelling-variant pairs, e.g. burned/burnt, dreamed/dreamt, proved/proven) and missing/placeholder examples; none of the latter found. Role tier left unchanged.
frxrx8cy18	[pasado] hold	held	supporting	audit:reviewed	Audit: bulk mechanical pass over the Past-Tense & Past-Participle Formation page — checked duplicate headwords (all legitimate American/British or regular/irregular spelling-variant pairs, e.g. burned/burnt, dreamed/dreamt, proved/proven) and missing/placeholder examples; none of the latter found. Role tier left unchanged.
6uheo5toci	[participio] hold	held	supporting	audit:reviewed	Audit: bulk mechanical pass over the Past-Tense & Past-Participle Formation page — checked duplicate headwords (all legitimate American/British or regular/irregular spelling-variant pairs, e.g. burned/burnt, dreamed/dreamt, proved/proven) and missing/placeholder examples; none of the latter found. Role tier left unchanged.
ff26wwceho	[pasado] stand	stood	supporting	audit:reviewed	Audit: bulk mechanical pass over the Past-Tense & Past-Participle Formation page — checked duplicate headwords (all legitimate American/British or regular/irregular spelling-variant pairs, e.g. burned/burnt, dreamed/dreamt, proved/proven) and missing/placeholder examples; none of the latter found. Role tier left unchanged.
nor2ipti14	[participio] stand	stood	supporting	audit:reviewed	Audit: bulk mechanical pass over the Past-Tense & Past-Participle Formation page — checked duplicate headwords (all legitimate American/British or regular/irregular spelling-variant pairs, e.g. burned/burnt, dreamed/dreamt, proved/proven) and missing/placeholder examples; none of the latter found. Role tier left unchanged.
vjcpdhjlly	[pasado] understand	understood	supporting	audit:reviewed	Audit: bulk mechanical pass over the Past-Tense & Past-Participle Formation page — checked duplicate headwords (all legitimate American/British or regular/irregular spelling-variant pairs, e.g. burned/burnt, dreamed/dreamt, proved/proven) and missing/placeholder examples; none of the latter found. Role tier left unchanged.
2xxvvzpd57	[participio] understand	understood	supporting	audit:reviewed	Audit: bulk mechanical pass over the Past-Tense & Past-Participle Formation page — checked duplicate headwords (all legitimate American/British or regular/irregular spelling-variant pairs, e.g. burned/burnt, dreamed/dreamt, proved/proven) and missing/placeholder examples; none of the latter found. Role tier left unchanged.
bro8xnas57	[pasado] sneak	snuck	reference	audit:reviewed	Audit: bulk mechanical pass over the Past-Tense & Past-Participle Formation page — checked duplicate headwords (all legitimate American/British or regular/irregular spelling-variant pairs, e.g. burned/burnt, dreamed/dreamt, proved/proven) and missing/placeholder examples; none of the latter found. Role tier left unchanged.
1mv50oka9h	[participio] sneak	snuck	reference	audit:reviewed	Audit: bulk mechanical pass over the Past-Tense & Past-Participle Formation page — checked duplicate headwords (all legitimate American/British or regular/irregular spelling-variant pairs, e.g. burned/burnt, dreamed/dreamt, proved/proven) and missing/placeholder examples; none of the latter found. Role tier left unchanged.
m863lmpf46	[pasado] stick	stuck	supporting	audit:reviewed	Audit: bulk mechanical pass over the Past-Tense & Past-Participle Formation page — checked duplicate headwords (all legitimate American/British or regular/irregular spelling-variant pairs, e.g. burned/burnt, dreamed/dreamt, proved/proven) and missing/placeholder examples; none of the latter found. Role tier left unchanged.
fw8iz6u8gk	[participio] stick	stuck	supporting	audit:reviewed	Audit: bulk mechanical pass over the Past-Tense & Past-Participle Formation page — checked duplicate headwords (all legitimate American/British or regular/irregular spelling-variant pairs, e.g. burned/burnt, dreamed/dreamt, proved/proven) and missing/placeholder examples; none of the latter found. Role tier left unchanged.
tsz0335ozx	[pasado] strike	struck	reference	audit:reviewed	Audit: bulk mechanical pass over the Past-Tense & Past-Participle Formation page — checked duplicate headwords (all legitimate American/British or regular/irregular spelling-variant pairs, e.g. burned/burnt, dreamed/dreamt, proved/proven) and missing/placeholder examples; none of the latter found. Role tier left unchanged.
sdc2jo9nqh	[participio] strike	struck	reference	audit:reviewed	Audit: bulk mechanical pass over the Past-Tense & Past-Participle Formation page — checked duplicate headwords (all legitimate American/British or regular/irregular spelling-variant pairs, e.g. burned/burnt, dreamed/dreamt, proved/proven) and missing/placeholder examples; none of the latter found. Role tier left unchanged.
2gmqjxemef	[pasado] cling	clung	reference	audit:reviewed	Audit: bulk mechanical pass over the Past-Tense & Past-Participle Formation page — checked duplicate headwords (all legitimate American/British or regular/irregular spelling-variant pairs, e.g. burned/burnt, dreamed/dreamt, proved/proven) and missing/placeholder examples; none of the latter found. Role tier left unchanged.
xmwndx122c	[participio] cling	clung	reference	audit:reviewed	Audit: bulk mechanical pass over the Past-Tense & Past-Participle Formation page — checked duplicate headwords (all legitimate American/British or regular/irregular spelling-variant pairs, e.g. burned/burnt, dreamed/dreamt, proved/proven) and missing/placeholder examples; none of the latter found. Role tier left unchanged.
7gvjhcp0jx	[pasado] fling	flung	reference	audit:reviewed	Audit: bulk mechanical pass over the Past-Tense & Past-Participle Formation page — checked duplicate headwords (all legitimate American/British or regular/irregular spelling-variant pairs, e.g. burned/burnt, dreamed/dreamt, proved/proven) and missing/placeholder examples; none of the latter found. Role tier left unchanged.
2t02z49kkg	[participio] fling	flung	reference	audit:reviewed	Audit: bulk mechanical pass over the Past-Tense & Past-Participle Formation page — checked duplicate headwords (all legitimate American/British or regular/irregular spelling-variant pairs, e.g. burned/burnt, dreamed/dreamt, proved/proven) and missing/placeholder examples; none of the latter found. Role tier left unchanged.
4zgjpzcib1	[pasado] sting	stung	reference	audit:reviewed	Audit: bulk mechanical pass over the Past-Tense & Past-Participle Formation page — checked duplicate headwords (all legitimate American/British or regular/irregular spelling-variant pairs, e.g. burned/burnt, dreamed/dreamt, proved/proven) and missing/placeholder examples; none of the latter found. Role tier left unchanged.
crrzitua6k	[participio] sting	stung	reference	audit:reviewed	Audit: bulk mechanical pass over the Past-Tense & Past-Participle Formation page — checked duplicate headwords (all legitimate American/British or regular/irregular spelling-variant pairs, e.g. burned/burnt, dreamed/dreamt, proved/proven) and missing/placeholder examples; none of the latter found. Role tier left unchanged.
qkeb68iney	[pasado] string	strung	reference	audit:reviewed	Audit: bulk mechanical pass over the Past-Tense & Past-Participle Formation page — checked duplicate headwords (all legitimate American/British or regular/irregular spelling-variant pairs, e.g. burned/burnt, dreamed/dreamt, proved/proven) and missing/placeholder examples; none of the latter found. Role tier left unchanged.
5prswqlzrl	[participio] string	strung	reference	audit:reviewed	Audit: bulk mechanical pass over the Past-Tense & Past-Participle Formation page — checked duplicate headwords (all legitimate American/British or regular/irregular spelling-variant pairs, e.g. burned/burnt, dreamed/dreamt, proved/proven) and missing/placeholder examples; none of the latter found. Role tier left unchanged.
rgbzp5u6k1	[pasado] swing	swung	reference	audit:reviewed	Audit: bulk mechanical pass over the Past-Tense & Past-Participle Formation page — checked duplicate headwords (all legitimate American/British or regular/irregular spelling-variant pairs, e.g. burned/burnt, dreamed/dreamt, proved/proven) and missing/placeholder examples; none of the latter found. Role tier left unchanged.
pn5iblu8kg	[participio] swing	swung	reference	audit:reviewed	Audit: bulk mechanical pass over the Past-Tense & Past-Participle Formation page — checked duplicate headwords (all legitimate American/British or regular/irregular spelling-variant pairs, e.g. burned/burnt, dreamed/dreamt, proved/proven) and missing/placeholder examples; none of the latter found. Role tier left unchanged.
3ie6p4mi4t	[pasado] spin	spun	reference	audit:reviewed	Audit: bulk mechanical pass over the Past-Tense & Past-Participle Formation page — checked duplicate headwords (all legitimate American/British or regular/irregular spelling-variant pairs, e.g. burned/burnt, dreamed/dreamt, proved/proven) and missing/placeholder examples; none of the latter found. Role tier left unchanged.
r0tmuj75ts	[participio] spin	spun	reference	audit:reviewed	Audit: bulk mechanical pass over the Past-Tense & Past-Participle Formation page — checked duplicate headwords (all legitimate American/British or regular/irregular spelling-variant pairs, e.g. burned/burnt, dreamed/dreamt, proved/proven) and missing/placeholder examples; none of the latter found. Role tier left unchanged.
9p16t4wp8z	[pasado] win	won	supporting	audit:reviewed	Audit: bulk mechanical pass over the Past-Tense & Past-Participle Formation page — checked duplicate headwords (all legitimate American/British or regular/irregular spelling-variant pairs, e.g. burned/burnt, dreamed/dreamt, proved/proven) and missing/placeholder examples; none of the latter found. Role tier left unchanged.
a0584flbmr	[participio] win	won	supporting	audit:reviewed	Audit: bulk mechanical pass over the Past-Tense & Past-Participle Formation page — checked duplicate headwords (all legitimate American/British or regular/irregular spelling-variant pairs, e.g. burned/burnt, dreamed/dreamt, proved/proven) and missing/placeholder examples; none of the latter found. Role tier left unchanged.
pvjomq5jkz	[pasado] bite	bit	reference	audit:reviewed	Audit: bulk mechanical pass over the Past-Tense & Past-Participle Formation page — checked duplicate headwords (all legitimate American/British or regular/irregular spelling-variant pairs, e.g. burned/burnt, dreamed/dreamt, proved/proven) and missing/placeholder examples; none of the latter found. Role tier left unchanged.
lyxzmxkdz8	[pasado] light	lit	reference	audit:reviewed	Audit: bulk mechanical pass over the Past-Tense & Past-Participle Formation page — checked duplicate headwords (all legitimate American/British or regular/irregular spelling-variant pairs, e.g. burned/burnt, dreamed/dreamt, proved/proven) and missing/placeholder examples; none of the latter found. Role tier left unchanged.
jw2dkuzufk	[participio] light	lit	reference	audit:reviewed	Audit: bulk mechanical pass over the Past-Tense & Past-Participle Formation page — checked duplicate headwords (all legitimate American/British or regular/irregular spelling-variant pairs, e.g. burned/burnt, dreamed/dreamt, proved/proven) and missing/placeholder examples; none of the latter found. Role tier left unchanged.
nesbuszvq7	[pasado] sit	sat	supporting	audit:reviewed	Audit: bulk mechanical pass over the Past-Tense & Past-Participle Formation page — checked duplicate headwords (all legitimate American/British or regular/irregular spelling-variant pairs, e.g. burned/burnt, dreamed/dreamt, proved/proven) and missing/placeholder examples; none of the latter found. Role tier left unchanged.
ijdt2nva2a	[participio] sit	sat	supporting	audit:reviewed	Audit: bulk mechanical pass over the Past-Tense & Past-Participle Formation page — checked duplicate headwords (all legitimate American/British or regular/irregular spelling-variant pairs, e.g. burned/burnt, dreamed/dreamt, proved/proven) and missing/placeholder examples; none of the latter found. Role tier left unchanged.
qcqywantdf	[pasado] spit	spat	reference	audit:reviewed	Audit: bulk mechanical pass over the Past-Tense & Past-Participle Formation page — checked duplicate headwords (all legitimate American/British or regular/irregular spelling-variant pairs, e.g. burned/burnt, dreamed/dreamt, proved/proven) and missing/placeholder examples; none of the latter found. Role tier left unchanged.
28134b5k9i	[participio] spit	spat	reference	audit:reviewed	Audit: bulk mechanical pass over the Past-Tense & Past-Participle Formation page — checked duplicate headwords (all legitimate American/British or regular/irregular spelling-variant pairs, e.g. burned/burnt, dreamed/dreamt, proved/proven) and missing/placeholder examples; none of the latter found. Role tier left unchanged.
ahyyzzzoq4	[pasado] forget	forgot	supporting	audit:reviewed	Audit: bulk mechanical pass over the Past-Tense & Past-Participle Formation page — checked duplicate headwords (all legitimate American/British or regular/irregular spelling-variant pairs, e.g. burned/burnt, dreamed/dreamt, proved/proven) and missing/placeholder examples; none of the latter found. Role tier left unchanged.
e61dms0hq3	[pasado] get	got	supporting	audit:reviewed	Audit: bulk mechanical pass over the Past-Tense & Past-Participle Formation page — checked duplicate headwords (all legitimate American/British or regular/irregular spelling-variant pairs, e.g. burned/burnt, dreamed/dreamt, proved/proven) and missing/placeholder examples; none of the latter found. Role tier left unchanged.
i5v8ev923n	[pasado] shoot	shot	reference	audit:reviewed	Audit: bulk mechanical pass over the Past-Tense & Past-Participle Formation page — checked duplicate headwords (all legitimate American/British or regular/irregular spelling-variant pairs, e.g. burned/burnt, dreamed/dreamt, proved/proven) and missing/placeholder examples; none of the latter found. Role tier left unchanged.
vondbiomh2	[participio] shoot	shot	reference	audit:reviewed	Audit: bulk mechanical pass over the Past-Tense & Past-Participle Formation page — checked duplicate headwords (all legitimate American/British or regular/irregular spelling-variant pairs, e.g. burned/burnt, dreamed/dreamt, proved/proven) and missing/placeholder examples; none of the latter found. Role tier left unchanged.
j6uswnegvw	[pasado] begin	began	supporting	audit:reviewed	Audit: bulk mechanical pass over the Past-Tense & Past-Participle Formation page — checked duplicate headwords (all legitimate American/British or regular/irregular spelling-variant pairs, e.g. burned/burnt, dreamed/dreamt, proved/proven) and missing/placeholder examples; none of the latter found. Role tier left unchanged.
rxho2fn8fn	[pasado] ring	rang	reference	audit:reviewed	Audit: bulk mechanical pass over the Past-Tense & Past-Participle Formation page — checked duplicate headwords (all legitimate American/British or regular/irregular spelling-variant pairs, e.g. burned/burnt, dreamed/dreamt, proved/proven) and missing/placeholder examples; none of the latter found. Role tier left unchanged.
oiferzi4zi	[pasado] run	ran	supporting	audit:reviewed	Audit: bulk mechanical pass over the Past-Tense & Past-Participle Formation page — checked duplicate headwords (all legitimate American/British or regular/irregular spelling-variant pairs, e.g. burned/burnt, dreamed/dreamt, proved/proven) and missing/placeholder examples; none of the latter found. Role tier left unchanged.
n093iw4nyk	[pasado] sing	sang	supporting	audit:reviewed	Audit: bulk mechanical pass over the Past-Tense & Past-Participle Formation page — checked duplicate headwords (all legitimate American/British or regular/irregular spelling-variant pairs, e.g. burned/burnt, dreamed/dreamt, proved/proven) and missing/placeholder examples; none of the latter found. Role tier left unchanged.
snq1ha8d7o	[pasado] spring	sprang	reference	audit:reviewed	Audit: bulk mechanical pass over the Past-Tense & Past-Participle Formation page — checked duplicate headwords (all legitimate American/British or regular/irregular spelling-variant pairs, e.g. burned/burnt, dreamed/dreamt, proved/proven) and missing/placeholder examples; none of the latter found. Role tier left unchanged.
os9brbkhnw	[pasado] swim	swam	supporting	audit:reviewed	Audit: bulk mechanical pass over the Past-Tense & Past-Participle Formation page — checked duplicate headwords (all legitimate American/British or regular/irregular spelling-variant pairs, e.g. burned/burnt, dreamed/dreamt, proved/proven) and missing/placeholder examples; none of the latter found. Role tier left unchanged.
vlkscuc232	[participio] begin	begun	supporting	audit:reviewed	Audit: bulk mechanical pass over the Past-Tense & Past-Participle Formation page — checked duplicate headwords (all legitimate American/British or regular/irregular spelling-variant pairs, e.g. burned/burnt, dreamed/dreamt, proved/proven) and missing/placeholder examples; none of the latter found. Role tier left unchanged.
3pco7273dr	[participio] ring	rung	reference	audit:reviewed	Audit: bulk mechanical pass over the Past-Tense & Past-Participle Formation page — checked duplicate headwords (all legitimate American/British or regular/irregular spelling-variant pairs, e.g. burned/burnt, dreamed/dreamt, proved/proven) and missing/placeholder examples; none of the latter found. Role tier left unchanged.
jt1vowte8p	[participio] sing	sung	supporting	audit:reviewed	Audit: bulk mechanical pass over the Past-Tense & Past-Participle Formation page — checked duplicate headwords (all legitimate American/British or regular/irregular spelling-variant pairs, e.g. burned/burnt, dreamed/dreamt, proved/proven) and missing/placeholder examples; none of the latter found. Role tier left unchanged.
29y2qd6vwx	[pasado] spring	sprung	reference	audit:reviewed	Audit: bulk mechanical pass over the Past-Tense & Past-Participle Formation page — checked duplicate headwords (all legitimate American/British or regular/irregular spelling-variant pairs, e.g. burned/burnt, dreamed/dreamt, proved/proven) and missing/placeholder examples; none of the latter found. Role tier left unchanged.
mn12dzvwpe	[participio] spring	sprung	reference	audit:reviewed	Audit: bulk mechanical pass over the Past-Tense & Past-Participle Formation page — checked duplicate headwords (all legitimate American/British or regular/irregular spelling-variant pairs, e.g. burned/burnt, dreamed/dreamt, proved/proven) and missing/placeholder examples; none of the latter found. Role tier left unchanged.
r2gyv054my	[pasado] drink	drank	supporting	audit:reviewed	Audit: bulk mechanical pass over the Past-Tense & Past-Participle Formation page — checked duplicate headwords (all legitimate American/British or regular/irregular spelling-variant pairs, e.g. burned/burnt, dreamed/dreamt, proved/proven) and missing/placeholder examples; none of the latter found. Role tier left unchanged.
c96ukshr12	[pasado] shrink	shrank	reference	audit:reviewed	Audit: bulk mechanical pass over the Past-Tense & Past-Participle Formation page — checked duplicate headwords (all legitimate American/British or regular/irregular spelling-variant pairs, e.g. burned/burnt, dreamed/dreamt, proved/proven) and missing/placeholder examples; none of the latter found. Role tier left unchanged.
q0in967hnc	[pasado] sink	sank	reference	audit:reviewed	Audit: bulk mechanical pass over the Past-Tense & Past-Participle Formation page — checked duplicate headwords (all legitimate American/British or regular/irregular spelling-variant pairs, e.g. burned/burnt, dreamed/dreamt, proved/proven) and missing/placeholder examples; none of the latter found. Role tier left unchanged.
sih56dd7uj	[pasado] stink	stank	reference	audit:reviewed	Audit: bulk mechanical pass over the Past-Tense & Past-Participle Formation page — checked duplicate headwords (all legitimate American/British or regular/irregular spelling-variant pairs, e.g. burned/burnt, dreamed/dreamt, proved/proven) and missing/placeholder examples; none of the latter found. Role tier left unchanged.
hx302e3tcv	[participio] drink	drunk	supporting	audit:reviewed	Audit: bulk mechanical pass over the Past-Tense & Past-Participle Formation page — checked duplicate headwords (all legitimate American/British or regular/irregular spelling-variant pairs, e.g. burned/burnt, dreamed/dreamt, proved/proven) and missing/placeholder examples; none of the latter found. Role tier left unchanged.
rol2mcvlrq	[pasado] shrink	shrunk	reference	audit:reviewed	Audit: bulk mechanical pass over the Past-Tense & Past-Participle Formation page — checked duplicate headwords (all legitimate American/British or regular/irregular spelling-variant pairs, e.g. burned/burnt, dreamed/dreamt, proved/proven) and missing/placeholder examples; none of the latter found. Role tier left unchanged.
c9of0pgjjt	[participio] shrink	shrunk	reference	audit:reviewed	Audit: bulk mechanical pass over the Past-Tense & Past-Participle Formation page — checked duplicate headwords (all legitimate American/British or regular/irregular spelling-variant pairs, e.g. burned/burnt, dreamed/dreamt, proved/proven) and missing/placeholder examples; none of the latter found. Role tier left unchanged.
yp8kmo62ix	[pasado] sink	sunk	reference	audit:reviewed	Audit: bulk mechanical pass over the Past-Tense & Past-Participle Formation page — checked duplicate headwords (all legitimate American/British or regular/irregular spelling-variant pairs, e.g. burned/burnt, dreamed/dreamt, proved/proven) and missing/placeholder examples; none of the latter found. Role tier left unchanged.
poq5iuw2pj	[participio] sink	sunk	reference	audit:reviewed	Audit: bulk mechanical pass over the Past-Tense & Past-Participle Formation page — checked duplicate headwords (all legitimate American/British or regular/irregular spelling-variant pairs, e.g. burned/burnt, dreamed/dreamt, proved/proven) and missing/placeholder examples; none of the latter found. Role tier left unchanged.
jf80q4laj8	[pasado] stink	stunk	reference	audit:reviewed	Audit: bulk mechanical pass over the Past-Tense & Past-Participle Formation page — checked duplicate headwords (all legitimate American/British or regular/irregular spelling-variant pairs, e.g. burned/burnt, dreamed/dreamt, proved/proven) and missing/placeholder examples; none of the latter found. Role tier left unchanged.
emnewbc2e3	[participio] stink	stunk	reference	audit:reviewed	Audit: bulk mechanical pass over the Past-Tense & Past-Participle Formation page — checked duplicate headwords (all legitimate American/British or regular/irregular spelling-variant pairs, e.g. burned/burnt, dreamed/dreamt, proved/proven) and missing/placeholder examples; none of the latter found. Role tier left unchanged.
9nyqu8uehx	[pasado] do	did	core	audit:reviewed	Audit: bulk mechanical pass over the Past-Tense & Past-Participle Formation page — checked duplicate headwords (all legitimate American/British or regular/irregular spelling-variant pairs, e.g. burned/burnt, dreamed/dreamt, proved/proven) and missing/placeholder examples; none of the latter found. Role tier left unchanged.
16srcng7up	[pasado] hide	hid	supporting	audit:reviewed	Audit: bulk mechanical pass over the Past-Tense & Past-Participle Formation page — checked duplicate headwords (all legitimate American/British or regular/irregular spelling-variant pairs, e.g. burned/burnt, dreamed/dreamt, proved/proven) and missing/placeholder examples; none of the latter found. Role tier left unchanged.
48mt7mqm4p	[pasado] slide	slid	reference	audit:reviewed	Audit: bulk mechanical pass over the Past-Tense & Past-Participle Formation page — checked duplicate headwords (all legitimate American/British or regular/irregular spelling-variant pairs, e.g. burned/burnt, dreamed/dreamt, proved/proven) and missing/placeholder examples; none of the latter found. Role tier left unchanged.
0sb6k8lwlg	[participio] slide	slid	reference	audit:reviewed	Audit: bulk mechanical pass over the Past-Tense & Past-Participle Formation page — checked duplicate headwords (all legitimate American/British or regular/irregular spelling-variant pairs, e.g. burned/burnt, dreamed/dreamt, proved/proven) and missing/placeholder examples; none of the latter found. Role tier left unchanged.
yw0r4qe03n	[pasado] blow	blew	reference	audit:reviewed	Audit: bulk mechanical pass over the Past-Tense & Past-Participle Formation page — checked duplicate headwords (all legitimate American/British or regular/irregular spelling-variant pairs, e.g. burned/burnt, dreamed/dreamt, proved/proven) and missing/placeholder examples; none of the latter found. Role tier left unchanged.
mll3xsnqqe	[pasado] draw	drew	supporting	audit:reviewed	Audit: bulk mechanical pass over the Past-Tense & Past-Participle Formation page — checked duplicate headwords (all legitimate American/British or regular/irregular spelling-variant pairs, e.g. burned/burnt, dreamed/dreamt, proved/proven) and missing/placeholder examples; none of the latter found. Role tier left unchanged.
vnrv7qdebw	[pasado] fly	flew	supporting	audit:reviewed	Audit: bulk mechanical pass over the Past-Tense & Past-Participle Formation page — checked duplicate headwords (all legitimate American/British or regular/irregular spelling-variant pairs, e.g. burned/burnt, dreamed/dreamt, proved/proven) and missing/placeholder examples; none of the latter found. Role tier left unchanged.
62klhyoaxj	[pasado] grow	grew	supporting	audit:reviewed	Audit: bulk mechanical pass over the Past-Tense & Past-Participle Formation page — checked duplicate headwords (all legitimate American/British or regular/irregular spelling-variant pairs, e.g. burned/burnt, dreamed/dreamt, proved/proven) and missing/placeholder examples; none of the latter found. Role tier left unchanged.
8w2jqzvm13	[pasado] know	knew	supporting	audit:reviewed	Audit: bulk mechanical pass over the Past-Tense & Past-Participle Formation page — checked duplicate headwords (all legitimate American/British or regular/irregular spelling-variant pairs, e.g. burned/burnt, dreamed/dreamt, proved/proven) and missing/placeholder examples; none of the latter found. Role tier left unchanged.
r471s16bk1	[pasado] throw	threw	supporting	audit:reviewed	Audit: bulk mechanical pass over the Past-Tense & Past-Participle Formation page — checked duplicate headwords (all legitimate American/British or regular/irregular spelling-variant pairs, e.g. burned/burnt, dreamed/dreamt, proved/proven) and missing/placeholder examples; none of the latter found. Role tier left unchanged.
d1hnk98p24	[participio] blow	blown	reference	audit:reviewed	Audit: bulk mechanical pass over the Past-Tense & Past-Participle Formation page — checked duplicate headwords (all legitimate American/British or regular/irregular spelling-variant pairs, e.g. burned/burnt, dreamed/dreamt, proved/proven) and missing/placeholder examples; none of the latter found. Role tier left unchanged.
q58n1n7mzx	[participio] fly	flown	supporting	audit:reviewed	Audit: bulk mechanical pass over the Past-Tense & Past-Participle Formation page — checked duplicate headwords (all legitimate American/British or regular/irregular spelling-variant pairs, e.g. burned/burnt, dreamed/dreamt, proved/proven) and missing/placeholder examples; none of the latter found. Role tier left unchanged.
8wyni4z4jb	[participio] grow	grown	supporting	audit:reviewed	Audit: bulk mechanical pass over the Past-Tense & Past-Participle Formation page — checked duplicate headwords (all legitimate American/British or regular/irregular spelling-variant pairs, e.g. burned/burnt, dreamed/dreamt, proved/proven) and missing/placeholder examples; none of the latter found. Role tier left unchanged.
m31kpazbri	[participio] know	known	supporting	audit:reviewed	Audit: bulk mechanical pass over the Past-Tense & Past-Participle Formation page — checked duplicate headwords (all legitimate American/British or regular/irregular spelling-variant pairs, e.g. burned/burnt, dreamed/dreamt, proved/proven) and missing/placeholder examples; none of the latter found. Role tier left unchanged.
g3ofkktl63	[participio] mow	mown	reference	audit:reviewed	Audit: bulk mechanical pass over the Past-Tense & Past-Participle Formation page — checked duplicate headwords (all legitimate American/British or regular/irregular spelling-variant pairs, e.g. burned/burnt, dreamed/dreamt, proved/proven) and missing/placeholder examples; none of the latter found. Role tier left unchanged.
e4rrbwczr7	[pasado] shine	shone	reference	audit:reviewed	Audit: bulk mechanical pass over the Past-Tense & Past-Participle Formation page — checked duplicate headwords (all legitimate American/British or regular/irregular spelling-variant pairs, e.g. burned/burnt, dreamed/dreamt, proved/proven) and missing/placeholder examples; none of the latter found. Role tier left unchanged.
e363thvvnn	[participio] shine	shone	reference	audit:reviewed	Audit: bulk mechanical pass over the Past-Tense & Past-Participle Formation page — checked duplicate headwords (all legitimate American/British or regular/irregular spelling-variant pairs, e.g. burned/burnt, dreamed/dreamt, proved/proven) and missing/placeholder examples; none of the latter found. Role tier left unchanged.
denchpjziw	[participio] show	shown	supporting	audit:reviewed	Audit: bulk mechanical pass over the Past-Tense & Past-Participle Formation page — checked duplicate headwords (all legitimate American/British or regular/irregular spelling-variant pairs, e.g. burned/burnt, dreamed/dreamt, proved/proven) and missing/placeholder examples; none of the latter found. Role tier left unchanged.
5wsjjs5o6u	[participio] sow	sown	reference	audit:reviewed	Audit: bulk mechanical pass over the Past-Tense & Past-Participle Formation page — checked duplicate headwords (all legitimate American/British or regular/irregular spelling-variant pairs, e.g. burned/burnt, dreamed/dreamt, proved/proven) and missing/placeholder examples; none of the latter found. Role tier left unchanged.
2uoub5ekex	[participio] throw	thrown	supporting	audit:reviewed	Audit: bulk mechanical pass over the Past-Tense & Past-Participle Formation page — checked duplicate headwords (all legitimate American/British or regular/irregular spelling-variant pairs, e.g. burned/burnt, dreamed/dreamt, proved/proven) and missing/placeholder examples; none of the latter found. Role tier left unchanged.
vbydhdzdnz	[pasado] drive	drove	supporting	audit:reviewed	Audit: bulk mechanical pass over the Past-Tense & Past-Participle Formation page — checked duplicate headwords (all legitimate American/British or regular/irregular spelling-variant pairs, e.g. burned/burnt, dreamed/dreamt, proved/proven) and missing/placeholder examples; none of the latter found. Role tier left unchanged.
0v2x2ecjqe	[pasado] ride	rode	supporting	audit:reviewed	Audit: bulk mechanical pass over the Past-Tense & Past-Participle Formation page — checked duplicate headwords (all legitimate American/British or regular/irregular spelling-variant pairs, e.g. burned/burnt, dreamed/dreamt, proved/proven) and missing/placeholder examples; none of the latter found. Role tier left unchanged.
dn2x9hvejb	[pasado] stride	strode	reference	audit:reviewed	Audit: bulk mechanical pass over the Past-Tense & Past-Participle Formation page — checked duplicate headwords (all legitimate American/British or regular/irregular spelling-variant pairs, e.g. burned/burnt, dreamed/dreamt, proved/proven) and missing/placeholder examples; none of the latter found. Role tier left unchanged.
01u8liicj7	[pasado] thrive	throve	reference	audit:reviewed	Audit: bulk mechanical pass over the Past-Tense & Past-Participle Formation page — checked duplicate headwords (all legitimate American/British or regular/irregular spelling-variant pairs, e.g. burned/burnt, dreamed/dreamt, proved/proven) and missing/placeholder examples; none of the latter found. Role tier left unchanged.
2xpg1fnglt	[pasado] weave	wove	reference	audit:reviewed	Audit: bulk mechanical pass over the Past-Tense & Past-Participle Formation page — checked duplicate headwords (all legitimate American/British or regular/irregular spelling-variant pairs, e.g. burned/burnt, dreamed/dreamt, proved/proven) and missing/placeholder examples; none of the latter found. Role tier left unchanged.
63bn9ar4z7	[participio] drive	driven	supporting	audit:reviewed	Audit: bulk mechanical pass over the Past-Tense & Past-Participle Formation page — checked duplicate headwords (all legitimate American/British or regular/irregular spelling-variant pairs, e.g. burned/burnt, dreamed/dreamt, proved/proven) and missing/placeholder examples; none of the latter found. Role tier left unchanged.
tgo1val9xh	[participio] ride	ridden	supporting	audit:reviewed	Audit: bulk mechanical pass over the Past-Tense & Past-Participle Formation page — checked duplicate headwords (all legitimate American/British or regular/irregular spelling-variant pairs, e.g. burned/burnt, dreamed/dreamt, proved/proven) and missing/placeholder examples; none of the latter found. Role tier left unchanged.
kjvrvxfkqn	[participio] stride	stridden	reference	audit:reviewed	Audit: bulk mechanical pass over the Past-Tense & Past-Participle Formation page — checked duplicate headwords (all legitimate American/British or regular/irregular spelling-variant pairs, e.g. burned/burnt, dreamed/dreamt, proved/proven) and missing/placeholder examples; none of the latter found. Role tier left unchanged.
ni742ndzv7	[pasado] awake	awoke	reference	audit:reviewed	Audit: bulk mechanical pass over the Past-Tense & Past-Participle Formation page — checked duplicate headwords (all legitimate American/British or regular/irregular spelling-variant pairs, e.g. burned/burnt, dreamed/dreamt, proved/proven) and missing/placeholder examples; none of the latter found. Role tier left unchanged.
8xe7hazr9w	[pasado] break	broke	supporting	audit:reviewed	Audit: bulk mechanical pass over the Past-Tense & Past-Participle Formation page — checked duplicate headwords (all legitimate American/British or regular/irregular spelling-variant pairs, e.g. burned/burnt, dreamed/dreamt, proved/proven) and missing/placeholder examples; none of the latter found. Role tier left unchanged.
m1vp7bjw6g	[pasado] speak	spoke	supporting	audit:reviewed	Audit: bulk mechanical pass over the Past-Tense & Past-Participle Formation page — checked duplicate headwords (all legitimate American/British or regular/irregular spelling-variant pairs, e.g. burned/burnt, dreamed/dreamt, proved/proven) and missing/placeholder examples; none of the latter found. Role tier left unchanged.
eianbt0bry	[pasado] wake	woke	supporting	audit:reviewed	Audit: bulk mechanical pass over the Past-Tense & Past-Participle Formation page — checked duplicate headwords (all legitimate American/British or regular/irregular spelling-variant pairs, e.g. burned/burnt, dreamed/dreamt, proved/proven) and missing/placeholder examples; none of the latter found. Role tier left unchanged.
bhw9cef29l	[participio] awake	awoken	reference	audit:reviewed	Audit: bulk mechanical pass over the Past-Tense & Past-Participle Formation page — checked duplicate headwords (all legitimate American/British or regular/irregular spelling-variant pairs, e.g. burned/burnt, dreamed/dreamt, proved/proven) and missing/placeholder examples; none of the latter found. Role tier left unchanged.
6ftt9jzrxo	[participio] break	broken	supporting	audit:reviewed	Audit: bulk mechanical pass over the Past-Tense & Past-Participle Formation page — checked duplicate headwords (all legitimate American/British or regular/irregular spelling-variant pairs, e.g. burned/burnt, dreamed/dreamt, proved/proven) and missing/placeholder examples; none of the latter found. Role tier left unchanged.
p4y3ag42a9	[participio] speak	spoken	supporting	audit:reviewed	Audit: bulk mechanical pass over the Past-Tense & Past-Participle Formation page — checked duplicate headwords (all legitimate American/British or regular/irregular spelling-variant pairs, e.g. burned/burnt, dreamed/dreamt, proved/proven) and missing/placeholder examples; none of the latter found. Role tier left unchanged.
4sihxpdhzg	[participio] wake	woken	supporting	audit:reviewed	Audit: bulk mechanical pass over the Past-Tense & Past-Participle Formation page — checked duplicate headwords (all legitimate American/British or regular/irregular spelling-variant pairs, e.g. burned/burnt, dreamed/dreamt, proved/proven) and missing/placeholder examples; none of the latter found. Role tier left unchanged.
42qzrcv99x	[pasado] shake	shook	supporting	audit:reviewed	Audit: bulk mechanical pass over the Past-Tense & Past-Participle Formation page — checked duplicate headwords (all legitimate American/British or regular/irregular spelling-variant pairs, e.g. burned/burnt, dreamed/dreamt, proved/proven) and missing/placeholder examples; none of the latter found. Role tier left unchanged.
s0htompife	[pasado] take	took	supporting	audit:reviewed	Audit: bulk mechanical pass over the Past-Tense & Past-Participle Formation page — checked duplicate headwords (all legitimate American/British or regular/irregular spelling-variant pairs, e.g. burned/burnt, dreamed/dreamt, proved/proven) and missing/placeholder examples; none of the latter found. Role tier left unchanged.
l2oheg8sdo	[participio] shake	shaken	supporting	audit:reviewed	Audit: bulk mechanical pass over the Past-Tense & Past-Participle Formation page — checked duplicate headwords (all legitimate American/British or regular/irregular spelling-variant pairs, e.g. burned/burnt, dreamed/dreamt, proved/proven) and missing/placeholder examples; none of the latter found. Role tier left unchanged.
bn0ps9sz3h	[participio] take	taken	supporting	audit:reviewed	Audit: bulk mechanical pass over the Past-Tense & Past-Participle Formation page — checked duplicate headwords (all legitimate American/British or regular/irregular spelling-variant pairs, e.g. burned/burnt, dreamed/dreamt, proved/proven) and missing/placeholder examples; none of the latter found. Role tier left unchanged.
w5f9hb62bj	[pasado] choose	chose	supporting	audit:reviewed	Audit: bulk mechanical pass over the Past-Tense & Past-Participle Formation page — checked duplicate headwords (all legitimate American/British or regular/irregular spelling-variant pairs, e.g. burned/burnt, dreamed/dreamt, proved/proven) and missing/placeholder examples; none of the latter found. Role tier left unchanged.
ghx4osdo9o	[pasado] freeze	froze	reference	audit:reviewed	Audit: bulk mechanical pass over the Past-Tense & Past-Participle Formation page — checked duplicate headwords (all legitimate American/British or regular/irregular spelling-variant pairs, e.g. burned/burnt, dreamed/dreamt, proved/proven) and missing/placeholder examples; none of the latter found. Role tier left unchanged.
1yx8y3hhk6	[participio] choose	chosen	supporting	audit:reviewed	Audit: bulk mechanical pass over the Past-Tense & Past-Participle Formation page — checked duplicate headwords (all legitimate American/British or regular/irregular spelling-variant pairs, e.g. burned/burnt, dreamed/dreamt, proved/proven) and missing/placeholder examples; none of the latter found. Role tier left unchanged.
6f3b5muinr	[participio] freeze	frozen	reference	audit:reviewed	Audit: bulk mechanical pass over the Past-Tense & Past-Participle Formation page — checked duplicate headwords (all legitimate American/British or regular/irregular spelling-variant pairs, e.g. burned/burnt, dreamed/dreamt, proved/proven) and missing/placeholder examples; none of the latter found. Role tier left unchanged.
hnih2u3kpa	[pasado] forgive	forgave	reference	audit:reviewed	Audit: bulk mechanical pass over the Past-Tense & Past-Participle Formation page — checked duplicate headwords (all legitimate American/British or regular/irregular spelling-variant pairs, e.g. burned/burnt, dreamed/dreamt, proved/proven) and missing/placeholder examples; none of the latter found. Role tier left unchanged.
62spkcg55w	[pasado] give	gave	supporting	audit:reviewed	Audit: bulk mechanical pass over the Past-Tense & Past-Participle Formation page — checked duplicate headwords (all legitimate American/British or regular/irregular spelling-variant pairs, e.g. burned/burnt, dreamed/dreamt, proved/proven) and missing/placeholder examples; none of the latter found. Role tier left unchanged.
1xuraraznf	[participio] forgive	forgiven	reference	audit:reviewed	Audit: bulk mechanical pass over the Past-Tense & Past-Participle Formation page — checked duplicate headwords (all legitimate American/British or regular/irregular spelling-variant pairs, e.g. burned/burnt, dreamed/dreamt, proved/proven) and missing/placeholder examples; none of the latter found. Role tier left unchanged.
iblqv731gx	[participio] give	given	supporting	audit:reviewed	Audit: bulk mechanical pass over the Past-Tense & Past-Participle Formation page — checked duplicate headwords (all legitimate American/British or regular/irregular spelling-variant pairs, e.g. burned/burnt, dreamed/dreamt, proved/proven) and missing/placeholder examples; none of the latter found. Role tier left unchanged.
5jivy1ob66	[participio] forget	forgotten	supporting	audit:reviewed	Audit: bulk mechanical pass over the Past-Tense & Past-Participle Formation page — checked duplicate headwords (all legitimate American/British or regular/irregular spelling-variant pairs, e.g. burned/burnt, dreamed/dreamt, proved/proven) and missing/placeholder examples; none of the latter found. Role tier left unchanged.
3r70xx9t9s	[participio] get	gotten	supporting	audit:reviewed	Audit: bulk mechanical pass over the Past-Tense & Past-Participle Formation page — checked duplicate headwords (all legitimate American/British or regular/irregular spelling-variant pairs, e.g. burned/burnt, dreamed/dreamt, proved/proven) and missing/placeholder examples; none of the latter found. Role tier left unchanged.
hqskibtcl1	[participio] bite	bitten	reference	audit:reviewed	Audit: bulk mechanical pass over the Past-Tense & Past-Participle Formation page — checked duplicate headwords (all legitimate American/British or regular/irregular spelling-variant pairs, e.g. burned/burnt, dreamed/dreamt, proved/proven) and missing/placeholder examples; none of the latter found. Role tier left unchanged.
fu3jtwrv5c	[participio] hide	hidden	supporting	audit:reviewed	Audit: bulk mechanical pass over the Past-Tense & Past-Participle Formation page — checked duplicate headwords (all legitimate American/British or regular/irregular spelling-variant pairs, e.g. burned/burnt, dreamed/dreamt, proved/proven) and missing/placeholder examples; none of the latter found. Role tier left unchanged.
nf5qq29oke	[participio] write	written	core	audit:reviewed	Audit: bulk mechanical pass over the Past-Tense & Past-Participle Formation page — checked duplicate headwords (all legitimate American/British or regular/irregular spelling-variant pairs, e.g. burned/burnt, dreamed/dreamt, proved/proven) and missing/placeholder examples; none of the latter found. Role tier left unchanged.
g1rutwdphd	[pasado] arise	arose	reference	audit:reviewed	Audit: bulk mechanical pass over the Past-Tense & Past-Participle Formation page — checked duplicate headwords (all legitimate American/British or regular/irregular spelling-variant pairs, e.g. burned/burnt, dreamed/dreamt, proved/proven) and missing/placeholder examples; none of the latter found. Role tier left unchanged.
km1b8rim8n	[pasado] rise	rose	supporting	audit:reviewed	Audit: bulk mechanical pass over the Past-Tense & Past-Participle Formation page — checked duplicate headwords (all legitimate American/British or regular/irregular spelling-variant pairs, e.g. burned/burnt, dreamed/dreamt, proved/proven) and missing/placeholder examples; none of the latter found. Role tier left unchanged.
onvicr4rrh	[participio] arise	arisen	reference	audit:reviewed	Audit: bulk mechanical pass over the Past-Tense & Past-Participle Formation page — checked duplicate headwords (all legitimate American/British or regular/irregular spelling-variant pairs, e.g. burned/burnt, dreamed/dreamt, proved/proven) and missing/placeholder examples; none of the latter found. Role tier left unchanged.
d9oxjrwfue	[participio] rise	risen	supporting	audit:reviewed	Audit: bulk mechanical pass over the Past-Tense & Past-Participle Formation page — checked duplicate headwords (all legitimate American/British or regular/irregular spelling-variant pairs, e.g. burned/burnt, dreamed/dreamt, proved/proven) and missing/placeholder examples; none of the latter found. Role tier left unchanged.
r78nprh6tx	[pasado] become	became	supporting	audit:reviewed	Audit: bulk mechanical pass over the Past-Tense & Past-Participle Formation page — checked duplicate headwords (all legitimate American/British or regular/irregular spelling-variant pairs, e.g. burned/burnt, dreamed/dreamt, proved/proven) and missing/placeholder examples; none of the latter found. Role tier left unchanged.
lbukbw3o1p	[pasado] come	came	supporting	audit:reviewed	Audit: bulk mechanical pass over the Past-Tense & Past-Participle Formation page — checked duplicate headwords (all legitimate American/British or regular/irregular spelling-variant pairs, e.g. burned/burnt, dreamed/dreamt, proved/proven) and missing/placeholder examples; none of the latter found. Role tier left unchanged.
3090ckncp7	[participio] become	become	supporting	audit:reviewed	Audit: bulk mechanical pass over the Past-Tense & Past-Participle Formation page — checked duplicate headwords (all legitimate American/British or regular/irregular spelling-variant pairs, e.g. burned/burnt, dreamed/dreamt, proved/proven) and missing/placeholder examples; none of the latter found. Role tier left unchanged.
xdkhmkos1t	[participio] come	come	supporting	audit:reviewed	Audit: bulk mechanical pass over the Past-Tense & Past-Participle Formation page — checked duplicate headwords (all legitimate American/British or regular/irregular spelling-variant pairs, e.g. burned/burnt, dreamed/dreamt, proved/proven) and missing/placeholder examples; none of the latter found. Role tier left unchanged.
ur7p71snqp	[participio] run	run	supporting	audit:reviewed	Audit: bulk mechanical pass over the Past-Tense & Past-Participle Formation page — checked duplicate headwords (all legitimate American/British or regular/irregular spelling-variant pairs, e.g. burned/burnt, dreamed/dreamt, proved/proven) and missing/placeholder examples; none of the latter found. Role tier left unchanged.
m2led45ghj	[participio] do	done	supporting	audit:reviewed	Audit: bulk mechanical pass over the Past-Tense & Past-Participle Formation page — checked duplicate headwords (all legitimate American/British or regular/irregular spelling-variant pairs, e.g. burned/burnt, dreamed/dreamt, proved/proven) and missing/placeholder examples; none of the latter found. Role tier left unchanged.
j75hzql7s8	[participio] go	gone	supporting	audit:reviewed	Audit: bulk mechanical pass over the Past-Tense & Past-Participle Formation page — checked duplicate headwords (all legitimate American/British or regular/irregular spelling-variant pairs, e.g. burned/burnt, dreamed/dreamt, proved/proven) and missing/placeholder examples; none of the latter found. Role tier left unchanged.
74yqz3gffe	[pasado] swear	swore	reference	audit:reviewed	Audit: bulk mechanical pass over the Past-Tense & Past-Participle Formation page — checked duplicate headwords (all legitimate American/British or regular/irregular spelling-variant pairs, e.g. burned/burnt, dreamed/dreamt, proved/proven) and missing/placeholder examples; none of the latter found. Role tier left unchanged.
j17yzfti0u	[pasado] tear	tore	reference	audit:reviewed	Audit: bulk mechanical pass over the Past-Tense & Past-Participle Formation page — checked duplicate headwords (all legitimate American/British or regular/irregular spelling-variant pairs, e.g. burned/burnt, dreamed/dreamt, proved/proven) and missing/placeholder examples; none of the latter found. Role tier left unchanged.
qwug2xfbtt	[pasado] wear	wore	supporting	audit:reviewed	Audit: bulk mechanical pass over the Past-Tense & Past-Participle Formation page — checked duplicate headwords (all legitimate American/British or regular/irregular spelling-variant pairs, e.g. burned/burnt, dreamed/dreamt, proved/proven) and missing/placeholder examples; none of the latter found. Role tier left unchanged.
wu1iiygwy2	[participio] bear	born	reference	audit:reviewed	Audit: bulk mechanical pass over the Past-Tense & Past-Participle Formation page — checked duplicate headwords (all legitimate American/British or regular/irregular spelling-variant pairs, e.g. burned/burnt, dreamed/dreamt, proved/proven) and missing/placeholder examples; none of the latter found. Role tier left unchanged.
4dqnbf4tkp	[participio] draw	drawn	supporting	audit:reviewed	Audit: bulk mechanical pass over the Past-Tense & Past-Participle Formation page — checked duplicate headwords (all legitimate American/British or regular/irregular spelling-variant pairs, e.g. burned/burnt, dreamed/dreamt, proved/proven) and missing/placeholder examples; none of the latter found. Role tier left unchanged.
5ypcg469un	[participio] swear	sworn	reference	audit:reviewed	Audit: bulk mechanical pass over the Past-Tense & Past-Participle Formation page — checked duplicate headwords (all legitimate American/British or regular/irregular spelling-variant pairs, e.g. burned/burnt, dreamed/dreamt, proved/proven) and missing/placeholder examples; none of the latter found. Role tier left unchanged.
1itmjjorc8	[participio] tear	torn	reference	audit:reviewed	Audit: bulk mechanical pass over the Past-Tense & Past-Participle Formation page — checked duplicate headwords (all legitimate American/British or regular/irregular spelling-variant pairs, e.g. burned/burnt, dreamed/dreamt, proved/proven) and missing/placeholder examples; none of the latter found. Role tier left unchanged.
0wg3chrr3d	[participio] wear	worn	supporting	audit:reviewed	Audit: bulk mechanical pass over the Past-Tense & Past-Participle Formation page — checked duplicate headwords (all legitimate American/British or regular/irregular spelling-variant pairs, e.g. burned/burnt, dreamed/dreamt, proved/proven) and missing/placeholder examples; none of the latter found. Role tier left unchanged.
3bzk962le1	[participio] beat	beaten	reference	audit:reviewed	Audit: bulk mechanical pass over the Past-Tense & Past-Participle Formation page — checked duplicate headwords (all legitimate American/British or regular/irregular spelling-variant pairs, e.g. burned/burnt, dreamed/dreamt, proved/proven) and missing/placeholder examples; none of the latter found. Role tier left unchanged.
l6tfbrakge	[participio] eat	eaten	supporting	audit:reviewed	Audit: bulk mechanical pass over the Past-Tense & Past-Participle Formation page — checked duplicate headwords (all legitimate American/British or regular/irregular spelling-variant pairs, e.g. burned/burnt, dreamed/dreamt, proved/proven) and missing/placeholder examples; none of the latter found. Role tier left unchanged.
35c23mmb2d	[participio] steal	stolen	supporting	audit:reviewed	Audit: bulk mechanical pass over the Past-Tense & Past-Participle Formation page — checked duplicate headwords (all legitimate American/British or regular/irregular spelling-variant pairs, e.g. burned/burnt, dreamed/dreamt, proved/proven) and missing/placeholder examples; none of the latter found. Role tier left unchanged.
bok9wjvhqm	[participio] swell	swollen	reference	audit:reviewed	Audit: bulk mechanical pass over the Past-Tense & Past-Participle Formation page — checked duplicate headwords (all legitimate American/British or regular/irregular spelling-variant pairs, e.g. burned/burnt, dreamed/dreamt, proved/proven) and missing/placeholder examples; none of the latter found. Role tier left unchanged.
rvqzozxvlv	[participio] prove	proven	reference	audit:reviewed	Audit: bulk mechanical pass over the Past-Tense & Past-Participle Formation page — checked duplicate headwords (all legitimate American/British or regular/irregular spelling-variant pairs, e.g. burned/burnt, dreamed/dreamt, proved/proven) and missing/placeholder examples; none of the latter found. Role tier left unchanged.
6k127x124p	[participio] sew	sewn	reference	audit:reviewed	Audit: bulk mechanical pass over the Past-Tense & Past-Participle Formation page — checked duplicate headwords (all legitimate American/British or regular/irregular spelling-variant pairs, e.g. burned/burnt, dreamed/dreamt, proved/proven) and missing/placeholder examples; none of the latter found. Role tier left unchanged.
b1ssq646sy	[participio] shave	shaven	reference	audit:reviewed	Audit: bulk mechanical pass over the Past-Tense & Past-Participle Formation page — checked duplicate headwords (all legitimate American/British or regular/irregular spelling-variant pairs, e.g. burned/burnt, dreamed/dreamt, proved/proven) and missing/placeholder examples; none of the latter found. Role tier left unchanged.
oby9aziqxu	[participio] bid	bidden	reference	audit:reviewed	Audit: bulk mechanical pass over the Past-Tense & Past-Participle Formation page — checked duplicate headwords (all legitimate American/British or regular/irregular spelling-variant pairs, e.g. burned/burnt, dreamed/dreamt, proved/proven) and missing/placeholder examples; none of the latter found. Role tier left unchanged.
eid3y3vjty	[participio] forbid	forbidden	reference	audit:reviewed	Audit: bulk mechanical pass over the Past-Tense & Past-Participle Formation page — checked duplicate headwords (all legitimate American/British or regular/irregular spelling-variant pairs, e.g. burned/burnt, dreamed/dreamt, proved/proven) and missing/placeholder examples; none of the latter found. Role tier left unchanged.
z2va6glyle	[participio] tread	trodden	reference	audit:reviewed	Audit: bulk mechanical pass over the Past-Tense & Past-Participle Formation page — checked duplicate headwords (all legitimate American/British or regular/irregular spelling-variant pairs, e.g. burned/burnt, dreamed/dreamt, proved/proven) and missing/placeholder examples; none of the latter found. Role tier left unchanged.
3vijkgw2x4	[participio] strive	striven	reference	audit:reviewed	Audit: bulk mechanical pass over the Past-Tense & Past-Participle Formation page — checked duplicate headwords (all legitimate American/British or regular/irregular spelling-variant pairs, e.g. burned/burnt, dreamed/dreamt, proved/proven) and missing/placeholder examples; none of the latter found. Role tier left unchanged.
lpm4rjsre9	[participio] thrive	thriven	reference	audit:reviewed	Audit: bulk mechanical pass over the Past-Tense & Past-Participle Formation page — checked duplicate headwords (all legitimate American/British or regular/irregular spelling-variant pairs, e.g. burned/burnt, dreamed/dreamt, proved/proven) and missing/placeholder examples; none of the latter found. Role tier left unchanged.
4hlh5r63mf	[pasado] awake	awakened	reference	audit:reviewed	Audit: bulk mechanical pass over the Past-Tense & Past-Participle Formation page — checked duplicate headwords (all legitimate American/British or regular/irregular spelling-variant pairs, e.g. burned/burnt, dreamed/dreamt, proved/proven) and missing/placeholder examples; none of the latter found. Role tier left unchanged.
tod3dgfolj	[participio] awake	awakened	reference	audit:reviewed	Audit: bulk mechanical pass over the Past-Tense & Past-Participle Formation page — checked duplicate headwords (all legitimate American/British or regular/irregular spelling-variant pairs, e.g. burned/burnt, dreamed/dreamt, proved/proven) and missing/placeholder examples; none of the latter found. Role tier left unchanged.
srl7scbt4x	[pasado] be	was	supporting	audit:reviewed	Audit: bulk mechanical pass over the Past-Tense & Past-Participle Formation page — checked duplicate headwords (all legitimate American/British or regular/irregular spelling-variant pairs, e.g. burned/burnt, dreamed/dreamt, proved/proven) and missing/placeholder examples; none of the latter found. Role tier left unchanged.
gtp0cakjyi	[pasado] be	were	supporting	audit:reviewed	Audit: bulk mechanical pass over the Past-Tense & Past-Participle Formation page — checked duplicate headwords (all legitimate American/British or regular/irregular spelling-variant pairs, e.g. burned/burnt, dreamed/dreamt, proved/proven) and missing/placeholder examples; none of the latter found. Role tier left unchanged.
sia3vl9zuh	[participio] be	been	supporting	audit:reviewed	Audit: bulk mechanical pass over the Past-Tense & Past-Participle Formation page — checked duplicate headwords (all legitimate American/British or regular/irregular spelling-variant pairs, e.g. burned/burnt, dreamed/dreamt, proved/proven) and missing/placeholder examples; none of the latter found. Role tier left unchanged.
284324xwnq	[pasado] bear	bore	reference	audit:reviewed	Audit: bulk mechanical pass over the Past-Tense & Past-Participle Formation page — checked duplicate headwords (all legitimate American/British or regular/irregular spelling-variant pairs, e.g. burned/burnt, dreamed/dreamt, proved/proven) and missing/placeholder examples; none of the latter found. Role tier left unchanged.
39d040aumy	[participio] bear	borne	reference	audit:reviewed	Audit: bulk mechanical pass over the Past-Tense & Past-Participle Formation page — checked duplicate headwords (all legitimate American/British or regular/irregular spelling-variant pairs, e.g. burned/burnt, dreamed/dreamt, proved/proven) and missing/placeholder examples; none of the latter found. Role tier left unchanged.
dj9dpa1ajh	[pasado] beat	beat	reference	audit:reviewed	Audit: bulk mechanical pass over the Past-Tense & Past-Participle Formation page — checked duplicate headwords (all legitimate American/British or regular/irregular spelling-variant pairs, e.g. burned/burnt, dreamed/dreamt, proved/proven) and missing/placeholder examples; none of the latter found. Role tier left unchanged.
4sk3bwdr8h	[pasado] bid	bid	reference	audit:reviewed	Audit: bulk mechanical pass over the Past-Tense & Past-Participle Formation page — checked duplicate headwords (all legitimate American/British or regular/irregular spelling-variant pairs, e.g. burned/burnt, dreamed/dreamt, proved/proven) and missing/placeholder examples; none of the latter found. Role tier left unchanged.
0oh5tfeycq	[participio] bid	bid	reference	audit:reviewed	Audit: bulk mechanical pass over the Past-Tense & Past-Participle Formation page — checked duplicate headwords (all legitimate American/British or regular/irregular spelling-variant pairs, e.g. burned/burnt, dreamed/dreamt, proved/proven) and missing/placeholder examples; none of the latter found. Role tier left unchanged.
q5sk9vcx1o	[pasado] burn	burnt	reference	audit:reviewed	Audit: bulk mechanical pass over the Past-Tense & Past-Participle Formation page — checked duplicate headwords (all legitimate American/British or regular/irregular spelling-variant pairs, e.g. burned/burnt, dreamed/dreamt, proved/proven) and missing/placeholder examples; none of the latter found. Role tier left unchanged.
f6oadawhhp	[participio] burn	burnt	reference	audit:reviewed	Audit: bulk mechanical pass over the Past-Tense & Past-Participle Formation page — checked duplicate headwords (all legitimate American/British or regular/irregular spelling-variant pairs, e.g. burned/burnt, dreamed/dreamt, proved/proven) and missing/placeholder examples; none of the latter found. Role tier left unchanged.
iiysx4yx7o	[pasado] can	could	supporting	audit:reviewed	Audit: bulk mechanical pass over the Past-Tense & Past-Participle Formation page — checked duplicate headwords (all legitimate American/British or regular/irregular spelling-variant pairs, e.g. burned/burnt, dreamed/dreamt, proved/proven) and missing/placeholder examples; none of the latter found. Role tier left unchanged.
2ovfvhr2o2	[pasado] clothe	clad	reference	audit:reviewed	Audit: bulk mechanical pass over the Past-Tense & Past-Participle Formation page — checked duplicate headwords (all legitimate American/British or regular/irregular spelling-variant pairs, e.g. burned/burnt, dreamed/dreamt, proved/proven) and missing/placeholder examples; none of the latter found. Role tier left unchanged.
b1c9f96cqx	[participio] clothe	clad	reference	audit:reviewed	Audit: bulk mechanical pass over the Past-Tense & Past-Participle Formation page — checked duplicate headwords (all legitimate American/British or regular/irregular spelling-variant pairs, e.g. burned/burnt, dreamed/dreamt, proved/proven) and missing/placeholder examples; none of the latter found. Role tier left unchanged.
0nan92o13z	[pasado] dig	dug	reference	audit:reviewed	Audit: bulk mechanical pass over the Past-Tense & Past-Participle Formation page — checked duplicate headwords (all legitimate American/British or regular/irregular spelling-variant pairs, e.g. burned/burnt, dreamed/dreamt, proved/proven) and missing/placeholder examples; none of the latter found. Role tier left unchanged.
1yfqckbbl1	[participio] dig	dug	reference	audit:reviewed	Audit: bulk mechanical pass over the Past-Tense & Past-Participle Formation page — checked duplicate headwords (all legitimate American/British or regular/irregular spelling-variant pairs, e.g. burned/burnt, dreamed/dreamt, proved/proven) and missing/placeholder examples; none of the latter found. Role tier left unchanged.
eydd859tgk	[pasado] dive	dove	reference	audit:reviewed	Audit: bulk mechanical pass over the Past-Tense & Past-Participle Formation page — checked duplicate headwords (all legitimate American/British or regular/irregular spelling-variant pairs, e.g. burned/burnt, dreamed/dreamt, proved/proven) and missing/placeholder examples; none of the latter found. Role tier left unchanged.
t6n1a8sts2	[pasado] dream	dreamt	reference	audit:reviewed	Audit: bulk mechanical pass over the Past-Tense & Past-Participle Formation page — checked duplicate headwords (all legitimate American/British or regular/irregular spelling-variant pairs, e.g. burned/burnt, dreamed/dreamt, proved/proven) and missing/placeholder examples; none of the latter found. Role tier left unchanged.
1z3vqrnpos	[participio] dream	dreamt	reference	audit:reviewed	Audit: bulk mechanical pass over the Past-Tense & Past-Participle Formation page — checked duplicate headwords (all legitimate American/British or regular/irregular spelling-variant pairs, e.g. burned/burnt, dreamed/dreamt, proved/proven) and missing/placeholder examples; none of the latter found. Role tier left unchanged.
nds3rzq7f8	[pasado] eat	ate	supporting	audit:reviewed	Audit: bulk mechanical pass over the Past-Tense & Past-Participle Formation page — checked duplicate headwords (all legitimate American/British or regular/irregular spelling-variant pairs, e.g. burned/burnt, dreamed/dreamt, proved/proven) and missing/placeholder examples; none of the latter found. Role tier left unchanged.
tmxr4tm85t	[pasado] fall	fell	supporting	audit:reviewed	Audit: bulk mechanical pass over the Past-Tense & Past-Participle Formation page — checked duplicate headwords (all legitimate American/British or regular/irregular spelling-variant pairs, e.g. burned/burnt, dreamed/dreamt, proved/proven) and missing/placeholder examples; none of the latter found. Role tier left unchanged.
6v3xi2a089	[participio] fall	fallen	supporting	audit:reviewed	Audit: bulk mechanical pass over the Past-Tense & Past-Participle Formation page — checked duplicate headwords (all legitimate American/British or regular/irregular spelling-variant pairs, e.g. burned/burnt, dreamed/dreamt, proved/proven) and missing/placeholder examples; none of the latter found. Role tier left unchanged.
1kn03k7sbs	[pasado] forbid	forbade	reference	audit:reviewed	Audit: bulk mechanical pass over the Past-Tense & Past-Participle Formation page — checked duplicate headwords (all legitimate American/British or regular/irregular spelling-variant pairs, e.g. burned/burnt, dreamed/dreamt, proved/proven) and missing/placeholder examples; none of the latter found. Role tier left unchanged.
8k1ayyt6pc	[participio] get	got	supporting	audit:reviewed	Audit: bulk mechanical pass over the Past-Tense & Past-Participle Formation page — checked duplicate headwords (all legitimate American/British or regular/irregular spelling-variant pairs, e.g. burned/burnt, dreamed/dreamt, proved/proven) and missing/placeholder examples; none of the latter found. Role tier left unchanged.
l3jqtqp7we	[pasado] go	went	supporting	audit:reviewed	Audit: bulk mechanical pass over the Past-Tense & Past-Participle Formation page — checked duplicate headwords (all legitimate American/British or regular/irregular spelling-variant pairs, e.g. burned/burnt, dreamed/dreamt, proved/proven) and missing/placeholder examples; none of the latter found. Role tier left unchanged.
jwdtzs5t6a	[pasado] hang	hung	reference	audit:reviewed	Audit: bulk mechanical pass over the Past-Tense & Past-Participle Formation page — checked duplicate headwords (all legitimate American/British or regular/irregular spelling-variant pairs, e.g. burned/burnt, dreamed/dreamt, proved/proven) and missing/placeholder examples; none of the latter found. Role tier left unchanged.
miby128ryy	[participio] hang	hung	reference	audit:reviewed	Audit: bulk mechanical pass over the Past-Tense & Past-Participle Formation page — checked duplicate headwords (all legitimate American/British or regular/irregular spelling-variant pairs, e.g. burned/burnt, dreamed/dreamt, proved/proven) and missing/placeholder examples; none of the latter found. Role tier left unchanged.
dyfhan9nwo	[pasado] have	had	supporting	audit:reviewed	Audit: bulk mechanical pass over the Past-Tense & Past-Participle Formation page — checked duplicate headwords (all legitimate American/British or regular/irregular spelling-variant pairs, e.g. burned/burnt, dreamed/dreamt, proved/proven) and missing/placeholder examples; none of the latter found. Role tier left unchanged.
rv6qhto601	[participio] have	had	supporting	audit:reviewed	Audit: bulk mechanical pass over the Past-Tense & Past-Participle Formation page — checked duplicate headwords (all legitimate American/British or regular/irregular spelling-variant pairs, e.g. burned/burnt, dreamed/dreamt, proved/proven) and missing/placeholder examples; none of the latter found. Role tier left unchanged.
9dwskqsjd0	[pasado] hear	heard	supporting	audit:reviewed	Audit: bulk mechanical pass over the Past-Tense & Past-Participle Formation page — checked duplicate headwords (all legitimate American/British or regular/irregular spelling-variant pairs, e.g. burned/burnt, dreamed/dreamt, proved/proven) and missing/placeholder examples; none of the latter found. Role tier left unchanged.
51u4l72zq4	[participio] hear	heard	supporting	audit:reviewed	Audit: bulk mechanical pass over the Past-Tense & Past-Participle Formation page — checked duplicate headwords (all legitimate American/British or regular/irregular spelling-variant pairs, e.g. burned/burnt, dreamed/dreamt, proved/proven) and missing/placeholder examples; none of the latter found. Role tier left unchanged.
hrbq6s2j6w	[pasado] leave	left	supporting	audit:reviewed	Audit: bulk mechanical pass over the Past-Tense & Past-Participle Formation page — checked duplicate headwords (all legitimate American/British or regular/irregular spelling-variant pairs, e.g. burned/burnt, dreamed/dreamt, proved/proven) and missing/placeholder examples; none of the latter found. Role tier left unchanged.
ypd727s6hq	[participio] leave	left	supporting	audit:reviewed	Audit: bulk mechanical pass over the Past-Tense & Past-Participle Formation page — checked duplicate headwords (all legitimate American/British or regular/irregular spelling-variant pairs, e.g. burned/burnt, dreamed/dreamt, proved/proven) and missing/placeholder examples; none of the latter found. Role tier left unchanged.
lno5ht42qg	[pasado] lie	lay	reference	audit:reviewed	Audit: bulk mechanical pass over the Past-Tense & Past-Participle Formation page — checked duplicate headwords (all legitimate American/British or regular/irregular spelling-variant pairs, e.g. burned/burnt, dreamed/dreamt, proved/proven) and missing/placeholder examples; none of the latter found. Role tier left unchanged.
ejdik4gc6k	[participio] lie	lain	reference	audit:reviewed	Audit: bulk mechanical pass over the Past-Tense & Past-Participle Formation page — checked duplicate headwords (all legitimate American/British or regular/irregular spelling-variant pairs, e.g. burned/burnt, dreamed/dreamt, proved/proven) and missing/placeholder examples; none of the latter found. Role tier left unchanged.
e2vj5fksnk	[pasado] lose	lost	supporting	audit:reviewed	Audit: bulk mechanical pass over the Past-Tense & Past-Participle Formation page — checked duplicate headwords (all legitimate American/British or regular/irregular spelling-variant pairs, e.g. burned/burnt, dreamed/dreamt, proved/proven) and missing/placeholder examples; none of the latter found. Role tier left unchanged.
jx4ejh8c5y	[participio] lose	lost	supporting	audit:reviewed	Audit: bulk mechanical pass over the Past-Tense & Past-Participle Formation page — checked duplicate headwords (all legitimate American/British or regular/irregular spelling-variant pairs, e.g. burned/burnt, dreamed/dreamt, proved/proven) and missing/placeholder examples; none of the latter found. Role tier left unchanged.
op7475igzu	[pasado] mean	meant	supporting	audit:reviewed	Audit: bulk mechanical pass over the Past-Tense & Past-Participle Formation page — checked duplicate headwords (all legitimate American/British or regular/irregular spelling-variant pairs, e.g. burned/burnt, dreamed/dreamt, proved/proven) and missing/placeholder examples; none of the latter found. Role tier left unchanged.
gwo4msr8kw	[participio] mean	meant	supporting	audit:reviewed	Audit: bulk mechanical pass over the Past-Tense & Past-Participle Formation page — checked duplicate headwords (all legitimate American/British or regular/irregular spelling-variant pairs, e.g. burned/burnt, dreamed/dreamt, proved/proven) and missing/placeholder examples; none of the latter found. Role tier left unchanged.
ddtalrf2sa	[pasado] meet	met	supporting	audit:reviewed	Audit: bulk mechanical pass over the Past-Tense & Past-Participle Formation page — checked duplicate headwords (all legitimate American/British or regular/irregular spelling-variant pairs, e.g. burned/burnt, dreamed/dreamt, proved/proven) and missing/placeholder examples; none of the latter found. Role tier left unchanged.
7j4xptyx41	[participio] meet	met	supporting	audit:reviewed	Audit: bulk mechanical pass over the Past-Tense & Past-Participle Formation page — checked duplicate headwords (all legitimate American/British or regular/irregular spelling-variant pairs, e.g. burned/burnt, dreamed/dreamt, proved/proven) and missing/placeholder examples; none of the latter found. Role tier left unchanged.
6xhxr8sb7k	[pasado] see	saw	supporting	audit:reviewed	Audit: bulk mechanical pass over the Past-Tense & Past-Participle Formation page — checked duplicate headwords (all legitimate American/British or regular/irregular spelling-variant pairs, e.g. burned/burnt, dreamed/dreamt, proved/proven) and missing/placeholder examples; none of the latter found. Role tier left unchanged.
fu4c8t7dei	[participio] see	seen	supporting	audit:reviewed	Audit: bulk mechanical pass over the Past-Tense & Past-Participle Formation page — checked duplicate headwords (all legitimate American/British or regular/irregular spelling-variant pairs, e.g. burned/burnt, dreamed/dreamt, proved/proven) and missing/placeholder examples; none of the latter found. Role tier left unchanged.
eqf931mh1l	[pasado] spit	spit	reference	audit:reviewed	Audit: bulk mechanical pass over the Past-Tense & Past-Participle Formation page — checked duplicate headwords (all legitimate American/British or regular/irregular spelling-variant pairs, e.g. burned/burnt, dreamed/dreamt, proved/proven) and missing/placeholder examples; none of the latter found. Role tier left unchanged.
nvu7lwz1kd	[participio] spit	spit	reference	audit:reviewed	Audit: bulk mechanical pass over the Past-Tense & Past-Participle Formation page — checked duplicate headwords (all legitimate American/British or regular/irregular spelling-variant pairs, e.g. burned/burnt, dreamed/dreamt, proved/proven) and missing/placeholder examples; none of the latter found. Role tier left unchanged.
9epbm61h1n	[pasado] steal	stole	supporting	audit:reviewed	Audit: bulk mechanical pass over the Past-Tense & Past-Participle Formation page — checked duplicate headwords (all legitimate American/British or regular/irregular spelling-variant pairs, e.g. burned/burnt, dreamed/dreamt, proved/proven) and missing/placeholder examples; none of the latter found. Role tier left unchanged.
03i2ow38a5	[pasado] strive	strove	reference	audit:reviewed	Audit: bulk mechanical pass over the Past-Tense & Past-Participle Formation page — checked duplicate headwords (all legitimate American/British or regular/irregular spelling-variant pairs, e.g. burned/burnt, dreamed/dreamt, proved/proven) and missing/placeholder examples; none of the latter found. Role tier left unchanged.
1f7hocq26j	[participio] swim	swum	supporting	audit:reviewed	Audit: bulk mechanical pass over the Past-Tense & Past-Participle Formation page — checked duplicate headwords (all legitimate American/British or regular/irregular spelling-variant pairs, e.g. burned/burnt, dreamed/dreamt, proved/proven) and missing/placeholder examples; none of the latter found. Role tier left unchanged.
d90l26ie3b	[pasado] tread	trod	reference	audit:reviewed	Audit: bulk mechanical pass over the Past-Tense & Past-Participle Formation page — checked duplicate headwords (all legitimate American/British or regular/irregular spelling-variant pairs, e.g. burned/burnt, dreamed/dreamt, proved/proven) and missing/placeholder examples; none of the latter found. Role tier left unchanged.
e03lq2lawp	[participio] tread	trod	reference	audit:reviewed	Audit: bulk mechanical pass over the Past-Tense & Past-Participle Formation page — checked duplicate headwords (all legitimate American/British or regular/irregular spelling-variant pairs, e.g. burned/burnt, dreamed/dreamt, proved/proven) and missing/placeholder examples; none of the latter found. Role tier left unchanged.
7jofu6y1i8	[participio] weave	woven	reference	audit:reviewed	Audit: bulk mechanical pass over the Past-Tense & Past-Participle Formation page — checked duplicate headwords (all legitimate American/British or regular/irregular spelling-variant pairs, e.g. burned/burnt, dreamed/dreamt, proved/proven) and missing/placeholder examples; none of the latter found. Role tier left unchanged.
k7qkmwozei	[pasado] write	wrote	supporting	audit:reviewed	Audit: bulk mechanical pass over the Past-Tense & Past-Participle Formation page — checked duplicate headwords (all legitimate American/British or regular/irregular spelling-variant pairs, e.g. burned/burnt, dreamed/dreamt, proved/proven) and missing/placeholder examples; none of the latter found. Role tier left unchanged.
