4ou8sxbjxk	[pasado] burn	burned	reference	topic:vf-past-d-1	Subtopic split (size rule): sound:regular-past-pronounced-d (42) chunked alphabetically — no additional split axis beyond what's already elsewhere on this page.
w5jumzobua	[participio] burn	burned	reference	topic:vf-past-d-1	Subtopic split (size rule): sound:regular-past-pronounced-d (42) chunked alphabetically — no additional split axis beyond what's already elsewhere on this page.
spsm9r8vyb	[pasado] clothe	clothed	reference	topic:vf-past-d-1	Subtopic split (size rule): sound:regular-past-pronounced-d (42) chunked alphabetically — no additional split axis beyond what's already elsewhere on this page.
xpnywfr939	[participio] clothe	clothed	reference	topic:vf-past-d-1	Subtopic split (size rule): sound:regular-past-pronounced-d (42) chunked alphabetically — no additional split axis beyond what's already elsewhere on this page.
gkinlwurxm	[participio] dive	dived	reference	topic:vf-past-d-1	Subtopic split (size rule): sound:regular-past-pronounced-d (42) chunked alphabetically — no additional split axis beyond what's already elsewhere on this page.
msi48xyv0q	[pasado] dive	dived	reference	topic:vf-past-d-1	Subtopic split (size rule): sound:regular-past-pronounced-d (42) chunked alphabetically — no additional split axis beyond what's already elsewhere on this page.
y1b6i0a0r9	[pasado] dream	dreamed	reference	topic:vf-past-d-1	Subtopic split (size rule): sound:regular-past-pronounced-d (42) chunked alphabetically — no additional split axis beyond what's already elsewhere on this page.
in3djophq4	[participio] dream	dreamed	reference	topic:vf-past-d-1	Subtopic split (size rule): sound:regular-past-pronounced-d (42) chunked alphabetically — no additional split axis beyond what's already elsewhere on this page.
s72csld91t	[pasado] hang	hanged	reference	topic:vf-past-d-1	Subtopic split (size rule): sound:regular-past-pronounced-d (42) chunked alphabetically — no additional split axis beyond what's already elsewhere on this page.
5ig0y87gzs	[participio] hang	hanged	reference	topic:vf-past-d-1	Subtopic split (size rule): sound:regular-past-pronounced-d (42) chunked alphabetically — no additional split axis beyond what's already elsewhere on this page.
32syierhkp	[pasado] kneel	kneeled	reference	topic:vf-past-d-1	Subtopic split (size rule): sound:regular-past-pronounced-d (42) chunked alphabetically — no additional split axis beyond what's already elsewhere on this page.
4lh6kbhnv2	[participio] kneel	kneeled	reference	topic:vf-past-d-1	Subtopic split (size rule): sound:regular-past-pronounced-d (42) chunked alphabetically — no additional split axis beyond what's already elsewhere on this page.
w0p74y9naa	[pasado] lean	leaned	reference	topic:vf-past-d-1	Subtopic split (size rule): sound:regular-past-pronounced-d (42) chunked alphabetically — no additional split axis beyond what's already elsewhere on this page.
fhpmbsbpaw	[participio] lean	leaned	reference	topic:vf-past-d-1	Subtopic split (size rule): sound:regular-past-pronounced-d (42) chunked alphabetically — no additional split axis beyond what's already elsewhere on this page.
3ykv4stp4a	[pasado] learn	learned	reference	topic:vf-past-d-1	Subtopic split (size rule): sound:regular-past-pronounced-d (42) chunked alphabetically — no additional split axis beyond what's already elsewhere on this page.
04poz5wtji	[participio] learn	learned	reference	topic:vf-past-d-1	Subtopic split (size rule): sound:regular-past-pronounced-d (42) chunked alphabetically — no additional split axis beyond what's already elsewhere on this page.
b1ncaq30tj	[pasado] mow	mowed	reference	topic:vf-past-d-1	Subtopic split (size rule): sound:regular-past-pronounced-d (42) chunked alphabetically — no additional split axis beyond what's already elsewhere on this page.
z0fa35yjx9	[participio] mow	mowed	reference	topic:vf-past-d-1	Subtopic split (size rule): sound:regular-past-pronounced-d (42) chunked alphabetically — no additional split axis beyond what's already elsewhere on this page.
3vmu206qps	[participio] prove	proved	reference	topic:vf-past-d-2	Subtopic split (size rule): sound:regular-past-pronounced-d (42) chunked alphabetically — no additional split axis beyond what's already elsewhere on this page.
a52hbmvqbe	[pasado] prove	proved	reference	topic:vf-past-d-2	Subtopic split (size rule): sound:regular-past-pronounced-d (42) chunked alphabetically — no additional split axis beyond what's already elsewhere on this page.
yz9g9ykdb9	[pasado] sew	sewed	reference	topic:vf-past-d-2	Subtopic split (size rule): sound:regular-past-pronounced-d (42) chunked alphabetically — no additional split axis beyond what's already elsewhere on this page.
lxvwbr6d7x	[participio] sew	sewed	reference	topic:vf-past-d-2	Subtopic split (size rule): sound:regular-past-pronounced-d (42) chunked alphabetically — no additional split axis beyond what's already elsewhere on this page.
9mq6n0oaz0	[pasado] shave	shaved	reference	topic:vf-past-d-2	Subtopic split (size rule): sound:regular-past-pronounced-d (42) chunked alphabetically — no additional split axis beyond what's already elsewhere on this page.
4juijftxrq	[participio] shave	shaved	reference	topic:vf-past-d-2	Subtopic split (size rule): sound:regular-past-pronounced-d (42) chunked alphabetically — no additional split axis beyond what's already elsewhere on this page.
qczwgbuzwe	[pasado] show	showed	supporting	topic:vf-past-d-2	Subtopic split (size rule): sound:regular-past-pronounced-d (42) chunked alphabetically — no additional split axis beyond what's already elsewhere on this page.
sgfwcsau8u	[participio] show	showed	supporting	topic:vf-past-d-2	Subtopic split (size rule): sound:regular-past-pronounced-d (42) chunked alphabetically — no additional split axis beyond what's already elsewhere on this page.
l64sml5vb4	[pasado] smell	smelled	reference	topic:vf-past-d-2	Subtopic split (size rule): sound:regular-past-pronounced-d (42) chunked alphabetically — no additional split axis beyond what's already elsewhere on this page.
9flbcl8ewb	[participio] smell	smelled	reference	topic:vf-past-d-2	Subtopic split (size rule): sound:regular-past-pronounced-d (42) chunked alphabetically — no additional split axis beyond what's already elsewhere on this page.
5oxardz26e	[pasado] sow	sowed	reference	topic:vf-past-d-2	Subtopic split (size rule): sound:regular-past-pronounced-d (42) chunked alphabetically — no additional split axis beyond what's already elsewhere on this page.
wh9yw9j5ya	[participio] sow	sowed	reference	topic:vf-past-d-2	Subtopic split (size rule): sound:regular-past-pronounced-d (42) chunked alphabetically — no additional split axis beyond what's already elsewhere on this page.
azp87kfl3o	[pasado] spell	spelled	reference	topic:vf-past-d-2	Subtopic split (size rule): sound:regular-past-pronounced-d (42) chunked alphabetically — no additional split axis beyond what's already elsewhere on this page.
qmy73bs4c3	[participio] spell	spelled	reference	topic:vf-past-d-2	Subtopic split (size rule): sound:regular-past-pronounced-d (42) chunked alphabetically — no additional split axis beyond what's already elsewhere on this page.
v3pmktibjc	[pasado] spill	spilled	reference	topic:vf-past-d-2	Subtopic split (size rule): sound:regular-past-pronounced-d (42) chunked alphabetically — no additional split axis beyond what's already elsewhere on this page.
15tjmych75	[participio] spill	spilled	reference	topic:vf-past-d-2	Subtopic split (size rule): sound:regular-past-pronounced-d (42) chunked alphabetically — no additional split axis beyond what's already elsewhere on this page.
t89x2qfisn	[participio] spoil	spoiled	reference	topic:vf-past-d-2	Subtopic split (size rule): sound:regular-past-pronounced-d (42) chunked alphabetically — no additional split axis beyond what's already elsewhere on this page.
nk4kcnfxfj	[pasado] spoil	spoiled	reference	topic:vf-past-d-2	Subtopic split (size rule): sound:regular-past-pronounced-d (42) chunked alphabetically — no additional split axis beyond what's already elsewhere on this page.
8t0o3efrk4	[pasado] strive	strived	reference	topic:vf-past-d-3	Subtopic split (size rule): sound:regular-past-pronounced-d (42) chunked alphabetically — no additional split axis beyond what's already elsewhere on this page.
gv3tsqoq45	[participio] strive	strived	reference	topic:vf-past-d-3	Subtopic split (size rule): sound:regular-past-pronounced-d (42) chunked alphabetically — no additional split axis beyond what's already elsewhere on this page.
y6x3jrcw5g	[pasado] swell	swelled	reference	topic:vf-past-d-3	Subtopic split (size rule): sound:regular-past-pronounced-d (42) chunked alphabetically — no additional split axis beyond what's already elsewhere on this page.
y64klyxplv	[participio] swell	swelled	reference	topic:vf-past-d-3	Subtopic split (size rule): sound:regular-past-pronounced-d (42) chunked alphabetically — no additional split axis beyond what's already elsewhere on this page.
fpythnuffg	[pasado] thrive	thrived	reference	topic:vf-past-d-3	Subtopic split (size rule): sound:regular-past-pronounced-d (42) chunked alphabetically — no additional split axis beyond what's already elsewhere on this page.
v4mlk3ol2y	[participio] thrive	thrived	reference	topic:vf-past-d-3	Subtopic split (size rule): sound:regular-past-pronounced-d (42) chunked alphabetically — no additional split axis beyond what's already elsewhere on this page.
svtoxcx6b0	[participio] bet	bet	reference	topic:vf-cut-hit-hurt-1	Subtopic split (size rule): sound:cut-hit-hurt-put-set-shut (46) chunked alphabetically — no additional split axis beyond what's already elsewhere on this page.
mllnyzs7zr	[pasado] bet	bet	reference	topic:vf-cut-hit-hurt-1	Subtopic split (size rule): sound:cut-hit-hurt-put-set-shut (46) chunked alphabetically — no additional split axis beyond what's already elsewhere on this page.
z3kamqz76n	[participio] broadcast	broadcast	reference	topic:vf-cut-hit-hurt-1	Subtopic split (size rule): sound:cut-hit-hurt-put-set-shut (46) chunked alphabetically — no additional split axis beyond what's already elsewhere on this page.
p85salreqo	[pasado] broadcast	broadcast	reference	topic:vf-cut-hit-hurt-1	Subtopic split (size rule): sound:cut-hit-hurt-put-set-shut (46) chunked alphabetically — no additional split axis beyond what's already elsewhere on this page.
dfzbacmzy5	[pasado] burst	burst	reference	topic:vf-cut-hit-hurt-1	Subtopic split (size rule): sound:cut-hit-hurt-put-set-shut (46) chunked alphabetically — no additional split axis beyond what's already elsewhere on this page.
pnwix23mmu	[participio] burst	burst	reference	topic:vf-cut-hit-hurt-1	Subtopic split (size rule): sound:cut-hit-hurt-put-set-shut (46) chunked alphabetically — no additional split axis beyond what's already elsewhere on this page.
hub84vedvz	[pasado] cast	cast	reference	topic:vf-cut-hit-hurt-1	Subtopic split (size rule): sound:cut-hit-hurt-put-set-shut (46) chunked alphabetically — no additional split axis beyond what's already elsewhere on this page.
iwllkmo2pg	[participio] cast	cast	reference	topic:vf-cut-hit-hurt-1	Subtopic split (size rule): sound:cut-hit-hurt-put-set-shut (46) chunked alphabetically — no additional split axis beyond what's already elsewhere on this page.
zfuqam5zu5	[pasado] cost	cost	supporting	topic:vf-cut-hit-hurt-1	Subtopic split (size rule): sound:cut-hit-hurt-put-set-shut (46) chunked alphabetically — no additional split axis beyond what's already elsewhere on this page.
i8kazlyawi	[participio] cost	cost	supporting	topic:vf-cut-hit-hurt-1	Subtopic split (size rule): sound:cut-hit-hurt-put-set-shut (46) chunked alphabetically — no additional split axis beyond what's already elsewhere on this page.
no7v9kkvhq	[pasado] cut	cut	supporting	topic:vf-cut-hit-hurt-1	Subtopic split (size rule): sound:cut-hit-hurt-put-set-shut (46) chunked alphabetically — no additional split axis beyond what's already elsewhere on this page.
5rcenaxbna	[participio] cut	cut	supporting	topic:vf-cut-hit-hurt-1	Subtopic split (size rule): sound:cut-hit-hurt-put-set-shut (46) chunked alphabetically — no additional split axis beyond what's already elsewhere on this page.
biczrdqgdd	[pasado] fit	fit	reference	topic:vf-cut-hit-hurt-1	Subtopic split (size rule): sound:cut-hit-hurt-put-set-shut (46) chunked alphabetically — no additional split axis beyond what's already elsewhere on this page.
e6lte4vuoz	[participio] fit	fit	reference	topic:vf-cut-hit-hurt-1	Subtopic split (size rule): sound:cut-hit-hurt-put-set-shut (46) chunked alphabetically — no additional split axis beyond what's already elsewhere on this page.
h89xcjotmg	[pasado] hit	hit	supporting	topic:vf-cut-hit-hurt-1	Subtopic split (size rule): sound:cut-hit-hurt-put-set-shut (46) chunked alphabetically — no additional split axis beyond what's already elsewhere on this page.
tyke6c3ns2	[participio] hit	hit	supporting	topic:vf-cut-hit-hurt-1	Subtopic split (size rule): sound:cut-hit-hurt-put-set-shut (46) chunked alphabetically — no additional split axis beyond what's already elsewhere on this page.
ingp6lcqb4	[pasado] hurt	hurt	supporting	topic:vf-cut-hit-hurt-1	Subtopic split (size rule): sound:cut-hit-hurt-put-set-shut (46) chunked alphabetically — no additional split axis beyond what's already elsewhere on this page.
m4t3vxqpl6	[participio] hurt	hurt	supporting	topic:vf-cut-hit-hurt-1	Subtopic split (size rule): sound:cut-hit-hurt-put-set-shut (46) chunked alphabetically — no additional split axis beyond what's already elsewhere on this page.
4ntxn5h6iz	[pasado] knit	knit	reference	topic:vf-cut-hit-hurt-2	Subtopic split (size rule): sound:cut-hit-hurt-put-set-shut (46) chunked alphabetically — no additional split axis beyond what's already elsewhere on this page.
udnhjgdfki	[participio] knit	knit	reference	topic:vf-cut-hit-hurt-2	Subtopic split (size rule): sound:cut-hit-hurt-put-set-shut (46) chunked alphabetically — no additional split axis beyond what's already elsewhere on this page.
92ealprsbd	[pasado] let	let	supporting	topic:vf-cut-hit-hurt-2	Subtopic split (size rule): sound:cut-hit-hurt-put-set-shut (46) chunked alphabetically — no additional split axis beyond what's already elsewhere on this page.
dxb9jzinrq	[participio] let	let	supporting	topic:vf-cut-hit-hurt-2	Subtopic split (size rule): sound:cut-hit-hurt-put-set-shut (46) chunked alphabetically — no additional split axis beyond what's already elsewhere on this page.
vd3nut7nkt	[pasado] put	put	supporting	topic:vf-cut-hit-hurt-2	Subtopic split (size rule): sound:cut-hit-hurt-put-set-shut (46) chunked alphabetically — no additional split axis beyond what's already elsewhere on this page.
smpiiw148l	[participio] put	put	supporting	topic:vf-cut-hit-hurt-2	Subtopic split (size rule): sound:cut-hit-hurt-put-set-shut (46) chunked alphabetically — no additional split axis beyond what's already elsewhere on this page.
9pqsf0ud6d	[pasado] quit	quit	reference	topic:vf-cut-hit-hurt-2	Subtopic split (size rule): sound:cut-hit-hurt-put-set-shut (46) chunked alphabetically — no additional split axis beyond what's already elsewhere on this page.
u6notwo6my	[participio] quit	quit	reference	topic:vf-cut-hit-hurt-2	Subtopic split (size rule): sound:cut-hit-hurt-put-set-shut (46) chunked alphabetically — no additional split axis beyond what's already elsewhere on this page.
rexmxhv2ih	[pasado] rid	rid	reference	topic:vf-cut-hit-hurt-2	Subtopic split (size rule): sound:cut-hit-hurt-put-set-shut (46) chunked alphabetically — no additional split axis beyond what's already elsewhere on this page.
awhxvvklkw	[participio] rid	rid	reference	topic:vf-cut-hit-hurt-2	Subtopic split (size rule): sound:cut-hit-hurt-put-set-shut (46) chunked alphabetically — no additional split axis beyond what's already elsewhere on this page.
8iwzc12hm2	[pasado] set	set	supporting	topic:vf-cut-hit-hurt-2	Subtopic split (size rule): sound:cut-hit-hurt-put-set-shut (46) chunked alphabetically — no additional split axis beyond what's already elsewhere on this page.
9lle2cpep8	[participio] set	set	supporting	topic:vf-cut-hit-hurt-2	Subtopic split (size rule): sound:cut-hit-hurt-put-set-shut (46) chunked alphabetically — no additional split axis beyond what's already elsewhere on this page.
m1ax3ny7qf	[pasado] shed	shed	reference	topic:vf-cut-hit-hurt-2	Subtopic split (size rule): sound:cut-hit-hurt-put-set-shut (46) chunked alphabetically — no additional split axis beyond what's already elsewhere on this page.
4vr9rm80nf	[participio] shed	shed	reference	topic:vf-cut-hit-hurt-2	Subtopic split (size rule): sound:cut-hit-hurt-put-set-shut (46) chunked alphabetically — no additional split axis beyond what's already elsewhere on this page.
fc2clq9pib	[pasado] shut	shut	supporting	topic:vf-cut-hit-hurt-2	Subtopic split (size rule): sound:cut-hit-hurt-put-set-shut (46) chunked alphabetically — no additional split axis beyond what's already elsewhere on this page.
6x86xzkbvv	[participio] shut	shut	supporting	topic:vf-cut-hit-hurt-2	Subtopic split (size rule): sound:cut-hit-hurt-put-set-shut (46) chunked alphabetically — no additional split axis beyond what's already elsewhere on this page.
37mg3fllxt	[participio] split	split	reference	topic:vf-cut-hit-hurt-2	Subtopic split (size rule): sound:cut-hit-hurt-put-set-shut (46) chunked alphabetically — no additional split axis beyond what's already elsewhere on this page.
ft4yjt47fc	[pasado] split	split	reference	topic:vf-cut-hit-hurt-2	Subtopic split (size rule): sound:cut-hit-hurt-put-set-shut (46) chunked alphabetically — no additional split axis beyond what's already elsewhere on this page.
sm75s0jenr	[pasado] spread	spread	reference	topic:vf-cut-hit-hurt-3	Subtopic split (size rule): sound:cut-hit-hurt-put-set-shut (46) chunked alphabetically — no additional split axis beyond what's already elsewhere on this page.
nwmckpzbms	[participio] spread	spread	reference	topic:vf-cut-hit-hurt-3	Subtopic split (size rule): sound:cut-hit-hurt-put-set-shut (46) chunked alphabetically — no additional split axis beyond what's already elsewhere on this page.
1swwzn0q0a	[pasado] sweat	sweat	reference	topic:vf-cut-hit-hurt-3	Subtopic split (size rule): sound:cut-hit-hurt-put-set-shut (46) chunked alphabetically — no additional split axis beyond what's already elsewhere on this page.
76zr8d5t1t	[participio] sweat	sweat	reference	topic:vf-cut-hit-hurt-3	Subtopic split (size rule): sound:cut-hit-hurt-put-set-shut (46) chunked alphabetically — no additional split axis beyond what's already elsewhere on this page.
5j51i47696	[pasado] thrust	thrust	reference	topic:vf-cut-hit-hurt-3	Subtopic split (size rule): sound:cut-hit-hurt-put-set-shut (46) chunked alphabetically — no additional split axis beyond what's already elsewhere on this page.
0vu1ut2tbr	[participio] thrust	thrust	reference	topic:vf-cut-hit-hurt-3	Subtopic split (size rule): sound:cut-hit-hurt-put-set-shut (46) chunked alphabetically — no additional split axis beyond what's already elsewhere on this page.
uaxkjxmpdf	[pasado] wed	wed	reference	topic:vf-cut-hit-hurt-3	Subtopic split (size rule): sound:cut-hit-hurt-put-set-shut (46) chunked alphabetically — no additional split axis beyond what's already elsewhere on this page.
ctie5bq9jz	[participio] wed	wed	reference	topic:vf-cut-hit-hurt-3	Subtopic split (size rule): sound:cut-hit-hurt-put-set-shut (46) chunked alphabetically — no additional split axis beyond what's already elsewhere on this page.
nblh1qgt26	[pasado] wet	wet	reference	topic:vf-cut-hit-hurt-3	Subtopic split (size rule): sound:cut-hit-hurt-put-set-shut (46) chunked alphabetically — no additional split axis beyond what's already elsewhere on this page.
fbxh30hccl	[participio] wet	wet	reference	topic:vf-cut-hit-hurt-3	Subtopic split (size rule): sound:cut-hit-hurt-put-set-shut (46) chunked alphabetically — no additional split axis beyond what's already elsewhere on this page.
bhw9cef29l	[participio] awake	awoken	reference	topic:vf-oneoff-1	Subtopic split (size rule): sound:reviewed (179) chunked alphabetically — no additional split axis beyond what's already elsewhere on this page.
4hlh5r63mf	[pasado] awake	awakened	reference	topic:vf-oneoff-1	Subtopic split (size rule): sound:reviewed (179) chunked alphabetically — no additional split axis beyond what's already elsewhere on this page.
tod3dgfolj	[participio] awake	awakened	reference	topic:vf-oneoff-1	Subtopic split (size rule): sound:reviewed (179) chunked alphabetically — no additional split axis beyond what's already elsewhere on this page.
srl7scbt4x	[pasado] be	was	supporting	topic:vf-oneoff-1	Subtopic split (size rule): sound:reviewed (179) chunked alphabetically — no additional split axis beyond what's already elsewhere on this page.
gtp0cakjyi	[pasado] be	were	supporting	topic:vf-oneoff-1	Subtopic split (size rule): sound:reviewed (179) chunked alphabetically — no additional split axis beyond what's already elsewhere on this page.
sia3vl9zuh	[participio] be	been	supporting	topic:vf-oneoff-1	Subtopic split (size rule): sound:reviewed (179) chunked alphabetically — no additional split axis beyond what's already elsewhere on this page.
284324xwnq	[pasado] bear	bore	reference	topic:vf-oneoff-1	Subtopic split (size rule): sound:reviewed (179) chunked alphabetically — no additional split axis beyond what's already elsewhere on this page.
39d040aumy	[participio] bear	borne	reference	topic:vf-oneoff-1	Subtopic split (size rule): sound:reviewed (179) chunked alphabetically — no additional split axis beyond what's already elsewhere on this page.
dj9dpa1ajh	[pasado] beat	beat	reference	topic:vf-oneoff-1	Subtopic split (size rule): sound:reviewed (179) chunked alphabetically — no additional split axis beyond what's already elsewhere on this page.
j6uswnegvw	[pasado] begin	began	supporting	topic:vf-oneoff-1	Subtopic split (size rule): sound:reviewed (179) chunked alphabetically — no additional split axis beyond what's already elsewhere on this page.
vlkscuc232	[participio] begin	begun	supporting	topic:vf-oneoff-1	Subtopic split (size rule): sound:reviewed (179) chunked alphabetically — no additional split axis beyond what's already elsewhere on this page.
zwehatba0w	[pasado] bend	bent	reference	topic:vf-oneoff-1	Subtopic split (size rule): sound:reviewed (179) chunked alphabetically — no additional split axis beyond what's already elsewhere on this page.
eangpz65s8	[participio] bend	bent	reference	topic:vf-oneoff-1	Subtopic split (size rule): sound:reviewed (179) chunked alphabetically — no additional split axis beyond what's already elsewhere on this page.
4sk3bwdr8h	[pasado] bid	bid	reference	topic:vf-oneoff-1	Subtopic split (size rule): sound:reviewed (179) chunked alphabetically — no additional split axis beyond what's already elsewhere on this page.
0oh5tfeycq	[participio] bid	bid	reference	topic:vf-oneoff-1	Subtopic split (size rule): sound:reviewed (179) chunked alphabetically — no additional split axis beyond what's already elsewhere on this page.
uf2e7r7bol	[pasado] bind	bound	reference	topic:vf-oneoff-1	Subtopic split (size rule): sound:reviewed (179) chunked alphabetically — no additional split axis beyond what's already elsewhere on this page.
6c0uxx7uu9	[participio] bind	bound	reference	topic:vf-oneoff-1	Subtopic split (size rule): sound:reviewed (179) chunked alphabetically — no additional split axis beyond what's already elsewhere on this page.
hqskibtcl1	[participio] bite	bitten	reference	topic:vf-oneoff-1	Subtopic split (size rule): sound:reviewed (179) chunked alphabetically — no additional split axis beyond what's already elsewhere on this page.
kosp2rzf7h	[pasado] bleed	bled	reference	topic:vf-oneoff-2	Subtopic split (size rule): sound:reviewed (179) chunked alphabetically — no additional split axis beyond what's already elsewhere on this page.
qn1ohmgeli	[participio] bleed	bled	reference	topic:vf-oneoff-2	Subtopic split (size rule): sound:reviewed (179) chunked alphabetically — no additional split axis beyond what's already elsewhere on this page.
d1hnk98p24	[participio] blow	blown	reference	topic:vf-oneoff-2	Subtopic split (size rule): sound:reviewed (179) chunked alphabetically — no additional split axis beyond what's already elsewhere on this page.
6ftt9jzrxo	[participio] break	broken	supporting	topic:vf-oneoff-2	Subtopic split (size rule): sound:reviewed (179) chunked alphabetically — no additional split axis beyond what's already elsewhere on this page.
1w4k9d2e4d	[pasado] breed	bred	reference	topic:vf-oneoff-2	Subtopic split (size rule): sound:reviewed (179) chunked alphabetically — no additional split axis beyond what's already elsewhere on this page.
om096ydns5	[participio] breed	bred	reference	topic:vf-oneoff-2	Subtopic split (size rule): sound:reviewed (179) chunked alphabetically — no additional split axis beyond what's already elsewhere on this page.
45hq45uq4y	[pasado] bring	brought	supporting	topic:vf-oneoff-2	Subtopic split (size rule): sound:reviewed (179) chunked alphabetically — no additional split axis beyond what's already elsewhere on this page.
yktvtrhk80	[participio] bring	brought	supporting	topic:vf-oneoff-2	Subtopic split (size rule): sound:reviewed (179) chunked alphabetically — no additional split axis beyond what's already elsewhere on this page.
4i10zqiqjp	[pasado] build	built	supporting	topic:vf-oneoff-2	Subtopic split (size rule): sound:reviewed (179) chunked alphabetically — no additional split axis beyond what's already elsewhere on this page.
xkyb2vua4e	[participio] build	built	supporting	topic:vf-oneoff-2	Subtopic split (size rule): sound:reviewed (179) chunked alphabetically — no additional split axis beyond what's already elsewhere on this page.
q5sk9vcx1o	[pasado] burn	burnt	reference	topic:vf-oneoff-2	Subtopic split (size rule): sound:reviewed (179) chunked alphabetically — no additional split axis beyond what's already elsewhere on this page.
f6oadawhhp	[participio] burn	burnt	reference	topic:vf-oneoff-2	Subtopic split (size rule): sound:reviewed (179) chunked alphabetically — no additional split axis beyond what's already elsewhere on this page.
rugw6w9oay	[pasado] buy	bought	supporting	topic:vf-oneoff-2	Subtopic split (size rule): sound:reviewed (179) chunked alphabetically — no additional split axis beyond what's already elsewhere on this page.
0j5tjt1o7j	[participio] buy	bought	supporting	topic:vf-oneoff-2	Subtopic split (size rule): sound:reviewed (179) chunked alphabetically — no additional split axis beyond what's already elsewhere on this page.
iiysx4yx7o	[pasado] can	could	supporting	topic:vf-oneoff-2	Subtopic split (size rule): sound:reviewed (179) chunked alphabetically — no additional split axis beyond what's already elsewhere on this page.
gl1iyxy3yl	[pasado] catch	caught	supporting	topic:vf-oneoff-2	Subtopic split (size rule): sound:reviewed (179) chunked alphabetically — no additional split axis beyond what's already elsewhere on this page.
tewh0c95pd	[participio] catch	caught	supporting	topic:vf-oneoff-2	Subtopic split (size rule): sound:reviewed (179) chunked alphabetically — no additional split axis beyond what's already elsewhere on this page.
1yx8y3hhk6	[participio] choose	chosen	supporting	topic:vf-oneoff-2	Subtopic split (size rule): sound:reviewed (179) chunked alphabetically — no additional split axis beyond what's already elsewhere on this page.
2ovfvhr2o2	[pasado] clothe	clad	reference	topic:vf-oneoff-3	Subtopic split (size rule): sound:reviewed (179) chunked alphabetically — no additional split axis beyond what's already elsewhere on this page.
b1c9f96cqx	[participio] clothe	clad	reference	topic:vf-oneoff-3	Subtopic split (size rule): sound:reviewed (179) chunked alphabetically — no additional split axis beyond what's already elsewhere on this page.
ptwl0aih6e	[participio] creep	crept	reference	topic:vf-oneoff-3	Subtopic split (size rule): sound:reviewed (179) chunked alphabetically — no additional split axis beyond what's already elsewhere on this page.
okfppdbnlq	[pasado] creep	crept	reference	topic:vf-oneoff-3	Subtopic split (size rule): sound:reviewed (179) chunked alphabetically — no additional split axis beyond what's already elsewhere on this page.
79go7y7jek	[pasado] deal	dealt	reference	topic:vf-oneoff-3	Subtopic split (size rule): sound:reviewed (179) chunked alphabetically — no additional split axis beyond what's already elsewhere on this page.
t0j14amubg	[participio] deal	dealt	reference	topic:vf-oneoff-3	Subtopic split (size rule): sound:reviewed (179) chunked alphabetically — no additional split axis beyond what's already elsewhere on this page.
0nan92o13z	[pasado] dig	dug	reference	topic:vf-oneoff-3	Subtopic split (size rule): sound:reviewed (179) chunked alphabetically — no additional split axis beyond what's already elsewhere on this page.
1yfqckbbl1	[participio] dig	dug	reference	topic:vf-oneoff-3	Subtopic split (size rule): sound:reviewed (179) chunked alphabetically — no additional split axis beyond what's already elsewhere on this page.
eydd859tgk	[pasado] dive	dove	reference	topic:vf-oneoff-3	Subtopic split (size rule): sound:reviewed (179) chunked alphabetically — no additional split axis beyond what's already elsewhere on this page.
9nyqu8uehx	[pasado] do	did	core	topic:vf-oneoff-3	Subtopic split (size rule): sound:reviewed (179) chunked alphabetically — no additional split axis beyond what's already elsewhere on this page.
m2led45ghj	[participio] do	done	supporting	topic:vf-oneoff-3	Subtopic split (size rule): sound:reviewed (179) chunked alphabetically — no additional split axis beyond what's already elsewhere on this page.
t6n1a8sts2	[pasado] dream	dreamt	reference	topic:vf-oneoff-3	Subtopic split (size rule): sound:reviewed (179) chunked alphabetically — no additional split axis beyond what's already elsewhere on this page.
1z3vqrnpos	[participio] dream	dreamt	reference	topic:vf-oneoff-3	Subtopic split (size rule): sound:reviewed (179) chunked alphabetically — no additional split axis beyond what's already elsewhere on this page.
r2gyv054my	[pasado] drink	drank	supporting	topic:vf-oneoff-3	Subtopic split (size rule): sound:reviewed (179) chunked alphabetically — no additional split axis beyond what's already elsewhere on this page.
hx302e3tcv	[participio] drink	drunk	supporting	topic:vf-oneoff-3	Subtopic split (size rule): sound:reviewed (179) chunked alphabetically — no additional split axis beyond what's already elsewhere on this page.
63bn9ar4z7	[participio] drive	driven	supporting	topic:vf-oneoff-3	Subtopic split (size rule): sound:reviewed (179) chunked alphabetically — no additional split axis beyond what's already elsewhere on this page.
nds3rzq7f8	[pasado] eat	ate	supporting	topic:vf-oneoff-3	Subtopic split (size rule): sound:reviewed (179) chunked alphabetically — no additional split axis beyond what's already elsewhere on this page.
tmxr4tm85t	[pasado] fall	fell	supporting	topic:vf-oneoff-3	Subtopic split (size rule): sound:reviewed (179) chunked alphabetically — no additional split axis beyond what's already elsewhere on this page.
6v3xi2a089	[participio] fall	fallen	supporting	topic:vf-oneoff-4	Subtopic split (size rule): sound:reviewed (179) chunked alphabetically — no additional split axis beyond what's already elsewhere on this page.
lqkjvqvga0	[pasado] feed	fed	reference	topic:vf-oneoff-4	Subtopic split (size rule): sound:reviewed (179) chunked alphabetically — no additional split axis beyond what's already elsewhere on this page.
9khmf2u9eb	[participio] feed	fed	reference	topic:vf-oneoff-4	Subtopic split (size rule): sound:reviewed (179) chunked alphabetically — no additional split axis beyond what's already elsewhere on this page.
x1nx1z1a1p	[pasado] feel	felt	supporting	topic:vf-oneoff-4	Subtopic split (size rule): sound:reviewed (179) chunked alphabetically — no additional split axis beyond what's already elsewhere on this page.
20ehjgbq4l	[participio] feel	felt	supporting	topic:vf-oneoff-4	Subtopic split (size rule): sound:reviewed (179) chunked alphabetically — no additional split axis beyond what's already elsewhere on this page.
d0ezvwcw54	[pasado] fight	fought	supporting	topic:vf-oneoff-4	Subtopic split (size rule): sound:reviewed (179) chunked alphabetically — no additional split axis beyond what's already elsewhere on this page.
ec8kcymom7	[participio] fight	fought	supporting	topic:vf-oneoff-4	Subtopic split (size rule): sound:reviewed (179) chunked alphabetically — no additional split axis beyond what's already elsewhere on this page.
zmnamkbq3b	[pasado] find	found	supporting	topic:vf-oneoff-4	Subtopic split (size rule): sound:reviewed (179) chunked alphabetically — no additional split axis beyond what's already elsewhere on this page.
nl08qe1e3q	[participio] find	found	supporting	topic:vf-oneoff-4	Subtopic split (size rule): sound:reviewed (179) chunked alphabetically — no additional split axis beyond what's already elsewhere on this page.
dz3lxqyat3	[pasado] flee	fled	reference	topic:vf-oneoff-4	Subtopic split (size rule): sound:reviewed (179) chunked alphabetically — no additional split axis beyond what's already elsewhere on this page.
l2z9k8jtx4	[participio] flee	fled	reference	topic:vf-oneoff-4	Subtopic split (size rule): sound:reviewed (179) chunked alphabetically — no additional split axis beyond what's already elsewhere on this page.
q58n1n7mzx	[participio] fly	flown	supporting	topic:vf-oneoff-4	Subtopic split (size rule): sound:reviewed (179) chunked alphabetically — no additional split axis beyond what's already elsewhere on this page.
1kn03k7sbs	[pasado] forbid	forbade	reference	topic:vf-oneoff-4	Subtopic split (size rule): sound:reviewed (179) chunked alphabetically — no additional split axis beyond what's already elsewhere on this page.
5jivy1ob66	[participio] forget	forgotten	supporting	topic:vf-oneoff-4	Subtopic split (size rule): sound:reviewed (179) chunked alphabetically — no additional split axis beyond what's already elsewhere on this page.
1xuraraznf	[participio] forgive	forgiven	reference	topic:vf-oneoff-4	Subtopic split (size rule): sound:reviewed (179) chunked alphabetically — no additional split axis beyond what's already elsewhere on this page.
6f3b5muinr	[participio] freeze	frozen	reference	topic:vf-oneoff-4	Subtopic split (size rule): sound:reviewed (179) chunked alphabetically — no additional split axis beyond what's already elsewhere on this page.
3r70xx9t9s	[participio] get	gotten	supporting	topic:vf-oneoff-4	Subtopic split (size rule): sound:reviewed (179) chunked alphabetically — no additional split axis beyond what's already elsewhere on this page.
8k1ayyt6pc	[participio] get	got	supporting	topic:vf-oneoff-4	Subtopic split (size rule): sound:reviewed (179) chunked alphabetically — no additional split axis beyond what's already elsewhere on this page.
iblqv731gx	[participio] give	given	supporting	topic:vf-oneoff-5	Subtopic split (size rule): sound:reviewed (179) chunked alphabetically — no additional split axis beyond what's already elsewhere on this page.
j75hzql7s8	[participio] go	gone	supporting	topic:vf-oneoff-5	Subtopic split (size rule): sound:reviewed (179) chunked alphabetically — no additional split axis beyond what's already elsewhere on this page.
l3jqtqp7we	[pasado] go	went	supporting	topic:vf-oneoff-5	Subtopic split (size rule): sound:reviewed (179) chunked alphabetically — no additional split axis beyond what's already elsewhere on this page.
h8v7gva74y	[pasado] grind	ground	reference	topic:vf-oneoff-5	Subtopic split (size rule): sound:reviewed (179) chunked alphabetically — no additional split axis beyond what's already elsewhere on this page.
iv59zmzpfc	[participio] grind	ground	reference	topic:vf-oneoff-5	Subtopic split (size rule): sound:reviewed (179) chunked alphabetically — no additional split axis beyond what's already elsewhere on this page.
8wyni4z4jb	[participio] grow	grown	supporting	topic:vf-oneoff-5	Subtopic split (size rule): sound:reviewed (179) chunked alphabetically — no additional split axis beyond what's already elsewhere on this page.
jwdtzs5t6a	[pasado] hang	hung	reference	topic:vf-oneoff-5	Subtopic split (size rule): sound:reviewed (179) chunked alphabetically — no additional split axis beyond what's already elsewhere on this page.
miby128ryy	[participio] hang	hung	reference	topic:vf-oneoff-5	Subtopic split (size rule): sound:reviewed (179) chunked alphabetically — no additional split axis beyond what's already elsewhere on this page.
dyfhan9nwo	[pasado] have	had	supporting	topic:vf-oneoff-5	Subtopic split (size rule): sound:reviewed (179) chunked alphabetically — no additional split axis beyond what's already elsewhere on this page.
rv6qhto601	[participio] have	had	supporting	topic:vf-oneoff-5	Subtopic split (size rule): sound:reviewed (179) chunked alphabetically — no additional split axis beyond what's already elsewhere on this page.
9dwskqsjd0	[pasado] hear	heard	supporting	topic:vf-oneoff-5	Subtopic split (size rule): sound:reviewed (179) chunked alphabetically — no additional split axis beyond what's already elsewhere on this page.
51u4l72zq4	[participio] hear	heard	supporting	topic:vf-oneoff-5	Subtopic split (size rule): sound:reviewed (179) chunked alphabetically — no additional split axis beyond what's already elsewhere on this page.
16srcng7up	[pasado] hide	hid	supporting	topic:vf-oneoff-5	Subtopic split (size rule): sound:reviewed (179) chunked alphabetically — no additional split axis beyond what's already elsewhere on this page.
fu3jtwrv5c	[participio] hide	hidden	supporting	topic:vf-oneoff-5	Subtopic split (size rule): sound:reviewed (179) chunked alphabetically — no additional split axis beyond what's already elsewhere on this page.
frxrx8cy18	[pasado] hold	held	supporting	topic:vf-oneoff-5	Subtopic split (size rule): sound:reviewed (179) chunked alphabetically — no additional split axis beyond what's already elsewhere on this page.
6uheo5toci	[participio] hold	held	supporting	topic:vf-oneoff-5	Subtopic split (size rule): sound:reviewed (179) chunked alphabetically — no additional split axis beyond what's already elsewhere on this page.
96jj8crcsn	[pasado] keep	kept	supporting	topic:vf-oneoff-5	Subtopic split (size rule): sound:reviewed (179) chunked alphabetically — no additional split axis beyond what's already elsewhere on this page.
rn03b9v8rd	[participio] keep	kept	supporting	topic:vf-oneoff-5	Subtopic split (size rule): sound:reviewed (179) chunked alphabetically — no additional split axis beyond what's already elsewhere on this page.
8c3jkl2q3o	[pasado] kneel	knelt	reference	topic:vf-oneoff-6	Subtopic split (size rule): sound:reviewed (179) chunked alphabetically — no additional split axis beyond what's already elsewhere on this page.
7itawft3f4	[participio] kneel	knelt	reference	topic:vf-oneoff-6	Subtopic split (size rule): sound:reviewed (179) chunked alphabetically — no additional split axis beyond what's already elsewhere on this page.
m31kpazbri	[participio] know	known	supporting	topic:vf-oneoff-6	Subtopic split (size rule): sound:reviewed (179) chunked alphabetically — no additional split axis beyond what's already elsewhere on this page.
5vg8sjndmp	[pasado] lay	laid	reference	topic:vf-oneoff-6	Subtopic split (size rule): sound:reviewed (179) chunked alphabetically — no additional split axis beyond what's already elsewhere on this page.
w3xwt1is0s	[participio] lay	laid	reference	topic:vf-oneoff-6	Subtopic split (size rule): sound:reviewed (179) chunked alphabetically — no additional split axis beyond what's already elsewhere on this page.
moa509gjfs	[pasado] lead	led	reference	topic:vf-oneoff-6	Subtopic split (size rule): sound:reviewed (179) chunked alphabetically — no additional split axis beyond what's already elsewhere on this page.
yiyb24ixan	[participio] lead	led	reference	topic:vf-oneoff-6	Subtopic split (size rule): sound:reviewed (179) chunked alphabetically — no additional split axis beyond what's already elsewhere on this page.
hrbq6s2j6w	[pasado] leave	left	supporting	topic:vf-oneoff-6	Subtopic split (size rule): sound:reviewed (179) chunked alphabetically — no additional split axis beyond what's already elsewhere on this page.
ypd727s6hq	[participio] leave	left	supporting	topic:vf-oneoff-6	Subtopic split (size rule): sound:reviewed (179) chunked alphabetically — no additional split axis beyond what's already elsewhere on this page.
3n6i16wyag	[pasado] lend	lent	supporting	topic:vf-oneoff-6	Subtopic split (size rule): sound:reviewed (179) chunked alphabetically — no additional split axis beyond what's already elsewhere on this page.
5yfrmfazp0	[participio] lend	lent	supporting	topic:vf-oneoff-6	Subtopic split (size rule): sound:reviewed (179) chunked alphabetically — no additional split axis beyond what's already elsewhere on this page.
lno5ht42qg	[pasado] lie	lay	reference	topic:vf-oneoff-6	Subtopic split (size rule): sound:reviewed (179) chunked alphabetically — no additional split axis beyond what's already elsewhere on this page.
ejdik4gc6k	[participio] lie	lain	reference	topic:vf-oneoff-6	Subtopic split (size rule): sound:reviewed (179) chunked alphabetically — no additional split axis beyond what's already elsewhere on this page.
e2vj5fksnk	[pasado] lose	lost	supporting	topic:vf-oneoff-6	Subtopic split (size rule): sound:reviewed (179) chunked alphabetically — no additional split axis beyond what's already elsewhere on this page.
jx4ejh8c5y	[participio] lose	lost	supporting	topic:vf-oneoff-6	Subtopic split (size rule): sound:reviewed (179) chunked alphabetically — no additional split axis beyond what's already elsewhere on this page.
lmc3z7ehft	[pasado] make	made	supporting	topic:vf-oneoff-6	Subtopic split (size rule): sound:reviewed (179) chunked alphabetically — no additional split axis beyond what's already elsewhere on this page.
pekpg8dy8k	[participio] make	made	supporting	topic:vf-oneoff-6	Subtopic split (size rule): sound:reviewed (179) chunked alphabetically — no additional split axis beyond what's already elsewhere on this page.
op7475igzu	[pasado] mean	meant	supporting	topic:vf-oneoff-6	Subtopic split (size rule): sound:reviewed (179) chunked alphabetically — no additional split axis beyond what's already elsewhere on this page.
gwo4msr8kw	[participio] mean	meant	supporting	topic:vf-oneoff-7	Subtopic split (size rule): sound:reviewed (179) chunked alphabetically — no additional split axis beyond what's already elsewhere on this page.
ddtalrf2sa	[pasado] meet	met	supporting	topic:vf-oneoff-7	Subtopic split (size rule): sound:reviewed (179) chunked alphabetically — no additional split axis beyond what's already elsewhere on this page.
7j4xptyx41	[participio] meet	met	supporting	topic:vf-oneoff-7	Subtopic split (size rule): sound:reviewed (179) chunked alphabetically — no additional split axis beyond what's already elsewhere on this page.
g3ofkktl63	[participio] mow	mown	reference	topic:vf-oneoff-7	Subtopic split (size rule): sound:reviewed (179) chunked alphabetically — no additional split axis beyond what's already elsewhere on this page.
rpgb8mpa5f	[pasado] pay	paid	supporting	topic:vf-oneoff-7	Subtopic split (size rule): sound:reviewed (179) chunked alphabetically — no additional split axis beyond what's already elsewhere on this page.
mrzig8vrnw	[participio] pay	paid	supporting	topic:vf-oneoff-7	Subtopic split (size rule): sound:reviewed (179) chunked alphabetically — no additional split axis beyond what's already elsewhere on this page.
tgo1val9xh	[participio] ride	ridden	supporting	topic:vf-oneoff-7	Subtopic split (size rule): sound:reviewed (179) chunked alphabetically — no additional split axis beyond what's already elsewhere on this page.
rxho2fn8fn	[pasado] ring	rang	reference	topic:vf-oneoff-7	Subtopic split (size rule): sound:reviewed (179) chunked alphabetically — no additional split axis beyond what's already elsewhere on this page.
3pco7273dr	[participio] ring	rung	reference	topic:vf-oneoff-7	Subtopic split (size rule): sound:reviewed (179) chunked alphabetically — no additional split axis beyond what's already elsewhere on this page.
6xhxr8sb7k	[pasado] see	saw	supporting	topic:vf-oneoff-7	Subtopic split (size rule): sound:reviewed (179) chunked alphabetically — no additional split axis beyond what's already elsewhere on this page.
fu4c8t7dei	[participio] see	seen	supporting	topic:vf-oneoff-7	Subtopic split (size rule): sound:reviewed (179) chunked alphabetically — no additional split axis beyond what's already elsewhere on this page.
k1zeafjyeu	[pasado] seek	sought	reference	topic:vf-oneoff-7	Subtopic split (size rule): sound:reviewed (179) chunked alphabetically — no additional split axis beyond what's already elsewhere on this page.
z6bg9qle6t	[participio] seek	sought	reference	topic:vf-oneoff-7	Subtopic split (size rule): sound:reviewed (179) chunked alphabetically — no additional split axis beyond what's already elsewhere on this page.
mpfyf2ovqk	[pasado] sell	sold	supporting	topic:vf-oneoff-7	Subtopic split (size rule): sound:reviewed (179) chunked alphabetically — no additional split axis beyond what's already elsewhere on this page.
as3d3fjuw7	[participio] sell	sold	supporting	topic:vf-oneoff-7	Subtopic split (size rule): sound:reviewed (179) chunked alphabetically — no additional split axis beyond what's already elsewhere on this page.
zui5vgopk6	[pasado] send	sent	supporting	topic:vf-oneoff-7	Subtopic split (size rule): sound:reviewed (179) chunked alphabetically — no additional split axis beyond what's already elsewhere on this page.
mon6vzw35r	[participio] send	sent	supporting	topic:vf-oneoff-7	Subtopic split (size rule): sound:reviewed (179) chunked alphabetically — no additional split axis beyond what's already elsewhere on this page.
l2oheg8sdo	[participio] shake	shaken	supporting	topic:vf-oneoff-7	Subtopic split (size rule): sound:reviewed (179) chunked alphabetically — no additional split axis beyond what's already elsewhere on this page.
denchpjziw	[participio] show	shown	supporting	topic:vf-oneoff-8	Subtopic split (size rule): sound:reviewed (179) chunked alphabetically — no additional split axis beyond what's already elsewhere on this page.
c96ukshr12	[pasado] shrink	shrank	reference	topic:vf-oneoff-8	Subtopic split (size rule): sound:reviewed (179) chunked alphabetically — no additional split axis beyond what's already elsewhere on this page.
rol2mcvlrq	[pasado] shrink	shrunk	reference	topic:vf-oneoff-8	Subtopic split (size rule): sound:reviewed (179) chunked alphabetically — no additional split axis beyond what's already elsewhere on this page.
c9of0pgjjt	[participio] shrink	shrunk	reference	topic:vf-oneoff-8	Subtopic split (size rule): sound:reviewed (179) chunked alphabetically — no additional split axis beyond what's already elsewhere on this page.
n093iw4nyk	[pasado] sing	sang	supporting	topic:vf-oneoff-8	Subtopic split (size rule): sound:reviewed (179) chunked alphabetically — no additional split axis beyond what's already elsewhere on this page.
jt1vowte8p	[participio] sing	sung	supporting	topic:vf-oneoff-8	Subtopic split (size rule): sound:reviewed (179) chunked alphabetically — no additional split axis beyond what's already elsewhere on this page.
q0in967hnc	[pasado] sink	sank	reference	topic:vf-oneoff-8	Subtopic split (size rule): sound:reviewed (179) chunked alphabetically — no additional split axis beyond what's already elsewhere on this page.
yp8kmo62ix	[pasado] sink	sunk	reference	topic:vf-oneoff-8	Subtopic split (size rule): sound:reviewed (179) chunked alphabetically — no additional split axis beyond what's already elsewhere on this page.
poq5iuw2pj	[participio] sink	sunk	reference	topic:vf-oneoff-8	Subtopic split (size rule): sound:reviewed (179) chunked alphabetically — no additional split axis beyond what's already elsewhere on this page.
nntgjqr7v0	[pasado] sleep	slept	supporting	topic:vf-oneoff-8	Subtopic split (size rule): sound:reviewed (179) chunked alphabetically — no additional split axis beyond what's already elsewhere on this page.
gv0nkhlrgg	[participio] sleep	slept	supporting	topic:vf-oneoff-8	Subtopic split (size rule): sound:reviewed (179) chunked alphabetically — no additional split axis beyond what's already elsewhere on this page.
48mt7mqm4p	[pasado] slide	slid	reference	topic:vf-oneoff-8	Subtopic split (size rule): sound:reviewed (179) chunked alphabetically — no additional split axis beyond what's already elsewhere on this page.
0sb6k8lwlg	[participio] slide	slid	reference	topic:vf-oneoff-8	Subtopic split (size rule): sound:reviewed (179) chunked alphabetically — no additional split axis beyond what's already elsewhere on this page.
5wsjjs5o6u	[participio] sow	sown	reference	topic:vf-oneoff-8	Subtopic split (size rule): sound:reviewed (179) chunked alphabetically — no additional split axis beyond what's already elsewhere on this page.
p4y3ag42a9	[participio] speak	spoken	supporting	topic:vf-oneoff-8	Subtopic split (size rule): sound:reviewed (179) chunked alphabetically — no additional split axis beyond what's already elsewhere on this page.
u0upjdj9xz	[pasado] speed	sped	reference	topic:vf-oneoff-8	Subtopic split (size rule): sound:reviewed (179) chunked alphabetically — no additional split axis beyond what's already elsewhere on this page.
tv4q566jil	[participio] speed	sped	reference	topic:vf-oneoff-8	Subtopic split (size rule): sound:reviewed (179) chunked alphabetically — no additional split axis beyond what's already elsewhere on this page.
c0tgz8x0rs	[pasado] spend	spent	supporting	topic:vf-oneoff-8	Subtopic split (size rule): sound:reviewed (179) chunked alphabetically — no additional split axis beyond what's already elsewhere on this page.
zj8o7ga6sq	[participio] spend	spent	supporting	topic:vf-oneoff-9	Subtopic split (size rule): sound:reviewed (179) chunked alphabetically — no additional split axis beyond what's already elsewhere on this page.
eqf931mh1l	[pasado] spit	spit	reference	topic:vf-oneoff-9	Subtopic split (size rule): sound:reviewed (179) chunked alphabetically — no additional split axis beyond what's already elsewhere on this page.
nvu7lwz1kd	[participio] spit	spit	reference	topic:vf-oneoff-9	Subtopic split (size rule): sound:reviewed (179) chunked alphabetically — no additional split axis beyond what's already elsewhere on this page.
29y2qd6vwx	[pasado] spring	sprung	reference	topic:vf-oneoff-9	Subtopic split (size rule): sound:reviewed (179) chunked alphabetically — no additional split axis beyond what's already elsewhere on this page.
mn12dzvwpe	[participio] spring	sprung	reference	topic:vf-oneoff-9	Subtopic split (size rule): sound:reviewed (179) chunked alphabetically — no additional split axis beyond what's already elsewhere on this page.
snq1ha8d7o	[pasado] spring	sprang	reference	topic:vf-oneoff-9	Subtopic split (size rule): sound:reviewed (179) chunked alphabetically — no additional split axis beyond what's already elsewhere on this page.
ff26wwceho	[pasado] stand	stood	supporting	topic:vf-oneoff-9	Subtopic split (size rule): sound:reviewed (179) chunked alphabetically — no additional split axis beyond what's already elsewhere on this page.
nor2ipti14	[participio] stand	stood	supporting	topic:vf-oneoff-9	Subtopic split (size rule): sound:reviewed (179) chunked alphabetically — no additional split axis beyond what's already elsewhere on this page.
9epbm61h1n	[pasado] steal	stole	supporting	topic:vf-oneoff-9	Subtopic split (size rule): sound:reviewed (179) chunked alphabetically — no additional split axis beyond what's already elsewhere on this page.
sih56dd7uj	[pasado] stink	stank	reference	topic:vf-oneoff-9	Subtopic split (size rule): sound:reviewed (179) chunked alphabetically — no additional split axis beyond what's already elsewhere on this page.
jf80q4laj8	[pasado] stink	stunk	reference	topic:vf-oneoff-9	Subtopic split (size rule): sound:reviewed (179) chunked alphabetically — no additional split axis beyond what's already elsewhere on this page.
emnewbc2e3	[participio] stink	stunk	reference	topic:vf-oneoff-9	Subtopic split (size rule): sound:reviewed (179) chunked alphabetically — no additional split axis beyond what's already elsewhere on this page.
kjvrvxfkqn	[participio] stride	stridden	reference	topic:vf-oneoff-9	Subtopic split (size rule): sound:reviewed (179) chunked alphabetically — no additional split axis beyond what's already elsewhere on this page.
03i2ow38a5	[pasado] strive	strove	reference	topic:vf-oneoff-9	Subtopic split (size rule): sound:reviewed (179) chunked alphabetically — no additional split axis beyond what's already elsewhere on this page.
j3kykzhfru	[pasado] sweep	swept	reference	topic:vf-oneoff-9	Subtopic split (size rule): sound:reviewed (179) chunked alphabetically — no additional split axis beyond what's already elsewhere on this page.
tm3az2k3ko	[participio] sweep	swept	reference	topic:vf-oneoff-9	Subtopic split (size rule): sound:reviewed (179) chunked alphabetically — no additional split axis beyond what's already elsewhere on this page.
1f7hocq26j	[participio] swim	swum	supporting	topic:vf-oneoff-9	Subtopic split (size rule): sound:reviewed (179) chunked alphabetically — no additional split axis beyond what's already elsewhere on this page.
bn0ps9sz3h	[participio] take	taken	supporting	topic:vf-oneoff-9	Subtopic split (size rule): sound:reviewed (179) chunked alphabetically — no additional split axis beyond what's already elsewhere on this page.
l33gheat0q	[pasado] teach	taught	supporting	topic:vf-oneoff-10	Subtopic split (size rule): sound:reviewed (179) chunked alphabetically — no additional split axis beyond what's already elsewhere on this page.
uxgsk3ka13	[participio] teach	taught	supporting	topic:vf-oneoff-10	Subtopic split (size rule): sound:reviewed (179) chunked alphabetically — no additional split axis beyond what's already elsewhere on this page.
hwmvhbt7if	[pasado] tell	told	supporting	topic:vf-oneoff-10	Subtopic split (size rule): sound:reviewed (179) chunked alphabetically — no additional split axis beyond what's already elsewhere on this page.
radt5ut6yj	[participio] tell	told	supporting	topic:vf-oneoff-10	Subtopic split (size rule): sound:reviewed (179) chunked alphabetically — no additional split axis beyond what's already elsewhere on this page.
vxo4j1a99j	[pasado] think	thought	supporting	topic:vf-oneoff-10	Subtopic split (size rule): sound:reviewed (179) chunked alphabetically — no additional split axis beyond what's already elsewhere on this page.
gryg1an0ql	[participio] think	thought	supporting	topic:vf-oneoff-10	Subtopic split (size rule): sound:reviewed (179) chunked alphabetically — no additional split axis beyond what's already elsewhere on this page.
2uoub5ekex	[participio] throw	thrown	supporting	topic:vf-oneoff-10	Subtopic split (size rule): sound:reviewed (179) chunked alphabetically — no additional split axis beyond what's already elsewhere on this page.
d90l26ie3b	[pasado] tread	trod	reference	topic:vf-oneoff-10	Subtopic split (size rule): sound:reviewed (179) chunked alphabetically — no additional split axis beyond what's already elsewhere on this page.
e03lq2lawp	[participio] tread	trod	reference	topic:vf-oneoff-10	Subtopic split (size rule): sound:reviewed (179) chunked alphabetically — no additional split axis beyond what's already elsewhere on this page.
vjcpdhjlly	[pasado] understand	understood	supporting	topic:vf-oneoff-10	Subtopic split (size rule): sound:reviewed (179) chunked alphabetically — no additional split axis beyond what's already elsewhere on this page.
2xxvvzpd57	[participio] understand	understood	supporting	topic:vf-oneoff-10	Subtopic split (size rule): sound:reviewed (179) chunked alphabetically — no additional split axis beyond what's already elsewhere on this page.
4sihxpdhzg	[participio] wake	woken	supporting	topic:vf-oneoff-10	Subtopic split (size rule): sound:reviewed (179) chunked alphabetically — no additional split axis beyond what's already elsewhere on this page.
7jofu6y1i8	[participio] weave	woven	reference	topic:vf-oneoff-10	Subtopic split (size rule): sound:reviewed (179) chunked alphabetically — no additional split axis beyond what's already elsewhere on this page.
ywshdrwtq9	[pasado] wind	wound	reference	topic:vf-oneoff-10	Subtopic split (size rule): sound:reviewed (179) chunked alphabetically — no additional split axis beyond what's already elsewhere on this page.
4zcbk693q2	[participio] wind	wound	reference	topic:vf-oneoff-10	Subtopic split (size rule): sound:reviewed (179) chunked alphabetically — no additional split axis beyond what's already elsewhere on this page.
nf5qq29oke	[participio] write	written	core	topic:vf-oneoff-10	Subtopic split (size rule): sound:reviewed (179) chunked alphabetically — no additional split axis beyond what's already elsewhere on this page.
k7qkmwozei	[pasado] write	wrote	supporting	topic:vf-oneoff-10	Subtopic split (size rule): sound:reviewed (179) chunked alphabetically — no additional split axis beyond what's already elsewhere on this page.
dj00e4gi88	¿[alguien] tenía que [hacer algo]?	did [somebody] have to [do something]?	supporting	topic:vp-full-inf-1	Subtopic split (size rule): construction:followed-by-full-infinitive (85) chunked alphabetically — no additional split axis beyond what's already elsewhere on this page.
2g4mul96oa	¿[alguien] va a [hacer algo]?	is [somebody] going to [do something]?	core	topic:vp-full-inf-1	Subtopic split (size rule): construction:followed-by-full-infinitive (85) chunked alphabetically — no additional split axis beyond what's already elsewhere on this page.
rzbd2v6ygo	¿[alguien] iba a [hacer algo]?	was [somebody] going to [do something]?	supporting	topic:vp-full-inf-1	Subtopic split (size rule): construction:followed-by-full-infinitive (85) chunked alphabetically — no additional split axis beyond what's already elsewhere on this page.
zugopbh0jt	¿[alguien] tiene que [hacer algo]?	does [somebody] have to [do something]?	core	topic:vp-full-inf-1	Subtopic split (size rule): construction:followed-by-full-infinitive (85) chunked alphabetically — no additional split axis beyond what's already elsewhere on this page.
ob3a6c4swk	¿ibas a [hacer algo]?	were you going to [do something]?	supporting	topic:vp-full-inf-1	Subtopic split (size rule): construction:followed-by-full-infinitive (85) chunked alphabetically — no additional split axis beyond what's already elsewhere on this page.
8aej7jfu2y	¿tienes que [hacer algo]?	do you have to [do something]?	core	topic:vp-full-inf-1	Subtopic split (size rule): construction:followed-by-full-infinitive (85) chunked alphabetically — no additional split axis beyond what's already elsewhere on this page.
ihsw7a0ggn	¿vas a [hacer algo]?	are you going [to do something]?	core	topic:vp-full-inf-1	Subtopic split (size rule): construction:followed-by-full-infinitive (85) chunked alphabetically — no additional split axis beyond what's already elsewhere on this page.
rx423e30re	acordar [hacer algo]	to agree to [do something]	reference	topic:vp-full-inf-1	Subtopic split (size rule): construction:followed-by-full-infinitive (85) chunked alphabetically — no additional split axis beyond what's already elsewhere on this page.
3vfsaych3z	acordar [hacer algo]	to decide to [do something]	reference	topic:vp-full-inf-1	Subtopic split (size rule): construction:followed-by-full-infinitive (85) chunked alphabetically — no additional split axis beyond what's already elsewhere on this page.
v7qsq6oet3	alcanzar a [hacer algo]	to have time to [do something]	reference	topic:vp-full-inf-1	Subtopic split (size rule): construction:followed-by-full-infinitive (85) chunked alphabetically — no additional split axis beyond what's already elsewhere on this page.
z0627jhc6t	alcanzar a [hacer algo]	to manage to [do something]	supporting	topic:vp-full-inf-1	Subtopic split (size rule): construction:followed-by-full-infinitive (85) chunked alphabetically — no additional split axis beyond what's already elsewhere on this page.
58sc7ad4dy	ayudarle a [alguien] a [hacer algo]	to help [somebody] [to do something]	supporting	topic:vp-full-inf-1	Subtopic split (size rule): construction:followed-by-full-infinitive (85) chunked alphabetically — no additional split axis beyond what's already elsewhere on this page.
dakptjtohz	bastar con [hacer algo]	all you need to do is [do something]	reference	topic:vp-full-inf-1	Subtopic split (size rule): construction:followed-by-full-infinitive (85) chunked alphabetically — no additional split axis beyond what's already elsewhere on this page.
28wuv5j1dp	comenzar a [hacer algo]	to begin [to do something]	reference	topic:vp-full-inf-1	Subtopic split (size rule): construction:followed-by-full-infinitive (85) chunked alphabetically — no additional split axis beyond what's already elsewhere on this page.
vjb5yapkmy	conocer mejor a [alguien]	to get to know [somebody]	supporting	topic:vp-full-inf-1	Subtopic split (size rule): construction:followed-by-full-infinitive (85) chunked alphabetically — no additional split axis beyond what's already elsewhere on this page.
hr7gsp7wkj	conseguir [hacer algo]	to manage to [do something]	supporting	topic:vp-full-inf-1	Subtopic split (size rule): construction:followed-by-full-infinitive (85) chunked alphabetically — no additional split axis beyond what's already elsewhere on this page.
eeb29dpzj0	conseguir que [alguien] [haga algo]	to get [somebody] to [do something]	supporting	topic:vp-full-inf-1|topic:vp-obj-complement-1	Subtopic split (size rule): construction:followed-by-full-infinitive (85) chunked alphabetically — no additional split axis beyond what's already elsewhere on this page.
wlak5wglp1	continuar [haciendo algo]	to continue [to do something]	reference	topic:vp-full-inf-1	Subtopic split (size rule): construction:followed-by-full-infinitive (85) chunked alphabetically — no additional split axis beyond what's already elsewhere on this page.
9y6wrrzjfz	costarle a [alguien] [hacer algo]	to struggle to [do something]	reference	topic:vp-full-inf-2	Subtopic split (size rule): construction:followed-by-full-infinitive (85) chunked alphabetically — no additional split axis beyond what's already elsewhere on this page.
3uulufvfpt	darle permiso a [alguien] para [hacer algo]	to allow [somebody] to [do something]	supporting	topic:vp-full-inf-2|topic:vp-obj-complement-1	Subtopic split (size rule): construction:followed-by-full-infinitive (85) chunked alphabetically — no additional split axis beyond what's already elsewhere on this page.
lydbe3sj98	darle poder a [alguien] para [hacer algo]	to authorize [somebody] to [do something]	reference	topic:vp-full-inf-2|topic:vp-obj-complement-1	Subtopic split (size rule): construction:followed-by-full-infinitive (85) chunked alphabetically — no additional split axis beyond what's already elsewhere on this page.
xzcldfjhmu	darle tiempo a [alguien] para [hacer algo]	to give [somebody] time to [do something]	reference	topic:vp-full-inf-2	Subtopic split (size rule): construction:followed-by-full-infinitive (85) chunked alphabetically — no additional split axis beyond what's already elsewhere on this page.
g8bhd7ipvu	deber [hacer algo]	to have to [do something]	supporting	topic:vp-full-inf-2	Subtopic split (size rule): construction:followed-by-full-infinitive (85) chunked alphabetically — no additional split axis beyond what's already elsewhere on this page.
qe4q40qzw2	deber [hacer algo]	to be supposed to [do something]	supporting	topic:vp-full-inf-2	Subtopic split (size rule): construction:followed-by-full-infinitive (85) chunked alphabetically — no additional split axis beyond what's already elsewhere on this page.
1vu2pjhl3v	deber [hacer algo]	to be expected to [do something]	reference	topic:vp-full-inf-2	Subtopic split (size rule): construction:followed-by-full-infinitive (85) chunked alphabetically — no additional split axis beyond what's already elsewhere on this page.
q95c3kam4n	debería [hacer algo]	ought to [do something]	reference	topic:vp-full-inf-2	Subtopic split (size rule): construction:followed-by-full-infinitive (85) chunked alphabetically — no additional split axis beyond what's already elsewhere on this page.
fe4son9mxi	decidir [hacer algo]	to decide [to do something]	supporting	topic:vp-full-inf-2	Subtopic split (size rule): construction:followed-by-full-infinitive (85) chunked alphabetically — no additional split axis beyond what's already elsewhere on this page.
l9xp6c0qlt	decirle a [alguien] que [haga algo]	to tell [somebody] to [do something]	core	topic:vp-full-inf-2|topic:vp-obj-complement-1	Subtopic split (size rule): construction:followed-by-full-infinitive (85) chunked alphabetically — no additional split axis beyond what's already elsewhere on this page.
nbidca94v7	dejar que [alguien] [haga algo]	to allow [somebody] to [do something]	reference	topic:vp-full-inf-2|topic:vp-obj-complement-1	Subtopic split (size rule): construction:followed-by-full-infinitive (85) chunked alphabetically — no additional split axis beyond what's already elsewhere on this page.
zvkx50j9c5	detenerse para [hacer algo]	to stop to [do something]	supporting	topic:vp-full-inf-2	Subtopic split (size rule): construction:followed-by-full-infinitive (85) chunked alphabetically — no additional split axis beyond what's already elsewhere on this page.
4mkm6qyxir	elegir [hacer algo]	to choose [to do something]	reference	topic:vp-full-inf-2	Subtopic split (size rule): construction:followed-by-full-infinitive (85) chunked alphabetically — no additional split axis beyond what's already elsewhere on this page.
h4it1wwpn1	empezar a [hacer algo]	to start [to do something]	reference	topic:vp-full-inf-2	Subtopic split (size rule): construction:followed-by-full-infinitive (85) chunked alphabetically — no additional split axis beyond what's already elsewhere on this page.
9f1l9yug4e	encantaría [hacer algo]	would love to [do something]	supporting	topic:vp-full-inf-2	Subtopic split (size rule): construction:followed-by-full-infinitive (85) chunked alphabetically — no additional split axis beyond what's already elsewhere on this page.
z36ytmaalw	encantarle [hacer algo] a [alguien]	[somebody] loves to [do something]	reference	topic:vp-full-inf-2	Subtopic split (size rule): construction:followed-by-full-infinitive (85) chunked alphabetically — no additional split axis beyond what's already elsewhere on this page.
0h3qydzurd	esperar [hacer algo]	to hope to [do something]	supporting	topic:vp-full-inf-2	Subtopic split (size rule): construction:followed-by-full-infinitive (85) chunked alphabetically — no additional split axis beyond what's already elsewhere on this page.
ionvi8pijp	exigir que [alguien] [haga algo]	to require [somebody] to [do something]	reference	topic:vp-full-inf-2|topic:vp-obj-complement-1	Subtopic split (size rule): construction:followed-by-full-infinitive (85) chunked alphabetically — no additional split axis beyond what's already elsewhere on this page.
9jt3xxrxse	gustaría [hacer algo]	would like to [do something]	core	topic:vp-full-inf-3	Subtopic split (size rule): construction:followed-by-full-infinitive (85) chunked alphabetically — no additional split axis beyond what's already elsewhere on this page.
xlujyv5rif	gustaría que [alguien] [hiciera algo]	would like [somebody] to [do something]	supporting	topic:vp-full-inf-3|topic:vp-obj-complement-1	Subtopic split (size rule): construction:followed-by-full-infinitive (85) chunked alphabetically — no additional split axis beyond what's already elsewhere on this page.
mowb8a6hvx	gustarle [hacer algo] a [alguien]	[somebody] likes to [do something]	reference	topic:vp-full-inf-3	Subtopic split (size rule): construction:followed-by-full-infinitive (85) chunked alphabetically — no additional split axis beyond what's already elsewhere on this page.
wr8pbzbr3p	iba a [hacer algo]	I/he/she was going to [do something]	supporting	topic:vp-full-inf-3	Subtopic split (size rule): construction:followed-by-full-infinitive (85) chunked alphabetically — no additional split axis beyond what's already elsewhere on this page.
e6mo24dstx	íbamos a [hacer algo]	we were going to [do something]	supporting	topic:vp-full-inf-3	Subtopic split (size rule): construction:followed-by-full-infinitive (85) chunked alphabetically — no additional split axis beyond what's already elsewhere on this page.
esz763givh	iban a [hacer algo]	they were going to [do something]	supporting	topic:vp-full-inf-3	Subtopic split (size rule): construction:followed-by-full-infinitive (85) chunked alphabetically — no additional split axis beyond what's already elsewhere on this page.
uu4qjzuter	intentar [hacer algo]	to try [to do something]	supporting	topic:vp-full-inf-3	Subtopic split (size rule): construction:followed-by-full-infinitive (85) chunked alphabetically — no additional split axis beyond what's already elsewhere on this page.
rjnvvjdloq	llegar a [hacer algo]	to manage to [do something]	reference	topic:vp-full-inf-3	Subtopic split (size rule): construction:followed-by-full-infinitive (85) chunked alphabetically — no additional split axis beyond what's already elsewhere on this page.
7n967goat0	llegar a ser [algo]	to go on to become [something]	reference	topic:vp-full-inf-3	Subtopic split (size rule): construction:followed-by-full-infinitive (85) chunked alphabetically — no additional split axis beyond what's already elsewhere on this page.
1insnlihbx	más vale [hacer algo]	had better [do something]	reference	topic:vp-full-inf-3	Subtopic split (size rule): construction:followed-by-full-infinitive (85) chunked alphabetically — no additional split axis beyond what's already elsewhere on this page.
blmsaecd0u	me da pena [hacer algo]	I'm embarrassed to [do something]	reference	topic:vp-full-inf-3	Subtopic split (size rule): construction:followed-by-full-infinitive (85) chunked alphabetically — no additional split axis beyond what's already elsewhere on this page.
1eotkqfnjg	necesitar [hacer algo]	to need [to do something]	core	topic:vp-full-inf-3	Subtopic split (size rule): construction:followed-by-full-infinitive (85) chunked alphabetically — no additional split axis beyond what's already elsewhere on this page.
nmfskm5zko	necesitar [hacer algo]	needa [do something]	reference	topic:vp-full-inf-3	Subtopic split (size rule): construction:followed-by-full-infinitive (85) chunked alphabetically — no additional split axis beyond what's already elsewhere on this page.
qvltvv56qd	necesitar que [alguien] [haga algo]	to need [somebody] [to do something]	core	topic:vp-full-inf-3|topic:vp-obj-complement-1	Subtopic split (size rule): construction:followed-by-full-infinitive (85) chunked alphabetically — no additional split axis beyond what's already elsewhere on this page.
imzixo6ntc	no conseguir [hacer algo]	to fail to [do something]	reference	topic:vp-full-inf-3	Subtopic split (size rule): construction:followed-by-full-infinitive (85) chunked alphabetically — no additional split axis beyond what's already elsewhere on this page.
gzfxm4mq6e	no conseguir [hacer algo]	not to seem able to [do something]	reference	topic:vp-full-inf-3	Subtopic split (size rule): construction:followed-by-full-infinitive (85) chunked alphabetically — no additional split axis beyond what's already elsewhere on this page.
22pjks5vmh	no tener que [hacer algo]	not to have to [do something]	core	topic:vp-full-inf-3	Subtopic split (size rule): construction:followed-by-full-infinitive (85) chunked alphabetically — no additional split axis beyond what's already elsewhere on this page.
kfgyouvdqj	odiar [hacer algo]	to hate [to do something]	supporting	topic:vp-full-inf-3	Subtopic split (size rule): construction:followed-by-full-infinitive (85) chunked alphabetically — no additional split axis beyond what's already elsewhere on this page.
2p5ynjsevh	ofrecerse a [hacer algo]	to offer to [do something]	reference	topic:vp-full-inf-4	Subtopic split (size rule): construction:followed-by-full-infinitive (85) chunked alphabetically — no additional split axis beyond what's already elsewhere on this page.
zxp06uqig0	para [hacer algo]	to [do something]	core	topic:vp-full-inf-4	Subtopic split (size rule): construction:followed-by-full-infinitive (85) chunked alphabetically — no additional split axis beyond what's already elsewhere on this page.
id2e6gz2kt	parecer [hacer algo]	to seem to [do something]	reference	topic:vp-full-inf-4	Subtopic split (size rule): construction:followed-by-full-infinitive (85) chunked alphabetically — no additional split axis beyond what's already elsewhere on this page.
80jaaa2rlj	parecer [hacer algo] (formal)	to appear to [do something]	reference	topic:vp-full-inf-4	Subtopic split (size rule): construction:followed-by-full-infinitive (85) chunked alphabetically — no additional split axis beyond what's already elsewhere on this page.
hhmv0g9xlh	pedir [comida] para llevar	to order [food] to go	reference	topic:vp-full-inf-4	Subtopic split (size rule): construction:followed-by-full-infinitive (85) chunked alphabetically — no additional split axis beyond what's already elsewhere on this page.
1g3jfa9eo7	pedir permiso para [hacer algo]	to ask for permission to [do something]	supporting	topic:vp-full-inf-4	Subtopic split (size rule): construction:followed-by-full-infinitive (85) chunked alphabetically — no additional split axis beyond what's already elsewhere on this page.
r3pecbwlhk	pedirle a [alguien] que [haga algo]	to ask [somebody] to [do something]	core	topic:vp-full-inf-4|topic:vp-obj-complement-2	Subtopic split (size rule): construction:followed-by-full-infinitive (85) chunked alphabetically — no additional split axis beyond what's already elsewhere on this page.
2bsn8536de	pensar [hacer algo]	to plan to [do something]	supporting	topic:vp-full-inf-4	Subtopic split (size rule): construction:followed-by-full-infinitive (85) chunked alphabetically — no additional split axis beyond what's already elsewhere on this page.
spqggf97ma	pensar [hacer algo]	to intend to [do something]	reference	topic:vp-full-inf-4	Subtopic split (size rule): construction:followed-by-full-infinitive (85) chunked alphabetically — no additional split axis beyond what's already elsewhere on this page.
pw4jhrqiyg	permitir que [alguien] [haga algo]	to allow [somebody] to [do something]	reference	topic:vp-full-inf-4|topic:vp-obj-complement-2	Subtopic split (size rule): construction:followed-by-full-infinitive (85) chunked alphabetically — no additional split axis beyond what's already elsewhere on this page.
a1eubfzyp5	poder [hacer algo] (tener permiso)	to be allowed to [do something]	supporting	topic:vp-full-inf-4	Subtopic split (size rule): construction:followed-by-full-infinitive (85) chunked alphabetically — no additional split axis beyond what's already elsewhere on this page.
mxguwwzrxk	poder [hacer algo]	to be able [to do something]	core	topic:vp-full-inf-4	Subtopic split (size rule): construction:followed-by-full-infinitive (85) chunked alphabetically — no additional split axis beyond what's already elsewhere on this page.
sga7fa9bp9	ponerse a [hacer algo]	to begin to [do something]	supporting	topic:vp-full-inf-4	Subtopic split (size rule): construction:followed-by-full-infinitive (85) chunked alphabetically — no additional split axis beyond what's already elsewhere on this page.
krnfpdxa43	preferir [hacer algo]	to prefer [to do something]	supporting	topic:vp-full-inf-4	Subtopic split (size rule): construction:followed-by-full-infinitive (85) chunked alphabetically — no additional split axis beyond what's already elsewhere on this page.
4onwfj2pow	pudo [hacer algo] (éxito específico)	managed to [do something]	supporting	topic:vp-full-inf-4	Subtopic split (size rule): construction:followed-by-full-infinitive (85) chunked alphabetically — no additional split axis beyond what's already elsewhere on this page.
zl1e6hnb04	quedar en [hacer algo]	to agree to [do something]	reference	topic:vp-full-inf-4	Subtopic split (size rule): construction:followed-by-full-infinitive (85) chunked alphabetically — no additional split axis beyond what's already elsewhere on this page.
df1fa2p3xy	querer [hacer algo]	to want [to do something]	core	topic:vp-full-inf-4	Subtopic split (size rule): construction:followed-by-full-infinitive (85) chunked alphabetically — no additional split axis beyond what's already elsewhere on this page.
2dedeo0gb6	querer [hacer algo]	wanna [do something]	supporting	topic:vp-full-inf-4	Subtopic split (size rule): construction:followed-by-full-infinitive (85) chunked alphabetically — no additional split axis beyond what's already elsewhere on this page.
rs8xew9ar7	recordar [hacer algo]	to remember [to do something]	supporting	topic:vp-full-inf-5	Subtopic split (size rule): construction:followed-by-full-infinitive (85) chunked alphabetically — no additional split axis beyond what's already elsewhere on this page.
kwh31erumh	saber [hacer algo]	to know how to [do something]	core	topic:vp-full-inf-5	Subtopic split (size rule): construction:followed-by-full-infinitive (85) chunked alphabetically — no additional split axis beyond what's already elsewhere on this page.
cbhs0k69zd	ser [adjetivo] [hacer algo]	it is [adjective] [to do something]	core	topic:vp-full-inf-5	Subtopic split (size rule): construction:followed-by-full-infinitive (85) chunked alphabetically — no additional split axis beyond what's already elsewhere on this page.
sz0g4jfbie	ser capaz de [hacer algo]	to be able to [do something]	reference	topic:vp-full-inf-5	Subtopic split (size rule): construction:followed-by-full-infinitive (85) chunked alphabetically — no additional split axis beyond what's already elsewhere on this page.
rirmatii98	ser visto [hacer algo]	to be seen to [do something]	reference	topic:vp-full-inf-5	Subtopic split (size rule): construction:followed-by-full-infinitive (85) chunked alphabetically — no additional split axis beyond what's already elsewhere on this page.
30rrpal2u2	soler [hacer algo]	to tend to [do something]	reference	topic:vp-full-inf-5	Subtopic split (size rule): construction:followed-by-full-infinitive (85) chunked alphabetically — no additional split axis beyond what's already elsewhere on this page.
172vkaz4pw	tener la oportunidad de [hacer algo]	to get a chance to [do something]	reference	topic:vp-full-inf-5	Subtopic split (size rule): construction:followed-by-full-infinitive (85) chunked alphabetically — no additional split axis beyond what's already elsewhere on this page.
z9prfddx9z	tener permiso para [hacer algo]	to be allowed to [do something]	reference	topic:vp-full-inf-5	Subtopic split (size rule): construction:followed-by-full-infinitive (85) chunked alphabetically — no additional split axis beyond what's already elsewhere on this page.
cb15a9bkk6	tener permiso para [hacer algo]	to be permitted to [do something]	reference	topic:vp-full-inf-5	Subtopic split (size rule): construction:followed-by-full-infinitive (85) chunked alphabetically — no additional split axis beyond what's already elsewhere on this page.
7s7vnrgxud	tener que [hacer algo]	to have to [do something]	core	topic:vp-full-inf-5	Subtopic split (size rule): construction:followed-by-full-infinitive (85) chunked alphabetically — no additional split axis beyond what's already elsewhere on this page.
ykm7fr9btb	tocarle a [alguien] [hacer algo]	[somebody] has to [do something]	reference	topic:vp-full-inf-5	Subtopic split (size rule): construction:followed-by-full-infinitive (85) chunked alphabetically — no additional split axis beyond what's already elsewhere on this page.
b97077wlu1	venir a [hacer algo]	to come to [do something]	reference	topic:vp-full-inf-5	Subtopic split (size rule): construction:followed-by-full-infinitive (85) chunked alphabetically — no additional split axis beyond what's already elsewhere on this page.
8zwhpsdgt7	volver a [hacer algo]	to [do something] again	reference	topic:vp-full-inf-5	Subtopic split (size rule): construction:followed-by-full-infinitive (85) chunked alphabetically — no additional split axis beyond what's already elsewhere on this page.
ywf23kyjgw	[hacer algo] (futuro)	will [do something]	core	topic:vp-bare-inf-1	Subtopic split (size rule): construction:followed-by-bare-infinitive (52) chunked alphabetically — no additional split axis beyond what's already elsewhere on this page.
39u2srbvlk	[hacer algo] (condicional)	would [do something]	core	topic:vp-bare-inf-1	Subtopic split (size rule): construction:followed-by-bare-infinitive (52) chunked alphabetically — no additional split axis beyond what's already elsewhere on this page.
xsdb1ynvgb	¿[hacemos algo]?	shall we [do something]?	reference	topic:vp-bare-inf-1	Subtopic split (size rule): construction:followed-by-bare-infinitive (52) chunked alphabetically — no additional split axis beyond what's already elsewhere on this page.
8hhxabswez	¿[haces algo]?	do you [do something]?	core	topic:vp-bare-inf-1	Subtopic split (size rule): construction:followed-by-bare-infinitive (52) chunked alphabetically — no additional split axis beyond what's already elsewhere on this page.
jgfakbesvj	¿[alguien] [hace algo]?	does [somebody] [do something]?	core	topic:vp-bare-inf-1	Subtopic split (size rule): construction:followed-by-bare-infinitive (52) chunked alphabetically — no additional split axis beyond what's already elsewhere on this page.
zctehn9sxz	¿[alguien] [hizo algo]?	did [somebody] [do something]?	core	topic:vp-bare-inf-1	Subtopic split (size rule): construction:followed-by-bare-infinitive (52) chunked alphabetically — no additional split axis beyond what's already elsewhere on this page.
m2op0ycc10	¿[harás algo]?	will you [do something]?	core	topic:vp-bare-inf-1	Subtopic split (size rule): construction:followed-by-bare-infinitive (52) chunked alphabetically — no additional split axis beyond what's already elsewhere on this page.
qoxz39dr3t	¿[harías algo]?	would you [do something]?	core	topic:vp-bare-inf-1	Subtopic split (size rule): construction:followed-by-bare-infinitive (52) chunked alphabetically — no additional split axis beyond what's already elsewhere on this page.
dtlxfmo16j	¿deberías [hacer algo]?	should you [do something]?	supporting	topic:vp-bare-inf-1	Subtopic split (size rule): construction:followed-by-bare-infinitive (52) chunked alphabetically — no additional split axis beyond what's already elsewhere on this page.
78zjjk2mwo	¿debes [hacer algo]?	must you [do something]?	reference	topic:vp-bare-inf-1	Subtopic split (size rule): construction:followed-by-bare-infinitive (52) chunked alphabetically — no additional split axis beyond what's already elsewhere on this page.
mk6oc0jtgw	¿ella lo hace?	does she do it?	supporting	topic:vp-bare-inf-1	Subtopic split (size rule): construction:followed-by-bare-infinitive (52) chunked alphabetically — no additional split axis beyond what's already elsewhere on this page.
0krc7ykvx4	¿ellos lo hicieron?	did they do it?	supporting	topic:vp-bare-inf-1	Subtopic split (size rule): construction:followed-by-bare-infinitive (52) chunked alphabetically — no additional split axis beyond what's already elsewhere on this page.
s1qoakwebg	¿lo haces?	do you do it?	supporting	topic:vp-bare-inf-1	Subtopic split (size rule): construction:followed-by-bare-infinitive (52) chunked alphabetically — no additional split axis beyond what's already elsewhere on this page.
zgny1ugayh	¿Podrías [hacer algo]?	Could you [do something]?	core	topic:vp-bare-inf-1	Subtopic split (size rule): construction:followed-by-bare-infinitive (52) chunked alphabetically — no additional split axis beyond what's already elsewhere on this page.
r30tfgius4	¿puedes [hacer algo]?	can you [do something]?	core	topic:vp-bare-inf-1	Subtopic split (size rule): construction:followed-by-bare-infinitive (52) chunked alphabetically — no additional split axis beyond what's already elsewhere on this page.
0jznmegke5	ayudarle a [alguien] a [hacer algo]	to help [somebody] [do something]	supporting	topic:vp-bare-inf-1	Subtopic split (size rule): construction:followed-by-bare-infinitive (52) chunked alphabetically — no additional split axis beyond what's already elsewhere on this page.
uekbgu9nsq	deber [hacer algo]	must [do something]	supporting	topic:vp-bare-inf-1	Subtopic split (size rule): construction:followed-by-bare-infinitive (52) chunked alphabetically — no additional split axis beyond what's already elsewhere on this page.
yrb2jzggm4	debería [hacer algo]	should [do something]	core	topic:vp-bare-inf-1	Subtopic split (size rule): construction:followed-by-bare-infinitive (52) chunked alphabetically — no additional split axis beyond what's already elsewhere on this page.
zmz6t98hlf	déjame [hacer algo]	let me [do something]	supporting	topic:vp-bare-inf-2	Subtopic split (size rule): construction:followed-by-bare-infinitive (52) chunked alphabetically — no additional split axis beyond what's already elsewhere on this page.
n27dfso39e	déjame [hacer algo]	lemme [do something]	reference	topic:vp-bare-inf-2	Subtopic split (size rule): construction:followed-by-bare-infinitive (52) chunked alphabetically — no additional split axis beyond what's already elsewhere on this page.
e7nedtjuof	dejar que [alguien] [haga algo]	to let [somebody] [do something]	core	topic:vp-bare-inf-2|topic:vp-obj-complement-1	Subtopic split (size rule): construction:followed-by-bare-infinitive (52) chunked alphabetically — no additional split axis beyond what's already elsewhere on this page.
od0g56sefd	dejar salir a [alguien o algo]	to let [somebody or something] out	reference	topic:vp-bare-inf-2	Subtopic split (size rule): construction:followed-by-bare-infinitive (52) chunked alphabetically — no additional split axis beyond what's already elsewhere on this page.
jwc22mmcyd	dejarle [algo] a [alguien]	to let [somebody] use [something]	reference	topic:vp-bare-inf-2	Subtopic split (size rule): construction:followed-by-bare-infinitive (52) chunked alphabetically — no additional split axis beyond what's already elsewhere on this page.
uwy1l647pg	es posible que [alguien] [haga algo]	[somebody] may [do something]	reference	topic:vp-bare-inf-2	Subtopic split (size rule): construction:followed-by-bare-infinitive (52) chunked alphabetically — no additional split axis beyond what's already elsewhere on this page.
5unz3dwyz7	estar prohibido [hacer algo]	must not [do something]	supporting	topic:vp-bare-inf-2	Subtopic split (size rule): construction:followed-by-bare-infinitive (52) chunked alphabetically — no additional split axis beyond what's already elsewhere on this page.
ytzftmquqs	estar prohibido [hacer algo]	mustn't [do something]	supporting	topic:vp-bare-inf-2	Subtopic split (size rule): construction:followed-by-bare-infinitive (52) chunked alphabetically — no additional split axis beyond what's already elsewhere on this page.
16bgwsuy7m	hacer que [alguien] [haga algo]	to have [somebody] [do something]	reference	topic:vp-bare-inf-2	Subtopic split (size rule): construction:followed-by-bare-infinitive (52) chunked alphabetically — no additional split axis beyond what's already elsewhere on this page.
8wpdwqvpbe	ir a [hacer algo]	to go [do something]	supporting	topic:vp-bare-inf-2	Subtopic split (size rule): construction:followed-by-bare-infinitive (52) chunked alphabetically — no additional split axis beyond what's already elsewhere on this page.
mrssm64iu9	[alguien] no [hace algo]	[somebody] doesn't [do something]	core	topic:vp-bare-inf-2	Subtopic split (size rule): construction:followed-by-bare-infinitive (52) chunked alphabetically — no additional split axis beyond what's already elsewhere on this page.
rz2ue36k0f	[alguien] no [hizo algo]	[somebody] didn't [do something]	core	topic:vp-bare-inf-2	Subtopic split (size rule): construction:followed-by-bare-infinitive (52) chunked alphabetically — no additional split axis beyond what's already elsewhere on this page.
2uzud05u1l	no [hago algo]	I don't [do something]	core	topic:vp-bare-inf-2	Subtopic split (size rule): construction:followed-by-bare-infinitive (52) chunked alphabetically — no additional split axis beyond what's already elsewhere on this page.
di2yhfha43	no [haré algo]	won't [do something]	core	topic:vp-bare-inf-2	Subtopic split (size rule): construction:followed-by-bare-infinitive (52) chunked alphabetically — no additional split axis beyond what's already elsewhere on this page.
yjkuu2ysaa	no [haría algo]	wouldn't [do something]	supporting	topic:vp-bare-inf-2	Subtopic split (size rule): construction:followed-by-bare-infinitive (52) chunked alphabetically — no additional split axis beyond what's already elsewhere on this page.
m5xw7iodne	no lo hago	I don't do it	supporting	topic:vp-bare-inf-2	Subtopic split (size rule): construction:followed-by-bare-infinitive (52) chunked alphabetically — no additional split axis beyond what's already elsewhere on this page.
bt7rdzvto5	no lo hicieron	they didn't do it	supporting	topic:vp-bare-inf-2	Subtopic split (size rule): construction:followed-by-bare-infinitive (52) chunked alphabetically — no additional split axis beyond what's already elsewhere on this page.
rdpiq554g6	no poder [hacer algo]	cannot [do something]	supporting	topic:vp-bare-inf-2	Subtopic split (size rule): construction:followed-by-bare-infinitive (52) chunked alphabetically — no additional split axis beyond what's already elsewhere on this page.
jwk81y46bp	no poder [hacer algo]	can't [do something]	core	topic:vp-bare-inf-3	Subtopic split (size rule): construction:followed-by-bare-infinitive (52) chunked alphabetically — no additional split axis beyond what's already elsewhere on this page.
84arllzyhs	no podría [hacer algo]	couldn't [do something]	supporting	topic:vp-bare-inf-3	Subtopic split (size rule): construction:followed-by-bare-infinitive (52) chunked alphabetically — no additional split axis beyond what's already elsewhere on this page.
irjthpqcky	notar a [alguien] [hacer algo]	to notice [somebody] [do something]	reference	topic:vp-bare-inf-3	Subtopic split (size rule): construction:followed-by-bare-infinitive (52) chunked alphabetically — no additional split axis beyond what's already elsewhere on this page.
3f2ohlydl9	obligar a [alguien] a [hacer algo]	to make [somebody] [do something]	supporting	topic:vp-bare-inf-3	Subtopic split (size rule): construction:followed-by-bare-infinitive (52) chunked alphabetically — no additional split axis beyond what's already elsewhere on this page.
5ghn7qdcb9	observar a [alguien] [hacer algo]	to watch [somebody] [do something]	reference	topic:vp-bare-inf-3	Subtopic split (size rule): construction:followed-by-bare-infinitive (52) chunked alphabetically — no additional split axis beyond what's already elsewhere on this page.
is9jng7ihx	oír a [alguien] [hacer algo]	to hear [somebody] [do something]	reference	topic:vp-bare-inf-3|topic:vp-obj-complement-1	Subtopic split (size rule): construction:followed-by-bare-infinitive (52) chunked alphabetically — no additional split axis beyond what's already elsewhere on this page.
nk4hb2zaok	poder [hacer algo] (permiso)	can [do something]	supporting	topic:vp-bare-inf-3	Subtopic split (size rule): construction:followed-by-bare-infinitive (52) chunked alphabetically — no additional split axis beyond what's already elsewhere on this page.
dugiwco70z	poder [hacer algo] (pasado)	could [do something]	reference	topic:vp-bare-inf-3	Subtopic split (size rule): construction:followed-by-bare-infinitive (52) chunked alphabetically — no additional split axis beyond what's already elsewhere on this page.
0zuw37lnfv	poder [hacer algo] (capacidad)	can [do something]	core	topic:vp-bare-inf-3	Subtopic split (size rule): construction:followed-by-bare-infinitive (52) chunked alphabetically — no additional split axis beyond what's already elsewhere on this page.
r2y6wfhr6z	podría [hacer algo]	could [do something]	reference	topic:vp-bare-inf-3	Subtopic split (size rule): construction:followed-by-bare-infinitive (52) chunked alphabetically — no additional split axis beyond what's already elsewhere on this page.
8jc9z3a7z4	puede que [alguien] [haga algo]	[somebody] might [do something]	reference	topic:vp-bare-inf-3	Subtopic split (size rule): construction:followed-by-bare-infinitive (52) chunked alphabetically — no additional split axis beyond what's already elsewhere on this page.
md76l01y42	sentir a [alguien o algo] [hacer algo]	to feel [somebody or something] [do something]	reference	topic:vp-bare-inf-3	Subtopic split (size rule): construction:followed-by-bare-infinitive (52) chunked alphabetically — no additional split axis beyond what's already elsewhere on this page.
azpvrshi2u	sí lo hago	I do do it	supporting	topic:vp-bare-inf-3	Subtopic split (size rule): construction:followed-by-bare-infinitive (52) chunked alphabetically — no additional split axis beyond what's already elsewhere on this page.
dtnmnb60nj	tener que [hacer algo] (hablado)	gotta [do something]	reference	topic:vp-bare-inf-3	Subtopic split (size rule): construction:followed-by-bare-infinitive (52) chunked alphabetically — no additional split axis beyond what's already elsewhere on this page.
am1zzaxcoi	venir a [hacer algo]	to come [do something]	reference	topic:vp-bare-inf-3	Subtopic split (size rule): construction:followed-by-bare-infinitive (52) chunked alphabetically — no additional split axis beyond what's already elsewhere on this page.
ugyd134ue3	ver a [alguien] [hacer algo]	to see [somebody] [do something]	supporting	topic:vp-bare-inf-3|topic:vp-obj-complement-2	Subtopic split (size rule): construction:followed-by-bare-infinitive (52) chunked alphabetically — no additional split axis beyond what's already elsewhere on this page.
2stpzvud5v	antes de [hacer algo]	before [doing something]	supporting	topic:vp-gerund-1	Subtopic split (size rule): construction:followed-by-gerund (28) chunked alphabetically — no additional split axis beyond what's already elsewhere on this page.
te8x9qnkt0	comenzar a [hacer algo]	to begin [doing something]	reference	topic:vp-gerund-1	Subtopic split (size rule): construction:followed-by-gerund (28) chunked alphabetically — no additional split axis beyond what's already elsewhere on this page.
was02kzdys	continuar [haciendo algo]	to continue [doing something]	reference	topic:vp-gerund-1	Subtopic split (size rule): construction:followed-by-gerund (28) chunked alphabetically — no additional split axis beyond what's already elsewhere on this page.
s9f7ordbsq	después de [hacer algo]	after [doing something]	supporting	topic:vp-gerund-1	Subtopic split (size rule): construction:followed-by-gerund (28) chunked alphabetically — no additional split axis beyond what's already elsewhere on this page.
wikkywcgdf	disfrutar [hacer algo]	to enjoy [doing something]	reference	topic:vp-gerund-1	Subtopic split (size rule): construction:followed-by-gerund (28) chunked alphabetically — no additional split axis beyond what's already elsewhere on this page.
ext92eedsy	empezar a [hacer algo]	to start [doing something]	reference	topic:vp-gerund-1	Subtopic split (size rule): construction:followed-by-gerund (28) chunked alphabetically — no additional split axis beyond what's already elsewhere on this page.
h16fxi4ub9	en vez de [hacer algo]	instead of [doing something]	reference	topic:vp-gerund-1	Subtopic split (size rule): construction:followed-by-gerund (28) chunked alphabetically — no additional split axis beyond what's already elsewhere on this page.
2pj1u3z7ad	encantarle [hacer algo] a [alguien]	[somebody] loves [doing something]	reference	topic:vp-gerund-1	Subtopic split (size rule): construction:followed-by-gerund (28) chunked alphabetically — no additional split axis beyond what's already elsewhere on this page.
r6gr6g96nw	esperar con ilusión [hacer algo]	to look forward to [doing something]	reference	topic:vp-gerund-1	Subtopic split (size rule): construction:followed-by-gerund (28) chunked alphabetically — no additional split axis beyond what's already elsewhere on this page.
3y3hr4u7s0	evitar [hacer algo]	to avoid [doing something]	supporting	topic:vp-gerund-1	Subtopic split (size rule): construction:followed-by-gerund (28) chunked alphabetically — no additional split axis beyond what's already elsewhere on this page.
q3obbzshh1	gustarle [hacer algo] a [alguien]	[somebody] likes [doing something]	supporting	topic:vp-gerund-1	Subtopic split (size rule): construction:followed-by-gerund (28) chunked alphabetically — no additional split axis beyond what's already elsewhere on this page.
cvw44cpv4h	ir a bailar	to go dancing	reference	topic:vp-gerund-1	Subtopic split (size rule): construction:followed-by-gerund (28) chunked alphabetically — no additional split axis beyond what's already elsewhere on this page.
qldej05yfp	ir a correr	to go running	reference	topic:vp-gerund-1	Subtopic split (size rule): construction:followed-by-gerund (28) chunked alphabetically — no additional split axis beyond what's already elsewhere on this page.
dv55nncur9	ir de compras	to go shopping	supporting	topic:vp-gerund-1	Subtopic split (size rule): construction:followed-by-gerund (28) chunked alphabetically — no additional split axis beyond what's already elsewhere on this page.
dzzngcl5ri	no dejar de [hacer algo]	to keep [doing something]	reference	topic:vp-gerund-1	Subtopic split (size rule): construction:followed-by-gerund (28) chunked alphabetically — no additional split axis beyond what's already elsewhere on this page.
yqvaxktaxf	notar a [alguien] [haciendo algo]	to notice [somebody] [doing something]	reference	topic:vp-gerund-1	Subtopic split (size rule): construction:followed-by-gerund (28) chunked alphabetically — no additional split axis beyond what's already elsewhere on this page.
k0xotyudww	observar a [alguien] [haciendo algo]	to watch [somebody] [doing something]	reference	topic:vp-gerund-1	Subtopic split (size rule): construction:followed-by-gerund (28) chunked alphabetically — no additional split axis beyond what's already elsewhere on this page.
gzx4e3lkp6	odiar [hacer algo]	to hate [doing something]	supporting	topic:vp-gerund-1	Subtopic split (size rule): construction:followed-by-gerund (28) chunked alphabetically — no additional split axis beyond what's already elsewhere on this page.
nescdc4of4	oír a [alguien] [haciendo algo]	to hear [somebody] [doing something]	reference	topic:vp-gerund-2	Subtopic split (size rule): construction:followed-by-gerund (28) chunked alphabetically — no additional split axis beyond what's already elsewhere on this page.
9i18xubldv	por [hacer algo]	for [doing something]	supporting	topic:vp-gerund-2	Subtopic split (size rule): construction:followed-by-gerund (28) chunked alphabetically — no additional split axis beyond what's already elsewhere on this page.
d34gfs3yws	recomendar [hacer algo]	to recommend [doing something]	reference	topic:vp-gerund-2	Subtopic split (size rule): construction:followed-by-gerund (28) chunked alphabetically — no additional split axis beyond what's already elsewhere on this page.
6fi09q216i	seguir [haciendo algo]	to keep [doing something]	core	topic:vp-gerund-2	Subtopic split (size rule): construction:followed-by-gerund (28) chunked alphabetically — no additional split axis beyond what's already elsewhere on this page.
yxx7sx1wqo	sentir a [alguien o algo] [haciendo algo]	to feel [somebody or something] [doing something]	reference	topic:vp-gerund-2	Subtopic split (size rule): construction:followed-by-gerund (28) chunked alphabetically — no additional split axis beyond what's already elsewhere on this page.
thb8zts488	sin [hacer algo]	without [doing something]	supporting	topic:vp-gerund-2	Subtopic split (size rule): construction:followed-by-gerund (28) chunked alphabetically — no additional split axis beyond what's already elsewhere on this page.
egrvgcm5hc	sorprender a [alguien] [haciendo algo]	to catch [somebody] [doing something]	reference	topic:vp-gerund-2	Subtopic split (size rule): construction:followed-by-gerund (28) chunked alphabetically — no additional split axis beyond what's already elsewhere on this page.
s56jevo2vw	sugerir [hacer algo]	to suggest [doing something]	reference	topic:vp-gerund-2	Subtopic split (size rule): construction:followed-by-gerund (28) chunked alphabetically — no additional split axis beyond what's already elsewhere on this page.
kuessz92cm	terminar de [hacer algo]	to finish [doing something]	supporting	topic:vp-gerund-2	Subtopic split (size rule): construction:followed-by-gerund (28) chunked alphabetically — no additional split axis beyond what's already elsewhere on this page.
4l5ip3gcjx	ver a [alguien] [haciendo algo]	to see [somebody] [doing something]	reference	topic:vp-gerund-2	Subtopic split (size rule): construction:followed-by-gerund (28) chunked alphabetically — no additional split axis beyond what's already elsewhere on this page.
s85ujijsq3	enseñarle a [alguien] a [hacer algo]	to teach [somebody] to [do something]	supporting	topic:vp-obj-complement-1	Subtopic split (size rule): construction:object-plus-complement (27) chunked alphabetically — no additional split axis beyond what's already elsewhere on this page.
de07i743wz	esperar a que [alguien] [haga algo]	to wait for [somebody] to [do something]	supporting	topic:vp-obj-complement-1	Subtopic split (size rule): construction:object-plus-complement (27) chunked alphabetically — no additional split axis beyond what's already elsewhere on this page.
4x7v5qc7de	esperar que [alguien] [haga algo]	to expect [somebody] to [do something]	supporting	topic:vp-obj-complement-1	Subtopic split (size rule): construction:object-plus-complement (27) chunked alphabetically — no additional split axis beyond what's already elsewhere on this page.
cycrgcf78l	hacer [adjetivo] a [alguien]	to make [somebody] [adjective]	supporting	topic:vp-obj-complement-1	Subtopic split (size rule): construction:object-plus-complement (27) chunked alphabetically — no additional split axis beyond what's already elsewhere on this page.
48tg24dwk2	hacer que [alguien] [haga algo]	to make [somebody] [do something]	supporting	topic:vp-obj-complement-1	Subtopic split (size rule): construction:object-plus-complement (27) chunked alphabetically — no additional split axis beyond what's already elsewhere on this page.
ai9e7ob627	mandar a [alguien] a [hacer algo]	to send [somebody] to [do something]	supporting	topic:vp-obj-complement-1	Subtopic split (size rule): construction:object-plus-complement (27) chunked alphabetically — no additional split axis beyond what's already elsewhere on this page.
kai7mys6il	mandar a [alguien] [hacer algo]	to tell [somebody] to [do something]	core	topic:vp-obj-complement-1	Subtopic split (size rule): construction:object-plus-complement (27) chunked alphabetically — no additional split axis beyond what's already elsewhere on this page.
ggm7pz4s38	mandar a [alguien] [hacer algo]	to order [somebody] to [do something]	reference	topic:vp-obj-complement-1	Subtopic split (size rule): construction:object-plus-complement (27) chunked alphabetically — no additional split axis beyond what's already elsewhere on this page.
9vw489mt1w	ordenar que [alguien] [haga algo]	to order [somebody] [to do something]	reference	topic:vp-obj-complement-2	Subtopic split (size rule): construction:object-plus-complement (27) chunked alphabetically — no additional split axis beyond what's already elsewhere on this page.
z3i6f8s1or	querer que [alguien] [haga algo]	to want [somebody] [to do something]	core	topic:vp-obj-complement-2	Subtopic split (size rule): construction:object-plus-complement (27) chunked alphabetically — no additional split axis beyond what's already elsewhere on this page.
9h3jno3320	quisiera que [alguien] [hiciera algo]	would like [somebody] [to do something]	supporting	topic:vp-obj-complement-2	Subtopic split (size rule): construction:object-plus-complement (27) chunked alphabetically — no additional split axis beyond what's already elsewhere on this page.
o8w71qqdrb	recordarle a [alguien] [hacer algo]	to remind [somebody] [to do something]	supporting	topic:vp-obj-complement-2	Subtopic split (size rule): construction:object-plus-complement (27) chunked alphabetically — no additional split axis beyond what's already elsewhere on this page.
ptmw5b6egl	se supone que [alguien] [haga algo]	[somebody] is supposed to [do something]	supporting	topic:vp-obj-complement-2	Subtopic split (size rule): construction:object-plus-complement (27) chunked alphabetically — no additional split axis beyond what's already elsewhere on this page.
fqbky20fmo	tocarle a [alguien] [hacer algo]	it's [somebody's] turn to [do something]	reference	topic:vp-obj-complement-2	Subtopic split (size rule): construction:object-plus-complement (27) chunked alphabetically — no additional split axis beyond what's already elsewhere on this page.
pv5ol50lir	cuarenta ==> aproximadamente cuarenta	forty ==> fortyish	reference	topic:morph-ish-1	Subtopic split (size rule): morphology:suffix-ish (23) chunked alphabetically — no additional split axis beyond what's already elsewhere on this page.
i53xfer580	Dinamarca ==> ser danés	Denmark ==> to be Danish	reference	topic:morph-ish-1|topic:morph-noun-to-adj-1	Subtopic split (size rule): morphology:suffix-ish (23) chunked alphabetically — no additional split axis beyond what's already elsewhere on this page.
bb2lchiu6k	el estilo ==> ser elegante	the style ==> to be stylish	reference	topic:morph-ish-1|topic:morph-noun-to-adj-1	Subtopic split (size rule): morphology:suffix-ish (23) chunked alphabetically — no additional split axis beyond what's already elsewhere on this page.
bowcb9zzih	el niño ==> ser infantil	the child ==> to be childish	reference	topic:morph-ish-1|topic:morph-noun-to-adj-1	Subtopic split (size rule): morphology:suffix-ish (23) chunked alphabetically — no additional split axis beyond what's already elsewhere on this page.
o68j722g0k	el tonto ==> ser insensato	the fool ==> to be foolish	reference	topic:morph-ish-1|topic:morph-noun-to-adj-2	Subtopic split (size rule): morphology:suffix-ish (23) chunked alphabetically — no additional split axis beyond what's already elsewhere on this page.
4t8fub205w	España ==> ser español	Spain ==> to be Spanish	reference	topic:morph-ish-1|topic:morph-noun-to-adj-2	Subtopic split (size rule): morphology:suffix-ish (23) chunked alphabetically — no additional split axis beyond what's already elsewhere on this page.
q603v2185b	estar bien ==> estar más o menos bien	to be okay ==> to be okay-ish	reference	topic:morph-ish-1	Subtopic split (size rule): morphology:suffix-ish (23) chunked alphabetically — no additional split axis beyond what's already elsewhere on this page.
vbyvw1ar60	estar frío ==> estar algo frío	to be cold ==> to be coldish	reference	topic:morph-ish-1	Subtopic split (size rule): morphology:suffix-ish (23) chunked alphabetically — no additional split axis beyond what's already elsewhere on this page.
z5nq5xkxnd	estar listo ==> estar más o menos listo	to be ready ==> to be ready-ish	reference	topic:morph-ish-1	Subtopic split (size rule): morphology:suffix-ish (23) chunked alphabetically — no additional split axis beyond what's already elsewhere on this page.
v842njhb7n	Finlandia ==> ser finlandés	Finland ==> to be Finnish	reference	topic:morph-ish-1|topic:morph-noun-to-adj-2	Subtopic split (size rule): morphology:suffix-ish (23) chunked alphabetically — no additional split axis beyond what's already elsewhere on this page.
1e1x6m1zkt	Gran Bretaña ==> ser británico	Britain ==> to be British	reference	topic:morph-ish-1|topic:morph-noun-to-adj-2	Subtopic split (size rule): morphology:suffix-ish (23) chunked alphabetically — no additional split axis beyond what's already elsewhere on this page.
agp1j51uu1	Irlanda ==> ser irlandés	Ireland ==> to be Irish	reference	topic:morph-ish-1|topic:morph-noun-to-adj-2	Subtopic split (size rule): morphology:suffix-ish (23) chunked alphabetically — no additional split axis beyond what's already elsewhere on this page.
rbeq0615ht	la fiebre ==> estar afiebrado	the fever ==> to be feverish	reference	topic:morph-ish-1|topic:morph-noun-to-adj-3	Subtopic split (size rule): morphology:suffix-ish (23) chunked alphabetically — no additional split axis beyond what's already elsewhere on this page.
2qjlz4vm5k	Polonia ==> ser polaco	Poland ==> to be Polish	reference	topic:morph-ish-1|topic:morph-noun-to-adj-3	Subtopic split (size rule): morphology:suffix-ish (23) chunked alphabetically — no additional split axis beyond what's already elsewhere on this page.
sln7gol34r	seis ==> aproximadamente seis	six ==> sixish	reference	topic:morph-ish-1	Subtopic split (size rule): morphology:suffix-ish (23) chunked alphabetically — no additional split axis beyond what's already elsewhere on this page.
lxqyj1kx0z	ser alto ==> ser algo alto	to be tall ==> to be tallish	reference	topic:morph-ish-1	Subtopic split (size rule): morphology:suffix-ish (23) chunked alphabetically — no additional split axis beyond what's already elsewhere on this page.
tnwlnfg2vy	ser blanco ==> ser blanquecino	to be white ==> to be whitish	reference	topic:morph-ish-1	Subtopic split (size rule): morphology:suffix-ish (23) chunked alphabetically — no additional split axis beyond what's already elsewhere on this page.
4t8czsc1e6	ser pequeño ==> ser algo pequeño	to be small ==> to be smallish	reference	topic:morph-ish-1	Subtopic split (size rule): morphology:suffix-ish (23) chunked alphabetically — no additional split axis beyond what's already elsewhere on this page.
7xyds447rs	ser rojo ==> ser rojizo	to be red ==> to be reddish	reference	topic:morph-ish-2	Subtopic split (size rule): morphology:suffix-ish (23) chunked alphabetically — no additional split axis beyond what's already elsewhere on this page.
5iohmvrutt	Suecia ==> ser sueco	Sweden ==> to be Swedish	reference	topic:morph-ish-2|topic:morph-noun-to-adj-3	Subtopic split (size rule): morphology:suffix-ish (23) chunked alphabetically — no additional split axis beyond what's already elsewhere on this page.
ghrg87tgqn	Turquía ==> ser turco	Turkey ==> to be Turkish	reference	topic:morph-ish-2|topic:morph-noun-to-adj-3	Subtopic split (size rule): morphology:suffix-ish (23) chunked alphabetically — no additional split axis beyond what's already elsewhere on this page.
qy002kgsm7	uno mismo ==> ser egoísta	the self ==> to be selfish	reference	topic:morph-ish-2	Subtopic split (size rule): morphology:suffix-ish (23) chunked alphabetically — no additional split axis beyond what's already elsewhere on this page.
0pd75byxiw	veinte ==> aproximadamente veinte	twenty ==> twentyish	reference	topic:morph-ish-2	Subtopic split (size rule): morphology:suffix-ish (23) chunked alphabetically — no additional split axis beyond what's already elsewhere on this page.
0qbirh7hij	abajo ==> hacia abajo	down ==> downward	reference	topic:morph-ward-1|topic:morph-expr-to-adv-1	Subtopic split (size rule): morphology:suffix-ward (32) chunked alphabetically — no additional split axis beyond what's already elsewhere on this page.
fpwlpmmgkn	abajo ==> hacia abajo	down ==> downwards	reference	topic:morph-ward-1|topic:morph-expr-to-adv-1	Subtopic split (size rule): morphology:suffix-ward (32) chunked alphabetically — no additional split axis beyond what's already elsewhere on this page.
zky05afabl	adelante ==> hacia adelante	on ==> onward	reference	topic:morph-ward-1|topic:morph-expr-to-adv-1	Subtopic split (size rule): morphology:suffix-ward (32) chunked alphabetically — no additional split axis beyond what's already elsewhere on this page.
w7q4mqmgte	adelante ==> hacia adelante	on ==> onwards	reference	topic:morph-ward-1|topic:morph-expr-to-adv-1	Subtopic split (size rule): morphology:suffix-ward (32) chunked alphabetically — no additional split axis beyond what's already elsewhere on this page.
eej8koy7w6	adentro ==> hacia adentro	in ==> inward	reference	topic:morph-ward-1|topic:morph-expr-to-adv-1	Subtopic split (size rule): morphology:suffix-ward (32) chunked alphabetically — no additional split axis beyond what's already elsewhere on this page.
2fcirquoxj	adentro ==> hacia adentro	in ==> inwards	reference	topic:morph-ward-1|topic:morph-expr-to-adv-1	Subtopic split (size rule): morphology:suffix-ward (32) chunked alphabetically — no additional split axis beyond what's already elsewhere on this page.
h61603cfjd	afuera ==> hacia afuera	out ==> outward	reference	topic:morph-ward-1|topic:morph-expr-to-adv-1	Subtopic split (size rule): morphology:suffix-ward (32) chunked alphabetically — no additional split axis beyond what's already elsewhere on this page.
qfyvx7bn4d	afuera ==> hacia afuera	out ==> outwards	reference	topic:morph-ward-1|topic:morph-expr-to-adv-1	Subtopic split (size rule): morphology:suffix-ward (32) chunked alphabetically — no additional split axis beyond what's already elsewhere on this page.
v69yiu1jri	arriba ==> hacia arriba	up ==> upward	reference	topic:morph-ward-1|topic:morph-expr-to-adv-1	Subtopic split (size rule): morphology:suffix-ward (32) chunked alphabetically — no additional split axis beyond what's already elsewhere on this page.
37k0c4ovpn	arriba ==> hacia arriba	up ==> upwards	reference	topic:morph-ward-1|topic:morph-expr-to-adv-1	Subtopic split (size rule): morphology:suffix-ward (32) chunked alphabetically — no additional split axis beyond what's already elsewhere on this page.
gstyhsgsnm	atrás ==> hacia atrás	back ==> backward	reference	topic:morph-ward-1|topic:morph-expr-to-adv-1	Subtopic split (size rule): morphology:suffix-ward (32) chunked alphabetically — no additional split axis beyond what's already elsewhere on this page.
137y0y5wxn	atrás ==> hacia atrás	back ==> backwards	reference	topic:morph-ward-1|topic:morph-expr-to-adv-1	Subtopic split (size rule): morphology:suffix-ward (32) chunked alphabetically — no additional split axis beyond what's already elsewhere on this page.
pvox0qk2bu	casa ==> hacia casa	home ==> homeward	reference	topic:morph-ward-1|topic:morph-expr-to-adv-1	Subtopic split (size rule): morphology:suffix-ward (32) chunked alphabetically — no additional split axis beyond what's already elsewhere on this page.
qlkuoh144r	casa ==> hacia casa	home ==> homewards	reference	topic:morph-ward-1|topic:morph-expr-to-adv-1	Subtopic split (size rule): morphology:suffix-ward (32) chunked alphabetically — no additional split axis beyond what's already elsewhere on this page.
kgo9vyvmjj	después ==> después	after ==> afterward	reference	topic:morph-ward-1|topic:morph-expr-to-adv-1	Subtopic split (size rule): morphology:suffix-ward (32) chunked alphabetically — no additional split axis beyond what's already elsewhere on this page.
hf7xtyru0d	después ==> después	after ==> afterwards	reference	topic:morph-ward-1|topic:morph-expr-to-adv-1	Subtopic split (size rule): morphology:suffix-ward (32) chunked alphabetically — no additional split axis beyond what's already elsewhere on this page.
i1wqgc6i2p	directamente hacia adelante	straight ahead	reference	topic:morph-ward-1	Subtopic split (size rule): morphology:suffix-ward (32) chunked alphabetically — no additional split axis beyond what's already elsewhere on this page.
nglcabemco	directamente hacia adelante	straight forward	reference	topic:morph-ward-1	Subtopic split (size rule): morphology:suffix-ward (32) chunked alphabetically — no additional split axis beyond what's already elsewhere on this page.
878n809a3u	el este ==> hacia el este	the east ==> eastward	reference	topic:morph-ward-2|topic:morph-expr-to-adv-1	Subtopic split (size rule): morphology:suffix-ward (32) chunked alphabetically — no additional split axis beyond what's already elsewhere on this page.
6jnllcbsyk	el este ==> hacia el este	the east ==> eastwards	reference	topic:morph-ward-2|topic:morph-expr-to-adv-1	Subtopic split (size rule): morphology:suffix-ward (32) chunked alphabetically — no additional split axis beyond what's already elsewhere on this page.
93jo17rsfv	el norte ==> hacia el norte	the north ==> northward	reference	topic:morph-ward-2|topic:morph-expr-to-adv-2	Subtopic split (size rule): morphology:suffix-ward (32) chunked alphabetically — no additional split axis beyond what's already elsewhere on this page.
o7zzcogabh	el norte ==> hacia el norte	the north ==> northwards	reference	topic:morph-ward-2|topic:morph-expr-to-adv-2	Subtopic split (size rule): morphology:suffix-ward (32) chunked alphabetically — no additional split axis beyond what's already elsewhere on this page.
03346kd7gz	el oeste ==> hacia el oeste	the west ==> westward	reference	topic:morph-ward-2|topic:morph-expr-to-adv-2	Subtopic split (size rule): morphology:suffix-ward (32) chunked alphabetically — no additional split axis beyond what's already elsewhere on this page.
wsmjovc48m	el oeste ==> hacia el oeste	the west ==> westwards	reference	topic:morph-ward-2|topic:morph-expr-to-adv-2	Subtopic split (size rule): morphology:suffix-ward (32) chunked alphabetically — no additional split axis beyond what's already elsewhere on this page.
rvexmxrwuv	el sur ==> hacia el sur	the south ==> southward	reference	topic:morph-ward-2|topic:morph-expr-to-adv-2	Subtopic split (size rule): morphology:suffix-ward (32) chunked alphabetically — no additional split axis beyond what's already elsewhere on this page.
8tfvwwp0g2	el sur ==> hacia el sur	the south ==> southwards	reference	topic:morph-ward-2|topic:morph-expr-to-adv-2	Subtopic split (size rule): morphology:suffix-ward (32) chunked alphabetically — no additional split axis beyond what's already elsewhere on this page.
gis8rns2at	esperar con ilusión [algo]	to look forward to [something]	reference	topic:morph-ward-2	Subtopic split (size rule): morphology:suffix-ward (32) chunked alphabetically — no additional split axis beyond what's already elsewhere on this page.
95yrl4jxn3	hacia [algo]	toward [something]	supporting	topic:morph-ward-2	Subtopic split (size rule): morphology:suffix-ward (32) chunked alphabetically — no additional split axis beyond what's already elsewhere on this page.
l5hk1zrmge	hacia [algo]	towards [something]	reference	topic:morph-ward-2	Subtopic split (size rule): morphology:suffix-ward (32) chunked alphabetically — no additional split axis beyond what's already elsewhere on this page.
t18qtn5yuv	hacia adelante	forward	reference	topic:morph-ward-2	Subtopic split (size rule): morphology:suffix-ward (32) chunked alphabetically — no additional split axis beyond what's already elsewhere on this page.
na9c6zc7g3	hacia adelante	forwards	reference	topic:morph-ward-2	Subtopic split (size rule): morphology:suffix-ward (32) chunked alphabetically — no additional split axis beyond what's already elsewhere on this page.
6afpob0j51	[ser] sencillo	[to be] straightforward	reference	topic:morph-ward-2	Subtopic split (size rule): morphology:suffix-ward (32) chunked alphabetically — no additional split axis beyond what's already elsewhere on this page.
4vywr55ohv	el color ==> ser colorido	the color ==> to be colorful	reference	topic:morph-noun-to-adj-1	Subtopic split (size rule): morphology:noun-to-adjective (52) chunked alphabetically — no additional split axis beyond what's already elsewhere on this page.
h28wsvlqw7	el color ==> ser incoloro	the color ==> to be colorless	reference	topic:morph-noun-to-adj-1	Subtopic split (size rule): morphology:noun-to-adjective (52) chunked alphabetically — no additional split axis beyond what's already elsewhere on this page.
reedh638gz	el cuidado ==> ser cuidadoso	the care ==> to be careful	supporting	topic:morph-noun-to-adj-1	Subtopic split (size rule): morphology:noun-to-adjective (52) chunked alphabetically — no additional split axis beyond what's already elsewhere on this page.
bdmgytlqrp	el cuidado ==> ser descuidado	the care ==> to be careless	reference	topic:morph-noun-to-adj-1	Subtopic split (size rule): morphology:noun-to-adjective (52) chunked alphabetically — no additional split axis beyond what's already elsewhere on this page.
8wcsxzxwv9	el daño ==> ser dañino	the harm ==> to be harmful	reference	topic:morph-noun-to-adj-1	Subtopic split (size rule): morphology:noun-to-adjective (52) chunked alphabetically — no additional split axis beyond what's already elsewhere on this page.
dr9c7lyxkl	el daño ==> ser inofensivo	the harm ==> to be harmless	reference	topic:morph-noun-to-adj-1	Subtopic split (size rule): morphology:noun-to-adjective (52) chunked alphabetically — no additional split axis beyond what's already elsewhere on this page.
vhzsq8ln7r	el dolor ==> ser doloroso	the pain ==> to be painful	reference	topic:morph-noun-to-adj-1	Subtopic split (size rule): morphology:noun-to-adjective (52) chunked alphabetically — no additional split axis beyond what's already elsewhere on this page.
n0mnwwtyqk	el dolor ==> ser indoloro	the pain ==> to be painless	reference	topic:morph-noun-to-adj-1	Subtopic split (size rule): morphology:noun-to-adjective (52) chunked alphabetically — no additional split axis beyond what's already elsewhere on this page.
6q3btyto60	el este ==> ser oriental	the east ==> to be eastern	reference	topic:morph-noun-to-adj-1	Subtopic split (size rule): morphology:noun-to-adjective (52) chunked alphabetically — no additional split axis beyond what's already elsewhere on this page.
lmr31qcwdv	el estrés ==> ser estresante	the stress ==> to be stressful	reference	topic:morph-noun-to-adj-1	Subtopic split (size rule): morphology:noun-to-adjective (52) chunked alphabetically — no additional split axis beyond what's already elsewhere on this page.
glzsdb6815	el éxito ==> ser exitoso	the success ==> to be successful	reference	topic:morph-noun-to-adj-1	Subtopic split (size rule): morphology:noun-to-adjective (52) chunked alphabetically — no additional split axis beyond what's already elsewhere on this page.
kksqx3dkat	el noreste ==> ser nororiental	the northeast ==> to be northeastern	reference	topic:morph-noun-to-adj-1	Subtopic split (size rule): morphology:noun-to-adjective (52) chunked alphabetically — no additional split axis beyond what's already elsewhere on this page.
aii015es8t	el noroeste ==> ser noroccidental	the northwest ==> to be northwestern	reference	topic:morph-noun-to-adj-1	Subtopic split (size rule): morphology:noun-to-adjective (52) chunked alphabetically — no additional split axis beyond what's already elsewhere on this page.
nvj0p68vjx	el norte ==> ser norteño	the north ==> to be northern	reference	topic:morph-noun-to-adj-1	Subtopic split (size rule): morphology:noun-to-adjective (52) chunked alphabetically — no additional split axis beyond what's already elsewhere on this page.
0fydk7350x	el oeste ==> ser occidental	the west ==> to be western	reference	topic:morph-noun-to-adj-1	Subtopic split (size rule): morphology:noun-to-adjective (52) chunked alphabetically — no additional split axis beyond what's already elsewhere on this page.
p4jf3voka2	el poder ==> ser poderoso	the power ==> to be powerful	supporting	topic:morph-noun-to-adj-2	Subtopic split (size rule): morphology:noun-to-adjective (52) chunked alphabetically — no additional split axis beyond what's already elsewhere on this page.
rfob016mlk	el poder ==> ser impotente	the power ==> to be powerless	reference	topic:morph-noun-to-adj-2	Subtopic split (size rule): morphology:noun-to-adjective (52) chunked alphabetically — no additional split axis beyond what's already elsewhere on this page.
vpsluhtzqb	el ruido ==> ser ruidoso	the noise ==> to be noisy	reference	topic:morph-noun-to-adj-2	Subtopic split (size rule): morphology:noun-to-adjective (52) chunked alphabetically — no additional split axis beyond what's already elsewhere on this page.
4ocwi6cx04	el significado ==> ser significativo	the meaning ==> to be meaningful	reference	topic:morph-noun-to-adj-2	Subtopic split (size rule): morphology:noun-to-adjective (52) chunked alphabetically — no additional split axis beyond what's already elsewhere on this page.
wjmqjgn5ms	el significado ==> no tener sentido	the meaning ==> to be meaningless	reference	topic:morph-noun-to-adj-2	Subtopic split (size rule): morphology:noun-to-adjective (52) chunked alphabetically — no additional split axis beyond what's already elsewhere on this page.
m0gjcozrw5	el sol ==> estar soleado	the sun ==> to be sunny	reference	topic:morph-noun-to-adj-2	Subtopic split (size rule): morphology:noun-to-adjective (52) chunked alphabetically — no additional split axis beyond what's already elsewhere on this page.
f6m3c79w3t	el sueño ==> tener sueño	the sleep ==> to be sleepy	reference	topic:morph-noun-to-adj-2	Subtopic split (size rule): morphology:noun-to-adjective (52) chunked alphabetically — no additional split axis beyond what's already elsewhere on this page.
38nqxdz5b8	el sur ==> ser sureño	the south ==> to be southern	reference	topic:morph-noun-to-adj-2	Subtopic split (size rule): morphology:noun-to-adjective (52) chunked alphabetically — no additional split axis beyond what's already elsewhere on this page.
9y4b59khkm	el sureste ==> ser suroriental	the southeast ==> to be southeastern	reference	topic:morph-noun-to-adj-2	Subtopic split (size rule): morphology:noun-to-adjective (52) chunked alphabetically — no additional split axis beyond what's already elsewhere on this page.
4xm3qsk01l	el suroeste ==> ser suroccidental	the southwest ==> to be southwestern	reference	topic:morph-noun-to-adj-2	Subtopic split (size rule): morphology:noun-to-adjective (52) chunked alphabetically — no additional split axis beyond what's already elsewhere on this page.
nnsy7vzfx6	el uso ==> ser útil	the use ==> to be useful	supporting	topic:morph-noun-to-adj-2	Subtopic split (size rule): morphology:noun-to-adjective (52) chunked alphabetically — no additional split axis beyond what's already elsewhere on this page.
6nqs0j8k7q	el uso ==> ser inútil	the use ==> to be useless	supporting	topic:morph-noun-to-adj-2	Subtopic split (size rule): morphology:noun-to-adjective (52) chunked alphabetically — no additional split axis beyond what's already elsewhere on this page.
rzyli0ajef	el viento ==> ser ventoso	the wind ==> to be windy	reference	topic:morph-noun-to-adj-2	Subtopic split (size rule): morphology:noun-to-adjective (52) chunked alphabetically — no additional split axis beyond what's already elsewhere on this page.
36lzpndzsy	la ayuda ==> ser útil	the help ==> to be helpful	reference	topic:morph-noun-to-adj-3	Subtopic split (size rule): morphology:noun-to-adjective (52) chunked alphabetically — no additional split axis beyond what's already elsewhere on this page.
zv9401upxn	la ayuda ==> estar indefenso	the help ==> to be helpless	reference	topic:morph-noun-to-adj-3	Subtopic split (size rule): morphology:noun-to-adjective (52) chunked alphabetically — no additional split axis beyond what's already elsewhere on this page.
wqfpw1yjuw	la belleza ==> ser bello	the beauty ==> to be beautiful	reference	topic:morph-noun-to-adj-3	Subtopic split (size rule): morphology:noun-to-adjective (52) chunked alphabetically — no additional split axis beyond what's already elsewhere on this page.
il6wa46evd	la consideración ==> ser considerado	the thought ==> to be thoughtful	reference	topic:morph-noun-to-adj-3	Subtopic split (size rule): morphology:noun-to-adjective (52) chunked alphabetically — no additional split axis beyond what's already elsewhere on this page.
odt3toa8kl	la consideración ==> ser desconsiderado	the thought ==> to be thoughtless	reference	topic:morph-noun-to-adj-3	Subtopic split (size rule): morphology:noun-to-adjective (52) chunked alphabetically — no additional split axis beyond what's already elsewhere on this page.
mwfxyhsjeh	la esperanza ==> estar esperanzado	the hope ==> to be hopeful	reference	topic:morph-noun-to-adj-3	Subtopic split (size rule): morphology:noun-to-adjective (52) chunked alphabetically — no additional split axis beyond what's already elsewhere on this page.
uwgcoa3k40	la esperanza ==> estar sin esperanza	the hope ==> to be hopeless	reference	topic:morph-noun-to-adj-3	Subtopic split (size rule): morphology:noun-to-adjective (52) chunked alphabetically — no additional split axis beyond what's already elsewhere on this page.
nb9mh1xanx	la lluvia ==> ser lluvioso	the rain ==> to be rainy	reference	topic:morph-noun-to-adj-3	Subtopic split (size rule): morphology:noun-to-adjective (52) chunked alphabetically — no additional split axis beyond what's already elsewhere on this page.
f8e262y3zk	la maravilla ==> ser maravilloso	the wonder ==> to be wonderful	reference	topic:morph-noun-to-adj-3	Subtopic split (size rule): morphology:noun-to-adjective (52) chunked alphabetically — no additional split axis beyond what's already elsewhere on this page.
mtk1xfh506	la nube ==> estar nublado	the cloud ==> to be cloudy	reference	topic:morph-noun-to-adj-3	Subtopic split (size rule): morphology:noun-to-adjective (52) chunked alphabetically — no additional split axis beyond what's already elsewhere on this page.
rtnb7xz0v5	la salud ==> ser saludable	the health ==> to be healthy	reference	topic:morph-noun-to-adj-3	Subtopic split (size rule): morphology:noun-to-adjective (52) chunked alphabetically — no additional split axis beyond what's already elsewhere on this page.
c0cvr0xu9j	la suerte ==> ser afortunado	the luck ==> to be lucky	reference	topic:morph-noun-to-adj-3	Subtopic split (size rule): morphology:noun-to-adjective (52) chunked alphabetically — no additional split axis beyond what's already elsewhere on this page.
r2sms8158b	estar aburrido ==> el aburrimiento	to be bored ==> the boredom	reference	topic:morph-adj-to-noun-1	Subtopic split (size rule): morphology:adjective-to-noun (38) chunked alphabetically — no additional split axis beyond what's already elsewhere on this page.
bvc9f4ew19	estar activo ==> la actividad	to be active ==> the activity	reference	topic:morph-adj-to-noun-1	Subtopic split (size rule): morphology:adjective-to-noun (38) chunked alphabetically — no additional split axis beyond what's already elsewhere on this page.
vbtrrcbmlc	estar cálido ==> la calidez	to be warm ==> the warmth	reference	topic:morph-adj-to-noun-1	Subtopic split (size rule): morphology:adjective-to-noun (38) chunked alphabetically — no additional split axis beyond what's already elsewhere on this page.
qyef4ces9y	estar consciente de [algo] ==> la conciencia	to be aware of [something] ==> the awareness	reference	topic:morph-adj-to-noun-1	Subtopic split (size rule): morphology:adjective-to-noun (38) chunked alphabetically — no additional split axis beyond what's already elsewhere on this page.
43l3giqx0c	estar disponible ==> la disponibilidad	to be available ==> the availability	reference	topic:morph-adj-to-noun-1	Subtopic split (size rule): morphology:adjective-to-noun (38) chunked alphabetically — no additional split axis beyond what's already elsewhere on this page.
yx2twx4lyf	estar enfermo ==> la enfermedad	to be ill ==> the illness	reference	topic:morph-adj-to-noun-1	Subtopic split (size rule): morphology:adjective-to-noun (38) chunked alphabetically — no additional split axis beyond what's already elsewhere on this page.
c0ycs4sr3d	estar listo ==> la preparación	to be ready ==> the readiness	reference	topic:morph-adj-to-noun-1	Subtopic split (size rule): morphology:adjective-to-noun (38) chunked alphabetically — no additional split axis beyond what's already elsewhere on this page.
6du2hkieee	estar muerto ==> la muerte	to be dead ==> the death	reference	topic:morph-adj-to-noun-1	Subtopic split (size rule): morphology:adjective-to-noun (38) chunked alphabetically — no additional split axis beyond what's already elsewhere on this page.
tozoznqlli	estar sin esperanza ==> la desesperanza	to be hopeless ==> the hopelessness	reference	topic:morph-adj-to-noun-1	Subtopic split (size rule): morphology:adjective-to-noun (38) chunked alphabetically — no additional split axis beyond what's already elsewhere on this page.
7c4b95syn2	no tener sentido ==> la falta de sentido	to be meaningless ==> the meaninglessness	reference	topic:morph-adj-to-noun-1	Subtopic split (size rule): morphology:adjective-to-noun (38) chunked alphabetically — no additional split axis beyond what's already elsewhere on this page.
uaw2eapfmi	sentirse solo ==> la soledad	to be lonely ==> the loneliness	reference	topic:morph-adj-to-noun-1	Subtopic split (size rule): morphology:adjective-to-noun (38) chunked alphabetically — no additional split axis beyond what's already elsewhere on this page.
qq9hn3gsqz	ser amable ==> la amabilidad	to be kind ==> the kindness	reference	topic:morph-adj-to-noun-1	Subtopic split (size rule): morphology:adjective-to-noun (38) chunked alphabetically — no additional split axis beyond what's already elsewhere on this page.
0h2pwx0gcd	ser ancho ==> la anchura	to be wide ==> the width	reference	topic:morph-adj-to-noun-1	Subtopic split (size rule): morphology:adjective-to-noun (38) chunked alphabetically — no additional split axis beyond what's already elsewhere on this page.
7d2jip4ahu	ser blanco ==> la blancura	to be white ==> the whiteness	reference	topic:morph-adj-to-noun-1	Subtopic split (size rule): morphology:adjective-to-noun (38) chunked alphabetically — no additional split axis beyond what's already elsewhere on this page.
4ay6y8jvwp	ser bueno ==> la bondad	to be good ==> the goodness	reference	topic:morph-adj-to-noun-1	Subtopic split (size rule): morphology:adjective-to-noun (38) chunked alphabetically — no additional split axis beyond what's already elsewhere on this page.
a1sa4nhcb4	ser corto ==> la brevedad	to be short ==> the shortness	reference	topic:morph-adj-to-noun-1	Subtopic split (size rule): morphology:adjective-to-noun (38) chunked alphabetically — no additional split axis beyond what's already elsewhere on this page.
f7rmsxmy11	ser curioso ==> la curiosidad	to be curious ==> the curiosity	reference	topic:morph-adj-to-noun-1	Subtopic split (size rule): morphology:adjective-to-noun (38) chunked alphabetically — no additional split axis beyond what's already elsewhere on this page.
dz340ho4gf	ser débil ==> la debilidad	to be weak ==> the weakness	reference	topic:morph-adj-to-noun-1	Subtopic split (size rule): morphology:adjective-to-noun (38) chunked alphabetically — no additional split axis beyond what's already elsewhere on this page.
ucs7ft1nsf	ser descuidado ==> el descuido	to be careless ==> the carelessness	reference	topic:morph-adj-to-noun-2	Subtopic split (size rule): morphology:adjective-to-noun (38) chunked alphabetically — no additional split axis beyond what's already elsewhere on this page.
8yyro9imuk	ser feliz ==> la felicidad	to be happy ==> the happiness	reference	topic:morph-adj-to-noun-2	Subtopic split (size rule): morphology:adjective-to-noun (38) chunked alphabetically — no additional split axis beyond what's already elsewhere on this page.
tdrc2wk9l8	ser flexible ==> la flexibilidad	to be flexible ==> the flexibility	reference	topic:morph-adj-to-noun-2	Subtopic split (size rule): morphology:adjective-to-noun (38) chunked alphabetically — no additional split axis beyond what's already elsewhere on this page.
mzb69e4loz	ser fuerte ==> la fuerza	to be strong ==> the strength	reference	topic:morph-adj-to-noun-2	Subtopic split (size rule): morphology:adjective-to-noun (38) chunked alphabetically — no additional split axis beyond what's already elsewhere on this page.
xowf19voa3	ser igual ==> la igualdad	to be equal ==> the equality	reference	topic:morph-adj-to-noun-2	Subtopic split (size rule): morphology:adjective-to-noun (38) chunked alphabetically — no additional split axis beyond what's already elsewhere on this page.
cokw84ud9i	ser impotente ==> la impotencia	to be powerless ==> the powerlessness	reference	topic:morph-adj-to-noun-2	Subtopic split (size rule): morphology:adjective-to-noun (38) chunked alphabetically — no additional split axis beyond what's already elsewhere on this page.
91khjw0sgk	ser inútil ==> la inutilidad	to be useless ==> the uselessness	reference	topic:morph-adj-to-noun-2	Subtopic split (size rule): morphology:adjective-to-noun (38) chunked alphabetically — no additional split axis beyond what's already elsewhere on this page.
ho4uj7deui	ser joven ==> la juventud	to be young ==> the youth	reference	topic:morph-adj-to-noun-2	Subtopic split (size rule): morphology:adjective-to-noun (38) chunked alphabetically — no additional split axis beyond what's already elsewhere on this page.
iylt35s2f7	ser largo ==> la longitud	to be long ==> the length	reference	topic:morph-adj-to-noun-2	Subtopic split (size rule): morphology:adjective-to-noun (38) chunked alphabetically — no additional split axis beyond what's already elsewhere on this page.
19tcjg4oul	ser libre ==> la libertad	to be free ==> the freedom	reference	topic:morph-adj-to-noun-2	Subtopic split (size rule): morphology:adjective-to-noun (38) chunked alphabetically — no additional split axis beyond what's already elsewhere on this page.
h9wrpukinh	ser oscuro ==> la oscuridad	to be dark ==> the darkness	reference	topic:morph-adj-to-noun-2	Subtopic split (size rule): morphology:adjective-to-noun (38) chunked alphabetically — no additional split axis beyond what's already elsewhere on this page.
49xkqukh7q	ser posible ==> la posibilidad	to be possible ==> the possibility	reference	topic:morph-adj-to-noun-2	Subtopic split (size rule): morphology:adjective-to-noun (38) chunked alphabetically — no additional split axis beyond what's already elsewhere on this page.
2agxq175ul	ser probable ==> la probabilidad	to be likely ==> the likelihood	reference	topic:morph-adj-to-noun-2	Subtopic split (size rule): morphology:adjective-to-noun (38) chunked alphabetically — no additional split axis beyond what's already elsewhere on this page.
ln2qxef61a	ser profundo ==> la profundidad	to be deep ==> the depth	reference	topic:morph-adj-to-noun-2	Subtopic split (size rule): morphology:adjective-to-noun (38) chunked alphabetically — no additional split axis beyond what's already elsewhere on this page.
sy6a2d6cjl	ser responsable ==> la responsabilidad	to be responsible ==> the responsibility	reference	topic:morph-adj-to-noun-2	Subtopic split (size rule): morphology:adjective-to-noun (38) chunked alphabetically — no additional split axis beyond what's already elsewhere on this page.
4ybur9lrx9	ser sabio ==> la sabiduría	to be wise ==> the wisdom	reference	topic:morph-adj-to-noun-2	Subtopic split (size rule): morphology:adjective-to-noun (38) chunked alphabetically — no additional split axis beyond what's already elsewhere on this page.
t96lih4h1i	ser seguro ==> la seguridad	to be secure ==> the security	reference	topic:morph-adj-to-noun-2	Subtopic split (size rule): morphology:adjective-to-noun (38) chunked alphabetically — no additional split axis beyond what's already elsewhere on this page.
5r9qo4q9nv	ser significativo ==> lo significativo	to be meaningful ==> the meaningfulness	reference	topic:morph-adj-to-noun-2	Subtopic split (size rule): morphology:adjective-to-noun (38) chunked alphabetically — no additional split axis beyond what's already elsewhere on this page.
j2yt5d2eh2	ser útil ==> la utilidad	to be useful ==> the usefulness	reference	topic:morph-adj-to-noun-3	Subtopic split (size rule): morphology:adjective-to-noun (38) chunked alphabetically — no additional split axis beyond what's already elsewhere on this page.
rkqe2lip8p	ser verdadero ==> la verdad	to be true ==> the truth	reference	topic:morph-adj-to-noun-3	Subtopic split (size rule): morphology:adjective-to-noun (38) chunked alphabetically — no additional split axis beyond what's already elsewhere on this page.
azh9x8dhmp	abrir [algo] ==> la apertura	to open [something] ==> the opening	reference	topic:morph-verb-to-noun-1	Subtopic split (size rule): morphology:verb-to-noun (52) chunked alphabetically — no additional split axis beyond what's already elsewhere on this page.
531zkcu6e4	acortar [algo] ==> el acortamiento	to shorten [something] ==> the shortening	reference	topic:morph-verb-to-noun-1	Subtopic split (size rule): morphology:verb-to-noun (52) chunked alphabetically — no additional split axis beyond what's already elsewhere on this page.
jgorbdcn4l	actuar ==> la actriz	to act ==> the actress	reference	topic:morph-verb-to-noun-1	Subtopic split (size rule): morphology:verb-to-noun (52) chunked alphabetically — no additional split axis beyond what's already elsewhere on this page.
dluylhklpw	actuar ==> el actor	to act ==> the actor	reference	topic:morph-verb-to-noun-1	Subtopic split (size rule): morphology:verb-to-noun (52) chunked alphabetically — no additional split axis beyond what's already elsewhere on this page.
4kbhjlkep9	alargar [algo] ==> el alargamiento	to lengthen [something] ==> the lengthening	reference	topic:morph-verb-to-noun-1	Subtopic split (size rule): morphology:verb-to-noun (52) chunked alphabetically — no additional split axis beyond what's already elsewhere on this page.
9ytgwhotoy	aprender [algo] ==> el aprendizaje	to learn [something] ==> the learning	reference	topic:morph-verb-to-noun-1	Subtopic split (size rule): morphology:verb-to-noun (52) chunked alphabetically — no additional split axis beyond what's already elsewhere on this page.
kmsp86ty0n	aprobar [algo] ==> la aprobación	to approve [something] ==> the approval	reference	topic:morph-verb-to-noun-1	Subtopic split (size rule): morphology:verb-to-noun (52) chunked alphabetically — no additional split axis beyond what's already elsewhere on this page.
6h9tf5blg1	blanquear [algo] ==> el blanqueamiento	to whiten [something] ==> the whitening	reference	topic:morph-verb-to-noun-1	Subtopic split (size rule): morphology:verb-to-noun (52) chunked alphabetically — no additional split axis beyond what's already elsewhere on this page.
qpw9ymhod6	blanquear [algo] ==> el blanqueador	to whiten [something] ==> the whitener	reference	topic:morph-verb-to-noun-1	Subtopic split (size rule): morphology:verb-to-noun (52) chunked alphabetically — no additional split axis beyond what's already elsewhere on this page.
xedvlylxdq	cerrar [algo] ==> el cierre	to close [something] ==> the closing	reference	topic:morph-verb-to-noun-1	Subtopic split (size rule): morphology:verb-to-noun (52) chunked alphabetically — no additional split axis beyond what's already elsewhere on this page.
tt8nhb4aee	comprender [algo] ==> la comprensión	to understand [something] ==> the understanding	reference	topic:morph-verb-to-noun-1	Subtopic split (size rule): morphology:verb-to-noun (52) chunked alphabetically — no additional split axis beyond what's already elsewhere on this page.
txku9w7l84	comunicar [algo] ==> la comunicación	to communicate [something] ==> the communication	reference	topic:morph-verb-to-noun-1	Subtopic split (size rule): morphology:verb-to-noun (52) chunked alphabetically — no additional split axis beyond what's already elsewhere on this page.
8qxl688ksj	concluir [algo] ==> la conclusión	to conclude [something] ==> the conclusion	reference	topic:morph-verb-to-noun-1	Subtopic split (size rule): morphology:verb-to-noun (52) chunked alphabetically — no additional split axis beyond what's already elsewhere on this page.
1sh2iq8gyl	crear [algo] ==> el creador	to create [something] ==> the creator	reference	topic:morph-verb-to-noun-1	Subtopic split (size rule): morphology:verb-to-noun (52) chunked alphabetically — no additional split axis beyond what's already elsewhere on this page.
92l9st475w	crecer ==> el crecimiento	to grow ==> the growth	reference	topic:morph-verb-to-noun-1	Subtopic split (size rule): morphology:verb-to-noun (52) chunked alphabetically — no additional split axis beyond what's already elsewhere on this page.
tiap4zyqb2	debilitar [algo] ==> el debilitamiento	to weaken [something] ==> the weakening	reference	topic:morph-verb-to-noun-1	Subtopic split (size rule): morphology:verb-to-noun (52) chunked alphabetically — no additional split axis beyond what's already elsewhere on this page.
4yr5kr3mpl	decidir [algo] ==> la decisión	to decide [something] ==> the decision	reference	topic:morph-verb-to-noun-1	Subtopic split (size rule): morphology:verb-to-noun (52) chunked alphabetically — no additional split axis beyond what's already elsewhere on this page.
3pi8c6rmxz	desarrollar [algo] ==> el desarrollo	to develop [something] ==> the development	reference	topic:morph-verb-to-noun-1	Subtopic split (size rule): morphology:verb-to-noun (52) chunked alphabetically — no additional split axis beyond what's already elsewhere on this page.
rl2ee1om45	despedir a [alguien] ==> el despido	to dismiss [somebody] ==> the dismissal	reference	topic:morph-verb-to-noun-2	Subtopic split (size rule): morphology:verb-to-noun (52) chunked alphabetically — no additional split axis beyond what's already elsewhere on this page.
nkl9jukruz	discutir [algo] ==> la discusión	to discuss [something] ==> the discussion	reference	topic:morph-verb-to-noun-2	Subtopic split (size rule): morphology:verb-to-noun (52) chunked alphabetically — no additional split axis beyond what's already elsewhere on this page.
d87ajyjtfl	educar a [alguien] ==> la educación	to educate [somebody] ==> the education	reference	topic:morph-verb-to-noun-2	Subtopic split (size rule): morphology:verb-to-noun (52) chunked alphabetically — no additional split axis beyond what's already elsewhere on this page.
71hjth9gcn	entrenar ==> el entrenamiento	to train ==> the training	reference	topic:morph-verb-to-noun-2	Subtopic split (size rule): morphology:verb-to-noun (52) chunked alphabetically — no additional split axis beyond what's already elsewhere on this page.
cx5kwc5kcu	entrenar a [alguien] ==> el entrenador	to train [somebody] ==> the trainer	reference	topic:morph-verb-to-noun-2	Subtopic split (size rule): morphology:verb-to-noun (52) chunked alphabetically — no additional split axis beyond what's already elsewhere on this page.
gxz0b4d70d	escribir ==> la escritura	to write ==> the writing	reference	topic:morph-verb-to-noun-2	Subtopic split (size rule): morphology:verb-to-noun (52) chunked alphabetically — no additional split axis beyond what's already elsewhere on this page.
zjixrrmhoh	estar de acuerdo ==> el acuerdo	to agree ==> the agreement	reference	topic:morph-verb-to-noun-2	Subtopic split (size rule): morphology:verb-to-noun (52) chunked alphabetically — no additional split axis beyond what's already elsewhere on this page.
g4twbxta9m	fortalecer [algo] ==> el fortalecimiento	to strengthen [something] ==> the strengthening	reference	topic:morph-verb-to-noun-2	Subtopic split (size rule): morphology:verb-to-noun (52) chunked alphabetically — no additional split axis beyond what's already elsewhere on this page.
rbbnhigpws	gobernar [algo] ==> el gobierno	to govern [something] ==> the government	reference	topic:morph-verb-to-noun-2	Subtopic split (size rule): morphology:verb-to-noun (52) chunked alphabetically — no additional split axis beyond what's already elsewhere on this page.
3duqkda01w	instruir a [alguien] ==> el instructor	to instruct [somebody] ==> the instructor	reference	topic:morph-verb-to-noun-2	Subtopic split (size rule): morphology:verb-to-noun (52) chunked alphabetically — no additional split axis beyond what's already elsewhere on this page.
h226bxn1hz	invertir [algo] ==> la inversión	to invest [something] ==> the investment	reference	topic:morph-verb-to-noun-2	Subtopic split (size rule): morphology:verb-to-noun (52) chunked alphabetically — no additional split axis beyond what's already elsewhere on this page.
6gh8d3gw7b	leer ==> la lectura	to read ==> the reading	reference	topic:morph-verb-to-noun-2	Subtopic split (size rule): morphology:verb-to-noun (52) chunked alphabetically — no additional split axis beyond what's already elsewhere on this page.
8b2m5b526h	llegar ==> la llegada	to arrive ==> the arrival	reference	topic:morph-verb-to-noun-2	Subtopic split (size rule): morphology:verb-to-noun (52) chunked alphabetically — no additional split axis beyond what's already elsewhere on this page.
5ialo21nse	lograr [algo] ==> el logro	to achieve [something] ==> the achievement	reference	topic:morph-verb-to-noun-2	Subtopic split (size rule): morphology:verb-to-noun (52) chunked alphabetically — no additional split axis beyond what's already elsewhere on this page.
l8qigpvbda	mejorar [algo] ==> la mejora	to improve [something] ==> the improvement	reference	topic:morph-verb-to-noun-2	Subtopic split (size rule): morphology:verb-to-noun (52) chunked alphabetically — no additional split axis beyond what's already elsewhere on this page.
iqgnhuydbg	mover [algo] ==> el movimiento	to move [something] ==> the movement	reference	topic:morph-verb-to-noun-2	Subtopic split (size rule): morphology:verb-to-noun (52) chunked alphabetically — no additional split axis beyond what's already elsewhere on this page.
aoq1h95i85	nacer ==> el nacimiento	to be born ==> the birth	reference	topic:morph-verb-to-noun-2	Subtopic split (size rule): morphology:verb-to-noun (52) chunked alphabetically — no additional split axis beyond what's already elsewhere on this page.
h6vor095fp	negarse ==> la negativa	to refuse ==> the refusal	reference	topic:morph-verb-to-noun-2	Subtopic split (size rule): morphology:verb-to-noun (52) chunked alphabetically — no additional split axis beyond what's already elsewhere on this page.
ezz6ql318w	organizar [algo] ==> la organización	to organize [something] ==> the organization	reference	topic:morph-verb-to-noun-3	Subtopic split (size rule): morphology:verb-to-noun (52) chunked alphabetically — no additional split axis beyond what's already elsewhere on this page.
4239p11fwb	organizar [algo] ==> el organizador	to organize [something] ==> the organizer	reference	topic:morph-verb-to-noun-3	Subtopic split (size rule): morphology:verb-to-noun (52) chunked alphabetically — no additional split axis beyond what's already elsewhere on this page.
umopy5ixtr	permitir [algo] ==> el permiso	to permit [something] ==> the permission	reference	topic:morph-verb-to-noun-3	Subtopic split (size rule): morphology:verb-to-noun (52) chunked alphabetically — no additional split axis beyond what's already elsewhere on this page.
wmx1olnwgo	planear [algo] ==> la planificación	to plan [something] ==> the planning	reference	topic:morph-verb-to-noun-3	Subtopic split (size rule): morphology:verb-to-noun (52) chunked alphabetically — no additional split axis beyond what's already elsewhere on this page.
m9t6ejq5mi	presentar [algo] ==> el presentador	to present [something] ==> the presenter	reference	topic:morph-verb-to-noun-3	Subtopic split (size rule): morphology:verb-to-noun (52) chunked alphabetically — no additional split axis beyond what's already elsewhere on this page.
u6gw568mdv	proponer [algo] ==> la propuesta	to propose [something] ==> the proposal	reference	topic:morph-verb-to-noun-3	Subtopic split (size rule): morphology:verb-to-noun (52) chunked alphabetically — no additional split axis beyond what's already elsewhere on this page.
ou415jin9o	recibir [algo] ==> el receptor	to receive [something] ==> the receiver	reference	topic:morph-verb-to-noun-3	Subtopic split (size rule): morphology:verb-to-noun (52) chunked alphabetically — no additional split axis beyond what's already elsewhere on this page.
y3z91dsx8f	renovar [algo] ==> la renovación	to renew [something] ==> the renewal	reference	topic:morph-verb-to-noun-3	Subtopic split (size rule): morphology:verb-to-noun (52) chunked alphabetically — no additional split axis beyond what's already elsewhere on this page.
n30qrjrsk2	requerir [algo] ==> el requisito	to require [something] ==> the requirement	reference	topic:morph-verb-to-noun-3	Subtopic split (size rule): morphology:verb-to-noun (52) chunked alphabetically — no additional split axis beyond what's already elsewhere on this page.
rbkxc8lkch	retirar [algo] ==> el retiro	to remove [something] ==> the removal	reference	topic:morph-verb-to-noun-3	Subtopic split (size rule): morphology:verb-to-noun (52) chunked alphabetically — no additional split axis beyond what's already elsewhere on this page.
12qadfiezw	reunirse ==> la reunión	to meet ==> the meeting	reference	topic:morph-verb-to-noun-3	Subtopic split (size rule): morphology:verb-to-noun (52) chunked alphabetically — no additional split axis beyond what's already elsewhere on this page.
ik8pfvddkz	sobrevivir ==> la supervivencia	to survive ==> the survival	reference	topic:morph-verb-to-noun-3	Subtopic split (size rule): morphology:verb-to-noun (52) chunked alphabetically — no additional split axis beyond what's already elsewhere on this page.
1is0rd5yg7	sobrevivir ==> el sobreviviente	to survive ==> the survivor	reference	topic:morph-verb-to-noun-3	Subtopic split (size rule): morphology:verb-to-noun (52) chunked alphabetically — no additional split axis beyond what's already elsewhere on this page.
bzjscfess5	traducir [algo] ==> la traducción	to translate [something] ==> the translation	reference	topic:morph-verb-to-noun-3	Subtopic split (size rule): morphology:verb-to-noun (52) chunked alphabetically — no additional split axis beyond what's already elsewhere on this page.
lqb9barten	traducir [algo] ==> el traductor	to translate [something] ==> the translator	reference	topic:morph-verb-to-noun-3	Subtopic split (size rule): morphology:verb-to-noun (52) chunked alphabetically — no additional split axis beyond what's already elsewhere on this page.
r10k8grkk4	visitar [un lugar] ==> el visitante	to visit [a place] ==> the visitor	reference	topic:morph-verb-to-noun-3	Subtopic split (size rule): morphology:verb-to-noun (52) chunked alphabetically — no additional split axis beyond what's already elsewhere on this page.
bttbdyq3py	el adulto ==> la adultez	the adult ==> the adulthood	reference	topic:morph-noun-to-noun-1	Subtopic split (size rule): morphology:noun-to-noun (27) chunked alphabetically — no additional split axis beyond what's already elsewhere on this page.
ym9v34beva	el amigo ==> la amistad	the friend ==> the friendship	reference	topic:morph-noun-to-noun-1	Subtopic split (size rule): morphology:noun-to-noun (27) chunked alphabetically — no additional split axis beyond what's already elsewhere on this page.
qcw724gjde	el brazo ==> el antebrazo	the arm ==> the forearm	reference	topic:morph-noun-to-noun-1	Subtopic split (size rule): morphology:noun-to-noun (27) chunked alphabetically — no additional split axis beyond what's already elsewhere on this page.
mae6kdzru1	el campeón ==> el campeonato	the champion ==> the championship	reference	topic:morph-noun-to-noun-1	Subtopic split (size rule): morphology:noun-to-noun (27) chunked alphabetically — no additional split axis beyond what's already elsewhere on this page.
pa1u7cp2x9	el ciudadano ==> la ciudadanía	the citizen ==> the citizenship	reference	topic:morph-noun-to-noun-1	Subtopic split (size rule): morphology:noun-to-noun (27) chunked alphabetically — no additional split axis beyond what's already elsewhere on this page.
s5en2tu6vz	el este ==> el oriental	the east ==> the easterner	reference	topic:morph-noun-to-noun-1	Subtopic split (size rule): morphology:noun-to-noun (27) chunked alphabetically — no additional split axis beyond what's already elsewhere on this page.
1w5xpxj8sv	el fondo ==> el primer plano	the ground ==> the foreground	reference	topic:morph-noun-to-noun-1	Subtopic split (size rule): morphology:noun-to-noun (27) chunked alphabetically — no additional split axis beyond what's already elsewhere on this page.
yn05uxewal	el hermano ==> la hermandad	the brother ==> the brotherhood	reference	topic:morph-noun-to-noun-1	Subtopic split (size rule): morphology:noun-to-noun (27) chunked alphabetically — no additional split axis beyond what's already elsewhere on this page.
w7hhild3mv	el líder ==> el liderazgo	the leader ==> the leadership	reference	topic:morph-noun-to-noun-1	Subtopic split (size rule): morphology:noun-to-noun (27) chunked alphabetically — no additional split axis beyond what's already elsewhere on this page.
n1t3611hn1	el mártir ==> el martirio	the martyr ==> the martyrdom	reference	topic:morph-noun-to-noun-1	Subtopic split (size rule): morphology:noun-to-noun (27) chunked alphabetically — no additional split axis beyond what's already elsewhere on this page.
34ztuq3hp9	el miembro ==> la membresía	the member ==> the membership	reference	topic:morph-noun-to-noun-1	Subtopic split (size rule): morphology:noun-to-noun (27) chunked alphabetically — no additional split axis beyond what's already elsewhere on this page.
jzryu7e5xd	el niño ==> la niñez	the child ==> the childhood	reference	topic:morph-noun-to-noun-1	Subtopic split (size rule): morphology:noun-to-noun (27) chunked alphabetically — no additional split axis beyond what's already elsewhere on this page.
3t1fpmkces	el norte ==> el norteño	the north ==> the northerner	reference	topic:morph-noun-to-noun-1	Subtopic split (size rule): morphology:noun-to-noun (27) chunked alphabetically — no additional split axis beyond what's already elsewhere on this page.
9qgyhzacqv	el oeste ==> el occidental	the west ==> the westerner	reference	topic:morph-noun-to-noun-1	Subtopic split (size rule): morphology:noun-to-noun (27) chunked alphabetically — no additional split axis beyond what's already elsewhere on this page.
sh8s331t2r	el padre ==> la paternidad	the father ==> the fatherhood	reference	topic:morph-noun-to-noun-1	Subtopic split (size rule): morphology:noun-to-noun (27) chunked alphabetically — no additional split axis beyond what's already elsewhere on this page.
pho3aq7eru	el padre ==> el antepasado	the father ==> the forefather	reference	topic:morph-noun-to-noun-1	Subtopic split (size rule): morphology:noun-to-noun (27) chunked alphabetically — no additional split axis beyond what's already elsewhere on this page.
znzucmyqh6	el propietario ==> la propiedad	the owner ==> the ownership	reference	topic:morph-noun-to-noun-1	Subtopic split (size rule): morphology:noun-to-noun (27) chunked alphabetically — no additional split axis beyond what's already elsewhere on this page.
b4lv7j45ai	el rey ==> el reino	the king ==> the kingdom	reference	topic:morph-noun-to-noun-1	Subtopic split (size rule): morphology:noun-to-noun (27) chunked alphabetically — no additional split axis beyond what's already elsewhere on this page.
m6mmp2iubo	el socio ==> la sociedad	the partner ==> the partnership	reference	topic:morph-noun-to-noun-2	Subtopic split (size rule): morphology:noun-to-noun (27) chunked alphabetically — no additional split axis beyond what's already elsewhere on this page.
8m3b7j0hv5	el sur ==> el sureño	the south ==> the southerner	reference	topic:morph-noun-to-noun-2	Subtopic split (size rule): morphology:noun-to-noun (27) chunked alphabetically — no additional split axis beyond what's already elsewhere on this page.
hm4w4wy2kp	el vecino ==> el vecindario	the neighbor ==> the neighborhood	reference	topic:morph-noun-to-noun-2	Subtopic split (size rule): morphology:noun-to-noun (27) chunked alphabetically — no additional split axis beyond what's already elsewhere on this page.
cx8ww15crg	la cabeza ==> la frente	the head ==> the forehead	reference	topic:morph-noun-to-noun-2	Subtopic split (size rule): morphology:noun-to-noun (27) chunked alphabetically — no additional split axis beyond what's already elsewhere on this page.
83q2z7g4u1	la estrella ==> el estrellato	the star ==> the stardom	reference	topic:morph-noun-to-noun-2	Subtopic split (size rule): morphology:noun-to-noun (27) chunked alphabetically — no additional split axis beyond what's already elsewhere on this page.
e2ecpe4tfi	la hermana ==> la hermandad	the sister ==> the sisterhood	reference	topic:morph-noun-to-noun-2	Subtopic split (size rule): morphology:noun-to-noun (27) chunked alphabetically — no additional split axis beyond what's already elsewhere on this page.
nxh65zduwq	la madre ==> la maternidad	the mother ==> the motherhood	reference	topic:morph-noun-to-noun-2	Subtopic split (size rule): morphology:noun-to-noun (27) chunked alphabetically — no additional split axis beyond what's already elsewhere on this page.
304iqu6b59	la palabra ==> el prólogo	the word ==> the foreword	reference	topic:morph-noun-to-noun-2	Subtopic split (size rule): morphology:noun-to-noun (27) chunked alphabetically — no additional split axis beyond what's already elsewhere on this page.
6ja7gns7z8	la relación ==> la relación	the relation ==> the relationship	reference	topic:morph-noun-to-noun-2	Subtopic split (size rule): morphology:noun-to-noun (27) chunked alphabetically — no additional split axis beyond what's already elsewhere on this page.
