dw6w3t8zih	extended	P3-4b: teachable vocabulary for a later/advanced course (not a transparent cognate, paradigm drill, or bare mapping anchor)
3tvyxgaex0	extended	P3-4b: teachable vocabulary for a later/advanced course (not a transparent cognate, paradigm drill, or bare mapping anchor)
0h2i95gmp3	extended	P3-4b: teachable vocabulary for a later/advanced course (not a transparent cognate, paradigm drill, or bare mapping anchor)
3ysg9glgjj	extended	P3-4b: teachable vocabulary for a later/advanced course (not a transparent cognate, paradigm drill, or bare mapping anchor)
hk3p7tmczh	extended	P3-4b: teachable vocabulary for a later/advanced course (not a transparent cognate, paradigm drill, or bare mapping anchor)
4iyr2ixs50	extended	P3-4b: teachable vocabulary for a later/advanced course (not a transparent cognate, paradigm drill, or bare mapping anchor)
f5l6clhdf8	extended	P3-4b: teachable vocabulary for a later/advanced course (not a transparent cognate, paradigm drill, or bare mapping anchor)
pe06lzc5y3	extended	P3-4b: teachable vocabulary for a later/advanced course (not a transparent cognate, paradigm drill, or bare mapping anchor)
uo22ci75zg	extended	P3-4b: teachable vocabulary for a later/advanced course (not a transparent cognate, paradigm drill, or bare mapping anchor)
ofyno3pj7o	extended	P3-4b: teachable vocabulary for a later/advanced course (not a transparent cognate, paradigm drill, or bare mapping anchor)
rzck0llasl	extended	P3-4b: teachable vocabulary for a later/advanced course (not a transparent cognate, paradigm drill, or bare mapping anchor)
k4qa6qb9oa	extended	P3-4b: teachable vocabulary for a later/advanced course (not a transparent cognate, paradigm drill, or bare mapping anchor)
qcjby6hnvc	extended	P3-4b: teachable vocabulary for a later/advanced course (not a transparent cognate, paradigm drill, or bare mapping anchor)
q1wk0yi0eo	extended	P3-4b: teachable vocabulary for a later/advanced course (not a transparent cognate, paradigm drill, or bare mapping anchor)
6ph12ct0c1	extended	P3-4b: teachable vocabulary for a later/advanced course (not a transparent cognate, paradigm drill, or bare mapping anchor)
rqt46d3561	extended	P3-4b: teachable vocabulary for a later/advanced course (not a transparent cognate, paradigm drill, or bare mapping anchor)
94xmzhpqs2	extended	P3-4b: teachable vocabulary for a later/advanced course (not a transparent cognate, paradigm drill, or bare mapping anchor)
sz6kj23n5m	extended	P3-4b: teachable vocabulary for a later/advanced course (not a transparent cognate, paradigm drill, or bare mapping anchor)
sgvxuylgfs	extended	P3-4b: teachable vocabulary for a later/advanced course (not a transparent cognate, paradigm drill, or bare mapping anchor)
h1w3xoe5v0	extended	P3-4b: teachable vocabulary for a later/advanced course (not a transparent cognate, paradigm drill, or bare mapping anchor)
qgnveu0pox	extended	P3-4b: teachable vocabulary for a later/advanced course (not a transparent cognate, paradigm drill, or bare mapping anchor)
5qdmpxi8us	extended	P3-4b: teachable vocabulary for a later/advanced course (not a transparent cognate, paradigm drill, or bare mapping anchor)
v1xen0we5r	extended	P3-4b: teachable vocabulary for a later/advanced course (not a transparent cognate, paradigm drill, or bare mapping anchor)
n0v5y8wx0o	extended	P3-4b: teachable vocabulary for a later/advanced course (not a transparent cognate, paradigm drill, or bare mapping anchor)
oqgvl7r1yh	extended	P3-4b: teachable vocabulary for a later/advanced course (not a transparent cognate, paradigm drill, or bare mapping anchor)
7irr9k23b2	extended	P3-4b: teachable vocabulary for a later/advanced course (not a transparent cognate, paradigm drill, or bare mapping anchor)
g2nzrxh5ae	extended	P3-4b: teachable vocabulary for a later/advanced course (not a transparent cognate, paradigm drill, or bare mapping anchor)
xzcldfjhmu	extended	P3-4b: teachable vocabulary for a later/advanced course (not a transparent cognate, paradigm drill, or bare mapping anchor)
27fbkeb2et	extended	P3-4b: teachable vocabulary for a later/advanced course (not a transparent cognate, paradigm drill, or bare mapping anchor)
qrb7i9y47p	extended	P3-4b: teachable vocabulary for a later/advanced course (not a transparent cognate, paradigm drill, or bare mapping anchor)
vnc1p295cf	extended	P3-4b: teachable vocabulary for a later/advanced course (not a transparent cognate, paradigm drill, or bare mapping anchor)
i0ry42yzcl	extended	P3-4b: teachable vocabulary for a later/advanced course (not a transparent cognate, paradigm drill, or bare mapping anchor)
g6s2hpc2m4	extended	P3-4b: teachable vocabulary for a later/advanced course (not a transparent cognate, paradigm drill, or bare mapping anchor)
53wi0qwjcm	extended	P3-4b: teachable vocabulary for a later/advanced course (not a transparent cognate, paradigm drill, or bare mapping anchor)
yy1wmnythy	extended	P3-4b: teachable vocabulary for a later/advanced course (not a transparent cognate, paradigm drill, or bare mapping anchor)
439x0r7xja	extended	P3-4b: teachable vocabulary for a later/advanced course (not a transparent cognate, paradigm drill, or bare mapping anchor)
4pmy3sue86	extended	P3-4b: teachable vocabulary for a later/advanced course (not a transparent cognate, paradigm drill, or bare mapping anchor)
n9z42gcs3h	extended	P3-4b: teachable vocabulary for a later/advanced course (not a transparent cognate, paradigm drill, or bare mapping anchor)
tiss70p00o	extended	P3-4b: teachable vocabulary for a later/advanced course (not a transparent cognate, paradigm drill, or bare mapping anchor)
p7ouvs75tf	extended	P3-4b: teachable vocabulary for a later/advanced course (not a transparent cognate, paradigm drill, or bare mapping anchor)
00axi6sqac	extended	P3-4b: teachable vocabulary for a later/advanced course (not a transparent cognate, paradigm drill, or bare mapping anchor)
skfxdss0cs	extended	P3-4b: teachable vocabulary for a later/advanced course (not a transparent cognate, paradigm drill, or bare mapping anchor)
bm5ashr6qu	extended	P3-4b: teachable vocabulary for a later/advanced course (not a transparent cognate, paradigm drill, or bare mapping anchor)
0ngr08140i	extended	P3-4b: teachable vocabulary for a later/advanced course (not a transparent cognate, paradigm drill, or bare mapping anchor)
pxkiokdofk	extended	P3-4b: teachable vocabulary for a later/advanced course (not a transparent cognate, paradigm drill, or bare mapping anchor)
wf4a9cx0j2	extended	P3-4b: teachable vocabulary for a later/advanced course (not a transparent cognate, paradigm drill, or bare mapping anchor)
egh1emsv3k	extended	P3-4b: teachable vocabulary for a later/advanced course (not a transparent cognate, paradigm drill, or bare mapping anchor)
isr1jrl9yx	extended	P3-4b: teachable vocabulary for a later/advanced course (not a transparent cognate, paradigm drill, or bare mapping anchor)
2egwnfg7jz	extended	P3-4b: teachable vocabulary for a later/advanced course (not a transparent cognate, paradigm drill, or bare mapping anchor)
uuq5sdflxk	extended	P3-4b: teachable vocabulary for a later/advanced course (not a transparent cognate, paradigm drill, or bare mapping anchor)
8kpshof0nv	extended	P3-4b: teachable vocabulary for a later/advanced course (not a transparent cognate, paradigm drill, or bare mapping anchor)
xavuiuomaj	extended	P3-4b: teachable vocabulary for a later/advanced course (not a transparent cognate, paradigm drill, or bare mapping anchor)
fe9o47t8x2	extended	P3-4b: teachable vocabulary for a later/advanced course (not a transparent cognate, paradigm drill, or bare mapping anchor)
k57gp6u41b	extended	P3-4b: teachable vocabulary for a later/advanced course (not a transparent cognate, paradigm drill, or bare mapping anchor)
3f5fh22xm8	extended	P3-4b: teachable vocabulary for a later/advanced course (not a transparent cognate, paradigm drill, or bare mapping anchor)
mu7bumpulx	extended	P3-4b: teachable vocabulary for a later/advanced course (not a transparent cognate, paradigm drill, or bare mapping anchor)
zy6xwkoq5s	extended	P3-4b: teachable vocabulary for a later/advanced course (not a transparent cognate, paradigm drill, or bare mapping anchor)
zcxqshq3iu	extended	P3-4b: teachable vocabulary for a later/advanced course (not a transparent cognate, paradigm drill, or bare mapping anchor)
1yt28hn07y	extended	P3-4b: teachable vocabulary for a later/advanced course (not a transparent cognate, paradigm drill, or bare mapping anchor)
y86m7wjo50	extended	P3-4b: teachable vocabulary for a later/advanced course (not a transparent cognate, paradigm drill, or bare mapping anchor)
od0g56sefd	extended	P3-4b: teachable vocabulary for a later/advanced course (not a transparent cognate, paradigm drill, or bare mapping anchor)
zl1e6hnb04	extended	P3-4b: teachable vocabulary for a later/advanced course (not a transparent cognate, paradigm drill, or bare mapping anchor)
op3olm4hh3	extended	P3-4b: teachable vocabulary for a later/advanced course (not a transparent cognate, paradigm drill, or bare mapping anchor)
nvywv2tlgk	extended	P3-4b: teachable vocabulary for a later/advanced course (not a transparent cognate, paradigm drill, or bare mapping anchor)
53ak6stp8u	extended	P3-4b: teachable vocabulary for a later/advanced course (not a transparent cognate, paradigm drill, or bare mapping anchor)
6o8pv6rvtp	extended	P3-4b: teachable vocabulary for a later/advanced course (not a transparent cognate, paradigm drill, or bare mapping anchor)
32xfxi2fjv	extended	P3-4b: teachable vocabulary for a later/advanced course (not a transparent cognate, paradigm drill, or bare mapping anchor)
0ubq3z55bc	extended	P3-4b: teachable vocabulary for a later/advanced course (not a transparent cognate, paradigm drill, or bare mapping anchor)
nkzffs81a6	extended	P3-4b: teachable vocabulary for a later/advanced course (not a transparent cognate, paradigm drill, or bare mapping anchor)
kf0u7n45dt	extended	P3-4b: teachable vocabulary for a later/advanced course (not a transparent cognate, paradigm drill, or bare mapping anchor)
a4mugyra2a	extended	P3-4b: teachable vocabulary for a later/advanced course (not a transparent cognate, paradigm drill, or bare mapping anchor)
wtfoq5ttro	extended	P3-4b: teachable vocabulary for a later/advanced course (not a transparent cognate, paradigm drill, or bare mapping anchor)
9y6wrrzjfz	extended	P3-4b: teachable vocabulary for a later/advanced course (not a transparent cognate, paradigm drill, or bare mapping anchor)
wyiru8eg9q	extended	P3-4b: teachable vocabulary for a later/advanced course (not a transparent cognate, paradigm drill, or bare mapping anchor)
36riiosdmx	extended	P3-4b: teachable vocabulary for a later/advanced course (not a transparent cognate, paradigm drill, or bare mapping anchor)
6y6hoqee9p	extended	P3-4b: teachable vocabulary for a later/advanced course (not a transparent cognate, paradigm drill, or bare mapping anchor)
tu44lpd4ms	extended	P3-4b: teachable vocabulary for a later/advanced course (not a transparent cognate, paradigm drill, or bare mapping anchor)
zxr6a7pbp5	extended	P3-4b: teachable vocabulary for a later/advanced course (not a transparent cognate, paradigm drill, or bare mapping anchor)
69iqgmw2nb	extended	P3-4b: teachable vocabulary for a later/advanced course (not a transparent cognate, paradigm drill, or bare mapping anchor)
lxhfegmolo	extended	P3-4b: teachable vocabulary for a later/advanced course (not a transparent cognate, paradigm drill, or bare mapping anchor)
ugaflsdk03	extended	P3-4b: teachable vocabulary for a later/advanced course (not a transparent cognate, paradigm drill, or bare mapping anchor)
9kyo88v7jf	extended	P3-4b: teachable vocabulary for a later/advanced course (not a transparent cognate, paradigm drill, or bare mapping anchor)
0a33zqj9ql	extended	P3-4b: teachable vocabulary for a later/advanced course (not a transparent cognate, paradigm drill, or bare mapping anchor)
ef4ltamqsa	extended	P3-4b: teachable vocabulary for a later/advanced course (not a transparent cognate, paradigm drill, or bare mapping anchor)
2liqgudpe2	extended	P3-4b: teachable vocabulary for a later/advanced course (not a transparent cognate, paradigm drill, or bare mapping anchor)
4hc7hecq4n	extended	P3-4b: teachable vocabulary for a later/advanced course (not a transparent cognate, paradigm drill, or bare mapping anchor)
tc4o4z8jnt	extended	P3-4b: teachable vocabulary for a later/advanced course (not a transparent cognate, paradigm drill, or bare mapping anchor)
86v2tii41j	extended	P3-4b: teachable vocabulary for a later/advanced course (not a transparent cognate, paradigm drill, or bare mapping anchor)
vupb12qdkr	extended	P3-4b: teachable vocabulary for a later/advanced course (not a transparent cognate, paradigm drill, or bare mapping anchor)
5uvtfc7eda	extended	P3-4b: teachable vocabulary for a later/advanced course (not a transparent cognate, paradigm drill, or bare mapping anchor)
5irs9gdyqv	extended	P3-4b: teachable vocabulary for a later/advanced course (not a transparent cognate, paradigm drill, or bare mapping anchor)
8pzhwaykz8	extended	P3-4b: teachable vocabulary for a later/advanced course (not a transparent cognate, paradigm drill, or bare mapping anchor)
8ic82zfjqz	extended	P3-4b: teachable vocabulary for a later/advanced course (not a transparent cognate, paradigm drill, or bare mapping anchor)
h2zqc61fwq	extended	P3-4b: teachable vocabulary for a later/advanced course (not a transparent cognate, paradigm drill, or bare mapping anchor)
xhm0xh7x5i	extended	P3-4b: teachable vocabulary for a later/advanced course (not a transparent cognate, paradigm drill, or bare mapping anchor)
uxzgvill2p	extended	P3-4b: teachable vocabulary for a later/advanced course (not a transparent cognate, paradigm drill, or bare mapping anchor)
0v6um8pq7g	extended	P3-4b: teachable vocabulary for a later/advanced course (not a transparent cognate, paradigm drill, or bare mapping anchor)
3qtux13rre	extended	P3-4b: teachable vocabulary for a later/advanced course (not a transparent cognate, paradigm drill, or bare mapping anchor)
htgjdwiqzm	extended	P3-4b: teachable vocabulary for a later/advanced course (not a transparent cognate, paradigm drill, or bare mapping anchor)
yv532a42h2	extended	P3-4b: teachable vocabulary for a later/advanced course (not a transparent cognate, paradigm drill, or bare mapping anchor)
6vpv4m0g02	extended	P3-4b: teachable vocabulary for a later/advanced course (not a transparent cognate, paradigm drill, or bare mapping anchor)
fshhqe3d9f	extended	P3-4b: teachable vocabulary for a later/advanced course (not a transparent cognate, paradigm drill, or bare mapping anchor)
rx423e30re	extended	P3-4b: teachable vocabulary for a later/advanced course (not a transparent cognate, paradigm drill, or bare mapping anchor)
15khny2b9v	extended	P3-4b: teachable vocabulary for a later/advanced course (not a transparent cognate, paradigm drill, or bare mapping anchor)
d5m00zj2i4	extended	P3-4b: teachable vocabulary for a later/advanced course (not a transparent cognate, paradigm drill, or bare mapping anchor)
lzbsoi01yv	extended	P3-4b: teachable vocabulary for a later/advanced course (not a transparent cognate, paradigm drill, or bare mapping anchor)
d6zpr2z5kx	extended	P3-4b: teachable vocabulary for a later/advanced course (not a transparent cognate, paradigm drill, or bare mapping anchor)
invu1lmtuw	extended	P3-4b: teachable vocabulary for a later/advanced course (not a transparent cognate, paradigm drill, or bare mapping anchor)
bg83x0k5kp	extended	P3-4b: teachable vocabulary for a later/advanced course (not a transparent cognate, paradigm drill, or bare mapping anchor)
c9e47xxxqj	extended	P3-4b: teachable vocabulary for a later/advanced course (not a transparent cognate, paradigm drill, or bare mapping anchor)
lg9p46b73r	extended	P3-4b: teachable vocabulary for a later/advanced course (not a transparent cognate, paradigm drill, or bare mapping anchor)
xklnks32qd	extended	P3-4b: teachable vocabulary for a later/advanced course (not a transparent cognate, paradigm drill, or bare mapping anchor)
4w4rj5i3g0	extended	P3-4b: teachable vocabulary for a later/advanced course (not a transparent cognate, paradigm drill, or bare mapping anchor)
b6wua9uv0p	extended	P3-4b: teachable vocabulary for a later/advanced course (not a transparent cognate, paradigm drill, or bare mapping anchor)
uu1cnr3a36	extended	P3-4b: teachable vocabulary for a later/advanced course (not a transparent cognate, paradigm drill, or bare mapping anchor)
bp593daco9	extended	P3-4b: teachable vocabulary for a later/advanced course (not a transparent cognate, paradigm drill, or bare mapping anchor)
gjh5b0lek7	extended	P3-4b: teachable vocabulary for a later/advanced course (not a transparent cognate, paradigm drill, or bare mapping anchor)
4r07khungy	extended	P3-4b: teachable vocabulary for a later/advanced course (not a transparent cognate, paradigm drill, or bare mapping anchor)
779ynouu11	extended	P3-4b: teachable vocabulary for a later/advanced course (not a transparent cognate, paradigm drill, or bare mapping anchor)
gbkix5lyv6	extended	P3-4b: teachable vocabulary for a later/advanced course (not a transparent cognate, paradigm drill, or bare mapping anchor)
kk3nkycmqg	extended	P3-4b: teachable vocabulary for a later/advanced course (not a transparent cognate, paradigm drill, or bare mapping anchor)
w66regabe9	extended	P3-4b: teachable vocabulary for a later/advanced course (not a transparent cognate, paradigm drill, or bare mapping anchor)
ietq3i884j	extended	P3-4b: teachable vocabulary for a later/advanced course (not a transparent cognate, paradigm drill, or bare mapping anchor)
o3l6oubtj6	extended	P3-4b: teachable vocabulary for a later/advanced course (not a transparent cognate, paradigm drill, or bare mapping anchor)
4yf8ijcj19	extended	P3-4b: teachable vocabulary for a later/advanced course (not a transparent cognate, paradigm drill, or bare mapping anchor)
inf9g9dmd7	extended	P3-4b: teachable vocabulary for a later/advanced course (not a transparent cognate, paradigm drill, or bare mapping anchor)
98sen5xp7y	extended	P3-4b: teachable vocabulary for a later/advanced course (not a transparent cognate, paradigm drill, or bare mapping anchor)
bwkdp2bsi4	extended	P3-4b: teachable vocabulary for a later/advanced course (not a transparent cognate, paradigm drill, or bare mapping anchor)
vuqfy6bg06	extended	P3-4b: teachable vocabulary for a later/advanced course (not a transparent cognate, paradigm drill, or bare mapping anchor)
f8vxtpc7m8	extended	P3-4b: teachable vocabulary for a later/advanced course (not a transparent cognate, paradigm drill, or bare mapping anchor)
3scspzwt5d	extended	P3-4b: teachable vocabulary for a later/advanced course (not a transparent cognate, paradigm drill, or bare mapping anchor)
4fc2kcqip3	extended	P3-4b: teachable vocabulary for a later/advanced course (not a transparent cognate, paradigm drill, or bare mapping anchor)
zb1r0lavqo	extended	P3-4b: teachable vocabulary for a later/advanced course (not a transparent cognate, paradigm drill, or bare mapping anchor)
4rbp4wgwso	extended	P3-4b: teachable vocabulary for a later/advanced course (not a transparent cognate, paradigm drill, or bare mapping anchor)
hzw88e00ad	extended	P3-4b: teachable vocabulary for a later/advanced course (not a transparent cognate, paradigm drill, or bare mapping anchor)
ihevpwrjl9	extended	P3-4b: teachable vocabulary for a later/advanced course (not a transparent cognate, paradigm drill, or bare mapping anchor)
gqqod0k0fl	extended	P3-4b: teachable vocabulary for a later/advanced course (not a transparent cognate, paradigm drill, or bare mapping anchor)
2y6u1mwiqm	extended	P3-4b: teachable vocabulary for a later/advanced course (not a transparent cognate, paradigm drill, or bare mapping anchor)
g05qdfu47y	extended	P3-4b: teachable vocabulary for a later/advanced course (not a transparent cognate, paradigm drill, or bare mapping anchor)
5g4fbayz0u	extended	P3-4b: teachable vocabulary for a later/advanced course (not a transparent cognate, paradigm drill, or bare mapping anchor)
a2ujxq83pk	extended	P3-4b: teachable vocabulary for a later/advanced course (not a transparent cognate, paradigm drill, or bare mapping anchor)
3qo4l6ua2u	extended	P3-4b: teachable vocabulary for a later/advanced course (not a transparent cognate, paradigm drill, or bare mapping anchor)
ggkqe82rdu	extended	P3-4b: teachable vocabulary for a later/advanced course (not a transparent cognate, paradigm drill, or bare mapping anchor)
t7xdhmoj13	extended	P3-4b: teachable vocabulary for a later/advanced course (not a transparent cognate, paradigm drill, or bare mapping anchor)
mt3fyxp4nv	extended	P3-4b: teachable vocabulary for a later/advanced course (not a transparent cognate, paradigm drill, or bare mapping anchor)
3tel071upm	extended	P3-4b: teachable vocabulary for a later/advanced course (not a transparent cognate, paradigm drill, or bare mapping anchor)
1vuews27gh	extended	P3-4b: teachable vocabulary for a later/advanced course (not a transparent cognate, paradigm drill, or bare mapping anchor)
vuym0ms6tf	extended	P3-4b: teachable vocabulary for a later/advanced course (not a transparent cognate, paradigm drill, or bare mapping anchor)
tbpj623d3b	extended	P3-4b: teachable vocabulary for a later/advanced course (not a transparent cognate, paradigm drill, or bare mapping anchor)
n0r0eb7pw1	extended	P3-4b: teachable vocabulary for a later/advanced course (not a transparent cognate, paradigm drill, or bare mapping anchor)
r2e4av62rk	extended	P3-4b: teachable vocabulary for a later/advanced course (not a transparent cognate, paradigm drill, or bare mapping anchor)
pdc3u4lu4a	extended	P3-4b: teachable vocabulary for a later/advanced course (not a transparent cognate, paradigm drill, or bare mapping anchor)
ba183xdbf1	extended	P3-4b: teachable vocabulary for a later/advanced course (not a transparent cognate, paradigm drill, or bare mapping anchor)
c3ldgsdgnc	extended	P3-4b: teachable vocabulary for a later/advanced course (not a transparent cognate, paradigm drill, or bare mapping anchor)
2z1v0jn9n7	extended	P3-4b: teachable vocabulary for a later/advanced course (not a transparent cognate, paradigm drill, or bare mapping anchor)
mmm0498x6l	extended	P3-4b: teachable vocabulary for a later/advanced course (not a transparent cognate, paradigm drill, or bare mapping anchor)
u8levmjjk9	extended	P3-4b: teachable vocabulary for a later/advanced course (not a transparent cognate, paradigm drill, or bare mapping anchor)
joavbehrli	extended	P3-4b: teachable vocabulary for a later/advanced course (not a transparent cognate, paradigm drill, or bare mapping anchor)
5awfswdavw	extended	P3-4b: teachable vocabulary for a later/advanced course (not a transparent cognate, paradigm drill, or bare mapping anchor)
xwqv5fjghb	extended	P3-4b: teachable vocabulary for a later/advanced course (not a transparent cognate, paradigm drill, or bare mapping anchor)
ho25hdai9c	extended	P3-4b: teachable vocabulary for a later/advanced course (not a transparent cognate, paradigm drill, or bare mapping anchor)
ylf4grer5k	extended	P3-4b: teachable vocabulary for a later/advanced course (not a transparent cognate, paradigm drill, or bare mapping anchor)
tamzftp6b6	extended	P3-4b: teachable vocabulary for a later/advanced course (not a transparent cognate, paradigm drill, or bare mapping anchor)
39jd5tl1td	extended	P3-4b: teachable vocabulary for a later/advanced course (not a transparent cognate, paradigm drill, or bare mapping anchor)
dtnqrb3lqk	extended	P3-4b: teachable vocabulary for a later/advanced course (not a transparent cognate, paradigm drill, or bare mapping anchor)
scx4soq3es	extended	P3-4b: teachable vocabulary for a later/advanced course (not a transparent cognate, paradigm drill, or bare mapping anchor)
ci5pguw7c2	extended	P3-4b: teachable vocabulary for a later/advanced course (not a transparent cognate, paradigm drill, or bare mapping anchor)
fdh8vgmuvf	extended	P3-4b: teachable vocabulary for a later/advanced course (not a transparent cognate, paradigm drill, or bare mapping anchor)
muiwdna9jq	extended	P3-4b: teachable vocabulary for a later/advanced course (not a transparent cognate, paradigm drill, or bare mapping anchor)
krcmhoedfz	extended	P3-4b: teachable vocabulary for a later/advanced course (not a transparent cognate, paradigm drill, or bare mapping anchor)
7hhmppjsyi	extended	P3-4b: teachable vocabulary for a later/advanced course (not a transparent cognate, paradigm drill, or bare mapping anchor)
ge2h3aq8un	extended	P3-4b: teachable vocabulary for a later/advanced course (not a transparent cognate, paradigm drill, or bare mapping anchor)
oieith38tf	extended	P3-4b: teachable vocabulary for a later/advanced course (not a transparent cognate, paradigm drill, or bare mapping anchor)
obw0unmb5c	extended	P3-4b: teachable vocabulary for a later/advanced course (not a transparent cognate, paradigm drill, or bare mapping anchor)
qm6or4amql	extended	P3-4b: teachable vocabulary for a later/advanced course (not a transparent cognate, paradigm drill, or bare mapping anchor)
vmxu8tislh	extended	P3-4b: teachable vocabulary for a later/advanced course (not a transparent cognate, paradigm drill, or bare mapping anchor)
pj5xvxa76j	extended	P3-4b: teachable vocabulary for a later/advanced course (not a transparent cognate, paradigm drill, or bare mapping anchor)
zasp2r8vif	extended	P3-4b: teachable vocabulary for a later/advanced course (not a transparent cognate, paradigm drill, or bare mapping anchor)
ayq6oujdl5	extended	P3-4b: teachable vocabulary for a later/advanced course (not a transparent cognate, paradigm drill, or bare mapping anchor)
ldjf9twfn1	extended	P3-4b: teachable vocabulary for a later/advanced course (not a transparent cognate, paradigm drill, or bare mapping anchor)
gl1h3xyxfc	extended	P3-4b: teachable vocabulary for a later/advanced course (not a transparent cognate, paradigm drill, or bare mapping anchor)
7x4v7kp0dx	extended	P3-4b: teachable vocabulary for a later/advanced course (not a transparent cognate, paradigm drill, or bare mapping anchor)
kb26bvucsb	extended	P3-4b: teachable vocabulary for a later/advanced course (not a transparent cognate, paradigm drill, or bare mapping anchor)
f70ddup216	extended	P3-4b: teachable vocabulary for a later/advanced course (not a transparent cognate, paradigm drill, or bare mapping anchor)
jz9ja639wb	extended	P3-4b: teachable vocabulary for a later/advanced course (not a transparent cognate, paradigm drill, or bare mapping anchor)
t817imxlpf	extended	P3-4b: teachable vocabulary for a later/advanced course (not a transparent cognate, paradigm drill, or bare mapping anchor)
i2o3tqlac3	extended	P3-4b: teachable vocabulary for a later/advanced course (not a transparent cognate, paradigm drill, or bare mapping anchor)
n7f05snzv6	extended	P3-4b: teachable vocabulary for a later/advanced course (not a transparent cognate, paradigm drill, or bare mapping anchor)
tyi7ultt7w	extended	P3-4b: teachable vocabulary for a later/advanced course (not a transparent cognate, paradigm drill, or bare mapping anchor)
sgxn0d27nm	extended	P3-4b: teachable vocabulary for a later/advanced course (not a transparent cognate, paradigm drill, or bare mapping anchor)
22hirk8mdw	extended	P3-4b: teachable vocabulary for a later/advanced course (not a transparent cognate, paradigm drill, or bare mapping anchor)
y8vz5i8ugg	extended	P3-4b: teachable vocabulary for a later/advanced course (not a transparent cognate, paradigm drill, or bare mapping anchor)
e1plhjrtby	extended	P3-4b: teachable vocabulary for a later/advanced course (not a transparent cognate, paradigm drill, or bare mapping anchor)
b9jycma895	extended	P3-4b: teachable vocabulary for a later/advanced course (not a transparent cognate, paradigm drill, or bare mapping anchor)
utfyp7wiro	extended	P3-4b: teachable vocabulary for a later/advanced course (not a transparent cognate, paradigm drill, or bare mapping anchor)
sk978mgwus	extended	P3-4b: teachable vocabulary for a later/advanced course (not a transparent cognate, paradigm drill, or bare mapping anchor)
ixtmrjrh95	extended	P3-4b: teachable vocabulary for a later/advanced course (not a transparent cognate, paradigm drill, or bare mapping anchor)
6o8wv1ujtl	extended	P3-4b: teachable vocabulary for a later/advanced course (not a transparent cognate, paradigm drill, or bare mapping anchor)
7ro4xgurxb	extended	P3-4b: teachable vocabulary for a later/advanced course (not a transparent cognate, paradigm drill, or bare mapping anchor)
0t7sh9pmmo	extended	P3-4b: teachable vocabulary for a later/advanced course (not a transparent cognate, paradigm drill, or bare mapping anchor)
gbxjc99tyx	extended	P3-4b: teachable vocabulary for a later/advanced course (not a transparent cognate, paradigm drill, or bare mapping anchor)
rv2tbtvssk	extended	P3-4b: teachable vocabulary for a later/advanced course (not a transparent cognate, paradigm drill, or bare mapping anchor)
chpomdclwr	extended	P3-4b: teachable vocabulary for a later/advanced course (not a transparent cognate, paradigm drill, or bare mapping anchor)
6oqdoh7ax7	extended	P3-4b: teachable vocabulary for a later/advanced course (not a transparent cognate, paradigm drill, or bare mapping anchor)
7n09vmo7kn	extended	P3-4b: teachable vocabulary for a later/advanced course (not a transparent cognate, paradigm drill, or bare mapping anchor)
ukz1l748d8	extended	P3-4b: teachable vocabulary for a later/advanced course (not a transparent cognate, paradigm drill, or bare mapping anchor)
mx0rz2zmur	extended	P3-4b: teachable vocabulary for a later/advanced course (not a transparent cognate, paradigm drill, or bare mapping anchor)
cgzwyy7tb0	extended	P3-4b: teachable vocabulary for a later/advanced course (not a transparent cognate, paradigm drill, or bare mapping anchor)
aw96cncl64	extended	P3-4b: teachable vocabulary for a later/advanced course (not a transparent cognate, paradigm drill, or bare mapping anchor)
jpaidkfhw8	extended	P3-4b: teachable vocabulary for a later/advanced course (not a transparent cognate, paradigm drill, or bare mapping anchor)
y4eh6045j1	extended	P3-4b: teachable vocabulary for a later/advanced course (not a transparent cognate, paradigm drill, or bare mapping anchor)
tc9rpq3ivd	extended	P3-4b: teachable vocabulary for a later/advanced course (not a transparent cognate, paradigm drill, or bare mapping anchor)
nx9vadk8zr	extended	P3-4b: teachable vocabulary for a later/advanced course (not a transparent cognate, paradigm drill, or bare mapping anchor)
b1tjm939pm	extended	P3-4b: teachable vocabulary for a later/advanced course (not a transparent cognate, paradigm drill, or bare mapping anchor)
b7zyzj7ukc	extended	P3-4b: teachable vocabulary for a later/advanced course (not a transparent cognate, paradigm drill, or bare mapping anchor)
47jjg9x6gu	extended	P3-4b: teachable vocabulary for a later/advanced course (not a transparent cognate, paradigm drill, or bare mapping anchor)
btsojlg7v0	extended	P3-4b: teachable vocabulary for a later/advanced course (not a transparent cognate, paradigm drill, or bare mapping anchor)
z1hv68g2f4	extended	P3-4b: teachable vocabulary for a later/advanced course (not a transparent cognate, paradigm drill, or bare mapping anchor)
l6c2h7kj9j	extended	P3-4b: teachable vocabulary for a later/advanced course (not a transparent cognate, paradigm drill, or bare mapping anchor)
yaznk7a47n	extended	P3-4b: teachable vocabulary for a later/advanced course (not a transparent cognate, paradigm drill, or bare mapping anchor)
ie6c5rc7ri	extended	P3-4b: teachable vocabulary for a later/advanced course (not a transparent cognate, paradigm drill, or bare mapping anchor)
xz843dw8lb	extended	P3-4b: teachable vocabulary for a later/advanced course (not a transparent cognate, paradigm drill, or bare mapping anchor)
chlit99d2v	extended	P3-4b: teachable vocabulary for a later/advanced course (not a transparent cognate, paradigm drill, or bare mapping anchor)
8k4ud8dmsv	extended	P3-4b: teachable vocabulary for a later/advanced course (not a transparent cognate, paradigm drill, or bare mapping anchor)
3oei2t1rkw	extended	P3-4b: teachable vocabulary for a later/advanced course (not a transparent cognate, paradigm drill, or bare mapping anchor)
bd134x1q1x	extended	P3-4b: teachable vocabulary for a later/advanced course (not a transparent cognate, paradigm drill, or bare mapping anchor)
ka5uny00ga	extended	P3-4b: teachable vocabulary for a later/advanced course (not a transparent cognate, paradigm drill, or bare mapping anchor)
kdt4ocawe0	extended	P3-4b: teachable vocabulary for a later/advanced course (not a transparent cognate, paradigm drill, or bare mapping anchor)
29l8pgm5cm	extended	P3-4b: teachable vocabulary for a later/advanced course (not a transparent cognate, paradigm drill, or bare mapping anchor)
ei0hj29low	extended	P3-4b: teachable vocabulary for a later/advanced course (not a transparent cognate, paradigm drill, or bare mapping anchor)
af25juocs7	extended	P3-4b: teachable vocabulary for a later/advanced course (not a transparent cognate, paradigm drill, or bare mapping anchor)
ryokdbzs7y	extended	P3-4b: teachable vocabulary for a later/advanced course (not a transparent cognate, paradigm drill, or bare mapping anchor)
ktumc7kivz	extended	P3-4b: teachable vocabulary for a later/advanced course (not a transparent cognate, paradigm drill, or bare mapping anchor)
ixbwufuza6	extended	P3-4b: teachable vocabulary for a later/advanced course (not a transparent cognate, paradigm drill, or bare mapping anchor)
070rfgth5n	extended	P3-4b: teachable vocabulary for a later/advanced course (not a transparent cognate, paradigm drill, or bare mapping anchor)
6r69ejgtqp	extended	P3-4b: teachable vocabulary for a later/advanced course (not a transparent cognate, paradigm drill, or bare mapping anchor)
ifvh58e7u9	extended	P3-4b: teachable vocabulary for a later/advanced course (not a transparent cognate, paradigm drill, or bare mapping anchor)
lydbe3sj98	extended	P3-4b: teachable vocabulary for a later/advanced course (not a transparent cognate, paradigm drill, or bare mapping anchor)
ngfffkccp9	extended	P3-4b: teachable vocabulary for a later/advanced course (not a transparent cognate, paradigm drill, or bare mapping anchor)
f03pn31r0v	extended	P3-4b: teachable vocabulary for a later/advanced course (not a transparent cognate, paradigm drill, or bare mapping anchor)
15fzbnc0u4	extended	P3-4b: teachable vocabulary for a later/advanced course (not a transparent cognate, paradigm drill, or bare mapping anchor)
o7o4ftsalw	extended	P3-4b: teachable vocabulary for a later/advanced course (not a transparent cognate, paradigm drill, or bare mapping anchor)
hhmv0g9xlh	extended	P3-4b: teachable vocabulary for a later/advanced course (not a transparent cognate, paradigm drill, or bare mapping anchor)
fefhc4duwl	extended	P3-4b: teachable vocabulary for a later/advanced course (not a transparent cognate, paradigm drill, or bare mapping anchor)
sxzbibq8jq	extended	P3-4b: teachable vocabulary for a later/advanced course (not a transparent cognate, paradigm drill, or bare mapping anchor)
sfix1omn3j	extended	P3-4b: teachable vocabulary for a later/advanced course (not a transparent cognate, paradigm drill, or bare mapping anchor)
cje0h2p81t	extended	P3-4b: teachable vocabulary for a later/advanced course (not a transparent cognate, paradigm drill, or bare mapping anchor)
2j339tyd27	extended	P3-4b: teachable vocabulary for a later/advanced course (not a transparent cognate, paradigm drill, or bare mapping anchor)
x71u2ua4d3	extended	P3-4b: teachable vocabulary for a later/advanced course (not a transparent cognate, paradigm drill, or bare mapping anchor)
3yjxjrevpn	extended	P3-4b: teachable vocabulary for a later/advanced course (not a transparent cognate, paradigm drill, or bare mapping anchor)
f8j54x3ds4	extended	P3-4b: teachable vocabulary for a later/advanced course (not a transparent cognate, paradigm drill, or bare mapping anchor)
x2fc6shlo3	extended	P3-4b: teachable vocabulary for a later/advanced course (not a transparent cognate, paradigm drill, or bare mapping anchor)
7o1ka5pyoo	extended	P3-4b: teachable vocabulary for a later/advanced course (not a transparent cognate, paradigm drill, or bare mapping anchor)
el36dqux2e	extended	P3-4b: teachable vocabulary for a later/advanced course (not a transparent cognate, paradigm drill, or bare mapping anchor)
cur1zfeps2	extended	P3-4b: teachable vocabulary for a later/advanced course (not a transparent cognate, paradigm drill, or bare mapping anchor)
79080668rq	extended	P3-4b: teachable vocabulary for a later/advanced course (not a transparent cognate, paradigm drill, or bare mapping anchor)
3az2z3o8xh	extended	P3-4b: teachable vocabulary for a later/advanced course (not a transparent cognate, paradigm drill, or bare mapping anchor)
c6s5ipa7sg	extended	P3-4b: teachable vocabulary for a later/advanced course (not a transparent cognate, paradigm drill, or bare mapping anchor)
3ub96rf8ci	extended	P3-4b: teachable vocabulary for a later/advanced course (not a transparent cognate, paradigm drill, or bare mapping anchor)
srdsgbfh59	extended	P3-4b: teachable vocabulary for a later/advanced course (not a transparent cognate, paradigm drill, or bare mapping anchor)
wcvwv6uubd	extended	P3-4b: teachable vocabulary for a later/advanced course (not a transparent cognate, paradigm drill, or bare mapping anchor)
s6q036agkz	extended	P3-4b: teachable vocabulary for a later/advanced course (not a transparent cognate, paradigm drill, or bare mapping anchor)
s8zforv9i3	extended	P3-4b: teachable vocabulary for a later/advanced course (not a transparent cognate, paradigm drill, or bare mapping anchor)
6m87utf0dm	extended	P3-4b: teachable vocabulary for a later/advanced course (not a transparent cognate, paradigm drill, or bare mapping anchor)
xzd9s8bgpf	extended	P3-4b: teachable vocabulary for a later/advanced course (not a transparent cognate, paradigm drill, or bare mapping anchor)
zn5lcx080u	extended	P3-4b: teachable vocabulary for a later/advanced course (not a transparent cognate, paradigm drill, or bare mapping anchor)
v0h48i7zia	extended	P3-4b: teachable vocabulary for a later/advanced course (not a transparent cognate, paradigm drill, or bare mapping anchor)
dh16jcovbo	extended	P3-4b: teachable vocabulary for a later/advanced course (not a transparent cognate, paradigm drill, or bare mapping anchor)
b8k9avr7st	extended	P3-4b: teachable vocabulary for a later/advanced course (not a transparent cognate, paradigm drill, or bare mapping anchor)
jf2aw2elxh	extended	P3-4b: teachable vocabulary for a later/advanced course (not a transparent cognate, paradigm drill, or bare mapping anchor)
dq9hw47p1r	extended	P3-4b: teachable vocabulary for a later/advanced course (not a transparent cognate, paradigm drill, or bare mapping anchor)
tyej3rsl7u	extended	P3-4b: teachable vocabulary for a later/advanced course (not a transparent cognate, paradigm drill, or bare mapping anchor)
jwap9vw9gm	extended	P3-4b: teachable vocabulary for a later/advanced course (not a transparent cognate, paradigm drill, or bare mapping anchor)
ligtxfh1ka	extended	P3-4b: teachable vocabulary for a later/advanced course (not a transparent cognate, paradigm drill, or bare mapping anchor)
lc4ekh76su	extended	P3-4b: teachable vocabulary for a later/advanced course (not a transparent cognate, paradigm drill, or bare mapping anchor)
8tlst3bo6o	extended	P3-4b: teachable vocabulary for a later/advanced course (not a transparent cognate, paradigm drill, or bare mapping anchor)
r97jh0nzir	extended	P3-4b: teachable vocabulary for a later/advanced course (not a transparent cognate, paradigm drill, or bare mapping anchor)
9rl1sd6idk	extended	P3-4b: teachable vocabulary for a later/advanced course (not a transparent cognate, paradigm drill, or bare mapping anchor)
elx2dgp3mq	extended	P3-4b: teachable vocabulary for a later/advanced course (not a transparent cognate, paradigm drill, or bare mapping anchor)
sgssxq75yi	extended	P3-4b: teachable vocabulary for a later/advanced course (not a transparent cognate, paradigm drill, or bare mapping anchor)
1u1hrquecd	extended	P3-4b: teachable vocabulary for a later/advanced course (not a transparent cognate, paradigm drill, or bare mapping anchor)
dtodl04vtu	extended	P3-4b: teachable vocabulary for a later/advanced course (not a transparent cognate, paradigm drill, or bare mapping anchor)
4gnnj2lqzl	extended	P3-4b: teachable vocabulary for a later/advanced course (not a transparent cognate, paradigm drill, or bare mapping anchor)
5niiiqvgsg	extended	P3-4b: teachable vocabulary for a later/advanced course (not a transparent cognate, paradigm drill, or bare mapping anchor)
xy9ovfmmwc	extended	P3-4b: teachable vocabulary for a later/advanced course (not a transparent cognate, paradigm drill, or bare mapping anchor)
yq888yksqh	extended	P3-4b: teachable vocabulary for a later/advanced course (not a transparent cognate, paradigm drill, or bare mapping anchor)
fiwt4lp6h7	extended	P3-4b: teachable vocabulary for a later/advanced course (not a transparent cognate, paradigm drill, or bare mapping anchor)
tr18eklsol	extended	P3-4b: teachable vocabulary for a later/advanced course (not a transparent cognate, paradigm drill, or bare mapping anchor)
8zcb6q4a6k	extended	P3-4b: teachable vocabulary for a later/advanced course (not a transparent cognate, paradigm drill, or bare mapping anchor)
hwb7sf71t7	extended	P3-4b: teachable vocabulary for a later/advanced course (not a transparent cognate, paradigm drill, or bare mapping anchor)
nq399jkhun	extended	P3-4b: teachable vocabulary for a later/advanced course (not a transparent cognate, paradigm drill, or bare mapping anchor)
66ib6vkhnq	extended	P3-4b: teachable vocabulary for a later/advanced course (not a transparent cognate, paradigm drill, or bare mapping anchor)
5zamvuatdn	extended	P3-4b: teachable vocabulary for a later/advanced course (not a transparent cognate, paradigm drill, or bare mapping anchor)
wv4hem1a62	extended	P3-4b: teachable vocabulary for a later/advanced course (not a transparent cognate, paradigm drill, or bare mapping anchor)
ehmy6i5qti	extended	P3-4b: teachable vocabulary for a later/advanced course (not a transparent cognate, paradigm drill, or bare mapping anchor)
gb7y8wpma4	extended	P3-4b: teachable vocabulary for a later/advanced course (not a transparent cognate, paradigm drill, or bare mapping anchor)
4tbjc26h9n	extended	P3-4b: teachable vocabulary for a later/advanced course (not a transparent cognate, paradigm drill, or bare mapping anchor)
bjms2exzmh	extended	P3-4b: teachable vocabulary for a later/advanced course (not a transparent cognate, paradigm drill, or bare mapping anchor)
bb8a9kyess	extended	P3-4b: teachable vocabulary for a later/advanced course (not a transparent cognate, paradigm drill, or bare mapping anchor)
txq22yyto3	extended	P3-4b: teachable vocabulary for a later/advanced course (not a transparent cognate, paradigm drill, or bare mapping anchor)
uenjlmb8j9	extended	P3-4b: teachable vocabulary for a later/advanced course (not a transparent cognate, paradigm drill, or bare mapping anchor)
xhqmbm1djm	extended	P3-4b: teachable vocabulary for a later/advanced course (not a transparent cognate, paradigm drill, or bare mapping anchor)
4ifnatwu0r	extended	P3-4b: teachable vocabulary for a later/advanced course (not a transparent cognate, paradigm drill, or bare mapping anchor)
0cqp4imsbo	extended	P3-4b: teachable vocabulary for a later/advanced course (not a transparent cognate, paradigm drill, or bare mapping anchor)
xt2fc8yvaz	extended	P3-4b: teachable vocabulary for a later/advanced course (not a transparent cognate, paradigm drill, or bare mapping anchor)
cuvs1emqwk	extended	P3-4b: teachable vocabulary for a later/advanced course (not a transparent cognate, paradigm drill, or bare mapping anchor)
yn8vqkd99o	extended	P3-4b: teachable vocabulary for a later/advanced course (not a transparent cognate, paradigm drill, or bare mapping anchor)
8omp49yd4o	extended	P3-4b: teachable vocabulary for a later/advanced course (not a transparent cognate, paradigm drill, or bare mapping anchor)
2ej97sbza7	extended	P3-4b: teachable vocabulary for a later/advanced course (not a transparent cognate, paradigm drill, or bare mapping anchor)
amm42otpmw	extended	P3-4b: teachable vocabulary for a later/advanced course (not a transparent cognate, paradigm drill, or bare mapping anchor)
jgjoy3pa91	extended	P3-4b: teachable vocabulary for a later/advanced course (not a transparent cognate, paradigm drill, or bare mapping anchor)
r6x05dewcz	extended	P3-4b: teachable vocabulary for a later/advanced course (not a transparent cognate, paradigm drill, or bare mapping anchor)
468rurvzg1	extended	P3-4b: teachable vocabulary for a later/advanced course (not a transparent cognate, paradigm drill, or bare mapping anchor)
gsjekkk0qa	extended	P3-4b: teachable vocabulary for a later/advanced course (not a transparent cognate, paradigm drill, or bare mapping anchor)
bz9j3yr4at	extended	P3-4b: teachable vocabulary for a later/advanced course (not a transparent cognate, paradigm drill, or bare mapping anchor)
klmbnws5k3	extended	P3-4b: teachable vocabulary for a later/advanced course (not a transparent cognate, paradigm drill, or bare mapping anchor)
pnonowj90v	extended	P3-4b: teachable vocabulary for a later/advanced course (not a transparent cognate, paradigm drill, or bare mapping anchor)
is9jng7ihx	extended	P3-4b: teachable vocabulary for a later/advanced course (not a transparent cognate, paradigm drill, or bare mapping anchor)
vk46q1bynf	extended	P3-4b: teachable vocabulary for a later/advanced course (not a transparent cognate, paradigm drill, or bare mapping anchor)
35tfe8nazs	extended	P3-4b: teachable vocabulary for a later/advanced course (not a transparent cognate, paradigm drill, or bare mapping anchor)
mdje6aroac	extended	P3-4b: teachable vocabulary for a later/advanced course (not a transparent cognate, paradigm drill, or bare mapping anchor)
tc6g9iudcp	extended	P3-4b: teachable vocabulary for a later/advanced course (not a transparent cognate, paradigm drill, or bare mapping anchor)
jjnf1ruwjg	extended	P3-4b: teachable vocabulary for a later/advanced course (not a transparent cognate, paradigm drill, or bare mapping anchor)
usqslj38q0	extended	P3-4b: teachable vocabulary for a later/advanced course (not a transparent cognate, paradigm drill, or bare mapping anchor)
vuz1ghifyr	extended	P3-4b: teachable vocabulary for a later/advanced course (not a transparent cognate, paradigm drill, or bare mapping anchor)
icy9w1jbof	extended	P3-4b: teachable vocabulary for a later/advanced course (not a transparent cognate, paradigm drill, or bare mapping anchor)
3g6io2gum3	extended	P3-4b: teachable vocabulary for a later/advanced course (not a transparent cognate, paradigm drill, or bare mapping anchor)
a2i51axsd5	extended	P3-4b: teachable vocabulary for a later/advanced course (not a transparent cognate, paradigm drill, or bare mapping anchor)
4lo9q0j4yd	extended	P3-4b: teachable vocabulary for a later/advanced course (not a transparent cognate, paradigm drill, or bare mapping anchor)
t8nz7yo86j	extended	P3-4b: teachable vocabulary for a later/advanced course (not a transparent cognate, paradigm drill, or bare mapping anchor)
01fx4rdiv4	extended	P3-4b: teachable vocabulary for a later/advanced course (not a transparent cognate, paradigm drill, or bare mapping anchor)
r6zqq82nx9	extended	P3-4b: teachable vocabulary for a later/advanced course (not a transparent cognate, paradigm drill, or bare mapping anchor)
1jnwnfapfk	extended	P3-4b: teachable vocabulary for a later/advanced course (not a transparent cognate, paradigm drill, or bare mapping anchor)
5lspctsw4y	extended	P3-4b: teachable vocabulary for a later/advanced course (not a transparent cognate, paradigm drill, or bare mapping anchor)
pl1kwzxv0a	extended	P3-4b: teachable vocabulary for a later/advanced course (not a transparent cognate, paradigm drill, or bare mapping anchor)
afevkeg23w	extended	P3-4b: teachable vocabulary for a later/advanced course (not a transparent cognate, paradigm drill, or bare mapping anchor)
ta7tkxiwoz	extended	P3-4b: teachable vocabulary for a later/advanced course (not a transparent cognate, paradigm drill, or bare mapping anchor)
sk7qkjn915	extended	P3-4b: teachable vocabulary for a later/advanced course (not a transparent cognate, paradigm drill, or bare mapping anchor)
lc0faais7l	extended	P3-4b: teachable vocabulary for a later/advanced course (not a transparent cognate, paradigm drill, or bare mapping anchor)
k6iafnbzra	extended	P3-4b: teachable vocabulary for a later/advanced course (not a transparent cognate, paradigm drill, or bare mapping anchor)
5ym0n1ham4	extended	P3-4b: teachable vocabulary for a later/advanced course (not a transparent cognate, paradigm drill, or bare mapping anchor)
swyolg0a4s	extended	P3-4b: teachable vocabulary for a later/advanced course (not a transparent cognate, paradigm drill, or bare mapping anchor)
fwzmjvs06n	extended	P3-4b: teachable vocabulary for a later/advanced course (not a transparent cognate, paradigm drill, or bare mapping anchor)
2473ghkde3	extended	P3-4b: teachable vocabulary for a later/advanced course (not a transparent cognate, paradigm drill, or bare mapping anchor)
cncdjpkngf	extended	P3-4b: teachable vocabulary for a later/advanced course (not a transparent cognate, paradigm drill, or bare mapping anchor)
160kt5bnxh	extended	P3-4b: teachable vocabulary for a later/advanced course (not a transparent cognate, paradigm drill, or bare mapping anchor)
hl2al0rw9y	extended	P3-4b: teachable vocabulary for a later/advanced course (not a transparent cognate, paradigm drill, or bare mapping anchor)
6wu6m8g0qn	extended	P3-4b: teachable vocabulary for a later/advanced course (not a transparent cognate, paradigm drill, or bare mapping anchor)
nkeko9z633	extended	P3-4b: teachable vocabulary for a later/advanced course (not a transparent cognate, paradigm drill, or bare mapping anchor)
ivazb37oky	extended	P3-4b: teachable vocabulary for a later/advanced course (not a transparent cognate, paradigm drill, or bare mapping anchor)
u2xyysd9xq	extended	P3-4b: teachable vocabulary for a later/advanced course (not a transparent cognate, paradigm drill, or bare mapping anchor)
82ydmvggbd	extended	P3-4b: teachable vocabulary for a later/advanced course (not a transparent cognate, paradigm drill, or bare mapping anchor)
o6ai5zj4rm	extended	P3-4b: teachable vocabulary for a later/advanced course (not a transparent cognate, paradigm drill, or bare mapping anchor)
hgehatyyz5	extended	P3-4b: teachable vocabulary for a later/advanced course (not a transparent cognate, paradigm drill, or bare mapping anchor)
02s3tysyuj	extended	P3-4b: teachable vocabulary for a later/advanced course (not a transparent cognate, paradigm drill, or bare mapping anchor)
177q0zbrgx	extended	P3-4b: teachable vocabulary for a later/advanced course (not a transparent cognate, paradigm drill, or bare mapping anchor)
iz4606mcoe	extended	P3-4b: teachable vocabulary for a later/advanced course (not a transparent cognate, paradigm drill, or bare mapping anchor)
xzu44okx8u	extended	P3-4b: teachable vocabulary for a later/advanced course (not a transparent cognate, paradigm drill, or bare mapping anchor)
c0zsrdafq1	extended	P3-4b: teachable vocabulary for a later/advanced course (not a transparent cognate, paradigm drill, or bare mapping anchor)
y19rhj9ey3	extended	P3-4b: teachable vocabulary for a later/advanced course (not a transparent cognate, paradigm drill, or bare mapping anchor)
evibiw8ufb	extended	P3-4b: teachable vocabulary for a later/advanced course (not a transparent cognate, paradigm drill, or bare mapping anchor)
oh2mhln5f2	extended	P3-4b: teachable vocabulary for a later/advanced course (not a transparent cognate, paradigm drill, or bare mapping anchor)
ryd2rbiwn8	extended	P3-4b: teachable vocabulary for a later/advanced course (not a transparent cognate, paradigm drill, or bare mapping anchor)
1gru886lce	extended	P3-4b: teachable vocabulary for a later/advanced course (not a transparent cognate, paradigm drill, or bare mapping anchor)
tea1mmftnt	extended	P3-4b: teachable vocabulary for a later/advanced course (not a transparent cognate, paradigm drill, or bare mapping anchor)
uriamnzen2	extended	P3-4b: teachable vocabulary for a later/advanced course (not a transparent cognate, paradigm drill, or bare mapping anchor)
qwj72o0pgh	extended	P3-4b: teachable vocabulary for a later/advanced course (not a transparent cognate, paradigm drill, or bare mapping anchor)
rjnvvjdloq	extended	P3-4b: teachable vocabulary for a later/advanced course (not a transparent cognate, paradigm drill, or bare mapping anchor)
tpmllm0cqq	extended	P3-4b: teachable vocabulary for a later/advanced course (not a transparent cognate, paradigm drill, or bare mapping anchor)
7n967goat0	extended	P3-4b: teachable vocabulary for a later/advanced course (not a transparent cognate, paradigm drill, or bare mapping anchor)
edcjj9goei	extended	P3-4b: teachable vocabulary for a later/advanced course (not a transparent cognate, paradigm drill, or bare mapping anchor)
gmw4l9fuma	extended	P3-4b: teachable vocabulary for a later/advanced course (not a transparent cognate, paradigm drill, or bare mapping anchor)
whfyozgbyl	extended	P3-4b: teachable vocabulary for a later/advanced course (not a transparent cognate, paradigm drill, or bare mapping anchor)
9701k29zz9	extended	P3-4b: teachable vocabulary for a later/advanced course (not a transparent cognate, paradigm drill, or bare mapping anchor)
sqk4k5as8g	extended	P3-4b: teachable vocabulary for a later/advanced course (not a transparent cognate, paradigm drill, or bare mapping anchor)
fj5mrpoqkv	extended	P3-4b: teachable vocabulary for a later/advanced course (not a transparent cognate, paradigm drill, or bare mapping anchor)
qwp1msjfsn	extended	P3-4b: teachable vocabulary for a later/advanced course (not a transparent cognate, paradigm drill, or bare mapping anchor)
nis5rixomq	extended	P3-4b: teachable vocabulary for a later/advanced course (not a transparent cognate, paradigm drill, or bare mapping anchor)
hm7k1xxksu	extended	P3-4b: teachable vocabulary for a later/advanced course (not a transparent cognate, paradigm drill, or bare mapping anchor)
vuq3vxf107	extended	P3-4b: teachable vocabulary for a later/advanced course (not a transparent cognate, paradigm drill, or bare mapping anchor)
1vzkonyjt2	extended	P3-4b: teachable vocabulary for a later/advanced course (not a transparent cognate, paradigm drill, or bare mapping anchor)
w43ib0sqsf	extended	P3-4b: teachable vocabulary for a later/advanced course (not a transparent cognate, paradigm drill, or bare mapping anchor)
zanvhwodyn	extended	P3-4b: teachable vocabulary for a later/advanced course (not a transparent cognate, paradigm drill, or bare mapping anchor)
jdjgsh7ufu	extended	P3-4b: teachable vocabulary for a later/advanced course (not a transparent cognate, paradigm drill, or bare mapping anchor)
6rym81cqq5	extended	P3-4b: teachable vocabulary for a later/advanced course (not a transparent cognate, paradigm drill, or bare mapping anchor)
hkwmzoq48t	extended	P3-4b: teachable vocabulary for a later/advanced course (not a transparent cognate, paradigm drill, or bare mapping anchor)
3q9ho91km6	extended	P3-4b: teachable vocabulary for a later/advanced course (not a transparent cognate, paradigm drill, or bare mapping anchor)
mo76rkcg2d	extended	P3-4b: teachable vocabulary for a later/advanced course (not a transparent cognate, paradigm drill, or bare mapping anchor)
0gn1cne1me	extended	P3-4b: teachable vocabulary for a later/advanced course (not a transparent cognate, paradigm drill, or bare mapping anchor)
3oj2b62moq	extended	P3-4b: teachable vocabulary for a later/advanced course (not a transparent cognate, paradigm drill, or bare mapping anchor)
uhk2loskh5	extended	P3-4b: teachable vocabulary for a later/advanced course (not a transparent cognate, paradigm drill, or bare mapping anchor)
9o8xleny13	extended	P3-4b: teachable vocabulary for a later/advanced course (not a transparent cognate, paradigm drill, or bare mapping anchor)
rjswr2t3e6	extended	P3-4b: teachable vocabulary for a later/advanced course (not a transparent cognate, paradigm drill, or bare mapping anchor)
id2e6gz2kt	extended	P3-4b: teachable vocabulary for a later/advanced course (not a transparent cognate, paradigm drill, or bare mapping anchor)
2wa96n35mw	extended	P3-4b: teachable vocabulary for a later/advanced course (not a transparent cognate, paradigm drill, or bare mapping anchor)
80jaaa2rlj	extended	P3-4b: teachable vocabulary for a later/advanced course (not a transparent cognate, paradigm drill, or bare mapping anchor)
9ydqb8w1ak	extended	P3-4b: teachable vocabulary for a later/advanced course (not a transparent cognate, paradigm drill, or bare mapping anchor)
q0dipekeiv	extended	P3-4b: teachable vocabulary for a later/advanced course (not a transparent cognate, paradigm drill, or bare mapping anchor)
nhqct1dhzu	extended	P3-4b: teachable vocabulary for a later/advanced course (not a transparent cognate, paradigm drill, or bare mapping anchor)
4vmjcs20a5	extended	P3-4b: teachable vocabulary for a later/advanced course (not a transparent cognate, paradigm drill, or bare mapping anchor)
4of879pazj	extended	P3-4b: teachable vocabulary for a later/advanced course (not a transparent cognate, paradigm drill, or bare mapping anchor)
x765otzaij	extended	P3-4b: teachable vocabulary for a later/advanced course (not a transparent cognate, paradigm drill, or bare mapping anchor)
za3b558g1u	extended	P3-4b: teachable vocabulary for a later/advanced course (not a transparent cognate, paradigm drill, or bare mapping anchor)
pwxlw3xx2t	extended	P3-4b: teachable vocabulary for a later/advanced course (not a transparent cognate, paradigm drill, or bare mapping anchor)
0g80eirvrz	extended	P3-4b: teachable vocabulary for a later/advanced course (not a transparent cognate, paradigm drill, or bare mapping anchor)
kliqfbzr2f	extended	P3-4b: teachable vocabulary for a later/advanced course (not a transparent cognate, paradigm drill, or bare mapping anchor)
t5kcjkgoio	extended	P3-4b: teachable vocabulary for a later/advanced course (not a transparent cognate, paradigm drill, or bare mapping anchor)
ggm7pz4s38	extended	P3-4b: teachable vocabulary for a later/advanced course (not a transparent cognate, paradigm drill, or bare mapping anchor)
epafqviovk	extended	P3-4b: teachable vocabulary for a later/advanced course (not a transparent cognate, paradigm drill, or bare mapping anchor)
subaw4lf2e	extended	P3-4b: teachable vocabulary for a later/advanced course (not a transparent cognate, paradigm drill, or bare mapping anchor)
irkqfrah8h	extended	P3-4b: teachable vocabulary for a later/advanced course (not a transparent cognate, paradigm drill, or bare mapping anchor)
komqoyh86l	extended	P3-4b: teachable vocabulary for a later/advanced course (not a transparent cognate, paradigm drill, or bare mapping anchor)
uujozpaw2h	extended	P3-4b: teachable vocabulary for a later/advanced course (not a transparent cognate, paradigm drill, or bare mapping anchor)
inhrs98gy2	extended	P3-4b: teachable vocabulary for a later/advanced course (not a transparent cognate, paradigm drill, or bare mapping anchor)
as4ogkvga8	extended	P3-4b: teachable vocabulary for a later/advanced course (not a transparent cognate, paradigm drill, or bare mapping anchor)
iake34eucs	extended	P3-4b: teachable vocabulary for a later/advanced course (not a transparent cognate, paradigm drill, or bare mapping anchor)
lptgwusb5o	extended	P3-4b: teachable vocabulary for a later/advanced course (not a transparent cognate, paradigm drill, or bare mapping anchor)
nb4w5o0cgc	extended	P3-4b: teachable vocabulary for a later/advanced course (not a transparent cognate, paradigm drill, or bare mapping anchor)
s9leem6i29	extended	P3-4b: teachable vocabulary for a later/advanced course (not a transparent cognate, paradigm drill, or bare mapping anchor)
jxuqf3vywv	extended	P3-4b: teachable vocabulary for a later/advanced course (not a transparent cognate, paradigm drill, or bare mapping anchor)
4vuklzq5ed	extended	P3-4b: teachable vocabulary for a later/advanced course (not a transparent cognate, paradigm drill, or bare mapping anchor)
frwznw3neu	extended	P3-4b: teachable vocabulary for a later/advanced course (not a transparent cognate, paradigm drill, or bare mapping anchor)
32lecsnkbn	extended	P3-4b: teachable vocabulary for a later/advanced course (not a transparent cognate, paradigm drill, or bare mapping anchor)
j3a9nczpz7	extended	P3-4b: teachable vocabulary for a later/advanced course (not a transparent cognate, paradigm drill, or bare mapping anchor)
grd7p3e7kw	extended	P3-4b: teachable vocabulary for a later/advanced course (not a transparent cognate, paradigm drill, or bare mapping anchor)
euubcqf5w0	extended	P3-4b: teachable vocabulary for a later/advanced course (not a transparent cognate, paradigm drill, or bare mapping anchor)
spqggf97ma	extended	P3-4b: teachable vocabulary for a later/advanced course (not a transparent cognate, paradigm drill, or bare mapping anchor)
h92pv2aho7	extended	P3-4b: teachable vocabulary for a later/advanced course (not a transparent cognate, paradigm drill, or bare mapping anchor)
zr2o52sx7y	extended	P3-4b: teachable vocabulary for a later/advanced course (not a transparent cognate, paradigm drill, or bare mapping anchor)
n5gllks2an	extended	P3-4b: teachable vocabulary for a later/advanced course (not a transparent cognate, paradigm drill, or bare mapping anchor)
j89bqvhlm0	extended	P3-4b: teachable vocabulary for a later/advanced course (not a transparent cognate, paradigm drill, or bare mapping anchor)
savje2u82z	extended	P3-4b: teachable vocabulary for a later/advanced course (not a transparent cognate, paradigm drill, or bare mapping anchor)
wew9sag3jl	extended	P3-4b: teachable vocabulary for a later/advanced course (not a transparent cognate, paradigm drill, or bare mapping anchor)
rvx9hh6oh0	extended	P3-4b: teachable vocabulary for a later/advanced course (not a transparent cognate, paradigm drill, or bare mapping anchor)
3m5g5fxdnu	extended	P3-4b: teachable vocabulary for a later/advanced course (not a transparent cognate, paradigm drill, or bare mapping anchor)
pxrkuoz9om	extended	P3-4b: teachable vocabulary for a later/advanced course (not a transparent cognate, paradigm drill, or bare mapping anchor)
b7js6hk28a	extended	P3-4b: teachable vocabulary for a later/advanced course (not a transparent cognate, paradigm drill, or bare mapping anchor)
1vp9cxf3e2	extended	P3-4b: teachable vocabulary for a later/advanced course (not a transparent cognate, paradigm drill, or bare mapping anchor)
8mhghrw0y0	extended	P3-4b: teachable vocabulary for a later/advanced course (not a transparent cognate, paradigm drill, or bare mapping anchor)
s2fkpkgyh0	extended	P3-4b: teachable vocabulary for a later/advanced course (not a transparent cognate, paradigm drill, or bare mapping anchor)
ua4c3n110x	extended	P3-4b: teachable vocabulary for a later/advanced course (not a transparent cognate, paradigm drill, or bare mapping anchor)
sszeanx1ia	extended	P3-4b: teachable vocabulary for a later/advanced course (not a transparent cognate, paradigm drill, or bare mapping anchor)
8m3dkw2zpm	extended	P3-4b: teachable vocabulary for a later/advanced course (not a transparent cognate, paradigm drill, or bare mapping anchor)
ip5b4c26sx	extended	P3-4b: teachable vocabulary for a later/advanced course (not a transparent cognate, paradigm drill, or bare mapping anchor)
x9hgaascge	extended	P3-4b: teachable vocabulary for a later/advanced course (not a transparent cognate, paradigm drill, or bare mapping anchor)
hbyr6b4vte	extended	P3-4b: teachable vocabulary for a later/advanced course (not a transparent cognate, paradigm drill, or bare mapping anchor)
e8nzmbgdqf	extended	P3-4b: teachable vocabulary for a later/advanced course (not a transparent cognate, paradigm drill, or bare mapping anchor)
snogejtps3	extended	P3-4b: teachable vocabulary for a later/advanced course (not a transparent cognate, paradigm drill, or bare mapping anchor)
l1mjp8ohc0	extended	P3-4b: teachable vocabulary for a later/advanced course (not a transparent cognate, paradigm drill, or bare mapping anchor)
go9ggtice2	extended	P3-4b: teachable vocabulary for a later/advanced course (not a transparent cognate, paradigm drill, or bare mapping anchor)
4w8lwiav5p	extended	P3-4b: teachable vocabulary for a later/advanced course (not a transparent cognate, paradigm drill, or bare mapping anchor)
hkptgj59vp	extended	P3-4b: teachable vocabulary for a later/advanced course (not a transparent cognate, paradigm drill, or bare mapping anchor)
vyb77nksau	extended	P3-4b: teachable vocabulary for a later/advanced course (not a transparent cognate, paradigm drill, or bare mapping anchor)
nokrvtmufq	extended	P3-4b: teachable vocabulary for a later/advanced course (not a transparent cognate, paradigm drill, or bare mapping anchor)
1wsmg2vcda	extended	P3-4b: teachable vocabulary for a later/advanced course (not a transparent cognate, paradigm drill, or bare mapping anchor)
l2xb1ildy3	extended	P3-4b: teachable vocabulary for a later/advanced course (not a transparent cognate, paradigm drill, or bare mapping anchor)
v92yqsjvi1	extended	P3-4b: teachable vocabulary for a later/advanced course (not a transparent cognate, paradigm drill, or bare mapping anchor)
j6rsrji1gk	extended	P3-4b: teachable vocabulary for a later/advanced course (not a transparent cognate, paradigm drill, or bare mapping anchor)
2axlxx1nzw	extended	P3-4b: teachable vocabulary for a later/advanced course (not a transparent cognate, paradigm drill, or bare mapping anchor)
4wrjursav6	extended	P3-4b: teachable vocabulary for a later/advanced course (not a transparent cognate, paradigm drill, or bare mapping anchor)
6a0qr8eums	extended	P3-4b: teachable vocabulary for a later/advanced course (not a transparent cognate, paradigm drill, or bare mapping anchor)
f25nyizfkx	extended	P3-4b: teachable vocabulary for a later/advanced course (not a transparent cognate, paradigm drill, or bare mapping anchor)
tri8batgjl	extended	P3-4b: teachable vocabulary for a later/advanced course (not a transparent cognate, paradigm drill, or bare mapping anchor)
jx3qdoooew	extended	P3-4b: teachable vocabulary for a later/advanced course (not a transparent cognate, paradigm drill, or bare mapping anchor)
c7ptjv43wf	extended	P3-4b: teachable vocabulary for a later/advanced course (not a transparent cognate, paradigm drill, or bare mapping anchor)
u9jiowfl65	extended	P3-4b: teachable vocabulary for a later/advanced course (not a transparent cognate, paradigm drill, or bare mapping anchor)
897t46ipdb	extended	P3-4b: teachable vocabulary for a later/advanced course (not a transparent cognate, paradigm drill, or bare mapping anchor)
68ly0bl6ba	extended	P3-4b: teachable vocabulary for a later/advanced course (not a transparent cognate, paradigm drill, or bare mapping anchor)
12y0cip3q1	extended	P3-4b: teachable vocabulary for a later/advanced course (not a transparent cognate, paradigm drill, or bare mapping anchor)
qf9u95fmxk	extended	P3-4b: teachable vocabulary for a later/advanced course (not a transparent cognate, paradigm drill, or bare mapping anchor)
gr9qqtsbbn	extended	P3-4b: teachable vocabulary for a later/advanced course (not a transparent cognate, paradigm drill, or bare mapping anchor)
ofi77mzek8	extended	P3-4b: teachable vocabulary for a later/advanced course (not a transparent cognate, paradigm drill, or bare mapping anchor)
0mp393y24p	extended	P3-4b: teachable vocabulary for a later/advanced course (not a transparent cognate, paradigm drill, or bare mapping anchor)
204wng99bx	extended	P3-4b: teachable vocabulary for a later/advanced course (not a transparent cognate, paradigm drill, or bare mapping anchor)
v7qsq6oet3	extended	P3-4b: teachable vocabulary for a later/advanced course (not a transparent cognate, paradigm drill, or bare mapping anchor)
kz0e1id4s4	extended	P3-4b: teachable vocabulary for a later/advanced course (not a transparent cognate, paradigm drill, or bare mapping anchor)
gh92p4vhuj	extended	P3-4b: teachable vocabulary for a later/advanced course (not a transparent cognate, paradigm drill, or bare mapping anchor)
71n5lnu5e1	extended	P3-4b: teachable vocabulary for a later/advanced course (not a transparent cognate, paradigm drill, or bare mapping anchor)
wvqg9y8xx3	extended	P3-4b: teachable vocabulary for a later/advanced course (not a transparent cognate, paradigm drill, or bare mapping anchor)
dcbjy0grcq	extended	P3-4b: teachable vocabulary for a later/advanced course (not a transparent cognate, paradigm drill, or bare mapping anchor)
ltyh3i8eqd	extended	P3-4b: teachable vocabulary for a later/advanced course (not a transparent cognate, paradigm drill, or bare mapping anchor)
uzeqfh2cbl	extended	P3-4b: teachable vocabulary for a later/advanced course (not a transparent cognate, paradigm drill, or bare mapping anchor)
vgflpedkcj	extended	P3-4b: teachable vocabulary for a later/advanced course (not a transparent cognate, paradigm drill, or bare mapping anchor)
c5hr8odlxd	extended	P3-4b: teachable vocabulary for a later/advanced course (not a transparent cognate, paradigm drill, or bare mapping anchor)
u40vouf4og	extended	P3-4b: teachable vocabulary for a later/advanced course (not a transparent cognate, paradigm drill, or bare mapping anchor)
yztwsyb4p5	extended	P3-4b: teachable vocabulary for a later/advanced course (not a transparent cognate, paradigm drill, or bare mapping anchor)
7onkppih6a	extended	P3-4b: teachable vocabulary for a later/advanced course (not a transparent cognate, paradigm drill, or bare mapping anchor)
jv7jdxmfpj	extended	P3-4b: teachable vocabulary for a later/advanced course (not a transparent cognate, paradigm drill, or bare mapping anchor)
rgpsxhe7h3	extended	P3-4b: teachable vocabulary for a later/advanced course (not a transparent cognate, paradigm drill, or bare mapping anchor)
9y9odv6gw9	extended	P3-4b: teachable vocabulary for a later/advanced course (not a transparent cognate, paradigm drill, or bare mapping anchor)
ty4a0kmfe9	extended	P3-4b: teachable vocabulary for a later/advanced course (not a transparent cognate, paradigm drill, or bare mapping anchor)
2y3nvlpqwe	extended	P3-4b: teachable vocabulary for a later/advanced course (not a transparent cognate, paradigm drill, or bare mapping anchor)
85utp3uzux	extended	P3-4b: teachable vocabulary for a later/advanced course (not a transparent cognate, paradigm drill, or bare mapping anchor)
bb7fukdi26	extended	P3-4b: teachable vocabulary for a later/advanced course (not a transparent cognate, paradigm drill, or bare mapping anchor)
5hh1gjpr7c	extended	P3-4b: teachable vocabulary for a later/advanced course (not a transparent cognate, paradigm drill, or bare mapping anchor)
t7h2p8595v	extended	P3-4b: teachable vocabulary for a later/advanced course (not a transparent cognate, paradigm drill, or bare mapping anchor)
uhisl4h91k	extended	P3-4b: teachable vocabulary for a later/advanced course (not a transparent cognate, paradigm drill, or bare mapping anchor)
ylgvepe6wi	extended	P3-4b: teachable vocabulary for a later/advanced course (not a transparent cognate, paradigm drill, or bare mapping anchor)
2bpm3xi7ft	extended	P3-4b: teachable vocabulary for a later/advanced course (not a transparent cognate, paradigm drill, or bare mapping anchor)
jkb4nwb6qj	extended	P3-4b: teachable vocabulary for a later/advanced course (not a transparent cognate, paradigm drill, or bare mapping anchor)
w03s2v6sq1	extended	P3-4b: teachable vocabulary for a later/advanced course (not a transparent cognate, paradigm drill, or bare mapping anchor)
awrlr9z7v4	extended	P3-4b: teachable vocabulary for a later/advanced course (not a transparent cognate, paradigm drill, or bare mapping anchor)
6s0jnfqhv2	extended	P3-4b: teachable vocabulary for a later/advanced course (not a transparent cognate, paradigm drill, or bare mapping anchor)
rtc3heix8c	extended	P3-4b: teachable vocabulary for a later/advanced course (not a transparent cognate, paradigm drill, or bare mapping anchor)
imzixo6ntc	extended	P3-4b: teachable vocabulary for a later/advanced course (not a transparent cognate, paradigm drill, or bare mapping anchor)
g0guw4apm0	extended	P3-4b: teachable vocabulary for a later/advanced course (not a transparent cognate, paradigm drill, or bare mapping anchor)
f2jyvf37n7	extended	P3-4b: teachable vocabulary for a later/advanced course (not a transparent cognate, paradigm drill, or bare mapping anchor)
0kj5wrzna7	extended	P3-4b: teachable vocabulary for a later/advanced course (not a transparent cognate, paradigm drill, or bare mapping anchor)
hpdisj6u7v	extended	P3-4b: teachable vocabulary for a later/advanced course (not a transparent cognate, paradigm drill, or bare mapping anchor)
ic3fla1k1p	extended	P3-4b: teachable vocabulary for a later/advanced course (not a transparent cognate, paradigm drill, or bare mapping anchor)
v3arwl0pds	extended	P3-4b: teachable vocabulary for a later/advanced course (not a transparent cognate, paradigm drill, or bare mapping anchor)
7grhjsaoa0	extended	P3-4b: teachable vocabulary for a later/advanced course (not a transparent cognate, paradigm drill, or bare mapping anchor)
pjr9m3okp5	extended	P3-4b: teachable vocabulary for a later/advanced course (not a transparent cognate, paradigm drill, or bare mapping anchor)
drrg6rj7ry	extended	P3-4b: teachable vocabulary for a later/advanced course (not a transparent cognate, paradigm drill, or bare mapping anchor)
sv4xcj3c16	extended	P3-4b: teachable vocabulary for a later/advanced course (not a transparent cognate, paradigm drill, or bare mapping anchor)
8o5i8xvu89	extended	P3-4b: teachable vocabulary for a later/advanced course (not a transparent cognate, paradigm drill, or bare mapping anchor)
16jugpou1c	extended	P3-4b: teachable vocabulary for a later/advanced course (not a transparent cognate, paradigm drill, or bare mapping anchor)
lfvxv89s5p	extended	P3-4b: teachable vocabulary for a later/advanced course (not a transparent cognate, paradigm drill, or bare mapping anchor)
y239ieja7n	extended	P3-4b: teachable vocabulary for a later/advanced course (not a transparent cognate, paradigm drill, or bare mapping anchor)
hwcvqf6jnh	extended	P3-4b: teachable vocabulary for a later/advanced course (not a transparent cognate, paradigm drill, or bare mapping anchor)
thr50jalym	extended	P3-4b: teachable vocabulary for a later/advanced course (not a transparent cognate, paradigm drill, or bare mapping anchor)
inwwluj4ug	extended	P3-4b: teachable vocabulary for a later/advanced course (not a transparent cognate, paradigm drill, or bare mapping anchor)
ankhn3gvu6	extended	P3-4b: teachable vocabulary for a later/advanced course (not a transparent cognate, paradigm drill, or bare mapping anchor)
7b45x2pc78	extended	P3-4b: teachable vocabulary for a later/advanced course (not a transparent cognate, paradigm drill, or bare mapping anchor)
p99yu0ey1y	extended	P3-4b: teachable vocabulary for a later/advanced course (not a transparent cognate, paradigm drill, or bare mapping anchor)
vjzoqo7829	extended	P3-4b: teachable vocabulary for a later/advanced course (not a transparent cognate, paradigm drill, or bare mapping anchor)
55k48ap3p8	extended	P3-4b: teachable vocabulary for a later/advanced course (not a transparent cognate, paradigm drill, or bare mapping anchor)
9bhhgek1hg	extended	P3-4b: teachable vocabulary for a later/advanced course (not a transparent cognate, paradigm drill, or bare mapping anchor)
95502xpq2y	extended	P3-4b: teachable vocabulary for a later/advanced course (not a transparent cognate, paradigm drill, or bare mapping anchor)
556o2u50np	extended	P3-4b: teachable vocabulary for a later/advanced course (not a transparent cognate, paradigm drill, or bare mapping anchor)
txighmsxc2	extended	P3-4b: teachable vocabulary for a later/advanced course (not a transparent cognate, paradigm drill, or bare mapping anchor)
61gghvt40a	extended	P3-4b: teachable vocabulary for a later/advanced course (not a transparent cognate, paradigm drill, or bare mapping anchor)
ar5ze0bqlr	extended	P3-4b: teachable vocabulary for a later/advanced course (not a transparent cognate, paradigm drill, or bare mapping anchor)
ad5u9obvi9	extended	P3-4b: teachable vocabulary for a later/advanced course (not a transparent cognate, paradigm drill, or bare mapping anchor)
wii1500zn6	extended	P3-4b: teachable vocabulary for a later/advanced course (not a transparent cognate, paradigm drill, or bare mapping anchor)
jws4jrf0cx	extended	P3-4b: teachable vocabulary for a later/advanced course (not a transparent cognate, paradigm drill, or bare mapping anchor)
scirzjermw	extended	P3-4b: teachable vocabulary for a later/advanced course (not a transparent cognate, paradigm drill, or bare mapping anchor)
kpe00fplij	extended	P3-4b: teachable vocabulary for a later/advanced course (not a transparent cognate, paradigm drill, or bare mapping anchor)
xf3bu4p3qr	extended	P3-4b: teachable vocabulary for a later/advanced course (not a transparent cognate, paradigm drill, or bare mapping anchor)
z34w2rwul0	extended	P3-4b: teachable vocabulary for a later/advanced course (not a transparent cognate, paradigm drill, or bare mapping anchor)
nbidca94v7	extended	P3-4b: teachable vocabulary for a later/advanced course (not a transparent cognate, paradigm drill, or bare mapping anchor)
jwc22mmcyd	extended	P3-4b: teachable vocabulary for a later/advanced course (not a transparent cognate, paradigm drill, or bare mapping anchor)
l71xfacivn	extended	P3-4b: teachable vocabulary for a later/advanced course (not a transparent cognate, paradigm drill, or bare mapping anchor)
bilb51sumb	extended	P3-4b: teachable vocabulary for a later/advanced course (not a transparent cognate, paradigm drill, or bare mapping anchor)
j5psxk7lpd	extended	P3-4b: teachable vocabulary for a later/advanced course (not a transparent cognate, paradigm drill, or bare mapping anchor)
goxootramx	extended	P3-4b: teachable vocabulary for a later/advanced course (not a transparent cognate, paradigm drill, or bare mapping anchor)
cf5552jy9p	extended	P3-4b: teachable vocabulary for a later/advanced course (not a transparent cognate, paradigm drill, or bare mapping anchor)
9ytu1uafba	extended	P3-4b: teachable vocabulary for a later/advanced course (not a transparent cognate, paradigm drill, or bare mapping anchor)
ve8mmxlgrz	extended	P3-4b: teachable vocabulary for a later/advanced course (not a transparent cognate, paradigm drill, or bare mapping anchor)
0yil0wwbgv	extended	P3-4b: teachable vocabulary for a later/advanced course (not a transparent cognate, paradigm drill, or bare mapping anchor)
psh0c11c73	extended	P3-4b: teachable vocabulary for a later/advanced course (not a transparent cognate, paradigm drill, or bare mapping anchor)
zxbk3kr77z	extended	P3-4b: teachable vocabulary for a later/advanced course (not a transparent cognate, paradigm drill, or bare mapping anchor)
vb2rixy6jn	extended	P3-4b: teachable vocabulary for a later/advanced course (not a transparent cognate, paradigm drill, or bare mapping anchor)
cz1u7ybmyj	extended	P3-4b: teachable vocabulary for a later/advanced course (not a transparent cognate, paradigm drill, or bare mapping anchor)
fzsfzh2mfr	extended	P3-4b: teachable vocabulary for a later/advanced course (not a transparent cognate, paradigm drill, or bare mapping anchor)
hyx4uupf61	extended	P3-4b: teachable vocabulary for a later/advanced course (not a transparent cognate, paradigm drill, or bare mapping anchor)
5q4eehz3vn	extended	P3-4b: teachable vocabulary for a later/advanced course (not a transparent cognate, paradigm drill, or bare mapping anchor)
9bd5m6jcab	extended	P3-4b: teachable vocabulary for a later/advanced course (not a transparent cognate, paradigm drill, or bare mapping anchor)
tzy94y3hmu	extended	P3-4b: teachable vocabulary for a later/advanced course (not a transparent cognate, paradigm drill, or bare mapping anchor)
qk02mephc9	extended	P3-4b: teachable vocabulary for a later/advanced course (not a transparent cognate, paradigm drill, or bare mapping anchor)
15xrsrpy46	extended	P3-4b: teachable vocabulary for a later/advanced course (not a transparent cognate, paradigm drill, or bare mapping anchor)
bhh5lkxsvd	extended	P3-4b: teachable vocabulary for a later/advanced course (not a transparent cognate, paradigm drill, or bare mapping anchor)
xfgzv2w5ro	extended	P3-4b: teachable vocabulary for a later/advanced course (not a transparent cognate, paradigm drill, or bare mapping anchor)
84y1p0do9w	extended	P3-4b: teachable vocabulary for a later/advanced course (not a transparent cognate, paradigm drill, or bare mapping anchor)
czlzxhiz8y	extended	P3-4b: teachable vocabulary for a later/advanced course (not a transparent cognate, paradigm drill, or bare mapping anchor)
2qn9jrryai	extended	P3-4b: teachable vocabulary for a later/advanced course (not a transparent cognate, paradigm drill, or bare mapping anchor)
5vfdd7g6pp	extended	P3-4b: teachable vocabulary for a later/advanced course (not a transparent cognate, paradigm drill, or bare mapping anchor)
2a7hnhmtu6	extended	P3-4b: teachable vocabulary for a later/advanced course (not a transparent cognate, paradigm drill, or bare mapping anchor)
bam70vmtu8	extended	P3-4b: teachable vocabulary for a later/advanced course (not a transparent cognate, paradigm drill, or bare mapping anchor)
9dj6rqtp3w	extended	P3-4b: teachable vocabulary for a later/advanced course (not a transparent cognate, paradigm drill, or bare mapping anchor)
6xu8gu7squ	extended	P3-4b: teachable vocabulary for a later/advanced course (not a transparent cognate, paradigm drill, or bare mapping anchor)
wn89ieh7zn	extended	P3-4b: teachable vocabulary for a later/advanced course (not a transparent cognate, paradigm drill, or bare mapping anchor)
w1s5ow6rtn	extended	P3-4b: teachable vocabulary for a later/advanced course (not a transparent cognate, paradigm drill, or bare mapping anchor)
0f8859fdfq	extended	P3-4b: teachable vocabulary for a later/advanced course (not a transparent cognate, paradigm drill, or bare mapping anchor)
gyhcf0i5kb	extended	P3-4b: teachable vocabulary for a later/advanced course (not a transparent cognate, paradigm drill, or bare mapping anchor)
9ockg94eza	extended	P3-4b: teachable vocabulary for a later/advanced course (not a transparent cognate, paradigm drill, or bare mapping anchor)
4n3bcm9qjj	extended	P3-4b: teachable vocabulary for a later/advanced course (not a transparent cognate, paradigm drill, or bare mapping anchor)
muc3ps9ei8	extended	P3-4b: teachable vocabulary for a later/advanced course (not a transparent cognate, paradigm drill, or bare mapping anchor)
93hf25tdab	extended	P3-4b: teachable vocabulary for a later/advanced course (not a transparent cognate, paradigm drill, or bare mapping anchor)
roc4s41s10	extended	P3-4b: teachable vocabulary for a later/advanced course (not a transparent cognate, paradigm drill, or bare mapping anchor)
7ihfylaf0m	extended	P3-4b: teachable vocabulary for a later/advanced course (not a transparent cognate, paradigm drill, or bare mapping anchor)
2afxzimfwm	extended	P3-4b: teachable vocabulary for a later/advanced course (not a transparent cognate, paradigm drill, or bare mapping anchor)
bjifboq9ja	extended	P3-4b: teachable vocabulary for a later/advanced course (not a transparent cognate, paradigm drill, or bare mapping anchor)
84ubxhmjpj	extended	P3-4b: teachable vocabulary for a later/advanced course (not a transparent cognate, paradigm drill, or bare mapping anchor)
ko06kydn82	extended	P3-4b: teachable vocabulary for a later/advanced course (not a transparent cognate, paradigm drill, or bare mapping anchor)
tjrnsl8268	extended	P3-4b: teachable vocabulary for a later/advanced course (not a transparent cognate, paradigm drill, or bare mapping anchor)
bymophjmwd	extended	P3-4b: teachable vocabulary for a later/advanced course (not a transparent cognate, paradigm drill, or bare mapping anchor)
we4uinxfyx	extended	P3-4b: teachable vocabulary for a later/advanced course (not a transparent cognate, paradigm drill, or bare mapping anchor)
cqou51zh8d	extended	P3-4b: teachable vocabulary for a later/advanced course (not a transparent cognate, paradigm drill, or bare mapping anchor)
o6vs3cstlt	extended	P3-4b: teachable vocabulary for a later/advanced course (not a transparent cognate, paradigm drill, or bare mapping anchor)
64zpt713l1	extended	P3-4b: teachable vocabulary for a later/advanced course (not a transparent cognate, paradigm drill, or bare mapping anchor)
ro9nxfyi16	extended	P3-4b: teachable vocabulary for a later/advanced course (not a transparent cognate, paradigm drill, or bare mapping anchor)
hbm575ua4b	extended	P3-4b: teachable vocabulary for a later/advanced course (not a transparent cognate, paradigm drill, or bare mapping anchor)
ezq7209l2y	extended	P3-4b: teachable vocabulary for a later/advanced course (not a transparent cognate, paradigm drill, or bare mapping anchor)
gn6wgqx5vo	extended	P3-4b: teachable vocabulary for a later/advanced course (not a transparent cognate, paradigm drill, or bare mapping anchor)
snuyccf6qe	extended	P3-4b: teachable vocabulary for a later/advanced course (not a transparent cognate, paradigm drill, or bare mapping anchor)
j7s4nn02ph	extended	P3-4b: teachable vocabulary for a later/advanced course (not a transparent cognate, paradigm drill, or bare mapping anchor)
7505bgiyyc	extended	P3-4b: teachable vocabulary for a later/advanced course (not a transparent cognate, paradigm drill, or bare mapping anchor)
kvedge4aey	extended	P3-4b: teachable vocabulary for a later/advanced course (not a transparent cognate, paradigm drill, or bare mapping anchor)
2m5zc7v18r	extended	P3-4b: teachable vocabulary for a later/advanced course (not a transparent cognate, paradigm drill, or bare mapping anchor)
fhohvsakmg	extended	P3-4b: teachable vocabulary for a later/advanced course (not a transparent cognate, paradigm drill, or bare mapping anchor)
wbo46b952m	extended	P3-4b: teachable vocabulary for a later/advanced course (not a transparent cognate, paradigm drill, or bare mapping anchor)
p1ln5nyupv	extended	P3-4b: teachable vocabulary for a later/advanced course (not a transparent cognate, paradigm drill, or bare mapping anchor)
74tgefagq1	extended	P3-4b: teachable vocabulary for a later/advanced course (not a transparent cognate, paradigm drill, or bare mapping anchor)
hodn6daubj	extended	P3-4b: teachable vocabulary for a later/advanced course (not a transparent cognate, paradigm drill, or bare mapping anchor)
7xfrxi3jd5	extended	P3-4b: teachable vocabulary for a later/advanced course (not a transparent cognate, paradigm drill, or bare mapping anchor)
j65dvjawel	extended	P3-4b: teachable vocabulary for a later/advanced course (not a transparent cognate, paradigm drill, or bare mapping anchor)
o0zirvikcg	extended	P3-4b: teachable vocabulary for a later/advanced course (not a transparent cognate, paradigm drill, or bare mapping anchor)
172vkaz4pw	extended	P3-4b: teachable vocabulary for a later/advanced course (not a transparent cognate, paradigm drill, or bare mapping anchor)
0pj00hx6vk	extended	P3-4b: teachable vocabulary for a later/advanced course (not a transparent cognate, paradigm drill, or bare mapping anchor)
3h3r7eqbfi	extended	P3-4b: teachable vocabulary for a later/advanced course (not a transparent cognate, paradigm drill, or bare mapping anchor)
22weg7i165	extended	P3-4b: teachable vocabulary for a later/advanced course (not a transparent cognate, paradigm drill, or bare mapping anchor)
ihr1107fvl	extended	P3-4b: teachable vocabulary for a later/advanced course (not a transparent cognate, paradigm drill, or bare mapping anchor)
cpp3wx8ltt	extended	P3-4b: teachable vocabulary for a later/advanced course (not a transparent cognate, paradigm drill, or bare mapping anchor)
yft1hv038t	extended	P3-4b: teachable vocabulary for a later/advanced course (not a transparent cognate, paradigm drill, or bare mapping anchor)
53sjqt51sy	extended	P3-4b: teachable vocabulary for a later/advanced course (not a transparent cognate, paradigm drill, or bare mapping anchor)
vpfrylq7cf	extended	P3-4b: teachable vocabulary for a later/advanced course (not a transparent cognate, paradigm drill, or bare mapping anchor)
2djpxpuaet	extended	P3-4b: teachable vocabulary for a later/advanced course (not a transparent cognate, paradigm drill, or bare mapping anchor)
ka80affc74	extended	P3-4b: teachable vocabulary for a later/advanced course (not a transparent cognate, paradigm drill, or bare mapping anchor)
be41h3a6k4	extended	P3-4b: teachable vocabulary for a later/advanced course (not a transparent cognate, paradigm drill, or bare mapping anchor)
15fu5msx3d	extended	P3-4b: teachable vocabulary for a later/advanced course (not a transparent cognate, paradigm drill, or bare mapping anchor)
iku0m5311z	extended	P3-4b: teachable vocabulary for a later/advanced course (not a transparent cognate, paradigm drill, or bare mapping anchor)
n6hfkj5rh5	extended	P3-4b: teachable vocabulary for a later/advanced course (not a transparent cognate, paradigm drill, or bare mapping anchor)
gebby1bfyk	extended	P3-4b: teachable vocabulary for a later/advanced course (not a transparent cognate, paradigm drill, or bare mapping anchor)
872xfzjuzx	extended	P3-4b: teachable vocabulary for a later/advanced course (not a transparent cognate, paradigm drill, or bare mapping anchor)
z9prfddx9z	extended	P3-4b: teachable vocabulary for a later/advanced course (not a transparent cognate, paradigm drill, or bare mapping anchor)
c35bwq6oiy	extended	P3-4b: teachable vocabulary for a later/advanced course (not a transparent cognate, paradigm drill, or bare mapping anchor)
i48d81wy3v	extended	P3-4b: teachable vocabulary for a later/advanced course (not a transparent cognate, paradigm drill, or bare mapping anchor)
ue1j1fbu66	extended	P3-4b: teachable vocabulary for a later/advanced course (not a transparent cognate, paradigm drill, or bare mapping anchor)
15zg97fs0p	extended	P3-4b: teachable vocabulary for a later/advanced course (not a transparent cognate, paradigm drill, or bare mapping anchor)
zzhshorqxj	extended	P3-4b: teachable vocabulary for a later/advanced course (not a transparent cognate, paradigm drill, or bare mapping anchor)
idex89b72k	extended	P3-4b: teachable vocabulary for a later/advanced course (not a transparent cognate, paradigm drill, or bare mapping anchor)
bc6xmdzd27	extended	P3-4b: teachable vocabulary for a later/advanced course (not a transparent cognate, paradigm drill, or bare mapping anchor)
m1qskewn43	extended	P3-4b: teachable vocabulary for a later/advanced course (not a transparent cognate, paradigm drill, or bare mapping anchor)
bzurrkgjau	extended	P3-4b: teachable vocabulary for a later/advanced course (not a transparent cognate, paradigm drill, or bare mapping anchor)
6rgyh7ngls	extended	P3-4b: teachable vocabulary for a later/advanced course (not a transparent cognate, paradigm drill, or bare mapping anchor)
57q3yd0rpd	extended	P3-4b: teachable vocabulary for a later/advanced course (not a transparent cognate, paradigm drill, or bare mapping anchor)
edf5jy4zrf	extended	P3-4b: teachable vocabulary for a later/advanced course (not a transparent cognate, paradigm drill, or bare mapping anchor)
bct589etct	extended	P3-4b: teachable vocabulary for a later/advanced course (not a transparent cognate, paradigm drill, or bare mapping anchor)
jocx4z0vrr	extended	P3-4b: teachable vocabulary for a later/advanced course (not a transparent cognate, paradigm drill, or bare mapping anchor)
3f40un1zgj	extended	P3-4b: teachable vocabulary for a later/advanced course (not a transparent cognate, paradigm drill, or bare mapping anchor)
ekmtzz5ms0	extended	P3-4b: teachable vocabulary for a later/advanced course (not a transparent cognate, paradigm drill, or bare mapping anchor)
pg7ymescs5	extended	P3-4b: teachable vocabulary for a later/advanced course (not a transparent cognate, paradigm drill, or bare mapping anchor)
mvvc2s3vas	extended	P3-4b: teachable vocabulary for a later/advanced course (not a transparent cognate, paradigm drill, or bare mapping anchor)
16pwsfcg7n	extended	P3-4b: teachable vocabulary for a later/advanced course (not a transparent cognate, paradigm drill, or bare mapping anchor)
5qr32psjlf	extended	P3-4b: teachable vocabulary for a later/advanced course (not a transparent cognate, paradigm drill, or bare mapping anchor)
p3nun0nd0p	extended	P3-4b: teachable vocabulary for a later/advanced course (not a transparent cognate, paradigm drill, or bare mapping anchor)
fs8u8cu63l	extended	P3-4b: teachable vocabulary for a later/advanced course (not a transparent cognate, paradigm drill, or bare mapping anchor)
abw14te962	extended	P3-4b: teachable vocabulary for a later/advanced course (not a transparent cognate, paradigm drill, or bare mapping anchor)
6i8zzmxcp2	extended	P3-4b: teachable vocabulary for a later/advanced course (not a transparent cognate, paradigm drill, or bare mapping anchor)
j0l3pcqdr1	extended	P3-4b: teachable vocabulary for a later/advanced course (not a transparent cognate, paradigm drill, or bare mapping anchor)
2krm0gf62n	extended	P3-4b: teachable vocabulary for a later/advanced course (not a transparent cognate, paradigm drill, or bare mapping anchor)
rn5bfzc47d	extended	P3-4b: teachable vocabulary for a later/advanced course (not a transparent cognate, paradigm drill, or bare mapping anchor)
b97077wlu1	extended	P3-4b: teachable vocabulary for a later/advanced course (not a transparent cognate, paradigm drill, or bare mapping anchor)
xmp7uc93ba	extended	P3-4b: teachable vocabulary for a later/advanced course (not a transparent cognate, paradigm drill, or bare mapping anchor)
jmoyai6ki1	extended	P3-4b: teachable vocabulary for a later/advanced course (not a transparent cognate, paradigm drill, or bare mapping anchor)
98z915a6a3	extended	P3-4b: teachable vocabulary for a later/advanced course (not a transparent cognate, paradigm drill, or bare mapping anchor)
ei20exbswc	extended	P3-4b: teachable vocabulary for a later/advanced course (not a transparent cognate, paradigm drill, or bare mapping anchor)
sxospymxsu	extended	P3-4b: teachable vocabulary for a later/advanced course (not a transparent cognate, paradigm drill, or bare mapping anchor)
lqnox1evi8	extended	P3-4b: teachable vocabulary for a later/advanced course (not a transparent cognate, paradigm drill, or bare mapping anchor)
vqbg70cy5y	extended	P3-4b: teachable vocabulary for a later/advanced course (not a transparent cognate, paradigm drill, or bare mapping anchor)
xefbpao3le	extended	P3-4b: teachable vocabulary for a later/advanced course (not a transparent cognate, paradigm drill, or bare mapping anchor)
dpa3heuq6k	extended	P3-4b: teachable vocabulary for a later/advanced course (not a transparent cognate, paradigm drill, or bare mapping anchor)
4l5ip3gcjx	extended	P3-4b: teachable vocabulary for a later/advanced course (not a transparent cognate, paradigm drill, or bare mapping anchor)
0utix246nk	extended	P3-4b: teachable vocabulary for a later/advanced course (not a transparent cognate, paradigm drill, or bare mapping anchor)
r8bvxs4y48	extended	P3-4b: teachable vocabulary for a later/advanced course (not a transparent cognate, paradigm drill, or bare mapping anchor)
jthckb9ofh	extended	P3-4b: teachable vocabulary for a later/advanced course (not a transparent cognate, paradigm drill, or bare mapping anchor)
ukhf4ausef	extended	P3-4b: teachable vocabulary for a later/advanced course (not a transparent cognate, paradigm drill, or bare mapping anchor)
p7wbkj3kbp	extended	P3-4b: teachable vocabulary for a later/advanced course (not a transparent cognate, paradigm drill, or bare mapping anchor)
2xv5qqprqp	extended	P3-4b: teachable vocabulary for a later/advanced course (not a transparent cognate, paradigm drill, or bare mapping anchor)
bfvjcgo2if	extended	P3-4b: teachable vocabulary for a later/advanced course (not a transparent cognate, paradigm drill, or bare mapping anchor)
r1xmdoudgw	extended	P3-4b: teachable vocabulary for a later/advanced course (not a transparent cognate, paradigm drill, or bare mapping anchor)
jgm4rn50k0	extended	P3-4b: teachable vocabulary for a later/advanced course (not a transparent cognate, paradigm drill, or bare mapping anchor)
g1m78v9491	extended	P3-4b: teachable vocabulary for a later/advanced course (not a transparent cognate, paradigm drill, or bare mapping anchor)
ic3jjkgfi7	extended	P3-4b: teachable vocabulary for a later/advanced course (not a transparent cognate, paradigm drill, or bare mapping anchor)
o6fe83ho4h	extended	P3-4b: teachable vocabulary for a later/advanced course (not a transparent cognate, paradigm drill, or bare mapping anchor)
1j7btjr7um	extended	P3-4b: teachable vocabulary for a later/advanced course (not a transparent cognate, paradigm drill, or bare mapping anchor)
ygmwenyts4	extended	P3-4b: teachable vocabulary for a later/advanced course (not a transparent cognate, paradigm drill, or bare mapping anchor)
hslqixjf7x	extended	P3-4b: teachable vocabulary for a later/advanced course (not a transparent cognate, paradigm drill, or bare mapping anchor)
zkvpk7tgr8	extended	P3-4b: teachable vocabulary for a later/advanced course (not a transparent cognate, paradigm drill, or bare mapping anchor)
vhrml0p00k	extended	P3-4b: teachable vocabulary for a later/advanced course (not a transparent cognate, paradigm drill, or bare mapping anchor)
5gxl8dnxws	extended	P3-4b: teachable vocabulary for a later/advanced course (not a transparent cognate, paradigm drill, or bare mapping anchor)
h01pvfsqvs	extended	P3-4b: teachable vocabulary for a later/advanced course (not a transparent cognate, paradigm drill, or bare mapping anchor)
o4dhqa488k	extended	P3-4b: teachable vocabulary for a later/advanced course (not a transparent cognate, paradigm drill, or bare mapping anchor)
p8bg3qqy9j	extended	P3-4b: teachable vocabulary for a later/advanced course (not a transparent cognate, paradigm drill, or bare mapping anchor)
kfalstjcfy	extended	P3-4b: teachable vocabulary for a later/advanced course (not a transparent cognate, paradigm drill, or bare mapping anchor)
my5u2xb3bf	extended	P3-4b: teachable vocabulary for a later/advanced course (not a transparent cognate, paradigm drill, or bare mapping anchor)
574u2brqmc	extended	P3-4b: teachable vocabulary for a later/advanced course (not a transparent cognate, paradigm drill, or bare mapping anchor)
476g3r2k4a	extended	P3-4b: teachable vocabulary for a later/advanced course (not a transparent cognate, paradigm drill, or bare mapping anchor)
3vfsaych3z	extended	P3-4b: teachable vocabulary for a later/advanced course (not a transparent cognate, paradigm drill, or bare mapping anchor)
vuc6ucpw1t	extended	P3-4b: teachable vocabulary for a later/advanced course (not a transparent cognate, paradigm drill, or bare mapping anchor)
qu672qzcw4	extended	P3-4b: teachable vocabulary for a later/advanced course (not a transparent cognate, paradigm drill, or bare mapping anchor)
mjhkt6xk7p	extended	P3-4b: teachable vocabulary for a later/advanced course (not a transparent cognate, paradigm drill, or bare mapping anchor)
p3rjqls2m5	extended	P3-4b: teachable vocabulary for a later/advanced course (not a transparent cognate, paradigm drill, or bare mapping anchor)
npbo00x4un	extended	P3-4b: teachable vocabulary for a later/advanced course (not a transparent cognate, paradigm drill, or bare mapping anchor)
l3azcanzjs	extended	P3-4b: teachable vocabulary for a later/advanced course (not a transparent cognate, paradigm drill, or bare mapping anchor)
jpo875v8k4	extended	P3-4b: teachable vocabulary for a later/advanced course (not a transparent cognate, paradigm drill, or bare mapping anchor)
r8h4m5ktu7	extended	P3-4b: teachable vocabulary for a later/advanced course (not a transparent cognate, paradigm drill, or bare mapping anchor)
a2v8lx8vep	extended	P3-4b: teachable vocabulary for a later/advanced course (not a transparent cognate, paradigm drill, or bare mapping anchor)
e22fyvojnc	extended	P3-4b: teachable vocabulary for a later/advanced course (not a transparent cognate, paradigm drill, or bare mapping anchor)
em9j4l7sju	extended	P3-4b: teachable vocabulary for a later/advanced course (not a transparent cognate, paradigm drill, or bare mapping anchor)
rrfkddhv71	extended	P3-4b: teachable vocabulary for a later/advanced course (not a transparent cognate, paradigm drill, or bare mapping anchor)
0dl4m98bvn	extended	P3-4b: teachable vocabulary for a later/advanced course (not a transparent cognate, paradigm drill, or bare mapping anchor)
zuk75f16uj	extended	P3-4b: teachable vocabulary for a later/advanced course (not a transparent cognate, paradigm drill, or bare mapping anchor)
vezms6u37m	extended	P3-4b: teachable vocabulary for a later/advanced course (not a transparent cognate, paradigm drill, or bare mapping anchor)
51bbm0t5il	extended	P3-4b: teachable vocabulary for a later/advanced course (not a transparent cognate, paradigm drill, or bare mapping anchor)
qelqjearnq	extended	P3-4b: teachable vocabulary for a later/advanced course (not a transparent cognate, paradigm drill, or bare mapping anchor)
wn7kntrk2s	extended	P3-4b: teachable vocabulary for a later/advanced course (not a transparent cognate, paradigm drill, or bare mapping anchor)
06j4vt3qo9	extended	P3-4b: teachable vocabulary for a later/advanced course (not a transparent cognate, paradigm drill, or bare mapping anchor)
zb5iz6a5pe	extended	P3-4b: teachable vocabulary for a later/advanced course (not a transparent cognate, paradigm drill, or bare mapping anchor)
7dlt5fqvf2	extended	P3-4b: teachable vocabulary for a later/advanced course (not a transparent cognate, paradigm drill, or bare mapping anchor)
kga9c8rq9i	extended	P3-4b: teachable vocabulary for a later/advanced course (not a transparent cognate, paradigm drill, or bare mapping anchor)
9ievaodr1f	extended	P3-4b: teachable vocabulary for a later/advanced course (not a transparent cognate, paradigm drill, or bare mapping anchor)
1j4lftiq84	extended	P3-4b: teachable vocabulary for a later/advanced course (not a transparent cognate, paradigm drill, or bare mapping anchor)
rdxs81dzm7	extended	P3-4b: teachable vocabulary for a later/advanced course (not a transparent cognate, paradigm drill, or bare mapping anchor)
937ruzq5uv	extended	P3-4b: teachable vocabulary for a later/advanced course (not a transparent cognate, paradigm drill, or bare mapping anchor)
59nalyueux	extended	P3-4b: teachable vocabulary for a later/advanced course (not a transparent cognate, paradigm drill, or bare mapping anchor)
ykeh4ro7pq	extended	P3-4b: teachable vocabulary for a later/advanced course (not a transparent cognate, paradigm drill, or bare mapping anchor)
p24l6ubhgf	extended	P3-4b: teachable vocabulary for a later/advanced course (not a transparent cognate, paradigm drill, or bare mapping anchor)
mrytj7kn57	extended	P3-4b: teachable vocabulary for a later/advanced course (not a transparent cognate, paradigm drill, or bare mapping anchor)
mnougxf39m	extended	P3-4b: teachable vocabulary for a later/advanced course (not a transparent cognate, paradigm drill, or bare mapping anchor)
xnmxa18y4p	extended	P3-4b: teachable vocabulary for a later/advanced course (not a transparent cognate, paradigm drill, or bare mapping anchor)
umirnepxs1	extended	P3-4b: teachable vocabulary for a later/advanced course (not a transparent cognate, paradigm drill, or bare mapping anchor)
rgtlu9rlm3	extended	P3-4b: teachable vocabulary for a later/advanced course (not a transparent cognate, paradigm drill, or bare mapping anchor)
nuszqtk7fc	extended	P3-4b: teachable vocabulary for a later/advanced course (not a transparent cognate, paradigm drill, or bare mapping anchor)
5hed68eq4q	extended	P3-4b: teachable vocabulary for a later/advanced course (not a transparent cognate, paradigm drill, or bare mapping anchor)
90l7vci1mc	extended	P3-4b: teachable vocabulary for a later/advanced course (not a transparent cognate, paradigm drill, or bare mapping anchor)
fywyjd1hm5	extended	P3-4b: teachable vocabulary for a later/advanced course (not a transparent cognate, paradigm drill, or bare mapping anchor)
32b69rl1gj	extended	P3-4b: teachable vocabulary for a later/advanced course (not a transparent cognate, paradigm drill, or bare mapping anchor)
fsdfrurxc8	extended	P3-4b: teachable vocabulary for a later/advanced course (not a transparent cognate, paradigm drill, or bare mapping anchor)
m0mgste8it	extended	P3-4b: teachable vocabulary for a later/advanced course (not a transparent cognate, paradigm drill, or bare mapping anchor)
taszogayx6	extended	P3-4b: teachable vocabulary for a later/advanced course (not a transparent cognate, paradigm drill, or bare mapping anchor)
zdbqkvbfi8	extended	P3-4b: teachable vocabulary for a later/advanced course (not a transparent cognate, paradigm drill, or bare mapping anchor)
9vw489mt1w	extended	P3-4b: teachable vocabulary for a later/advanced course (not a transparent cognate, paradigm drill, or bare mapping anchor)
at6h8seokt	extended	P3-4b: teachable vocabulary for a later/advanced course (not a transparent cognate, paradigm drill, or bare mapping anchor)
zxuys2r8q2	extended	P3-4b: teachable vocabulary for a later/advanced course (not a transparent cognate, paradigm drill, or bare mapping anchor)
dczcf3gaak	extended	P3-4b: teachable vocabulary for a later/advanced course (not a transparent cognate, paradigm drill, or bare mapping anchor)
nl064twuml	extended	P3-4b: teachable vocabulary for a later/advanced course (not a transparent cognate, paradigm drill, or bare mapping anchor)
j84bvckgfu	extended	P3-4b: teachable vocabulary for a later/advanced course (not a transparent cognate, paradigm drill, or bare mapping anchor)
cdmbvhyfgd	extended	P3-4b: teachable vocabulary for a later/advanced course (not a transparent cognate, paradigm drill, or bare mapping anchor)
1pgc6cfhvt	extended	P3-4b: teachable vocabulary for a later/advanced course (not a transparent cognate, paradigm drill, or bare mapping anchor)
2ycghrnlv8	extended	P3-4b: teachable vocabulary for a later/advanced course (not a transparent cognate, paradigm drill, or bare mapping anchor)
jx6ci6rshb	extended	P3-4b: teachable vocabulary for a later/advanced course (not a transparent cognate, paradigm drill, or bare mapping anchor)
tx2421g9u2	extended	P3-4b: teachable vocabulary for a later/advanced course (not a transparent cognate, paradigm drill, or bare mapping anchor)
01jw455h2b	extended	P3-4b: teachable vocabulary for a later/advanced course (not a transparent cognate, paradigm drill, or bare mapping anchor)
afxy3gj8g5	extended	P3-4b: teachable vocabulary for a later/advanced course (not a transparent cognate, paradigm drill, or bare mapping anchor)
3zg7nxwm6d	extended	P3-4b: teachable vocabulary for a later/advanced course (not a transparent cognate, paradigm drill, or bare mapping anchor)
e8u3dl9hno	extended	P3-4b: teachable vocabulary for a later/advanced course (not a transparent cognate, paradigm drill, or bare mapping anchor)
2w0dzl1mvl	extended	P3-4b: teachable vocabulary for a later/advanced course (not a transparent cognate, paradigm drill, or bare mapping anchor)
1vh5rntj16	extended	P3-4b: teachable vocabulary for a later/advanced course (not a transparent cognate, paradigm drill, or bare mapping anchor)
g54z8h8ci6	extended	P3-4b: teachable vocabulary for a later/advanced course (not a transparent cognate, paradigm drill, or bare mapping anchor)
bhlxjf47nf	extended	P3-4b: teachable vocabulary for a later/advanced course (not a transparent cognate, paradigm drill, or bare mapping anchor)
9gk6xesysy	extended	P3-4b: teachable vocabulary for a later/advanced course (not a transparent cognate, paradigm drill, or bare mapping anchor)
mckle879y4	extended	P3-4b: teachable vocabulary for a later/advanced course (not a transparent cognate, paradigm drill, or bare mapping anchor)
zuxigcomna	extended	P3-4b: teachable vocabulary for a later/advanced course (not a transparent cognate, paradigm drill, or bare mapping anchor)
56dupg98qa	extended	P3-4b: teachable vocabulary for a later/advanced course (not a transparent cognate, paradigm drill, or bare mapping anchor)
sk6v1ievgl	extended	P3-4b: teachable vocabulary for a later/advanced course (not a transparent cognate, paradigm drill, or bare mapping anchor)
p5528lcbf2	extended	P3-4b: teachable vocabulary for a later/advanced course (not a transparent cognate, paradigm drill, or bare mapping anchor)
2s5vxvtzad	extended	P3-4b: teachable vocabulary for a later/advanced course (not a transparent cognate, paradigm drill, or bare mapping anchor)
45izdwmxbd	extended	P3-4b: teachable vocabulary for a later/advanced course (not a transparent cognate, paradigm drill, or bare mapping anchor)
jl3egs4efk	extended	P3-4b: teachable vocabulary for a later/advanced course (not a transparent cognate, paradigm drill, or bare mapping anchor)
qfok7pguyz	extended	P3-4b: teachable vocabulary for a later/advanced course (not a transparent cognate, paradigm drill, or bare mapping anchor)
5oksfbyy9k	extended	P3-4b: teachable vocabulary for a later/advanced course (not a transparent cognate, paradigm drill, or bare mapping anchor)
8a3s9ew4ih	extended	P3-4b: teachable vocabulary for a later/advanced course (not a transparent cognate, paradigm drill, or bare mapping anchor)
apxuvpw3o5	extended	P3-4b: teachable vocabulary for a later/advanced course (not a transparent cognate, paradigm drill, or bare mapping anchor)
avrqqne85a	extended	P3-4b: teachable vocabulary for a later/advanced course (not a transparent cognate, paradigm drill, or bare mapping anchor)
ul1hhwhl6n	extended	P3-4b: teachable vocabulary for a later/advanced course (not a transparent cognate, paradigm drill, or bare mapping anchor)
rwhexrucnp	extended	P3-4b: teachable vocabulary for a later/advanced course (not a transparent cognate, paradigm drill, or bare mapping anchor)
ive1a0ziw4	extended	P3-4b: teachable vocabulary for a later/advanced course (not a transparent cognate, paradigm drill, or bare mapping anchor)
4682tqlxn1	extended	P3-4b: teachable vocabulary for a later/advanced course (not a transparent cognate, paradigm drill, or bare mapping anchor)
c78n36azdg	extended	P3-4b: teachable vocabulary for a later/advanced course (not a transparent cognate, paradigm drill, or bare mapping anchor)
r2a8013xq8	extended	P3-4b: teachable vocabulary for a later/advanced course (not a transparent cognate, paradigm drill, or bare mapping anchor)
75py7jmtq1	extended	P3-4b: teachable vocabulary for a later/advanced course (not a transparent cognate, paradigm drill, or bare mapping anchor)
3iomqnzseh	extended	P3-4b: teachable vocabulary for a later/advanced course (not a transparent cognate, paradigm drill, or bare mapping anchor)
rqwcklpzgf	extended	P3-4b: teachable vocabulary for a later/advanced course (not a transparent cognate, paradigm drill, or bare mapping anchor)
gss6t797jr	extended	P3-4b: teachable vocabulary for a later/advanced course (not a transparent cognate, paradigm drill, or bare mapping anchor)
2fk5xrp2jk	extended	P3-4b: teachable vocabulary for a later/advanced course (not a transparent cognate, paradigm drill, or bare mapping anchor)
4qgyr81gdo	extended	P3-4b: teachable vocabulary for a later/advanced course (not a transparent cognate, paradigm drill, or bare mapping anchor)
1hdf0vdcbi	extended	P3-4b: teachable vocabulary for a later/advanced course (not a transparent cognate, paradigm drill, or bare mapping anchor)
uhnngjckpc	extended	P3-4b: teachable vocabulary for a later/advanced course (not a transparent cognate, paradigm drill, or bare mapping anchor)
2ozhtjw6zj	extended	P3-4b: teachable vocabulary for a later/advanced course (not a transparent cognate, paradigm drill, or bare mapping anchor)
306v0y0d1m	extended	P3-4b: teachable vocabulary for a later/advanced course (not a transparent cognate, paradigm drill, or bare mapping anchor)
nuca0ssha7	extended	P3-4b: teachable vocabulary for a later/advanced course (not a transparent cognate, paradigm drill, or bare mapping anchor)
pxhlmu008o	extended	P3-4b: teachable vocabulary for a later/advanced course (not a transparent cognate, paradigm drill, or bare mapping anchor)
4bskv8tvfe	extended	P3-4b: teachable vocabulary for a later/advanced course (not a transparent cognate, paradigm drill, or bare mapping anchor)
f3upgnrzbs	extended	P3-4b: teachable vocabulary for a later/advanced course (not a transparent cognate, paradigm drill, or bare mapping anchor)
pf2ish76f5	extended	P3-4b: teachable vocabulary for a later/advanced course (not a transparent cognate, paradigm drill, or bare mapping anchor)
6saunfdsa0	extended	P3-4b: teachable vocabulary for a later/advanced course (not a transparent cognate, paradigm drill, or bare mapping anchor)
s1emq6fii2	extended	P3-4b: teachable vocabulary for a later/advanced course (not a transparent cognate, paradigm drill, or bare mapping anchor)
f1n3f66q0x	extended	P3-4b: teachable vocabulary for a later/advanced course (not a transparent cognate, paradigm drill, or bare mapping anchor)
3nytgzkkim	extended	P3-4b: teachable vocabulary for a later/advanced course (not a transparent cognate, paradigm drill, or bare mapping anchor)
27gxfb0ajj	extended	P3-4b: teachable vocabulary for a later/advanced course (not a transparent cognate, paradigm drill, or bare mapping anchor)
wine5n6gd9	extended	P3-4b: teachable vocabulary for a later/advanced course (not a transparent cognate, paradigm drill, or bare mapping anchor)
0v2r7ohznv	extended	P3-4b: teachable vocabulary for a later/advanced course (not a transparent cognate, paradigm drill, or bare mapping anchor)
t9gvvynhud	extended	P3-4b: teachable vocabulary for a later/advanced course (not a transparent cognate, paradigm drill, or bare mapping anchor)
8g7yjhzzf4	extended	P3-4b: teachable vocabulary for a later/advanced course (not a transparent cognate, paradigm drill, or bare mapping anchor)
ws6aqyp5xd	extended	P3-4b: teachable vocabulary for a later/advanced course (not a transparent cognate, paradigm drill, or bare mapping anchor)
70f495461k	extended	P3-4b: teachable vocabulary for a later/advanced course (not a transparent cognate, paradigm drill, or bare mapping anchor)
yt3bjazug3	extended	P3-4b: teachable vocabulary for a later/advanced course (not a transparent cognate, paradigm drill, or bare mapping anchor)
5c41gd4gqg	extended	P3-4b: teachable vocabulary for a later/advanced course (not a transparent cognate, paradigm drill, or bare mapping anchor)
506goyjb09	extended	P3-4b: teachable vocabulary for a later/advanced course (not a transparent cognate, paradigm drill, or bare mapping anchor)
jtm9v93uc2	extended	P3-4b: teachable vocabulary for a later/advanced course (not a transparent cognate, paradigm drill, or bare mapping anchor)
k2cbtbb9an	extended	P3-4b: teachable vocabulary for a later/advanced course (not a transparent cognate, paradigm drill, or bare mapping anchor)
5i08zx64uf	extended	P3-4b: teachable vocabulary for a later/advanced course (not a transparent cognate, paradigm drill, or bare mapping anchor)
86ogukorla	extended	P3-4b: teachable vocabulary for a later/advanced course (not a transparent cognate, paradigm drill, or bare mapping anchor)
a6vkntbt36	extended	P3-4b: teachable vocabulary for a later/advanced course (not a transparent cognate, paradigm drill, or bare mapping anchor)
6rm2kx5c4o	extended	P3-4b: teachable vocabulary for a later/advanced course (not a transparent cognate, paradigm drill, or bare mapping anchor)
g2cfgdbyi3	extended	P3-4b: teachable vocabulary for a later/advanced course (not a transparent cognate, paradigm drill, or bare mapping anchor)
fyziw2rb12	extended	P3-4b: teachable vocabulary for a later/advanced course (not a transparent cognate, paradigm drill, or bare mapping anchor)
khu76rod2i	extended	P3-4b: teachable vocabulary for a later/advanced course (not a transparent cognate, paradigm drill, or bare mapping anchor)
2xrg55t6l0	extended	P3-4b: teachable vocabulary for a later/advanced course (not a transparent cognate, paradigm drill, or bare mapping anchor)
qeasfm79hz	extended	P3-4b: teachable vocabulary for a later/advanced course (not a transparent cognate, paradigm drill, or bare mapping anchor)
gid93lnngw	extended	P3-4b: teachable vocabulary for a later/advanced course (not a transparent cognate, paradigm drill, or bare mapping anchor)
sk2u1fvotp	extended	P3-4b: teachable vocabulary for a later/advanced course (not a transparent cognate, paradigm drill, or bare mapping anchor)
53m0zvo429	extended	P3-4b: teachable vocabulary for a later/advanced course (not a transparent cognate, paradigm drill, or bare mapping anchor)
yk8mablp0c	extended	P3-4b: teachable vocabulary for a later/advanced course (not a transparent cognate, paradigm drill, or bare mapping anchor)
ze0uol6k43	extended	P3-4b: teachable vocabulary for a later/advanced course (not a transparent cognate, paradigm drill, or bare mapping anchor)
vvjft5svqr	extended	P3-4b: teachable vocabulary for a later/advanced course (not a transparent cognate, paradigm drill, or bare mapping anchor)
84ep3pyukv	extended	P3-4b: teachable vocabulary for a later/advanced course (not a transparent cognate, paradigm drill, or bare mapping anchor)
szn7fm8wsx	extended	P3-4b: teachable vocabulary for a later/advanced course (not a transparent cognate, paradigm drill, or bare mapping anchor)
8xc9lgyn8v	extended	P3-4b: teachable vocabulary for a later/advanced course (not a transparent cognate, paradigm drill, or bare mapping anchor)
1nhgx0mth4	extended	P3-4b: teachable vocabulary for a later/advanced course (not a transparent cognate, paradigm drill, or bare mapping anchor)
4sabms9mlz	extended	P3-4b: teachable vocabulary for a later/advanced course (not a transparent cognate, paradigm drill, or bare mapping anchor)
eupe6m3e72	extended	P3-4b: teachable vocabulary for a later/advanced course (not a transparent cognate, paradigm drill, or bare mapping anchor)
0jle9bry8q	extended	P3-4b: teachable vocabulary for a later/advanced course (not a transparent cognate, paradigm drill, or bare mapping anchor)
lcz2539dyj	extended	P3-4b: teachable vocabulary for a later/advanced course (not a transparent cognate, paradigm drill, or bare mapping anchor)
j7dljg4amk	extended	P3-4b: teachable vocabulary for a later/advanced course (not a transparent cognate, paradigm drill, or bare mapping anchor)
t7i1q6sopk	extended	P3-4b: teachable vocabulary for a later/advanced course (not a transparent cognate, paradigm drill, or bare mapping anchor)
i7kngch29y	extended	P3-4b: teachable vocabulary for a later/advanced course (not a transparent cognate, paradigm drill, or bare mapping anchor)
8sroghkesj	extended	P3-4b: teachable vocabulary for a later/advanced course (not a transparent cognate, paradigm drill, or bare mapping anchor)
of2xl1evmv	extended	P3-4b: teachable vocabulary for a later/advanced course (not a transparent cognate, paradigm drill, or bare mapping anchor)
56hciu6j5h	extended	P3-4b: teachable vocabulary for a later/advanced course (not a transparent cognate, paradigm drill, or bare mapping anchor)
gwnpt7pmq9	extended	P3-4b: teachable vocabulary for a later/advanced course (not a transparent cognate, paradigm drill, or bare mapping anchor)
22lgqfjinn	extended	P3-4b: teachable vocabulary for a later/advanced course (not a transparent cognate, paradigm drill, or bare mapping anchor)
36f58l84gt	extended	P3-4b: teachable vocabulary for a later/advanced course (not a transparent cognate, paradigm drill, or bare mapping anchor)
map0ad7rwe	extended	P3-4b: teachable vocabulary for a later/advanced course (not a transparent cognate, paradigm drill, or bare mapping anchor)
ap3fcdf0yn	extended	P3-4b: teachable vocabulary for a later/advanced course (not a transparent cognate, paradigm drill, or bare mapping anchor)
g5nlbifpst	extended	P3-4b: teachable vocabulary for a later/advanced course (not a transparent cognate, paradigm drill, or bare mapping anchor)
97h5zo76ab	extended	P3-4b: teachable vocabulary for a later/advanced course (not a transparent cognate, paradigm drill, or bare mapping anchor)
23jqqwk28f	extended	P3-4b: teachable vocabulary for a later/advanced course (not a transparent cognate, paradigm drill, or bare mapping anchor)
k3jg1rin0g	extended	P3-4b: teachable vocabulary for a later/advanced course (not a transparent cognate, paradigm drill, or bare mapping anchor)
ksf8aynt7s	extended	P3-4b: teachable vocabulary for a later/advanced course (not a transparent cognate, paradigm drill, or bare mapping anchor)
vmo1fuguve	extended	P3-4b: teachable vocabulary for a later/advanced course (not a transparent cognate, paradigm drill, or bare mapping anchor)
a600jvsbhd	extended	P3-4b: teachable vocabulary for a later/advanced course (not a transparent cognate, paradigm drill, or bare mapping anchor)
f2rqqk1bhq	extended	P3-4b: teachable vocabulary for a later/advanced course (not a transparent cognate, paradigm drill, or bare mapping anchor)
1h6ivxy4ug	extended	P3-4b: teachable vocabulary for a later/advanced course (not a transparent cognate, paradigm drill, or bare mapping anchor)
96b3j70qvp	extended	P3-4b: teachable vocabulary for a later/advanced course (not a transparent cognate, paradigm drill, or bare mapping anchor)
qb9jngemsu	extended	P3-4b: teachable vocabulary for a later/advanced course (not a transparent cognate, paradigm drill, or bare mapping anchor)
q60j06yhe9	extended	P3-4b: teachable vocabulary for a later/advanced course (not a transparent cognate, paradigm drill, or bare mapping anchor)
ff3b4zlwi3	extended	P3-4b: teachable vocabulary for a later/advanced course (not a transparent cognate, paradigm drill, or bare mapping anchor)
v2n44iz4vk	extended	P3-4b: teachable vocabulary for a later/advanced course (not a transparent cognate, paradigm drill, or bare mapping anchor)
ecnxsk18jb	extended	P3-4b: teachable vocabulary for a later/advanced course (not a transparent cognate, paradigm drill, or bare mapping anchor)
k2awm82sbn	extended	P3-4b: teachable vocabulary for a later/advanced course (not a transparent cognate, paradigm drill, or bare mapping anchor)
sdju2vvodp	extended	P3-4b: teachable vocabulary for a later/advanced course (not a transparent cognate, paradigm drill, or bare mapping anchor)
lo8hzzt4fm	extended	P3-4b: teachable vocabulary for a later/advanced course (not a transparent cognate, paradigm drill, or bare mapping anchor)
bluzvvve73	extended	P3-4b: teachable vocabulary for a later/advanced course (not a transparent cognate, paradigm drill, or bare mapping anchor)
d717mdshbr	extended	P3-4b: teachable vocabulary for a later/advanced course (not a transparent cognate, paradigm drill, or bare mapping anchor)
nk3mx4ovzj	extended	P3-4b: teachable vocabulary for a later/advanced course (not a transparent cognate, paradigm drill, or bare mapping anchor)
mswf03tmci	extended	P3-4b: teachable vocabulary for a later/advanced course (not a transparent cognate, paradigm drill, or bare mapping anchor)
9fwc5wi7zq	extended	P3-4b: teachable vocabulary for a later/advanced course (not a transparent cognate, paradigm drill, or bare mapping anchor)
43jwtza671	extended	P3-4b: teachable vocabulary for a later/advanced course (not a transparent cognate, paradigm drill, or bare mapping anchor)
2b50xdv2ra	extended	P3-4b: teachable vocabulary for a later/advanced course (not a transparent cognate, paradigm drill, or bare mapping anchor)
0uad77r2ls	extended	P3-4b: teachable vocabulary for a later/advanced course (not a transparent cognate, paradigm drill, or bare mapping anchor)
fv4tu6n5s9	extended	P3-4b: teachable vocabulary for a later/advanced course (not a transparent cognate, paradigm drill, or bare mapping anchor)
3616d6u3f0	extended	P3-4b: teachable vocabulary for a later/advanced course (not a transparent cognate, paradigm drill, or bare mapping anchor)
oisusowok8	extended	P3-4b: teachable vocabulary for a later/advanced course (not a transparent cognate, paradigm drill, or bare mapping anchor)
ot7q5zodhe	extended	P3-4b: teachable vocabulary for a later/advanced course (not a transparent cognate, paradigm drill, or bare mapping anchor)
c4atxojpke	extended	P3-4b: teachable vocabulary for a later/advanced course (not a transparent cognate, paradigm drill, or bare mapping anchor)
54il000ix7	extended	P3-4b: teachable vocabulary for a later/advanced course (not a transparent cognate, paradigm drill, or bare mapping anchor)
6xxrjob54x	extended	P3-4b: teachable vocabulary for a later/advanced course (not a transparent cognate, paradigm drill, or bare mapping anchor)
tcr2y280na	extended	P3-4b: teachable vocabulary for a later/advanced course (not a transparent cognate, paradigm drill, or bare mapping anchor)
7qrlb1fdkm	extended	P3-4b: teachable vocabulary for a later/advanced course (not a transparent cognate, paradigm drill, or bare mapping anchor)
i0yujk8yu1	extended	P3-4b: teachable vocabulary for a later/advanced course (not a transparent cognate, paradigm drill, or bare mapping anchor)
1cn8z1cn8h	extended	P3-4b: teachable vocabulary for a later/advanced course (not a transparent cognate, paradigm drill, or bare mapping anchor)
q2kaxpwj2k	extended	P3-4b: teachable vocabulary for a later/advanced course (not a transparent cognate, paradigm drill, or bare mapping anchor)
ucq0kj4623	extended	P3-4b: teachable vocabulary for a later/advanced course (not a transparent cognate, paradigm drill, or bare mapping anchor)
kuqwid4udw	extended	P3-4b: teachable vocabulary for a later/advanced course (not a transparent cognate, paradigm drill, or bare mapping anchor)
bmcmt33w3k	extended	P3-4b: teachable vocabulary for a later/advanced course (not a transparent cognate, paradigm drill, or bare mapping anchor)
zgf5dpd5fx	extended	P3-4b: teachable vocabulary for a later/advanced course (not a transparent cognate, paradigm drill, or bare mapping anchor)
g1oxr95nd1	extended	P3-4b: teachable vocabulary for a later/advanced course (not a transparent cognate, paradigm drill, or bare mapping anchor)
rq5v0yngkf	extended	P3-4b: teachable vocabulary for a later/advanced course (not a transparent cognate, paradigm drill, or bare mapping anchor)
l4e9khpbor	extended	P3-4b: teachable vocabulary for a later/advanced course (not a transparent cognate, paradigm drill, or bare mapping anchor)
zeylh1i5dd	extended	P3-4b: teachable vocabulary for a later/advanced course (not a transparent cognate, paradigm drill, or bare mapping anchor)
zwz7spfbzg	extended	P3-4b: teachable vocabulary for a later/advanced course (not a transparent cognate, paradigm drill, or bare mapping anchor)
s1v75khflh	extended	P3-4b: teachable vocabulary for a later/advanced course (not a transparent cognate, paradigm drill, or bare mapping anchor)
r4r0vekbrk	extended	P3-4b: teachable vocabulary for a later/advanced course (not a transparent cognate, paradigm drill, or bare mapping anchor)
dow222398n	extended	P3-4b: teachable vocabulary for a later/advanced course (not a transparent cognate, paradigm drill, or bare mapping anchor)
r6gl23ricw	extended	P3-4b: teachable vocabulary for a later/advanced course (not a transparent cognate, paradigm drill, or bare mapping anchor)
8trwwgf2y4	extended	P3-4b: teachable vocabulary for a later/advanced course (not a transparent cognate, paradigm drill, or bare mapping anchor)
jx6jqjlcmi	extended	P3-4b: teachable vocabulary for a later/advanced course (not a transparent cognate, paradigm drill, or bare mapping anchor)
3pwv41o33w	extended	P3-4b: teachable vocabulary for a later/advanced course (not a transparent cognate, paradigm drill, or bare mapping anchor)
ygifenxb7g	extended	P3-4b: teachable vocabulary for a later/advanced course (not a transparent cognate, paradigm drill, or bare mapping anchor)
mklavcovyq	extended	P3-4b: teachable vocabulary for a later/advanced course (not a transparent cognate, paradigm drill, or bare mapping anchor)
xvopup6s8x	extended	P3-4b: teachable vocabulary for a later/advanced course (not a transparent cognate, paradigm drill, or bare mapping anchor)
y78uyi9c5c	extended	P3-4b: teachable vocabulary for a later/advanced course (not a transparent cognate, paradigm drill, or bare mapping anchor)
ajrzidjskb	extended	P3-4b: teachable vocabulary for a later/advanced course (not a transparent cognate, paradigm drill, or bare mapping anchor)
dzzngcl5ri	extended	P3-4b: teachable vocabulary for a later/advanced course (not a transparent cognate, paradigm drill, or bare mapping anchor)
ylpkircl1b	extended	P3-4b: teachable vocabulary for a later/advanced course (not a transparent cognate, paradigm drill, or bare mapping anchor)
489z76bx0v	extended	P3-4b: teachable vocabulary for a later/advanced course (not a transparent cognate, paradigm drill, or bare mapping anchor)
1amptqkvwv	extended	P3-4b: teachable vocabulary for a later/advanced course (not a transparent cognate, paradigm drill, or bare mapping anchor)
vsv7lpalf2	extended	P3-4b: teachable vocabulary for a later/advanced course (not a transparent cognate, paradigm drill, or bare mapping anchor)
mfr1ecvufm	extended	P3-4b: teachable vocabulary for a later/advanced course (not a transparent cognate, paradigm drill, or bare mapping anchor)
bkizaixxrv	extended	P3-4b: teachable vocabulary for a later/advanced course (not a transparent cognate, paradigm drill, or bare mapping anchor)
36avddqr7m	extended	P3-4b: teachable vocabulary for a later/advanced course (not a transparent cognate, paradigm drill, or bare mapping anchor)
xxxhcllv1y	extended	P3-4b: teachable vocabulary for a later/advanced course (not a transparent cognate, paradigm drill, or bare mapping anchor)
pw4jhrqiyg	extended	P3-4b: teachable vocabulary for a later/advanced course (not a transparent cognate, paradigm drill, or bare mapping anchor)
hl9fl61j2l	extended	P3-4b: teachable vocabulary for a later/advanced course (not a transparent cognate, paradigm drill, or bare mapping anchor)
oyxzv5jbvk	extended	P3-4b: teachable vocabulary for a later/advanced course (not a transparent cognate, paradigm drill, or bare mapping anchor)
rpmygmlmmv	extended	P3-4b: teachable vocabulary for a later/advanced course (not a transparent cognate, paradigm drill, or bare mapping anchor)
1gw35vc6y0	extended	P3-4b: teachable vocabulary for a later/advanced course (not a transparent cognate, paradigm drill, or bare mapping anchor)
ykf0k0dtb0	extended	P3-4b: teachable vocabulary for a later/advanced course (not a transparent cognate, paradigm drill, or bare mapping anchor)
o2wtwr7dbx	extended	P3-4b: teachable vocabulary for a later/advanced course (not a transparent cognate, paradigm drill, or bare mapping anchor)
gse61poi2m	extended	P3-4b: teachable vocabulary for a later/advanced course (not a transparent cognate, paradigm drill, or bare mapping anchor)
vdacibaynz	extended	P3-4b: teachable vocabulary for a later/advanced course (not a transparent cognate, paradigm drill, or bare mapping anchor)
l5mmoxlayq	extended	P3-4b: teachable vocabulary for a later/advanced course (not a transparent cognate, paradigm drill, or bare mapping anchor)
23x7l873p3	extended	P3-4b: teachable vocabulary for a later/advanced course (not a transparent cognate, paradigm drill, or bare mapping anchor)
j0xnn398g6	extended	P3-4b: teachable vocabulary for a later/advanced course (not a transparent cognate, paradigm drill, or bare mapping anchor)
08mar7bvib	extended	P3-4b: teachable vocabulary for a later/advanced course (not a transparent cognate, paradigm drill, or bare mapping anchor)
auz2fftxbw	extended	P3-4b: teachable vocabulary for a later/advanced course (not a transparent cognate, paradigm drill, or bare mapping anchor)
q33oxlqbe5	extended	P3-4b: teachable vocabulary for a later/advanced course (not a transparent cognate, paradigm drill, or bare mapping anchor)
qjeggetbn7	extended	P3-4b: teachable vocabulary for a later/advanced course (not a transparent cognate, paradigm drill, or bare mapping anchor)
43qxgonexo	extended	P3-4b: teachable vocabulary for a later/advanced course (not a transparent cognate, paradigm drill, or bare mapping anchor)
xin0bnb4c3	extended	P3-4b: teachable vocabulary for a later/advanced course (not a transparent cognate, paradigm drill, or bare mapping anchor)
brequ09fv7	extended	P3-4b: teachable vocabulary for a later/advanced course (not a transparent cognate, paradigm drill, or bare mapping anchor)
w9ufp3bqk0	extended	P3-4b: teachable vocabulary for a later/advanced course (not a transparent cognate, paradigm drill, or bare mapping anchor)
k3o01kfput	extended	P3-4b: teachable vocabulary for a later/advanced course (not a transparent cognate, paradigm drill, or bare mapping anchor)
9kggcuh0hp	extended	P3-4b: teachable vocabulary for a later/advanced course (not a transparent cognate, paradigm drill, or bare mapping anchor)
vrd2xusmjs	extended	P3-4b: teachable vocabulary for a later/advanced course (not a transparent cognate, paradigm drill, or bare mapping anchor)
rnoqipnfol	extended	P3-4b: teachable vocabulary for a later/advanced course (not a transparent cognate, paradigm drill, or bare mapping anchor)
btj4xcksut	extended	P3-4b: teachable vocabulary for a later/advanced course (not a transparent cognate, paradigm drill, or bare mapping anchor)
9gv9fylzrg	extended	P3-4b: teachable vocabulary for a later/advanced course (not a transparent cognate, paradigm drill, or bare mapping anchor)
pnr1qwchct	extended	P3-4b: teachable vocabulary for a later/advanced course (not a transparent cognate, paradigm drill, or bare mapping anchor)
1o17mlmefy	extended	P3-4b: teachable vocabulary for a later/advanced course (not a transparent cognate, paradigm drill, or bare mapping anchor)
vb2uvwnj0w	extended	P3-4b: teachable vocabulary for a later/advanced course (not a transparent cognate, paradigm drill, or bare mapping anchor)
e3c7jcskou	extended	P3-4b: teachable vocabulary for a later/advanced course (not a transparent cognate, paradigm drill, or bare mapping anchor)
edcgr232an	extended	P3-4b: teachable vocabulary for a later/advanced course (not a transparent cognate, paradigm drill, or bare mapping anchor)
lmq979w5o9	extended	P3-4b: teachable vocabulary for a later/advanced course (not a transparent cognate, paradigm drill, or bare mapping anchor)
du3ux0alee	extended	P3-4b: teachable vocabulary for a later/advanced course (not a transparent cognate, paradigm drill, or bare mapping anchor)
6qecsmji7w	extended	P3-4b: teachable vocabulary for a later/advanced course (not a transparent cognate, paradigm drill, or bare mapping anchor)
1rwj0kt7f8	extended	P3-4b: teachable vocabulary for a later/advanced course (not a transparent cognate, paradigm drill, or bare mapping anchor)
p8wunl60xz	extended	P3-4b: teachable vocabulary for a later/advanced course (not a transparent cognate, paradigm drill, or bare mapping anchor)
msy50nmgrd	extended	P3-4b: teachable vocabulary for a later/advanced course (not a transparent cognate, paradigm drill, or bare mapping anchor)
347wmzzklo	extended	P3-4b: teachable vocabulary for a later/advanced course (not a transparent cognate, paradigm drill, or bare mapping anchor)
xfvz8hc2n8	extended	P3-4b: teachable vocabulary for a later/advanced course (not a transparent cognate, paradigm drill, or bare mapping anchor)
lp0ljdtgp7	extended	P3-4b: teachable vocabulary for a later/advanced course (not a transparent cognate, paradigm drill, or bare mapping anchor)
k72ybidwuu	extended	P3-4b: teachable vocabulary for a later/advanced course (not a transparent cognate, paradigm drill, or bare mapping anchor)
8d827bd6xs	extended	P3-4b: teachable vocabulary for a later/advanced course (not a transparent cognate, paradigm drill, or bare mapping anchor)
6w10sj4xqg	extended	P3-4b: teachable vocabulary for a later/advanced course (not a transparent cognate, paradigm drill, or bare mapping anchor)
9vkg3r79l9	extended	P3-4b: teachable vocabulary for a later/advanced course (not a transparent cognate, paradigm drill, or bare mapping anchor)
wx26juw5jo	extended	P3-4b: teachable vocabulary for a later/advanced course (not a transparent cognate, paradigm drill, or bare mapping anchor)
b9c6haxeit	extended	P3-4b: teachable vocabulary for a later/advanced course (not a transparent cognate, paradigm drill, or bare mapping anchor)
iqsip03gt7	extended	P3-4b: teachable vocabulary for a later/advanced course (not a transparent cognate, paradigm drill, or bare mapping anchor)
v4yi7lkme9	extended	P3-4b: teachable vocabulary for a later/advanced course (not a transparent cognate, paradigm drill, or bare mapping anchor)
urvm83k2kp	extended	P3-4b: teachable vocabulary for a later/advanced course (not a transparent cognate, paradigm drill, or bare mapping anchor)
yhd56i910e	extended	P3-4b: teachable vocabulary for a later/advanced course (not a transparent cognate, paradigm drill, or bare mapping anchor)
0emhxycjtj	extended	P3-4b: teachable vocabulary for a later/advanced course (not a transparent cognate, paradigm drill, or bare mapping anchor)
i326501obr	extended	P3-4b: teachable vocabulary for a later/advanced course (not a transparent cognate, paradigm drill, or bare mapping anchor)
owhh6ipxn8	extended	P3-4b: teachable vocabulary for a later/advanced course (not a transparent cognate, paradigm drill, or bare mapping anchor)
6zq4o0fq8k	extended	P3-4b: teachable vocabulary for a later/advanced course (not a transparent cognate, paradigm drill, or bare mapping anchor)
5u6aa3gj9v	extended	P3-4b: teachable vocabulary for a later/advanced course (not a transparent cognate, paradigm drill, or bare mapping anchor)
ae8tffr7z6	extended	P3-4b: teachable vocabulary for a later/advanced course (not a transparent cognate, paradigm drill, or bare mapping anchor)
43d2th257b	extended	P3-4b: teachable vocabulary for a later/advanced course (not a transparent cognate, paradigm drill, or bare mapping anchor)
qoipe9f8y1	extended	P3-4b: teachable vocabulary for a later/advanced course (not a transparent cognate, paradigm drill, or bare mapping anchor)
yncm9uvy01	extended	P3-4b: teachable vocabulary for a later/advanced course (not a transparent cognate, paradigm drill, or bare mapping anchor)
xo44xzb3jh	extended	P3-4b: teachable vocabulary for a later/advanced course (not a transparent cognate, paradigm drill, or bare mapping anchor)
ruxyw228tw	extended	P3-4b: teachable vocabulary for a later/advanced course (not a transparent cognate, paradigm drill, or bare mapping anchor)
bjymj06xqc	extended	P3-4b: teachable vocabulary for a later/advanced course (not a transparent cognate, paradigm drill, or bare mapping anchor)
143rr1eeol	extended	P3-4b: teachable vocabulary for a later/advanced course (not a transparent cognate, paradigm drill, or bare mapping anchor)
z15w4qnu5h	extended	P3-4b: teachable vocabulary for a later/advanced course (not a transparent cognate, paradigm drill, or bare mapping anchor)
fdeqgbcts4	extended	P3-4b: teachable vocabulary for a later/advanced course (not a transparent cognate, paradigm drill, or bare mapping anchor)
tqwjc1v3va	extended	P3-4b: teachable vocabulary for a later/advanced course (not a transparent cognate, paradigm drill, or bare mapping anchor)
t3k0bkap2f	extended	P3-4b: teachable vocabulary for a later/advanced course (not a transparent cognate, paradigm drill, or bare mapping anchor)
3nqecw7v9o	extended	P3-4b: teachable vocabulary for a later/advanced course (not a transparent cognate, paradigm drill, or bare mapping anchor)
zdz3qzzhev	extended	P3-4b: teachable vocabulary for a later/advanced course (not a transparent cognate, paradigm drill, or bare mapping anchor)
fkhe36qwae	extended	P3-4b: teachable vocabulary for a later/advanced course (not a transparent cognate, paradigm drill, or bare mapping anchor)
w4r0u8dyfd	extended	P3-4b: teachable vocabulary for a later/advanced course (not a transparent cognate, paradigm drill, or bare mapping anchor)
zg49xgovha	extended	P3-4b: teachable vocabulary for a later/advanced course (not a transparent cognate, paradigm drill, or bare mapping anchor)
g3u25v902o	extended	P3-4b: teachable vocabulary for a later/advanced course (not a transparent cognate, paradigm drill, or bare mapping anchor)
jsfywmwb2q	extended	P3-4b: teachable vocabulary for a later/advanced course (not a transparent cognate, paradigm drill, or bare mapping anchor)
2mmszukp13	extended	P3-4b: teachable vocabulary for a later/advanced course (not a transparent cognate, paradigm drill, or bare mapping anchor)
2efxip9shx	extended	P3-4b: teachable vocabulary for a later/advanced course (not a transparent cognate, paradigm drill, or bare mapping anchor)
irqaxf155b	extended	P3-4b: teachable vocabulary for a later/advanced course (not a transparent cognate, paradigm drill, or bare mapping anchor)
mwj16sct56	extended	P3-4b: teachable vocabulary for a later/advanced course (not a transparent cognate, paradigm drill, or bare mapping anchor)
jd3ghlvthp	extended	P3-4b: teachable vocabulary for a later/advanced course (not a transparent cognate, paradigm drill, or bare mapping anchor)
zdnyj2otwv	extended	P3-4b: teachable vocabulary for a later/advanced course (not a transparent cognate, paradigm drill, or bare mapping anchor)
c3t870d60r	extended	P3-4b: teachable vocabulary for a later/advanced course (not a transparent cognate, paradigm drill, or bare mapping anchor)
ssutiy77xr	extended	P3-4b: teachable vocabulary for a later/advanced course (not a transparent cognate, paradigm drill, or bare mapping anchor)
6c6nf7bge8	extended	P3-4b: teachable vocabulary for a later/advanced course (not a transparent cognate, paradigm drill, or bare mapping anchor)
m0lef4525u	extended	P3-4b: teachable vocabulary for a later/advanced course (not a transparent cognate, paradigm drill, or bare mapping anchor)
girpyfruhi	extended	P3-4b: teachable vocabulary for a later/advanced course (not a transparent cognate, paradigm drill, or bare mapping anchor)
5hvo5dc978	extended	P3-4b: teachable vocabulary for a later/advanced course (not a transparent cognate, paradigm drill, or bare mapping anchor)
a4g0kqya37	extended	P3-4b: teachable vocabulary for a later/advanced course (not a transparent cognate, paradigm drill, or bare mapping anchor)
4zm43974xk	extended	P3-4b: teachable vocabulary for a later/advanced course (not a transparent cognate, paradigm drill, or bare mapping anchor)
e5d7j5ung7	extended	P3-4b: teachable vocabulary for a later/advanced course (not a transparent cognate, paradigm drill, or bare mapping anchor)
rdb7zojd1h	extended	P3-4b: teachable vocabulary for a later/advanced course (not a transparent cognate, paradigm drill, or bare mapping anchor)
e9hvnwnx5k	extended	P3-4b: teachable vocabulary for a later/advanced course (not a transparent cognate, paradigm drill, or bare mapping anchor)
weed7b2306	extended	P3-4b: teachable vocabulary for a later/advanced course (not a transparent cognate, paradigm drill, or bare mapping anchor)
cqxhnvo543	extended	P3-4b: teachable vocabulary for a later/advanced course (not a transparent cognate, paradigm drill, or bare mapping anchor)
j1hw054qpy	extended	P3-4b: teachable vocabulary for a later/advanced course (not a transparent cognate, paradigm drill, or bare mapping anchor)
xwfttsrbm4	extended	P3-4b: teachable vocabulary for a later/advanced course (not a transparent cognate, paradigm drill, or bare mapping anchor)
bijorvfnjq	extended	P3-4b: teachable vocabulary for a later/advanced course (not a transparent cognate, paradigm drill, or bare mapping anchor)
egrvgcm5hc	extended	P3-4b: teachable vocabulary for a later/advanced course (not a transparent cognate, paradigm drill, or bare mapping anchor)
tjfjo5aq4q	extended	P3-4b: teachable vocabulary for a later/advanced course (not a transparent cognate, paradigm drill, or bare mapping anchor)
58lmgjinrg	extended	P3-4b: teachable vocabulary for a later/advanced course (not a transparent cognate, paradigm drill, or bare mapping anchor)
huqjh8qslq	extended	P3-4b: teachable vocabulary for a later/advanced course (not a transparent cognate, paradigm drill, or bare mapping anchor)
ujl7eyvp2d	extended	P3-4b: teachable vocabulary for a later/advanced course (not a transparent cognate, paradigm drill, or bare mapping anchor)
xwr40xdiyc	extended	P3-4b: teachable vocabulary for a later/advanced course (not a transparent cognate, paradigm drill, or bare mapping anchor)
t9r1fus19d	extended	P3-4b: teachable vocabulary for a later/advanced course (not a transparent cognate, paradigm drill, or bare mapping anchor)
eff9tjrydf	extended	P3-4b: teachable vocabulary for a later/advanced course (not a transparent cognate, paradigm drill, or bare mapping anchor)
qz9uttqvu2	extended	P3-4b: teachable vocabulary for a later/advanced course (not a transparent cognate, paradigm drill, or bare mapping anchor)
j4qagowky8	extended	P3-4b: teachable vocabulary for a later/advanced course (not a transparent cognate, paradigm drill, or bare mapping anchor)
30ci3kgq5t	extended	P3-4b: teachable vocabulary for a later/advanced course (not a transparent cognate, paradigm drill, or bare mapping anchor)
i4p7p3uuv3	extended	P3-4b: teachable vocabulary for a later/advanced course (not a transparent cognate, paradigm drill, or bare mapping anchor)
rbql1uhr3o	extended	P3-4b: teachable vocabulary for a later/advanced course (not a transparent cognate, paradigm drill, or bare mapping anchor)
dzkzgf91ve	extended	P3-4b: teachable vocabulary for a later/advanced course (not a transparent cognate, paradigm drill, or bare mapping anchor)
u3t3siau09	extended	P3-4b: teachable vocabulary for a later/advanced course (not a transparent cognate, paradigm drill, or bare mapping anchor)
8w5qasxh42	extended	P3-4b: teachable vocabulary for a later/advanced course (not a transparent cognate, paradigm drill, or bare mapping anchor)
4465jxo8rw	extended	P3-4b: teachable vocabulary for a later/advanced course (not a transparent cognate, paradigm drill, or bare mapping anchor)
7iwln9ycmm	extended	P3-4b: teachable vocabulary for a later/advanced course (not a transparent cognate, paradigm drill, or bare mapping anchor)
bmkvnwzmvw	extended	P3-4b: teachable vocabulary for a later/advanced course (not a transparent cognate, paradigm drill, or bare mapping anchor)
iharvjn1av	extended	P3-4b: teachable vocabulary for a later/advanced course (not a transparent cognate, paradigm drill, or bare mapping anchor)
x9b39jxzcj	extended	P3-4b: teachable vocabulary for a later/advanced course (not a transparent cognate, paradigm drill, or bare mapping anchor)
fp17uyuvne	extended	P3-4b: teachable vocabulary for a later/advanced course (not a transparent cognate, paradigm drill, or bare mapping anchor)
nsmzkj2dfj	extended	P3-4b: teachable vocabulary for a later/advanced course (not a transparent cognate, paradigm drill, or bare mapping anchor)
r3asilg271	extended	P3-4b: teachable vocabulary for a later/advanced course (not a transparent cognate, paradigm drill, or bare mapping anchor)
cqg6rkqv81	extended	P3-4b: teachable vocabulary for a later/advanced course (not a transparent cognate, paradigm drill, or bare mapping anchor)
me7opeedkf	extended	P3-4b: teachable vocabulary for a later/advanced course (not a transparent cognate, paradigm drill, or bare mapping anchor)
6zh1auaslg	extended	P3-4b: teachable vocabulary for a later/advanced course (not a transparent cognate, paradigm drill, or bare mapping anchor)
svjll3kjxt	extended	P3-4b: teachable vocabulary for a later/advanced course (not a transparent cognate, paradigm drill, or bare mapping anchor)
m7msmm6idr	extended	P3-4b: teachable vocabulary for a later/advanced course (not a transparent cognate, paradigm drill, or bare mapping anchor)
bck2ng1flr	extended	P3-4b: teachable vocabulary for a later/advanced course (not a transparent cognate, paradigm drill, or bare mapping anchor)
2gys1beboz	extended	P3-4b: teachable vocabulary for a later/advanced course (not a transparent cognate, paradigm drill, or bare mapping anchor)
qxaqglea0l	extended	P3-4b: teachable vocabulary for a later/advanced course (not a transparent cognate, paradigm drill, or bare mapping anchor)
840s7ssrox	extended	P3-4b: teachable vocabulary for a later/advanced course (not a transparent cognate, paradigm drill, or bare mapping anchor)
lll54skgy9	extended	P3-4b: teachable vocabulary for a later/advanced course (not a transparent cognate, paradigm drill, or bare mapping anchor)
c8ostk5t2j	extended	P3-4b: teachable vocabulary for a later/advanced course (not a transparent cognate, paradigm drill, or bare mapping anchor)
37mwxw6ctd	extended	P3-4b: teachable vocabulary for a later/advanced course (not a transparent cognate, paradigm drill, or bare mapping anchor)
f8ibc1tkv8	extended	P3-4b: teachable vocabulary for a later/advanced course (not a transparent cognate, paradigm drill, or bare mapping anchor)
xjc1yslrdv	extended	P3-4b: teachable vocabulary for a later/advanced course (not a transparent cognate, paradigm drill, or bare mapping anchor)
ivgg9evica	extended	P3-4b: teachable vocabulary for a later/advanced course (not a transparent cognate, paradigm drill, or bare mapping anchor)
om7i40mm1h	extended	P3-4b: teachable vocabulary for a later/advanced course (not a transparent cognate, paradigm drill, or bare mapping anchor)
gotkvix6h4	extended	P3-4b: teachable vocabulary for a later/advanced course (not a transparent cognate, paradigm drill, or bare mapping anchor)
rkyuwye6j0	extended	P3-4b: teachable vocabulary for a later/advanced course (not a transparent cognate, paradigm drill, or bare mapping anchor)
ldj6l0mdep	extended	P3-4b: teachable vocabulary for a later/advanced course (not a transparent cognate, paradigm drill, or bare mapping anchor)
9nn2ezspjo	extended	P3-4b: teachable vocabulary for a later/advanced course (not a transparent cognate, paradigm drill, or bare mapping anchor)
62eyqkanyd	extended	P3-4b: teachable vocabulary for a later/advanced course (not a transparent cognate, paradigm drill, or bare mapping anchor)
pnq1l83rfn	extended	P3-4b: teachable vocabulary for a later/advanced course (not a transparent cognate, paradigm drill, or bare mapping anchor)
noaqpx4pgb	extended	P3-4b: teachable vocabulary for a later/advanced course (not a transparent cognate, paradigm drill, or bare mapping anchor)
zdriia6k4w	extended	P3-4b: teachable vocabulary for a later/advanced course (not a transparent cognate, paradigm drill, or bare mapping anchor)
peqpgwfh34	extended	P3-4b: teachable vocabulary for a later/advanced course (not a transparent cognate, paradigm drill, or bare mapping anchor)
8qkzde6rm4	extended	P3-4b: teachable vocabulary for a later/advanced course (not a transparent cognate, paradigm drill, or bare mapping anchor)
cyv6rdzmdl	extended	P3-4b: teachable vocabulary for a later/advanced course (not a transparent cognate, paradigm drill, or bare mapping anchor)
muzi1uasqh	extended	P3-4b: teachable vocabulary for a later/advanced course (not a transparent cognate, paradigm drill, or bare mapping anchor)
h9waqlqv7g	extended	P3-4b: teachable vocabulary for a later/advanced course (not a transparent cognate, paradigm drill, or bare mapping anchor)
3ghllp87eh	extended	P3-4b: teachable vocabulary for a later/advanced course (not a transparent cognate, paradigm drill, or bare mapping anchor)
lpp235wcy8	extended	P3-4b: teachable vocabulary for a later/advanced course (not a transparent cognate, paradigm drill, or bare mapping anchor)
wn1qursjo6	extended	P3-4b: teachable vocabulary for a later/advanced course (not a transparent cognate, paradigm drill, or bare mapping anchor)
9tefge6hdf	extended	P3-4b: teachable vocabulary for a later/advanced course (not a transparent cognate, paradigm drill, or bare mapping anchor)
o74dwi1uyi	extended	P3-4b: teachable vocabulary for a later/advanced course (not a transparent cognate, paradigm drill, or bare mapping anchor)
44vve9o82w	extended	P3-4b: teachable vocabulary for a later/advanced course (not a transparent cognate, paradigm drill, or bare mapping anchor)
n67zgsqzmg	extended	P3-4b: teachable vocabulary for a later/advanced course (not a transparent cognate, paradigm drill, or bare mapping anchor)
wq5dv3uyh9	extended	P3-4b: teachable vocabulary for a later/advanced course (not a transparent cognate, paradigm drill, or bare mapping anchor)
ahs4zjjduw	extended	P3-4b: teachable vocabulary for a later/advanced course (not a transparent cognate, paradigm drill, or bare mapping anchor)
507mhrp8ij	extended	P3-4b: teachable vocabulary for a later/advanced course (not a transparent cognate, paradigm drill, or bare mapping anchor)
kumzijcead	extended	P3-4b: teachable vocabulary for a later/advanced course (not a transparent cognate, paradigm drill, or bare mapping anchor)
8myaw330m4	extended	P3-4b: teachable vocabulary for a later/advanced course (not a transparent cognate, paradigm drill, or bare mapping anchor)
kkjx3vhw8g	extended	P3-4b: teachable vocabulary for a later/advanced course (not a transparent cognate, paradigm drill, or bare mapping anchor)
j689z4o98x	extended	P3-4b: teachable vocabulary for a later/advanced course (not a transparent cognate, paradigm drill, or bare mapping anchor)
x3v3e10qch	extended	P3-4b: teachable vocabulary for a later/advanced course (not a transparent cognate, paradigm drill, or bare mapping anchor)
gs18hac0wc	extended	P3-4b: teachable vocabulary for a later/advanced course (not a transparent cognate, paradigm drill, or bare mapping anchor)
2b1o95ucrf	extended	P3-4b: teachable vocabulary for a later/advanced course (not a transparent cognate, paradigm drill, or bare mapping anchor)
kh64q1xdfp	extended	P3-4b: teachable vocabulary for a later/advanced course (not a transparent cognate, paradigm drill, or bare mapping anchor)
wn2nlx3pr4	extended	P3-4b: teachable vocabulary for a later/advanced course (not a transparent cognate, paradigm drill, or bare mapping anchor)
axde5caopx	extended	P3-4b: teachable vocabulary for a later/advanced course (not a transparent cognate, paradigm drill, or bare mapping anchor)
a81b38vc82	extended	P3-4b: teachable vocabulary for a later/advanced course (not a transparent cognate, paradigm drill, or bare mapping anchor)
sfhkidja4j	extended	P3-4b: teachable vocabulary for a later/advanced course (not a transparent cognate, paradigm drill, or bare mapping anchor)
bh9ac38fba	extended	P3-4b: teachable vocabulary for a later/advanced course (not a transparent cognate, paradigm drill, or bare mapping anchor)
qaybrv5r08	extended	P3-4b: teachable vocabulary for a later/advanced course (not a transparent cognate, paradigm drill, or bare mapping anchor)
avrrauxv1v	extended	P3-4b: teachable vocabulary for a later/advanced course (not a transparent cognate, paradigm drill, or bare mapping anchor)
bbisoqgg8n	extended	P3-4b: teachable vocabulary for a later/advanced course (not a transparent cognate, paradigm drill, or bare mapping anchor)
fbqyznc4nd	extended	P3-4b: teachable vocabulary for a later/advanced course (not a transparent cognate, paradigm drill, or bare mapping anchor)
7wsae6ohqh	extended	P3-4b: teachable vocabulary for a later/advanced course (not a transparent cognate, paradigm drill, or bare mapping anchor)
i6lgjlsx9i	extended	P3-4b: teachable vocabulary for a later/advanced course (not a transparent cognate, paradigm drill, or bare mapping anchor)
crw3ztzb94	extended	P3-4b: teachable vocabulary for a later/advanced course (not a transparent cognate, paradigm drill, or bare mapping anchor)
sp9vpwtyfk	extended	P3-4b: teachable vocabulary for a later/advanced course (not a transparent cognate, paradigm drill, or bare mapping anchor)
ja8ns0grc2	extended	P3-4b: teachable vocabulary for a later/advanced course (not a transparent cognate, paradigm drill, or bare mapping anchor)
lpvtgpjs0w	extended	P3-4b: teachable vocabulary for a later/advanced course (not a transparent cognate, paradigm drill, or bare mapping anchor)
sbwkyg3r6z	extended	P3-4b: teachable vocabulary for a later/advanced course (not a transparent cognate, paradigm drill, or bare mapping anchor)
dd1vvakb0b	extended	P3-4b: teachable vocabulary for a later/advanced course (not a transparent cognate, paradigm drill, or bare mapping anchor)
ujefp33bzw	extended	P3-4b: teachable vocabulary for a later/advanced course (not a transparent cognate, paradigm drill, or bare mapping anchor)
tqam8pmq34	extended	P3-4b: teachable vocabulary for a later/advanced course (not a transparent cognate, paradigm drill, or bare mapping anchor)
45o3rne3ve	extended	P3-4b: teachable vocabulary for a later/advanced course (not a transparent cognate, paradigm drill, or bare mapping anchor)
9mvkkm6znw	extended	P3-4b: teachable vocabulary for a later/advanced course (not a transparent cognate, paradigm drill, or bare mapping anchor)
rxikqikf7p	extended	P3-4b: teachable vocabulary for a later/advanced course (not a transparent cognate, paradigm drill, or bare mapping anchor)
foeoch6ql5	extended	P3-4b: teachable vocabulary for a later/advanced course (not a transparent cognate, paradigm drill, or bare mapping anchor)
u9zbsje4u6	extended	P3-4b: teachable vocabulary for a later/advanced course (not a transparent cognate, paradigm drill, or bare mapping anchor)
fq2spprggy	extended	P3-4b: teachable vocabulary for a later/advanced course (not a transparent cognate, paradigm drill, or bare mapping anchor)
xxux8bre3d	extended	P3-4b: teachable vocabulary for a later/advanced course (not a transparent cognate, paradigm drill, or bare mapping anchor)
ngnaxgltch	extended	P3-4b: teachable vocabulary for a later/advanced course (not a transparent cognate, paradigm drill, or bare mapping anchor)
roypbmol7h	extended	P3-4b: teachable vocabulary for a later/advanced course (not a transparent cognate, paradigm drill, or bare mapping anchor)
1bp41aco7p	extended	P3-4b: teachable vocabulary for a later/advanced course (not a transparent cognate, paradigm drill, or bare mapping anchor)
3d0679vask	extended	P3-4b: teachable vocabulary for a later/advanced course (not a transparent cognate, paradigm drill, or bare mapping anchor)
ah4jp71f6u	extended	P3-4b: teachable vocabulary for a later/advanced course (not a transparent cognate, paradigm drill, or bare mapping anchor)
fx314322k9	extended	P3-4b: teachable vocabulary for a later/advanced course (not a transparent cognate, paradigm drill, or bare mapping anchor)
mfw6hilqre	extended	P3-4b: teachable vocabulary for a later/advanced course (not a transparent cognate, paradigm drill, or bare mapping anchor)
nnudjc6b5v	extended	P3-4b: teachable vocabulary for a later/advanced course (not a transparent cognate, paradigm drill, or bare mapping anchor)
ptb517s9gj	extended	P3-4b: teachable vocabulary for a later/advanced course (not a transparent cognate, paradigm drill, or bare mapping anchor)
5y2p6uljkt	extended	P3-4b: teachable vocabulary for a later/advanced course (not a transparent cognate, paradigm drill, or bare mapping anchor)
e40ebwunzv	extended	P3-4b: teachable vocabulary for a later/advanced course (not a transparent cognate, paradigm drill, or bare mapping anchor)
l63676rkny	extended	P3-4b: teachable vocabulary for a later/advanced course (not a transparent cognate, paradigm drill, or bare mapping anchor)
lhyo4c7kq5	extended	P3-4b: teachable vocabulary for a later/advanced course (not a transparent cognate, paradigm drill, or bare mapping anchor)
21ip23zino	extended	P3-4b: teachable vocabulary for a later/advanced course (not a transparent cognate, paradigm drill, or bare mapping anchor)
9bwjp5cuaw	extended	P3-4b: teachable vocabulary for a later/advanced course (not a transparent cognate, paradigm drill, or bare mapping anchor)
gs1i2tjs8s	extended	P3-4b: teachable vocabulary for a later/advanced course (not a transparent cognate, paradigm drill, or bare mapping anchor)
or5vrih2lk	extended	P3-4b: teachable vocabulary for a later/advanced course (not a transparent cognate, paradigm drill, or bare mapping anchor)
x6fnix25ej	extended	P3-4b: teachable vocabulary for a later/advanced course (not a transparent cognate, paradigm drill, or bare mapping anchor)
le4iu71rle	extended	P3-4b: teachable vocabulary for a later/advanced course (not a transparent cognate, paradigm drill, or bare mapping anchor)
2p5ynjsevh	extended	P3-4b: teachable vocabulary for a later/advanced course (not a transparent cognate, paradigm drill, or bare mapping anchor)
3nibgk2dqk	extended	P3-4b: teachable vocabulary for a later/advanced course (not a transparent cognate, paradigm drill, or bare mapping anchor)
thf9jt8qp9	extended	P3-4b: teachable vocabulary for a later/advanced course (not a transparent cognate, paradigm drill, or bare mapping anchor)
7xvxjkvr3p	extended	P3-4b: teachable vocabulary for a later/advanced course (not a transparent cognate, paradigm drill, or bare mapping anchor)
npdgmfs94y	extended	P3-4b: teachable vocabulary for a later/advanced course (not a transparent cognate, paradigm drill, or bare mapping anchor)
x8gwkzxwfb	extended	P3-4b: teachable vocabulary for a later/advanced course (not a transparent cognate, paradigm drill, or bare mapping anchor)
z9qg9ks1ga	extended	P3-4b: teachable vocabulary for a later/advanced course (not a transparent cognate, paradigm drill, or bare mapping anchor)
wrfnwhtk1u	extended	P3-4b: teachable vocabulary for a later/advanced course (not a transparent cognate, paradigm drill, or bare mapping anchor)
svclr45ucg	extended	P3-4b: teachable vocabulary for a later/advanced course (not a transparent cognate, paradigm drill, or bare mapping anchor)
9cdw0xvul9	extended	P3-4b: teachable vocabulary for a later/advanced course (not a transparent cognate, paradigm drill, or bare mapping anchor)
rscmsn8wgt	extended	P3-4b: teachable vocabulary for a later/advanced course (not a transparent cognate, paradigm drill, or bare mapping anchor)
eumyulu0a5	extended	P3-4b: teachable vocabulary for a later/advanced course (not a transparent cognate, paradigm drill, or bare mapping anchor)
itje57f5s3	extended	P3-4b: teachable vocabulary for a later/advanced course (not a transparent cognate, paradigm drill, or bare mapping anchor)
ip4nnqfbwi	extended	P3-4b: teachable vocabulary for a later/advanced course (not a transparent cognate, paradigm drill, or bare mapping anchor)
sxsp9okeyb	extended	P3-4b: teachable vocabulary for a later/advanced course (not a transparent cognate, paradigm drill, or bare mapping anchor)
5r6yy0jg6s	extended	P3-4b: teachable vocabulary for a later/advanced course (not a transparent cognate, paradigm drill, or bare mapping anchor)
eb8k6jseu7	extended	P3-4b: teachable vocabulary for a later/advanced course (not a transparent cognate, paradigm drill, or bare mapping anchor)
0m5xag1eng	extended	P3-4b: teachable vocabulary for a later/advanced course (not a transparent cognate, paradigm drill, or bare mapping anchor)
8nmzifpeq2	extended	P3-4b: teachable vocabulary for a later/advanced course (not a transparent cognate, paradigm drill, or bare mapping anchor)
jo5vgnadhf	extended	P3-4b: teachable vocabulary for a later/advanced course (not a transparent cognate, paradigm drill, or bare mapping anchor)
7ew1qah5mw	extended	P3-4b: teachable vocabulary for a later/advanced course (not a transparent cognate, paradigm drill, or bare mapping anchor)
xq3smx6et4	extended	P3-4b: teachable vocabulary for a later/advanced course (not a transparent cognate, paradigm drill, or bare mapping anchor)
a6rp7lkscp	extended	P3-4b: teachable vocabulary for a later/advanced course (not a transparent cognate, paradigm drill, or bare mapping anchor)
s5rh58dybq	extended	P3-4b: teachable vocabulary for a later/advanced course (not a transparent cognate, paradigm drill, or bare mapping anchor)
9sfglbvskv	extended	P3-4b: teachable vocabulary for a later/advanced course (not a transparent cognate, paradigm drill, or bare mapping anchor)
inefeucgpz	extended	P3-4b: teachable vocabulary for a later/advanced course (not a transparent cognate, paradigm drill, or bare mapping anchor)
mc2zmo0zzw	extended	P3-4b: teachable vocabulary for a later/advanced course (not a transparent cognate, paradigm drill, or bare mapping anchor)
554b3zw97r	extended	P3-4b: teachable vocabulary for a later/advanced course (not a transparent cognate, paradigm drill, or bare mapping anchor)
5ci6qn0ar4	extended	P3-4b: teachable vocabulary for a later/advanced course (not a transparent cognate, paradigm drill, or bare mapping anchor)
bptzo9fcux	extended	P3-4b: teachable vocabulary for a later/advanced course (not a transparent cognate, paradigm drill, or bare mapping anchor)
4hep7lpxvq	extended	P3-4b: teachable vocabulary for a later/advanced course (not a transparent cognate, paradigm drill, or bare mapping anchor)
xi0bobj4sj	extended	P3-4b: teachable vocabulary for a later/advanced course (not a transparent cognate, paradigm drill, or bare mapping anchor)
cvb5pdwpwg	extended	P3-4b: teachable vocabulary for a later/advanced course (not a transparent cognate, paradigm drill, or bare mapping anchor)
qrdegrts3w	extended	P3-4b: teachable vocabulary for a later/advanced course (not a transparent cognate, paradigm drill, or bare mapping anchor)
ionvi8pijp	extended	P3-4b: teachable vocabulary for a later/advanced course (not a transparent cognate, paradigm drill, or bare mapping anchor)
sjbeb14kqn	extended	P3-4b: teachable vocabulary for a later/advanced course (not a transparent cognate, paradigm drill, or bare mapping anchor)
90cs3915m5	extended	P3-4b: teachable vocabulary for a later/advanced course (not a transparent cognate, paradigm drill, or bare mapping anchor)
kloejv5hcu	extended	P3-4b: teachable vocabulary for a later/advanced course (not a transparent cognate, paradigm drill, or bare mapping anchor)
825356svvc	extended	P3-4b: teachable vocabulary for a later/advanced course (not a transparent cognate, paradigm drill, or bare mapping anchor)
xcso0u447l	extended	P3-4b: teachable vocabulary for a later/advanced course (not a transparent cognate, paradigm drill, or bare mapping anchor)
3bbmjt77uh	extended	P3-4b: teachable vocabulary for a later/advanced course (not a transparent cognate, paradigm drill, or bare mapping anchor)
0ni6dh7b5l	extended	P3-4b: teachable vocabulary for a later/advanced course (not a transparent cognate, paradigm drill, or bare mapping anchor)
29il3kxdpo	extended	P3-4b: teachable vocabulary for a later/advanced course (not a transparent cognate, paradigm drill, or bare mapping anchor)
s4lg9gxq68	extended	P3-4b: teachable vocabulary for a later/advanced course (not a transparent cognate, paradigm drill, or bare mapping anchor)
lsy4p641mo	extended	P3-4b: teachable vocabulary for a later/advanced course (not a transparent cognate, paradigm drill, or bare mapping anchor)
p71stevmcf	extended	P3-4b: teachable vocabulary for a later/advanced course (not a transparent cognate, paradigm drill, or bare mapping anchor)
5ozjq6uxr0	extended	P3-4b: teachable vocabulary for a later/advanced course (not a transparent cognate, paradigm drill, or bare mapping anchor)
kloirpjzvx	extended	P3-4b: teachable vocabulary for a later/advanced course (not a transparent cognate, paradigm drill, or bare mapping anchor)
cfov50zfzj	extended	P3-4b: teachable vocabulary for a later/advanced course (not a transparent cognate, paradigm drill, or bare mapping anchor)
ne9ewy4gyy	extended	P3-4b: teachable vocabulary for a later/advanced course (not a transparent cognate, paradigm drill, or bare mapping anchor)
cx21gif0mc	extended	P3-4b: teachable vocabulary for a later/advanced course (not a transparent cognate, paradigm drill, or bare mapping anchor)
n4uu5aergm	extended	P3-4b: teachable vocabulary for a later/advanced course (not a transparent cognate, paradigm drill, or bare mapping anchor)
tb4pl8tpv6	extended	P3-4b: teachable vocabulary for a later/advanced course (not a transparent cognate, paradigm drill, or bare mapping anchor)
4h3zre0pgl	extended	P3-4b: teachable vocabulary for a later/advanced course (not a transparent cognate, paradigm drill, or bare mapping anchor)
tgg4f3gsz3	extended	P3-4b: teachable vocabulary for a later/advanced course (not a transparent cognate, paradigm drill, or bare mapping anchor)
0rvw4dkalt	extended	P3-4b: teachable vocabulary for a later/advanced course (not a transparent cognate, paradigm drill, or bare mapping anchor)
0kp3n4tcx0	extended	P3-4b: teachable vocabulary for a later/advanced course (not a transparent cognate, paradigm drill, or bare mapping anchor)
hpiz3izlaw	extended	P3-4b: teachable vocabulary for a later/advanced course (not a transparent cognate, paradigm drill, or bare mapping anchor)
0n0ar2glgf	extended	P3-4b: teachable vocabulary for a later/advanced course (not a transparent cognate, paradigm drill, or bare mapping anchor)
u8ffmygjqi	extended	P3-4b: teachable vocabulary for a later/advanced course (not a transparent cognate, paradigm drill, or bare mapping anchor)
w163e394kz	extended	P3-4b: teachable vocabulary for a later/advanced course (not a transparent cognate, paradigm drill, or bare mapping anchor)
zd1m5yy2wo	extended	P3-4b: teachable vocabulary for a later/advanced course (not a transparent cognate, paradigm drill, or bare mapping anchor)
xxxqpliz9z	extended	P3-4b: teachable vocabulary for a later/advanced course (not a transparent cognate, paradigm drill, or bare mapping anchor)
wd68uucn9l	extended	P3-4b: teachable vocabulary for a later/advanced course (not a transparent cognate, paradigm drill, or bare mapping anchor)
g1yh4vj4da	extended	P3-4b: teachable vocabulary for a later/advanced course (not a transparent cognate, paradigm drill, or bare mapping anchor)
wjxfz4hww7	extended	P3-4b: teachable vocabulary for a later/advanced course (not a transparent cognate, paradigm drill, or bare mapping anchor)
qy8dbta3g5	extended	P3-4b: teachable vocabulary for a later/advanced course (not a transparent cognate, paradigm drill, or bare mapping anchor)
w7v1xbofeh	extended	P3-4b: teachable vocabulary for a later/advanced course (not a transparent cognate, paradigm drill, or bare mapping anchor)
v8mzz6qkky	extended	P3-4b: teachable vocabulary for a later/advanced course (not a transparent cognate, paradigm drill, or bare mapping anchor)
fav0tspprb	extended	P3-4b: teachable vocabulary for a later/advanced course (not a transparent cognate, paradigm drill, or bare mapping anchor)
mb4zmfrpfh	extended	P3-4b: teachable vocabulary for a later/advanced course (not a transparent cognate, paradigm drill, or bare mapping anchor)
aprfxkmesv	extended	P3-4b: teachable vocabulary for a later/advanced course (not a transparent cognate, paradigm drill, or bare mapping anchor)
kp1yf7bp6y	extended	P3-4b: teachable vocabulary for a later/advanced course (not a transparent cognate, paradigm drill, or bare mapping anchor)
kpgve97xvk	extended	P3-4b: teachable vocabulary for a later/advanced course (not a transparent cognate, paradigm drill, or bare mapping anchor)
3zrpmgzhu0	extended	P3-4b: teachable vocabulary for a later/advanced course (not a transparent cognate, paradigm drill, or bare mapping anchor)
myxgwcbh32	extended	P3-4b: teachable vocabulary for a later/advanced course (not a transparent cognate, paradigm drill, or bare mapping anchor)
75fnqpigxy	extended	P3-4b: teachable vocabulary for a later/advanced course (not a transparent cognate, paradigm drill, or bare mapping anchor)
fv9twzk5vu	extended	P3-4b: teachable vocabulary for a later/advanced course (not a transparent cognate, paradigm drill, or bare mapping anchor)
oljrncfcgu	extended	P3-4b: teachable vocabulary for a later/advanced course (not a transparent cognate, paradigm drill, or bare mapping anchor)
4j4cet6jrx	extended	P3-4b: teachable vocabulary for a later/advanced course (not a transparent cognate, paradigm drill, or bare mapping anchor)
m8g7uv9h3o	extended	P3-4b: teachable vocabulary for a later/advanced course (not a transparent cognate, paradigm drill, or bare mapping anchor)
8tpyd0qe5n	extended	P3-4b: teachable vocabulary for a later/advanced course (not a transparent cognate, paradigm drill, or bare mapping anchor)
i92vaq4f3x	extended	P3-4b: teachable vocabulary for a later/advanced course (not a transparent cognate, paradigm drill, or bare mapping anchor)
4d3heb4mbq	extended	P3-4b: teachable vocabulary for a later/advanced course (not a transparent cognate, paradigm drill, or bare mapping anchor)
z8xm9uqiox	extended	P3-4b: teachable vocabulary for a later/advanced course (not a transparent cognate, paradigm drill, or bare mapping anchor)
6yss2iyg90	extended	P3-4b: teachable vocabulary for a later/advanced course (not a transparent cognate, paradigm drill, or bare mapping anchor)
b6sllrim7m	extended	P3-4b: teachable vocabulary for a later/advanced course (not a transparent cognate, paradigm drill, or bare mapping anchor)
d9ku6sypzb	extended	P3-4b: teachable vocabulary for a later/advanced course (not a transparent cognate, paradigm drill, or bare mapping anchor)
qtu26s1v80	extended	P3-4b: teachable vocabulary for a later/advanced course (not a transparent cognate, paradigm drill, or bare mapping anchor)
y3kxfgic1c	extended	P3-4b: teachable vocabulary for a later/advanced course (not a transparent cognate, paradigm drill, or bare mapping anchor)
mr5xljej8s	extended	P3-4b: teachable vocabulary for a later/advanced course (not a transparent cognate, paradigm drill, or bare mapping anchor)
x788022mpy	extended	P3-4b: teachable vocabulary for a later/advanced course (not a transparent cognate, paradigm drill, or bare mapping anchor)
ek2x9o8sgz	extended	P3-4b: teachable vocabulary for a later/advanced course (not a transparent cognate, paradigm drill, or bare mapping anchor)
i854uf9zga	extended	P3-4b: teachable vocabulary for a later/advanced course (not a transparent cognate, paradigm drill, or bare mapping anchor)
jccwif5bru	extended	P3-4b: teachable vocabulary for a later/advanced course (not a transparent cognate, paradigm drill, or bare mapping anchor)
hiy3ohj2u3	extended	P3-4b: teachable vocabulary for a later/advanced course (not a transparent cognate, paradigm drill, or bare mapping anchor)
k5y9psummq	extended	P3-4b: teachable vocabulary for a later/advanced course (not a transparent cognate, paradigm drill, or bare mapping anchor)
kqlemql5q9	extended	P3-4b: teachable vocabulary for a later/advanced course (not a transparent cognate, paradigm drill, or bare mapping anchor)
1afwz1es4v	extended	P3-4b: teachable vocabulary for a later/advanced course (not a transparent cognate, paradigm drill, or bare mapping anchor)
92y2a0e1y5	extended	P3-4b: teachable vocabulary for a later/advanced course (not a transparent cognate, paradigm drill, or bare mapping anchor)
3j18tf1yhr	extended	P3-4b: teachable vocabulary for a later/advanced course (not a transparent cognate, paradigm drill, or bare mapping anchor)
26sqfogn1d	extended	P3-4b: teachable vocabulary for a later/advanced course (not a transparent cognate, paradigm drill, or bare mapping anchor)
fccjkbxo8e	extended	P3-4b: teachable vocabulary for a later/advanced course (not a transparent cognate, paradigm drill, or bare mapping anchor)
g7st4i3f1w	extended	P3-4b: teachable vocabulary for a later/advanced course (not a transparent cognate, paradigm drill, or bare mapping anchor)
3lzqrwju25	extended	P3-4b: teachable vocabulary for a later/advanced course (not a transparent cognate, paradigm drill, or bare mapping anchor)
c4vjzclfbe	extended	P3-4b: teachable vocabulary for a later/advanced course (not a transparent cognate, paradigm drill, or bare mapping anchor)
dzpf9yqfk0	extended	P3-4b: teachable vocabulary for a later/advanced course (not a transparent cognate, paradigm drill, or bare mapping anchor)
829mnuv3af	extended	P3-4b: teachable vocabulary for a later/advanced course (not a transparent cognate, paradigm drill, or bare mapping anchor)
3csk0n8wv5	extended	P3-4b: teachable vocabulary for a later/advanced course (not a transparent cognate, paradigm drill, or bare mapping anchor)
uc3biyl1if	extended	P3-4b: teachable vocabulary for a later/advanced course (not a transparent cognate, paradigm drill, or bare mapping anchor)
iw04703udx	extended	P3-4b: teachable vocabulary for a later/advanced course (not a transparent cognate, paradigm drill, or bare mapping anchor)
v9e6hk1qoa	extended	P3-4b: teachable vocabulary for a later/advanced course (not a transparent cognate, paradigm drill, or bare mapping anchor)
fb4v0olqo7	extended	P3-4b: teachable vocabulary for a later/advanced course (not a transparent cognate, paradigm drill, or bare mapping anchor)
graetcx43j	extended	P3-4b: teachable vocabulary for a later/advanced course (not a transparent cognate, paradigm drill, or bare mapping anchor)
eqgkxdihiu	extended	P3-4b: teachable vocabulary for a later/advanced course (not a transparent cognate, paradigm drill, or bare mapping anchor)
q9zbgkk8yk	extended	P3-4b: teachable vocabulary for a later/advanced course (not a transparent cognate, paradigm drill, or bare mapping anchor)
hx40f5mh59	extended	P3-4b: teachable vocabulary for a later/advanced course (not a transparent cognate, paradigm drill, or bare mapping anchor)
wk98ucmw9z	extended	P3-4b: teachable vocabulary for a later/advanced course (not a transparent cognate, paradigm drill, or bare mapping anchor)
r2qjh18oon	extended	P3-4b: teachable vocabulary for a later/advanced course (not a transparent cognate, paradigm drill, or bare mapping anchor)
mnhttsu43g	extended	P3-4b: teachable vocabulary for a later/advanced course (not a transparent cognate, paradigm drill, or bare mapping anchor)
nhzn8b4wuw	extended	P3-4b: teachable vocabulary for a later/advanced course (not a transparent cognate, paradigm drill, or bare mapping anchor)
mtyml2elsq	extended	P3-4b: teachable vocabulary for a later/advanced course (not a transparent cognate, paradigm drill, or bare mapping anchor)
2303bj64di	extended	P3-4b: teachable vocabulary for a later/advanced course (not a transparent cognate, paradigm drill, or bare mapping anchor)
yuwen0h3mn	extended	P3-4b: teachable vocabulary for a later/advanced course (not a transparent cognate, paradigm drill, or bare mapping anchor)
0bxkcfqexz	extended	P3-4b: teachable vocabulary for a later/advanced course (not a transparent cognate, paradigm drill, or bare mapping anchor)
0l8y0chxte	extended	P3-4b: teachable vocabulary for a later/advanced course (not a transparent cognate, paradigm drill, or bare mapping anchor)
zzhyif0y93	extended	P3-4b: teachable vocabulary for a later/advanced course (not a transparent cognate, paradigm drill, or bare mapping anchor)
985gwu0ia6	extended	P3-4b: teachable vocabulary for a later/advanced course (not a transparent cognate, paradigm drill, or bare mapping anchor)
t8qj2utyn9	extended	P3-4b: teachable vocabulary for a later/advanced course (not a transparent cognate, paradigm drill, or bare mapping anchor)
bqsknok02n	extended	P3-4b: teachable vocabulary for a later/advanced course (not a transparent cognate, paradigm drill, or bare mapping anchor)
3azngvgkey	extended	P3-4b: teachable vocabulary for a later/advanced course (not a transparent cognate, paradigm drill, or bare mapping anchor)
lulzol5k19	extended	P3-4b: teachable vocabulary for a later/advanced course (not a transparent cognate, paradigm drill, or bare mapping anchor)
vrgb6w3s8v	extended	P3-4b: teachable vocabulary for a later/advanced course (not a transparent cognate, paradigm drill, or bare mapping anchor)
qtbz9cya2h	extended	P3-4b: teachable vocabulary for a later/advanced course (not a transparent cognate, paradigm drill, or bare mapping anchor)
nzirmwwqz0	extended	P3-4b: teachable vocabulary for a later/advanced course (not a transparent cognate, paradigm drill, or bare mapping anchor)
ciqmuidd85	extended	P3-4b: teachable vocabulary for a later/advanced course (not a transparent cognate, paradigm drill, or bare mapping anchor)
vb0be6c64h	extended	P3-4b: teachable vocabulary for a later/advanced course (not a transparent cognate, paradigm drill, or bare mapping anchor)
3iu0b08m81	extended	P3-4b: teachable vocabulary for a later/advanced course (not a transparent cognate, paradigm drill, or bare mapping anchor)
60j5r1u055	extended	P3-4b: teachable vocabulary for a later/advanced course (not a transparent cognate, paradigm drill, or bare mapping anchor)
7p36ly7jyy	extended	P3-4b: teachable vocabulary for a later/advanced course (not a transparent cognate, paradigm drill, or bare mapping anchor)
lhq2q49kwb	extended	P3-4b: teachable vocabulary for a later/advanced course (not a transparent cognate, paradigm drill, or bare mapping anchor)
2h41m9g49b	extended	P3-4b: teachable vocabulary for a later/advanced course (not a transparent cognate, paradigm drill, or bare mapping anchor)
gltra9r0tv	extended	P3-4b: teachable vocabulary for a later/advanced course (not a transparent cognate, paradigm drill, or bare mapping anchor)
7ckfdreaoe	extended	P3-4b: teachable vocabulary for a later/advanced course (not a transparent cognate, paradigm drill, or bare mapping anchor)
idq8drq64m	extended	P3-4b: teachable vocabulary for a later/advanced course (not a transparent cognate, paradigm drill, or bare mapping anchor)
t40gce06y2	extended	P3-4b: teachable vocabulary for a later/advanced course (not a transparent cognate, paradigm drill, or bare mapping anchor)
nhvpol4yeg	extended	P3-4b: teachable vocabulary for a later/advanced course (not a transparent cognate, paradigm drill, or bare mapping anchor)
bk7v369c35	extended	P3-4b: teachable vocabulary for a later/advanced course (not a transparent cognate, paradigm drill, or bare mapping anchor)
d5wk0wunlt	extended	P3-4b: teachable vocabulary for a later/advanced course (not a transparent cognate, paradigm drill, or bare mapping anchor)
jjln6naurj	extended	P3-4b: teachable vocabulary for a later/advanced course (not a transparent cognate, paradigm drill, or bare mapping anchor)
vaxrphuc47	extended	P3-4b: teachable vocabulary for a later/advanced course (not a transparent cognate, paradigm drill, or bare mapping anchor)
qwu0of4uv5	extended	P3-4b: teachable vocabulary for a later/advanced course (not a transparent cognate, paradigm drill, or bare mapping anchor)
2wlkj6fsi0	extended	P3-4b: teachable vocabulary for a later/advanced course (not a transparent cognate, paradigm drill, or bare mapping anchor)
n01pzhcp0p	extended	P3-4b: teachable vocabulary for a later/advanced course (not a transparent cognate, paradigm drill, or bare mapping anchor)
258notkgdg	extended	P3-4b: teachable vocabulary for a later/advanced course (not a transparent cognate, paradigm drill, or bare mapping anchor)
aglyv4d8zx	extended	P3-4b: teachable vocabulary for a later/advanced course (not a transparent cognate, paradigm drill, or bare mapping anchor)
faqcrnung3	extended	P3-4b: teachable vocabulary for a later/advanced course (not a transparent cognate, paradigm drill, or bare mapping anchor)
ajw2q69mhg	extended	P3-4b: teachable vocabulary for a later/advanced course (not a transparent cognate, paradigm drill, or bare mapping anchor)
1c10sdwf8m	extended	P3-4b: teachable vocabulary for a later/advanced course (not a transparent cognate, paradigm drill, or bare mapping anchor)
8aqh4o1vop	extended	P3-4b: teachable vocabulary for a later/advanced course (not a transparent cognate, paradigm drill, or bare mapping anchor)
ekfnmwolxk	extended	P3-4b: teachable vocabulary for a later/advanced course (not a transparent cognate, paradigm drill, or bare mapping anchor)
y3q7db5o7c	extended	P3-4b: teachable vocabulary for a later/advanced course (not a transparent cognate, paradigm drill, or bare mapping anchor)
dt5zczywaz	extended	P3-4b: teachable vocabulary for a later/advanced course (not a transparent cognate, paradigm drill, or bare mapping anchor)
tztlzyvj4i	extended	P3-4b: teachable vocabulary for a later/advanced course (not a transparent cognate, paradigm drill, or bare mapping anchor)
4rr4ihku5z	extended	P3-4b: teachable vocabulary for a later/advanced course (not a transparent cognate, paradigm drill, or bare mapping anchor)
yiqjr127ed	extended	P3-4b: teachable vocabulary for a later/advanced course (not a transparent cognate, paradigm drill, or bare mapping anchor)
0mxnpd7krx	extended	P3-4b: teachable vocabulary for a later/advanced course (not a transparent cognate, paradigm drill, or bare mapping anchor)
gq5djwrawm	extended	P3-4b: teachable vocabulary for a later/advanced course (not a transparent cognate, paradigm drill, or bare mapping anchor)
1rve8jq2rm	extended	P3-4b: teachable vocabulary for a later/advanced course (not a transparent cognate, paradigm drill, or bare mapping anchor)
r0b8fwymx2	extended	P3-4b: teachable vocabulary for a later/advanced course (not a transparent cognate, paradigm drill, or bare mapping anchor)
nse7vj3fbs	extended	P3-4b: teachable vocabulary for a later/advanced course (not a transparent cognate, paradigm drill, or bare mapping anchor)
7956o3ws9x	extended	P3-4b: teachable vocabulary for a later/advanced course (not a transparent cognate, paradigm drill, or bare mapping anchor)
8r4z6jowv4	extended	P3-4b: teachable vocabulary for a later/advanced course (not a transparent cognate, paradigm drill, or bare mapping anchor)
bldd0u1kcp	extended	P3-4b: teachable vocabulary for a later/advanced course (not a transparent cognate, paradigm drill, or bare mapping anchor)
g8xlqd0im0	extended	P3-4b: teachable vocabulary for a later/advanced course (not a transparent cognate, paradigm drill, or bare mapping anchor)
zo1bmih61v	extended	P3-4b: teachable vocabulary for a later/advanced course (not a transparent cognate, paradigm drill, or bare mapping anchor)
luo268lj6k	extended	P3-4b: teachable vocabulary for a later/advanced course (not a transparent cognate, paradigm drill, or bare mapping anchor)
4ke2yrlcfd	extended	P3-4b: teachable vocabulary for a later/advanced course (not a transparent cognate, paradigm drill, or bare mapping anchor)
06myksilk1	extended	P3-4b: teachable vocabulary for a later/advanced course (not a transparent cognate, paradigm drill, or bare mapping anchor)
jamzrjyu53	extended	P3-4b: teachable vocabulary for a later/advanced course (not a transparent cognate, paradigm drill, or bare mapping anchor)
5etoq8ytib	extended	P3-4b: teachable vocabulary for a later/advanced course (not a transparent cognate, paradigm drill, or bare mapping anchor)
2lv3x5lyra	extended	P3-4b: teachable vocabulary for a later/advanced course (not a transparent cognate, paradigm drill, or bare mapping anchor)
g976gj0kj7	extended	P3-4b: teachable vocabulary for a later/advanced course (not a transparent cognate, paradigm drill, or bare mapping anchor)
7ahutb8oat	extended	P3-4b: teachable vocabulary for a later/advanced course (not a transparent cognate, paradigm drill, or bare mapping anchor)
h5hnajl1et	extended	P3-4b: teachable vocabulary for a later/advanced course (not a transparent cognate, paradigm drill, or bare mapping anchor)
ht05bqf0zg	extended	P3-4b: teachable vocabulary for a later/advanced course (not a transparent cognate, paradigm drill, or bare mapping anchor)
swig6imniy	extended	P3-4b: teachable vocabulary for a later/advanced course (not a transparent cognate, paradigm drill, or bare mapping anchor)
7xz1ir7spt	extended	P3-4b: teachable vocabulary for a later/advanced course (not a transparent cognate, paradigm drill, or bare mapping anchor)
kova6764iw	extended	P3-4b: teachable vocabulary for a later/advanced course (not a transparent cognate, paradigm drill, or bare mapping anchor)
yjqeu46wjo	extended	P3-4b: teachable vocabulary for a later/advanced course (not a transparent cognate, paradigm drill, or bare mapping anchor)
cb76eu618e	extended	P3-4b: teachable vocabulary for a later/advanced course (not a transparent cognate, paradigm drill, or bare mapping anchor)
ngpbpfvmft	extended	P3-4b: teachable vocabulary for a later/advanced course (not a transparent cognate, paradigm drill, or bare mapping anchor)
qvh1dhowu6	extended	P3-4b: teachable vocabulary for a later/advanced course (not a transparent cognate, paradigm drill, or bare mapping anchor)
q95d0isu40	extended	P3-4b: teachable vocabulary for a later/advanced course (not a transparent cognate, paradigm drill, or bare mapping anchor)
fds16n18cd	extended	P3-4b: teachable vocabulary for a later/advanced course (not a transparent cognate, paradigm drill, or bare mapping anchor)
zkrc7g5j4s	extended	P3-4b: teachable vocabulary for a later/advanced course (not a transparent cognate, paradigm drill, or bare mapping anchor)
mhrr71qehn	extended	P3-4b: teachable vocabulary for a later/advanced course (not a transparent cognate, paradigm drill, or bare mapping anchor)
j3k1bs0v53	extended	P3-4b: teachable vocabulary for a later/advanced course (not a transparent cognate, paradigm drill, or bare mapping anchor)
o5cjflzcow	extended	P3-4b: teachable vocabulary for a later/advanced course (not a transparent cognate, paradigm drill, or bare mapping anchor)
1wrulf5p6q	extended	P3-4b: teachable vocabulary for a later/advanced course (not a transparent cognate, paradigm drill, or bare mapping anchor)
ooo5pxwt1y	extended	P3-4b: teachable vocabulary for a later/advanced course (not a transparent cognate, paradigm drill, or bare mapping anchor)
0b4hc13d3y	extended	P3-4b: teachable vocabulary for a later/advanced course (not a transparent cognate, paradigm drill, or bare mapping anchor)
nk2i3367g9	extended	P3-4b: teachable vocabulary for a later/advanced course (not a transparent cognate, paradigm drill, or bare mapping anchor)
4hswrv4rqb	extended	P3-4b: teachable vocabulary for a later/advanced course (not a transparent cognate, paradigm drill, or bare mapping anchor)
pwk8rwyqxo	extended	P3-4b: teachable vocabulary for a later/advanced course (not a transparent cognate, paradigm drill, or bare mapping anchor)
jgf787l3a9	extended	P3-4b: teachable vocabulary for a later/advanced course (not a transparent cognate, paradigm drill, or bare mapping anchor)
eeqa5shfq0	extended	P3-4b: teachable vocabulary for a later/advanced course (not a transparent cognate, paradigm drill, or bare mapping anchor)
zrzt4f88zv	extended	P3-4b: teachable vocabulary for a later/advanced course (not a transparent cognate, paradigm drill, or bare mapping anchor)
6ufoal1lhk	extended	P3-4b: teachable vocabulary for a later/advanced course (not a transparent cognate, paradigm drill, or bare mapping anchor)
3u7kob7n30	extended	P3-4b: teachable vocabulary for a later/advanced course (not a transparent cognate, paradigm drill, or bare mapping anchor)
4dots3x0dv	extended	P3-4b: teachable vocabulary for a later/advanced course (not a transparent cognate, paradigm drill, or bare mapping anchor)
wznipra1vi	extended	P3-4b: teachable vocabulary for a later/advanced course (not a transparent cognate, paradigm drill, or bare mapping anchor)
bmeoatx5uw	extended	P3-4b: teachable vocabulary for a later/advanced course (not a transparent cognate, paradigm drill, or bare mapping anchor)
3t68o5qzoy	extended	P3-4b: teachable vocabulary for a later/advanced course (not a transparent cognate, paradigm drill, or bare mapping anchor)
cxbxbe3chs	extended	P3-4b: teachable vocabulary for a later/advanced course (not a transparent cognate, paradigm drill, or bare mapping anchor)
0yy3snthgr	extended	P3-4b: teachable vocabulary for a later/advanced course (not a transparent cognate, paradigm drill, or bare mapping anchor)
ng08o0l6bt	extended	P3-4b: teachable vocabulary for a later/advanced course (not a transparent cognate, paradigm drill, or bare mapping anchor)
4m126edqdj	extended	P3-4b: teachable vocabulary for a later/advanced course (not a transparent cognate, paradigm drill, or bare mapping anchor)
tk7obpumjc	extended	P3-4b: teachable vocabulary for a later/advanced course (not a transparent cognate, paradigm drill, or bare mapping anchor)
ly7bh5hzsw	extended	P3-4b: teachable vocabulary for a later/advanced course (not a transparent cognate, paradigm drill, or bare mapping anchor)
5ifvhmev6q	extended	P3-4b: teachable vocabulary for a later/advanced course (not a transparent cognate, paradigm drill, or bare mapping anchor)
mnsgd6cvbc	extended	P3-4b: teachable vocabulary for a later/advanced course (not a transparent cognate, paradigm drill, or bare mapping anchor)
z3mhhaiia2	extended	P3-4b: teachable vocabulary for a later/advanced course (not a transparent cognate, paradigm drill, or bare mapping anchor)
lgialq6b94	extended	P3-4b: teachable vocabulary for a later/advanced course (not a transparent cognate, paradigm drill, or bare mapping anchor)
vrgsv4wzfo	extended	P3-4b: teachable vocabulary for a later/advanced course (not a transparent cognate, paradigm drill, or bare mapping anchor)
8on4ssnvkm	extended	P3-4b: teachable vocabulary for a later/advanced course (not a transparent cognate, paradigm drill, or bare mapping anchor)
m0s1jmkq6a	extended	P3-4b: teachable vocabulary for a later/advanced course (not a transparent cognate, paradigm drill, or bare mapping anchor)
8eeezi57j4	extended	P3-4b: teachable vocabulary for a later/advanced course (not a transparent cognate, paradigm drill, or bare mapping anchor)
9a1cfj0hhj	extended	P3-4b: teachable vocabulary for a later/advanced course (not a transparent cognate, paradigm drill, or bare mapping anchor)
4c8iabv3yz	extended	P3-4b: teachable vocabulary for a later/advanced course (not a transparent cognate, paradigm drill, or bare mapping anchor)
1a5rmyh1gn	extended	P3-4b: teachable vocabulary for a later/advanced course (not a transparent cognate, paradigm drill, or bare mapping anchor)
op2g7f5we1	extended	P3-4b: teachable vocabulary for a later/advanced course (not a transparent cognate, paradigm drill, or bare mapping anchor)
99ewwc904m	extended	P3-4b: teachable vocabulary for a later/advanced course (not a transparent cognate, paradigm drill, or bare mapping anchor)
8pin6oau9g	extended	P3-4b: teachable vocabulary for a later/advanced course (not a transparent cognate, paradigm drill, or bare mapping anchor)
jyvm1fkdq7	extended	P3-4b: teachable vocabulary for a later/advanced course (not a transparent cognate, paradigm drill, or bare mapping anchor)
jysogq3l7e	extended	P3-4b: teachable vocabulary for a later/advanced course (not a transparent cognate, paradigm drill, or bare mapping anchor)
xe9qmpnpef	extended	P3-4b: teachable vocabulary for a later/advanced course (not a transparent cognate, paradigm drill, or bare mapping anchor)
oshtugnaxs	extended	P3-4b: teachable vocabulary for a later/advanced course (not a transparent cognate, paradigm drill, or bare mapping anchor)
w5bg13n1o0	extended	P3-4b: teachable vocabulary for a later/advanced course (not a transparent cognate, paradigm drill, or bare mapping anchor)
m1opppp4s5	extended	P3-4b: teachable vocabulary for a later/advanced course (not a transparent cognate, paradigm drill, or bare mapping anchor)
xt44tlzdyx	extended	P3-4b: teachable vocabulary for a later/advanced course (not a transparent cognate, paradigm drill, or bare mapping anchor)
72un3vv3hn	extended	P3-4b: teachable vocabulary for a later/advanced course (not a transparent cognate, paradigm drill, or bare mapping anchor)
4ljeo66brr	extended	P3-4b: teachable vocabulary for a later/advanced course (not a transparent cognate, paradigm drill, or bare mapping anchor)
q8k4rkte05	extended	P3-4b: teachable vocabulary for a later/advanced course (not a transparent cognate, paradigm drill, or bare mapping anchor)
7b0w8087fh	extended	P3-4b: teachable vocabulary for a later/advanced course (not a transparent cognate, paradigm drill, or bare mapping anchor)
yqer3iro9h	extended	P3-4b: teachable vocabulary for a later/advanced course (not a transparent cognate, paradigm drill, or bare mapping anchor)
caf1qnikua	extended	P3-4b: teachable vocabulary for a later/advanced course (not a transparent cognate, paradigm drill, or bare mapping anchor)
nzqc17mu73	extended	P3-4b: teachable vocabulary for a later/advanced course (not a transparent cognate, paradigm drill, or bare mapping anchor)
n59cs066v8	extended	P3-4b: teachable vocabulary for a later/advanced course (not a transparent cognate, paradigm drill, or bare mapping anchor)
z7amf9jjbu	extended	P3-4b: teachable vocabulary for a later/advanced course (not a transparent cognate, paradigm drill, or bare mapping anchor)
bby0sovznk	extended	P3-4b: teachable vocabulary for a later/advanced course (not a transparent cognate, paradigm drill, or bare mapping anchor)
ytwtdcyakg	extended	P3-4b: teachable vocabulary for a later/advanced course (not a transparent cognate, paradigm drill, or bare mapping anchor)
wq1ejblx66	extended	P3-4b: teachable vocabulary for a later/advanced course (not a transparent cognate, paradigm drill, or bare mapping anchor)
fsiaz32aji	extended	P3-4b: teachable vocabulary for a later/advanced course (not a transparent cognate, paradigm drill, or bare mapping anchor)
bebv5oi2xq	extended	P3-4b: teachable vocabulary for a later/advanced course (not a transparent cognate, paradigm drill, or bare mapping anchor)
rbub08uirg	extended	P3-4b: teachable vocabulary for a later/advanced course (not a transparent cognate, paradigm drill, or bare mapping anchor)
0xc6cj4q1g	extended	P3-4b: teachable vocabulary for a later/advanced course (not a transparent cognate, paradigm drill, or bare mapping anchor)
i20yai9d87	extended	P3-4b: teachable vocabulary for a later/advanced course (not a transparent cognate, paradigm drill, or bare mapping anchor)
krz97g2k8a	extended	P3-4b: teachable vocabulary for a later/advanced course (not a transparent cognate, paradigm drill, or bare mapping anchor)
sao8m0fmzs	extended	P3-4b: teachable vocabulary for a later/advanced course (not a transparent cognate, paradigm drill, or bare mapping anchor)
y7vpfl2o2f	extended	P3-4b: teachable vocabulary for a later/advanced course (not a transparent cognate, paradigm drill, or bare mapping anchor)
hpvtk2xnfe	extended	P3-4b: teachable vocabulary for a later/advanced course (not a transparent cognate, paradigm drill, or bare mapping anchor)
9s6oz3nwye	extended	P3-4b: teachable vocabulary for a later/advanced course (not a transparent cognate, paradigm drill, or bare mapping anchor)
pzy17gtc2h	extended	P3-4b: teachable vocabulary for a later/advanced course (not a transparent cognate, paradigm drill, or bare mapping anchor)
2su9hktaqm	extended	P3-4b: teachable vocabulary for a later/advanced course (not a transparent cognate, paradigm drill, or bare mapping anchor)
8i7uc2z97a	extended	P3-4b: teachable vocabulary for a later/advanced course (not a transparent cognate, paradigm drill, or bare mapping anchor)
grcvzooa7a	extended	P3-4b: teachable vocabulary for a later/advanced course (not a transparent cognate, paradigm drill, or bare mapping anchor)
evssaeefeq	extended	P3-4b: teachable vocabulary for a later/advanced course (not a transparent cognate, paradigm drill, or bare mapping anchor)
v8tjp3s2k0	extended	P3-4b: teachable vocabulary for a later/advanced course (not a transparent cognate, paradigm drill, or bare mapping anchor)
h1hgpmfjqn	extended	P3-4b: teachable vocabulary for a later/advanced course (not a transparent cognate, paradigm drill, or bare mapping anchor)
cpirdm8nas	extended	P3-4b: teachable vocabulary for a later/advanced course (not a transparent cognate, paradigm drill, or bare mapping anchor)
w8obyhwxnh	extended	P3-4b: teachable vocabulary for a later/advanced course (not a transparent cognate, paradigm drill, or bare mapping anchor)
ilvyid32a1	extended	P3-4b: teachable vocabulary for a later/advanced course (not a transparent cognate, paradigm drill, or bare mapping anchor)
8et9s26o6q	extended	P3-4b: teachable vocabulary for a later/advanced course (not a transparent cognate, paradigm drill, or bare mapping anchor)
1w53owbdde	extended	P3-4b: teachable vocabulary for a later/advanced course (not a transparent cognate, paradigm drill, or bare mapping anchor)
kxzo7hrvsf	extended	P3-4b: teachable vocabulary for a later/advanced course (not a transparent cognate, paradigm drill, or bare mapping anchor)
w93c07l74k	extended	P3-4b: teachable vocabulary for a later/advanced course (not a transparent cognate, paradigm drill, or bare mapping anchor)
ilhsuo6j13	extended	P3-4b: teachable vocabulary for a later/advanced course (not a transparent cognate, paradigm drill, or bare mapping anchor)
l4v9bkfwpa	extended	P3-4b: teachable vocabulary for a later/advanced course (not a transparent cognate, paradigm drill, or bare mapping anchor)
olvheflsx5	extended	P3-4b: teachable vocabulary for a later/advanced course (not a transparent cognate, paradigm drill, or bare mapping anchor)
5b4zdy92e4	extended	P3-4b: teachable vocabulary for a later/advanced course (not a transparent cognate, paradigm drill, or bare mapping anchor)
jeknschyp1	extended	P3-4b: teachable vocabulary for a later/advanced course (not a transparent cognate, paradigm drill, or bare mapping anchor)
0jgdkhwoy1	extended	P3-4b: teachable vocabulary for a later/advanced course (not a transparent cognate, paradigm drill, or bare mapping anchor)
gx8qvdgggd	extended	P3-4b: teachable vocabulary for a later/advanced course (not a transparent cognate, paradigm drill, or bare mapping anchor)
5wn1kdo8om	extended	P3-4b: teachable vocabulary for a later/advanced course (not a transparent cognate, paradigm drill, or bare mapping anchor)
6ts6qcxven	extended	P3-4b: teachable vocabulary for a later/advanced course (not a transparent cognate, paradigm drill, or bare mapping anchor)
yfiloyn264	extended	P3-4b: teachable vocabulary for a later/advanced course (not a transparent cognate, paradigm drill, or bare mapping anchor)
6zok4qn7s1	extended	P3-4b: teachable vocabulary for a later/advanced course (not a transparent cognate, paradigm drill, or bare mapping anchor)
jx30cy0knp	extended	P3-4b: teachable vocabulary for a later/advanced course (not a transparent cognate, paradigm drill, or bare mapping anchor)
27wshog3ea	extended	P3-4b: teachable vocabulary for a later/advanced course (not a transparent cognate, paradigm drill, or bare mapping anchor)
hjs9ep6fcx	extended	P3-4b: teachable vocabulary for a later/advanced course (not a transparent cognate, paradigm drill, or bare mapping anchor)
zhppsm0ril	extended	P3-4b: teachable vocabulary for a later/advanced course (not a transparent cognate, paradigm drill, or bare mapping anchor)
keipu2amzu	extended	P3-4b: teachable vocabulary for a later/advanced course (not a transparent cognate, paradigm drill, or bare mapping anchor)
s6qz7seduj	extended	P3-4b: teachable vocabulary for a later/advanced course (not a transparent cognate, paradigm drill, or bare mapping anchor)
sw4rfj6xiz	extended	P3-4b: teachable vocabulary for a later/advanced course (not a transparent cognate, paradigm drill, or bare mapping anchor)
l9nbah9qj7	extended	P3-4b: teachable vocabulary for a later/advanced course (not a transparent cognate, paradigm drill, or bare mapping anchor)
nam9b22zd9	extended	P3-4b: teachable vocabulary for a later/advanced course (not a transparent cognate, paradigm drill, or bare mapping anchor)
knv7edhbxa	extended	P3-4b: teachable vocabulary for a later/advanced course (not a transparent cognate, paradigm drill, or bare mapping anchor)
hg0fms84jb	extended	P3-4b: teachable vocabulary for a later/advanced course (not a transparent cognate, paradigm drill, or bare mapping anchor)
p7tqiahqw5	extended	P3-4b: teachable vocabulary for a later/advanced course (not a transparent cognate, paradigm drill, or bare mapping anchor)
9hg67ws4uf	extended	P3-4b: teachable vocabulary for a later/advanced course (not a transparent cognate, paradigm drill, or bare mapping anchor)
7g9t44368j	extended	P3-4b: teachable vocabulary for a later/advanced course (not a transparent cognate, paradigm drill, or bare mapping anchor)
gld2us3kz8	extended	P3-4b: teachable vocabulary for a later/advanced course (not a transparent cognate, paradigm drill, or bare mapping anchor)
vg4oykxghk	extended	P3-4b: teachable vocabulary for a later/advanced course (not a transparent cognate, paradigm drill, or bare mapping anchor)
i4yza7s44d	extended	P3-4b: teachable vocabulary for a later/advanced course (not a transparent cognate, paradigm drill, or bare mapping anchor)
kuaroen0t1	extended	P3-4b: teachable vocabulary for a later/advanced course (not a transparent cognate, paradigm drill, or bare mapping anchor)
9j908ncq6v	extended	P3-4b: teachable vocabulary for a later/advanced course (not a transparent cognate, paradigm drill, or bare mapping anchor)
fkr7q6ehdp	extended	P3-4b: teachable vocabulary for a later/advanced course (not a transparent cognate, paradigm drill, or bare mapping anchor)
bsy2e9mwlo	extended	P3-4b: teachable vocabulary for a later/advanced course (not a transparent cognate, paradigm drill, or bare mapping anchor)
7ga4rwg1hq	extended	P3-4b: teachable vocabulary for a later/advanced course (not a transparent cognate, paradigm drill, or bare mapping anchor)
od7ue4t4a8	extended	P3-4b: teachable vocabulary for a later/advanced course (not a transparent cognate, paradigm drill, or bare mapping anchor)
yg6xltanht	extended	P3-4b: teachable vocabulary for a later/advanced course (not a transparent cognate, paradigm drill, or bare mapping anchor)
bh82sh21dr	extended	P3-4b: teachable vocabulary for a later/advanced course (not a transparent cognate, paradigm drill, or bare mapping anchor)
i0nrqvquwp	extended	P3-4b: teachable vocabulary for a later/advanced course (not a transparent cognate, paradigm drill, or bare mapping anchor)
tbicbtr0u6	extended	P3-4b: teachable vocabulary for a later/advanced course (not a transparent cognate, paradigm drill, or bare mapping anchor)
khn4nszu77	extended	P3-4b: teachable vocabulary for a later/advanced course (not a transparent cognate, paradigm drill, or bare mapping anchor)
jfmjm99m19	extended	P3-4b: teachable vocabulary for a later/advanced course (not a transparent cognate, paradigm drill, or bare mapping anchor)
qdhjj8exwl	extended	P3-4b: teachable vocabulary for a later/advanced course (not a transparent cognate, paradigm drill, or bare mapping anchor)
vb4hrz9umj	extended	P3-4b: teachable vocabulary for a later/advanced course (not a transparent cognate, paradigm drill, or bare mapping anchor)
4t3k0v5chd	extended	P3-4b: teachable vocabulary for a later/advanced course (not a transparent cognate, paradigm drill, or bare mapping anchor)
ofcx4vhmey	extended	P3-4b: teachable vocabulary for a later/advanced course (not a transparent cognate, paradigm drill, or bare mapping anchor)
zzwblkhtbk	extended	P3-4b: teachable vocabulary for a later/advanced course (not a transparent cognate, paradigm drill, or bare mapping anchor)
spmns9bg07	extended	P3-4b: teachable vocabulary for a later/advanced course (not a transparent cognate, paradigm drill, or bare mapping anchor)
y2s6dt7bku	extended	P3-4b: teachable vocabulary for a later/advanced course (not a transparent cognate, paradigm drill, or bare mapping anchor)
x3aciqvw7q	extended	P3-4b: teachable vocabulary for a later/advanced course (not a transparent cognate, paradigm drill, or bare mapping anchor)
hkmhxwijiw	extended	P3-4b: teachable vocabulary for a later/advanced course (not a transparent cognate, paradigm drill, or bare mapping anchor)
chyzg2k9qg	extended	P3-4b: teachable vocabulary for a later/advanced course (not a transparent cognate, paradigm drill, or bare mapping anchor)
hcj1t8t78h	extended	P3-4b: teachable vocabulary for a later/advanced course (not a transparent cognate, paradigm drill, or bare mapping anchor)
977cxas6wl	extended	P3-4b: teachable vocabulary for a later/advanced course (not a transparent cognate, paradigm drill, or bare mapping anchor)
5fj4e797ml	extended	P3-4b: teachable vocabulary for a later/advanced course (not a transparent cognate, paradigm drill, or bare mapping anchor)
btcf40lgg6	extended	P3-4b: teachable vocabulary for a later/advanced course (not a transparent cognate, paradigm drill, or bare mapping anchor)
si6tzlf06j	extended	P3-4b: teachable vocabulary for a later/advanced course (not a transparent cognate, paradigm drill, or bare mapping anchor)
jtxyzlj6nv	extended	P3-4b: teachable vocabulary for a later/advanced course (not a transparent cognate, paradigm drill, or bare mapping anchor)
ue5wg57wnn	extended	P3-4b: teachable vocabulary for a later/advanced course (not a transparent cognate, paradigm drill, or bare mapping anchor)
ed3n0mj0i5	extended	P3-4b: teachable vocabulary for a later/advanced course (not a transparent cognate, paradigm drill, or bare mapping anchor)
bqha0lt3ra	extended	P3-4b: teachable vocabulary for a later/advanced course (not a transparent cognate, paradigm drill, or bare mapping anchor)
hqusqt34k6	extended	P3-4b: teachable vocabulary for a later/advanced course (not a transparent cognate, paradigm drill, or bare mapping anchor)
72hxaia566	extended	P3-4b: teachable vocabulary for a later/advanced course (not a transparent cognate, paradigm drill, or bare mapping anchor)
r307dnrn4m	extended	P3-4b: teachable vocabulary for a later/advanced course (not a transparent cognate, paradigm drill, or bare mapping anchor)
2tpq2h0jq0	extended	P3-4b: teachable vocabulary for a later/advanced course (not a transparent cognate, paradigm drill, or bare mapping anchor)
jj2s83qp8n	extended	P3-4b: teachable vocabulary for a later/advanced course (not a transparent cognate, paradigm drill, or bare mapping anchor)
lqxcb4tfpm	extended	P3-4b: teachable vocabulary for a later/advanced course (not a transparent cognate, paradigm drill, or bare mapping anchor)
qbmtcey423	extended	P3-4b: teachable vocabulary for a later/advanced course (not a transparent cognate, paradigm drill, or bare mapping anchor)
8q88rkk01h	extended	P3-4b: teachable vocabulary for a later/advanced course (not a transparent cognate, paradigm drill, or bare mapping anchor)
i45j20q1be	extended	P3-4b: teachable vocabulary for a later/advanced course (not a transparent cognate, paradigm drill, or bare mapping anchor)
fxu8bkwlng	extended	P3-4b: teachable vocabulary for a later/advanced course (not a transparent cognate, paradigm drill, or bare mapping anchor)
lafn6elemf	extended	P3-4b: teachable vocabulary for a later/advanced course (not a transparent cognate, paradigm drill, or bare mapping anchor)
0srx55tuxj	extended	P3-4b: teachable vocabulary for a later/advanced course (not a transparent cognate, paradigm drill, or bare mapping anchor)
1ers9if1ue	extended	P3-4b: teachable vocabulary for a later/advanced course (not a transparent cognate, paradigm drill, or bare mapping anchor)
ikbozl8fdl	extended	P3-4b: teachable vocabulary for a later/advanced course (not a transparent cognate, paradigm drill, or bare mapping anchor)
sdy4rgtwmm	extended	P3-4b: teachable vocabulary for a later/advanced course (not a transparent cognate, paradigm drill, or bare mapping anchor)
dciouj17pb	extended	P3-4b: teachable vocabulary for a later/advanced course (not a transparent cognate, paradigm drill, or bare mapping anchor)
k55vujgmii	extended	P3-4b: teachable vocabulary for a later/advanced course (not a transparent cognate, paradigm drill, or bare mapping anchor)
i0y81776x6	extended	P3-4b: teachable vocabulary for a later/advanced course (not a transparent cognate, paradigm drill, or bare mapping anchor)
3zfrre4tig	extended	P3-4b: teachable vocabulary for a later/advanced course (not a transparent cognate, paradigm drill, or bare mapping anchor)
e7mbwuo2sd	extended	P3-4b: teachable vocabulary for a later/advanced course (not a transparent cognate, paradigm drill, or bare mapping anchor)
fvrw94ns16	extended	P3-4b: teachable vocabulary for a later/advanced course (not a transparent cognate, paradigm drill, or bare mapping anchor)
jqzuvvlrry	extended	P3-4b: teachable vocabulary for a later/advanced course (not a transparent cognate, paradigm drill, or bare mapping anchor)
p83sgqivs1	extended	P3-4b: teachable vocabulary for a later/advanced course (not a transparent cognate, paradigm drill, or bare mapping anchor)
q8bc2trq23	extended	P3-4b: teachable vocabulary for a later/advanced course (not a transparent cognate, paradigm drill, or bare mapping anchor)
4z8q6xymuc	extended	P3-4b: teachable vocabulary for a later/advanced course (not a transparent cognate, paradigm drill, or bare mapping anchor)
c5f9nw0nq0	extended	P3-4b: teachable vocabulary for a later/advanced course (not a transparent cognate, paradigm drill, or bare mapping anchor)
py3amhoaz5	extended	P3-4b: teachable vocabulary for a later/advanced course (not a transparent cognate, paradigm drill, or bare mapping anchor)
g6oc9u02od	extended	P3-4b: teachable vocabulary for a later/advanced course (not a transparent cognate, paradigm drill, or bare mapping anchor)
9v5e2r6rkb	extended	P3-4b: teachable vocabulary for a later/advanced course (not a transparent cognate, paradigm drill, or bare mapping anchor)
fjw2ka5sik	extended	P3-4b: teachable vocabulary for a later/advanced course (not a transparent cognate, paradigm drill, or bare mapping anchor)
odtzlj8mgi	extended	P3-4b: teachable vocabulary for a later/advanced course (not a transparent cognate, paradigm drill, or bare mapping anchor)
18fm2l0d85	extended	P3-4b: teachable vocabulary for a later/advanced course (not a transparent cognate, paradigm drill, or bare mapping anchor)
ocaaevxei0	extended	P3-4b: teachable vocabulary for a later/advanced course (not a transparent cognate, paradigm drill, or bare mapping anchor)
04s6a92u57	extended	P3-4b: teachable vocabulary for a later/advanced course (not a transparent cognate, paradigm drill, or bare mapping anchor)
dvomrqlupx	extended	P3-4b: teachable vocabulary for a later/advanced course (not a transparent cognate, paradigm drill, or bare mapping anchor)
052nhshshg	extended	P3-4b: teachable vocabulary for a later/advanced course (not a transparent cognate, paradigm drill, or bare mapping anchor)
yydzuvtb46	extended	P3-4b: teachable vocabulary for a later/advanced course (not a transparent cognate, paradigm drill, or bare mapping anchor)
3w6ywawl7f	extended	P3-4b: teachable vocabulary for a later/advanced course (not a transparent cognate, paradigm drill, or bare mapping anchor)
roepi9tuin	extended	P3-4b: teachable vocabulary for a later/advanced course (not a transparent cognate, paradigm drill, or bare mapping anchor)
in8sivez9e	extended	P3-4b: teachable vocabulary for a later/advanced course (not a transparent cognate, paradigm drill, or bare mapping anchor)
xrmtxxcrsi	extended	P3-4b: teachable vocabulary for a later/advanced course (not a transparent cognate, paradigm drill, or bare mapping anchor)
23teiayo6g	extended	P3-4b: teachable vocabulary for a later/advanced course (not a transparent cognate, paradigm drill, or bare mapping anchor)
ptjcpzvqxw	extended	P3-4b: teachable vocabulary for a later/advanced course (not a transparent cognate, paradigm drill, or bare mapping anchor)
22w9hcretm	extended	P3-4b: teachable vocabulary for a later/advanced course (not a transparent cognate, paradigm drill, or bare mapping anchor)
zghjiilqvy	extended	P3-4b: teachable vocabulary for a later/advanced course (not a transparent cognate, paradigm drill, or bare mapping anchor)
ut8jfj84nw	extended	P3-4b: teachable vocabulary for a later/advanced course (not a transparent cognate, paradigm drill, or bare mapping anchor)
6ozlz4wrp3	extended	P3-4b: teachable vocabulary for a later/advanced course (not a transparent cognate, paradigm drill, or bare mapping anchor)
2mg4cy8xgu	extended	P3-4b: teachable vocabulary for a later/advanced course (not a transparent cognate, paradigm drill, or bare mapping anchor)
o75m406e73	extended	P3-4b: teachable vocabulary for a later/advanced course (not a transparent cognate, paradigm drill, or bare mapping anchor)
9uy90z13u9	extended	P3-4b: teachable vocabulary for a later/advanced course (not a transparent cognate, paradigm drill, or bare mapping anchor)
whdxi9dk01	extended	P3-4b: teachable vocabulary for a later/advanced course (not a transparent cognate, paradigm drill, or bare mapping anchor)
6ittn2yy6r	extended	P3-4b: teachable vocabulary for a later/advanced course (not a transparent cognate, paradigm drill, or bare mapping anchor)
h4it1wwpn1	extended	P3-4b: teachable vocabulary for a later/advanced course (not a transparent cognate, paradigm drill, or bare mapping anchor)
nglcabemco	extended	P3-4b: teachable vocabulary for a later/advanced course (not a transparent cognate, paradigm drill, or bare mapping anchor)
28wuv5j1dp	extended	P3-4b: teachable vocabulary for a later/advanced course (not a transparent cognate, paradigm drill, or bare mapping anchor)
wlak5wglp1	extended	P3-4b: teachable vocabulary for a later/advanced course (not a transparent cognate, paradigm drill, or bare mapping anchor)
kcwee5uzri	extended	P3-4b: teachable vocabulary for a later/advanced course (not a transparent cognate, paradigm drill, or bare mapping anchor)
am1zzaxcoi	extended	P3-4b: teachable vocabulary for a later/advanced course (not a transparent cognate, paradigm drill, or bare mapping anchor)
4mkm6qyxir	extended	P3-4b: teachable vocabulary for a later/advanced course (not a transparent cognate, paradigm drill, or bare mapping anchor)
gis8rns2at	extended	P3-4b: teachable vocabulary for a later/advanced course (not a transparent cognate, paradigm drill, or bare mapping anchor)
te8x9qnkt0	extended	P3-4b: teachable vocabulary for a later/advanced course (not a transparent cognate, paradigm drill, or bare mapping anchor)
16bgwsuy7m	extended	P3-4b: teachable vocabulary for a later/advanced course (not a transparent cognate, paradigm drill, or bare mapping anchor)
was02kzdys	extended	P3-4b: teachable vocabulary for a later/advanced course (not a transparent cognate, paradigm drill, or bare mapping anchor)
i1wqgc6i2p	extended	P3-4b: teachable vocabulary for a later/advanced course (not a transparent cognate, paradigm drill, or bare mapping anchor)
ext92eedsy	extended	P3-4b: teachable vocabulary for a later/advanced course (not a transparent cognate, paradigm drill, or bare mapping anchor)
t18qtn5yuv	extended	P3-4b: teachable vocabulary for a later/advanced course (not a transparent cognate, paradigm drill, or bare mapping anchor)
zv195eq10v	extended	P3-4b: teachable vocabulary for a later/advanced course (not a transparent cognate, paradigm drill, or bare mapping anchor)
na9c6zc7g3	extended	P3-4b: teachable vocabulary for a later/advanced course (not a transparent cognate, paradigm drill, or bare mapping anchor)
sfunx9o2ea	extended	P3-4b: teachable vocabulary for a later/advanced course (not a transparent cognate, paradigm drill, or bare mapping anchor)
c48b9qs6fd	extended	P3-4b: teachable vocabulary for a later/advanced course (not a transparent cognate, paradigm drill, or bare mapping anchor)
6afpob0j51	extended	P3-4b: teachable vocabulary for a later/advanced course (not a transparent cognate, paradigm drill, or bare mapping anchor)
irjthpqcky	extended	P3-4b: teachable vocabulary for a later/advanced course (not a transparent cognate, paradigm drill, or bare mapping anchor)
yqvaxktaxf	extended	P3-4b: teachable vocabulary for a later/advanced course (not a transparent cognate, paradigm drill, or bare mapping anchor)
5ghn7qdcb9	extended	P3-4b: teachable vocabulary for a later/advanced course (not a transparent cognate, paradigm drill, or bare mapping anchor)
k0xotyudww	extended	P3-4b: teachable vocabulary for a later/advanced course (not a transparent cognate, paradigm drill, or bare mapping anchor)
wikkywcgdf	extended	P3-4b: teachable vocabulary for a later/advanced course (not a transparent cognate, paradigm drill, or bare mapping anchor)
md76l01y42	extended	P3-4b: teachable vocabulary for a later/advanced course (not a transparent cognate, paradigm drill, or bare mapping anchor)
yxx7sx1wqo	extended	P3-4b: teachable vocabulary for a later/advanced course (not a transparent cognate, paradigm drill, or bare mapping anchor)
d34gfs3yws	extended	P3-4b: teachable vocabulary for a later/advanced course (not a transparent cognate, paradigm drill, or bare mapping anchor)
s56jevo2vw	extended	P3-4b: teachable vocabulary for a later/advanced course (not a transparent cognate, paradigm drill, or bare mapping anchor)
r6gr6g96nw	extended	P3-4b: teachable vocabulary for a later/advanced course (not a transparent cognate, paradigm drill, or bare mapping anchor)
nescdc4of4	extended	P3-4b: teachable vocabulary for a later/advanced course (not a transparent cognate, paradigm drill, or bare mapping anchor)
pgjoyoy277	extended	P3-4b: teachable vocabulary for a later/advanced course (not a transparent cognate, paradigm drill, or bare mapping anchor)
pwgug8da10	extended	P3-4b: teachable vocabulary for a later/advanced course (not a transparent cognate, paradigm drill, or bare mapping anchor)
u0kpsvg045	extended	P3-4b: teachable vocabulary for a later/advanced course (not a transparent cognate, paradigm drill, or bare mapping anchor)
x85ex3trnw	extended	P3-4b: teachable vocabulary for a later/advanced course (not a transparent cognate, paradigm drill, or bare mapping anchor)
5kzfo8gfgi	extended	P3-4b: teachable vocabulary for a later/advanced course (not a transparent cognate, paradigm drill, or bare mapping anchor)
x564mvvi0d	extended	P3-4b: teachable vocabulary for a later/advanced course (not a transparent cognate, paradigm drill, or bare mapping anchor)
nzgtymeocj	extended	P3-4b: teachable vocabulary for a later/advanced course (not a transparent cognate, paradigm drill, or bare mapping anchor)
jbdsqcaye1	extended	P3-4b: teachable vocabulary for a later/advanced course (not a transparent cognate, paradigm drill, or bare mapping anchor)
l42cdp6nnd	extended	P3-4b: teachable vocabulary for a later/advanced course (not a transparent cognate, paradigm drill, or bare mapping anchor)
mvpo021kxl	extended	P3-4b: teachable vocabulary for a later/advanced course (not a transparent cognate, paradigm drill, or bare mapping anchor)
5egzllnbai	extended	P3-4b: teachable vocabulary for a later/advanced course (not a transparent cognate, paradigm drill, or bare mapping anchor)
e4ohcagye9	extended	P3-4b: teachable vocabulary for a later/advanced course (not a transparent cognate, paradigm drill, or bare mapping anchor)
p34vsonve4	extended	P3-4b: teachable vocabulary for a later/advanced course (not a transparent cognate, paradigm drill, or bare mapping anchor)
1bs20nqq1z	extended	P3-4b: teachable vocabulary for a later/advanced course (not a transparent cognate, paradigm drill, or bare mapping anchor)
xjwylsxod0	extended	P3-4b: teachable vocabulary for a later/advanced course (not a transparent cognate, paradigm drill, or bare mapping anchor)
ljjs4igbh8	extended	P3-4b: teachable vocabulary for a later/advanced course (not a transparent cognate, paradigm drill, or bare mapping anchor)
czdf4gnfnp	extended	P3-4b: teachable vocabulary for a later/advanced course (not a transparent cognate, paradigm drill, or bare mapping anchor)
z0ppej4qej	extended	P3-4b: teachable vocabulary for a later/advanced course (not a transparent cognate, paradigm drill, or bare mapping anchor)
p4scw97v1h	extended	P3-4b: teachable vocabulary for a later/advanced course (not a transparent cognate, paradigm drill, or bare mapping anchor)
a3bhdljvih	extended	P3-4b: teachable vocabulary for a later/advanced course (not a transparent cognate, paradigm drill, or bare mapping anchor)
905ihja4zo	extended	P3-4b: teachable vocabulary for a later/advanced course (not a transparent cognate, paradigm drill, or bare mapping anchor)
6hc9qj9an6	extended	P3-4b: teachable vocabulary for a later/advanced course (not a transparent cognate, paradigm drill, or bare mapping anchor)
208ry1ffqk	extended	P3-4b: teachable vocabulary for a later/advanced course (not a transparent cognate, paradigm drill, or bare mapping anchor)
ahkjwrez5w	extended	P3-4b: teachable vocabulary for a later/advanced course (not a transparent cognate, paradigm drill, or bare mapping anchor)
vmofgr1p4a	extended	P3-4b: teachable vocabulary for a later/advanced course (not a transparent cognate, paradigm drill, or bare mapping anchor)
286sjydeon	extended	P3-4b: teachable vocabulary for a later/advanced course (not a transparent cognate, paradigm drill, or bare mapping anchor)
xltdt2bpq9	extended	P3-4b: teachable vocabulary for a later/advanced course (not a transparent cognate, paradigm drill, or bare mapping anchor)
nk0a8snhq8	extended	P3-4b: teachable vocabulary for a later/advanced course (not a transparent cognate, paradigm drill, or bare mapping anchor)
55iitmw0d7	extended	P3-4b: teachable vocabulary for a later/advanced course (not a transparent cognate, paradigm drill, or bare mapping anchor)
9nxtl23uza	extended	P3-4b: teachable vocabulary for a later/advanced course (not a transparent cognate, paradigm drill, or bare mapping anchor)
mpao4yhv55	extended	P3-4b: teachable vocabulary for a later/advanced course (not a transparent cognate, paradigm drill, or bare mapping anchor)
nxk7dtjdpe	extended	P3-4b: teachable vocabulary for a later/advanced course (not a transparent cognate, paradigm drill, or bare mapping anchor)
zuvh5lsd8u	extended	P3-4b: teachable vocabulary for a later/advanced course (not a transparent cognate, paradigm drill, or bare mapping anchor)
3x6gdy36k9	extended	P3-4b: teachable vocabulary for a later/advanced course (not a transparent cognate, paradigm drill, or bare mapping anchor)
ukwulq0hup	extended	P3-4b: teachable vocabulary for a later/advanced course (not a transparent cognate, paradigm drill, or bare mapping anchor)
mvddgib5ti	extended	P3-4b: teachable vocabulary for a later/advanced course (not a transparent cognate, paradigm drill, or bare mapping anchor)
dpp6pujrc4	extended	P3-4b: teachable vocabulary for a later/advanced course (not a transparent cognate, paradigm drill, or bare mapping anchor)
qta6ei3b67	extended	P3-4b: teachable vocabulary for a later/advanced course (not a transparent cognate, paradigm drill, or bare mapping anchor)
349woeqgw3	extended	P3-4b: teachable vocabulary for a later/advanced course (not a transparent cognate, paradigm drill, or bare mapping anchor)
mo3m4rjpyo	extended	P3-4b: teachable vocabulary for a later/advanced course (not a transparent cognate, paradigm drill, or bare mapping anchor)
cencbpbbei	extended	P3-4b: teachable vocabulary for a later/advanced course (not a transparent cognate, paradigm drill, or bare mapping anchor)
fktf9mepcn	extended	P3-4b: teachable vocabulary for a later/advanced course (not a transparent cognate, paradigm drill, or bare mapping anchor)
cb15a9bkk6	extended	P3-4b: teachable vocabulary for a later/advanced course (not a transparent cognate, paradigm drill, or bare mapping anchor)
u1njnze2ss	extended	P3-4b: teachable vocabulary for a later/advanced course (not a transparent cognate, paradigm drill, or bare mapping anchor)
00igen7v9s	extended	P3-4b: teachable vocabulary for a later/advanced course (not a transparent cognate, paradigm drill, or bare mapping anchor)
mpxfwjh99r	extended	P3-4b: teachable vocabulary for a later/advanced course (not a transparent cognate, paradigm drill, or bare mapping anchor)
hbbltk5r4f	extended	P3-4b: teachable vocabulary for a later/advanced course (not a transparent cognate, paradigm drill, or bare mapping anchor)
azzxq4wu4n	extended	P3-4b: teachable vocabulary for a later/advanced course (not a transparent cognate, paradigm drill, or bare mapping anchor)
l12jegmf94	extended	P3-4b: teachable vocabulary for a later/advanced course (not a transparent cognate, paradigm drill, or bare mapping anchor)
tjn9t0zmm4	extended	P3-4b: teachable vocabulary for a later/advanced course (not a transparent cognate, paradigm drill, or bare mapping anchor)
pltwlpitcz	extended	P3-4b: teachable vocabulary for a later/advanced course (not a transparent cognate, paradigm drill, or bare mapping anchor)
pud3q68taq	extended	P3-4b: teachable vocabulary for a later/advanced course (not a transparent cognate, paradigm drill, or bare mapping anchor)
ifdijt1kj7	extended	P3-4b: teachable vocabulary for a later/advanced course (not a transparent cognate, paradigm drill, or bare mapping anchor)
nc5yb5f5cn	extended	P3-4b: teachable vocabulary for a later/advanced course (not a transparent cognate, paradigm drill, or bare mapping anchor)
lztdsmka37	extended	P3-4b: teachable vocabulary for a later/advanced course (not a transparent cognate, paradigm drill, or bare mapping anchor)
vnrarozvhe	extended	P3-4b: teachable vocabulary for a later/advanced course (not a transparent cognate, paradigm drill, or bare mapping anchor)
ndldiki9y2	extended	P3-4b: teachable vocabulary for a later/advanced course (not a transparent cognate, paradigm drill, or bare mapping anchor)
v6f48guuvb	extended	P3-4b: teachable vocabulary for a later/advanced course (not a transparent cognate, paradigm drill, or bare mapping anchor)
6mkt3ys5cc	extended	P3-4b: teachable vocabulary for a later/advanced course (not a transparent cognate, paradigm drill, or bare mapping anchor)
u22ptddek2	extended	P3-4b: teachable vocabulary for a later/advanced course (not a transparent cognate, paradigm drill, or bare mapping anchor)
id9rfte04s	extended	P3-4b: teachable vocabulary for a later/advanced course (not a transparent cognate, paradigm drill, or bare mapping anchor)
67xfwgpbci	extended	P3-4b: teachable vocabulary for a later/advanced course (not a transparent cognate, paradigm drill, or bare mapping anchor)
fyldm4hx88	extended	P3-4b: teachable vocabulary for a later/advanced course (not a transparent cognate, paradigm drill, or bare mapping anchor)
90thzh7p12	extended	P3-4b: teachable vocabulary for a later/advanced course (not a transparent cognate, paradigm drill, or bare mapping anchor)
avla9wxl8x	extended	P3-4b: teachable vocabulary for a later/advanced course (not a transparent cognate, paradigm drill, or bare mapping anchor)
lhqwt7vhxe	extended	P3-4b: teachable vocabulary for a later/advanced course (not a transparent cognate, paradigm drill, or bare mapping anchor)
jv2hb5h14i	extended	P3-4b: teachable vocabulary for a later/advanced course (not a transparent cognate, paradigm drill, or bare mapping anchor)
bsjihcs01e	extended	P3-4b: teachable vocabulary for a later/advanced course (not a transparent cognate, paradigm drill, or bare mapping anchor)
8oydioe8vl	extended	P3-4b: teachable vocabulary for a later/advanced course (not a transparent cognate, paradigm drill, or bare mapping anchor)
7mjxt0orjk	extended	P3-4b: teachable vocabulary for a later/advanced course (not a transparent cognate, paradigm drill, or bare mapping anchor)
0n9qw60q58	extended	P3-4b: teachable vocabulary for a later/advanced course (not a transparent cognate, paradigm drill, or bare mapping anchor)
2xqn998l77	extended	P3-4b: teachable vocabulary for a later/advanced course (not a transparent cognate, paradigm drill, or bare mapping anchor)
mul6vzbji9	extended	P3-4b: teachable vocabulary for a later/advanced course (not a transparent cognate, paradigm drill, or bare mapping anchor)
t5atviywgi	extended	P3-4b: teachable vocabulary for a later/advanced course (not a transparent cognate, paradigm drill, or bare mapping anchor)
xuzwzg1iov	extended	P3-4b: teachable vocabulary for a later/advanced course (not a transparent cognate, paradigm drill, or bare mapping anchor)
sp3ppxsht4	extended	P3-4b: teachable vocabulary for a later/advanced course (not a transparent cognate, paradigm drill, or bare mapping anchor)
is83ex1r7e	extended	P3-4b: teachable vocabulary for a later/advanced course (not a transparent cognate, paradigm drill, or bare mapping anchor)
cboe3ncvvg	extended	P3-4b: teachable vocabulary for a later/advanced course (not a transparent cognate, paradigm drill, or bare mapping anchor)
lrfioq96ny	extended	P3-4b: teachable vocabulary for a later/advanced course (not a transparent cognate, paradigm drill, or bare mapping anchor)
ffr5aig4sd	extended	P3-4b: teachable vocabulary for a later/advanced course (not a transparent cognate, paradigm drill, or bare mapping anchor)
feiqarcmnl	extended	P3-4b: teachable vocabulary for a later/advanced course (not a transparent cognate, paradigm drill, or bare mapping anchor)
