w7bu9jslac	querer [algo]	to want [something]	core	es:querer|en:want	lemma facet derived from headword
df1fa2p3xy	querer [hacer algo]	to want [to do something]	core	es:querer|en:want	lemma facet derived from headword
z3i6f8s1or	querer que [alguien] [haga algo]	to want [somebody] [to do something]	core	es:querer|en:want	lemma facet derived from headword
5hlohr9z3f	querer a [alguien]	to love [somebody]	supporting	es:querer|en:love	lemma facet derived from headword
592w2y5gz1	querer decir	to mean	supporting	es:querer|en:mean	lemma facet derived from headword
dvodf0y7wx	quisiera [algo]	would like [something]	supporting	es:querer|en:like	lemma facet derived from headword
dnwd7gmll5	quisiera [hacer algo]	would like [to do something]	supporting	es:querer|en:like	lemma facet derived from headword
9h3jno3320	quisiera que [alguien] [hiciera algo]	would like [somebody] [to do something]	supporting	es:querer|en:like	lemma facet derived from headword
lennoglnrf	quiso [hacer algo] (intento no logrado)	tried [to do something]	reference	es:querer|en:tried	lemma facet derived from headword
e6kt0s21ap	no quiso [hacer algo]	refused [to do something]	reference	es:querer|en:refused	lemma facet derived from headword
bxt46dkdag	no quiso [hacer algo]	wouldn't [do something]	reference	es:querer|en:wouldn't	lemma facet derived from headword
tbpj623d3b	querer [hacer algo] (tener la intención)	to mean [to do something]	reference	es:querer|en:mean	lemma facet derived from headword
p2ddtuwn9m	sin querer	accidentally	reference	es:sin|en:accidentally	lemma facet derived from headword
e2msmadaj6	sin querer	unintentionally	reference	es:sin|en:unintentionally	lemma facet derived from headword
etjg9ef1sp	[hacer algo] queriendo	[to do something] on purpose	reference	es:querer|en:on	lemma facet derived from headword
yfd5jg73vc	[hacer algo] queriendo	[to do something] deliberately	reference	es:querer|en:deliberately	lemma facet derived from headword
vk5c4vsrnd	donde quieras	wherever you want	supporting	es:donde|en:wherever	lemma facet derived from headword
rr28vy1oq0	cuando quieras	whenever you want	supporting	es:cuando|en:whenever	lemma facet derived from headword
7xvappewlv	lo que quieras	whatever you want	supporting	es:que|en:whatever	lemma facet derived from headword
8st8uc3ose	quien quiera	whoever wants to	supporting	es:quien|en:whoever	lemma facet derived from headword
j6x3otw9pi	como quieras	however you want	supporting	es:como|en:however	lemma facet derived from headword
9tdm1v0loz	como quieras	as you wish	reference	es:como|en:as	lemma facet derived from headword
5jgulxtbag	quiera o no	whether [someone] wants to or not	reference	es:quiera|en:whether	lemma facet derived from headword
18xj8sphod	¿quiere [algo]?	would like [something]	reference	es:querer|en:like	lemma facet derived from headword
5zjqxkzep9	¿quiere [hacer algo]?	would like [to do something]	reference	es:querer|en:like	lemma facet derived from headword
okgrw0eqjz	quiero decir	I mean	supporting	es:querer	lemma facet derived from headword
2w91gd6yc7	cuando quieras	anytime	reference	es:cuando|en:anytime	lemma facet derived from headword
oysek8zs4j	querido/a [nombre]	Dear [name]	reference	es:querido|en:dear	lemma facet derived from headword
tamzftp6b6	querido/a	beloved	reference	es:querido|en:beloved	lemma facet derived from headword
wyhk5xpxou	necesitar [algo]	to need [something]	core	es:necesitar|en:need	lemma facet derived from headword
1eotkqfnjg	necesitar [hacer algo]	to need [to do something]	core	es:necesitar|en:need	lemma facet derived from headword
qvltvv56qd	necesitar que [alguien] [haga algo]	to need [somebody] [to do something]	core	es:necesitar|en:need	lemma facet derived from headword
5dd27yg0l5	se necesita [algo]	[something] is needed	reference	es:necesita|en:is	lemma facet derived from headword
2dedeo0gb6	querer [hacer algo]	wanna [do something]	supporting	es:querer|en:wanna	lemma facet derived from headword
nmfskm5zko	necesitar [hacer algo]	needa [do something]	reference	es:necesitar|en:needa	lemma facet derived from headword
blyn87wx6n	comer [algo]	to eat [something]	core	es:comer|en:eat	lemma facet derived from headword
rihgpnyn52	comer [algo]	to have [something]	supporting	es:comer|en:have	lemma facet derived from headword
39jd5tl1td	comer [algo] todo	to eat [something] up	reference	es:comer|en:eat	lemma facet derived from headword
exl1pngeii	comer fuera	to eat out	supporting	es:comer|en:eat	lemma facet derived from headword
dtnqrb3lqk	comer en casa	to eat in	reference	es:comer|en:eat	lemma facet derived from headword
scx4soq3es	desgastar [algo] poco a poco	to eat away at [something]	reference	es:desgastar|en:eat	lemma facet derived from headword
ci5pguw7c2	reducir [algo] gradualmente	to eat into [something]	reference	es:reducir|en:eat	lemma facet derived from headword
muiwdna9jq	consumir [algo] por completo	to eat through [something]	reference	es:consumir|en:eat	lemma facet derived from headword
3r13e3oa6n	tomar [algo]	to take [something]	core	es:tomar|en:take	lemma facet derived from headword
uidyeso1gn	tomar [una bebida]	to drink [a beverage]	supporting	es:tomar|en:drink	lemma facet derived from headword
ggqsaeyv8u	tomar [transporte]	to take [transport]	supporting	es:tomar|en:take	lemma facet derived from headword
gb1zklln37	tomar una decisión	to make a decision	supporting	es:tomar|en:make	lemma facet derived from headword
2hxj5syqcm	tomar [tiempo]	to take [time]	supporting	es:tomar|en:take	lemma facet derived from headword
0cpl9zogy8	tomar el control de [algo]	to take over [something]	supporting	es:tomar|en:take	lemma facet derived from headword
ghaurw9ils	beber [algo]	to drink [something]	supporting	es:beber|en:drink	lemma facet derived from headword
7hhmppjsyi	beber [algo]	to have [a beverage]	reference	es:beber|en:have	lemma facet derived from headword
oieith38tf	despegar	to take off	reference	es:despegar|en:take	lemma facet derived from headword
e7vj7ne6w6	quitarse [algo]	to take off [something]	supporting	es:quitar|en:take	lemma facet derived from headword
ge2h3aq8un	asumir [algo]	to take on [something]	reference	es:asumir|en:take	lemma facet derived from headword
tyi7ultt7w	empezar [una actividad]	to take up [something]	reference	es:empezar|en:take	lemma facet derived from headword
b9jycma895	engañar [a alguien]	to take in [somebody/something]	reference	es:engañar|en:take	lemma facet derived from headword
3lpcerxf58	sacar [algo]	to take out [something]	supporting	es:sacar|en:take	lemma facet derived from headword
djoaiftk25	devolver [algo]	to take back [something]	supporting	es:devolver|en:take	lemma facet derived from headword
g1ya205lb7	bajar [algo]	to take down [something]	supporting	es:bajar|en:take	lemma facet derived from headword
i2o3tqlac3	desarmar [algo]	to take apart [something]	reference	es:desarmar|en:take	lemma facet derived from headword
k3o01kfput	parecerse a [alguien]	to take after [somebody]	reference	es:parecer|en:take	lemma facet derived from headword
y3salsw4an	llevarse [algo]	to take away [something]	supporting	es:llevar|en:take	lemma facet derived from headword
gl1h3xyxfc	empezar a gustarle [algo] a alguien	to take to [something/somebody]	reference	es:empezar|en:take	lemma facet derived from headword
0k0bl4mcur	cuidar de [alguien/algo]	to take care of [somebody/something]	supporting	es:cuidar|en:take	lemma facet derived from headword
f70ddup216	participar en [algo]	to take part in [something]	reference	es:participar|en:take	lemma facet derived from headword
dw6w3t8zih	aprovecharse de [algo/alguien]	to take advantage of [something/somebody]	reference	es:aprovechar|en:take	lemma facet derived from headword
n9z42gcs3h	beber [algo] todo	to drink [something] up	reference	es:beber|en:drink	lemma facet derived from headword
y8vz5i8ugg	absorber [algo]	to drink in [something]	reference	es:absorber|en:drink	lemma facet derived from headword
ixtmrjrh95	brindar por [alguien/algo]	to drink to [somebody/something]	reference	es:brindar|en:drink	lemma facet derived from headword
vmxu8tislh	beber [algo] para olvidar	to drink away [something]	reference	es:beber|en:drink	lemma facet derived from headword
pj5xvxa76j	beber de [un recipiente]	to drink out of [a container]	reference	es:beber|en:drink	lemma facet derived from headword
aamqdep4ti	la comida	food	supporting	es:comida|en:food	lemma facet derived from headword
p7ouvs75tf	la comida	the meal	reference	es:comida|en:meal	lemma facet derived from headword
g2nzrxh5ae	la necesidad	the need	reference	es:necesidad|en:need	lemma facet derived from headword
47i1df0k0i	ser necesario	to be necessary	supporting	es:ser|en:necessary	lemma facet derived from headword
6o8wv1ujtl	la bebida	the beverage	reference	es:bebida|en:beverage	lemma facet derived from headword
00axi6sqac	necesariamente	necessarily	reference	es:necesariamente|en:necessarily	lemma facet derived from headword
7ro4xgurxb	innecesariamente	unnecessarily	reference	es:innecesariamente|en:unnecessarily	lemma facet derived from headword
zasp2r8vif	ser comestible	to be edible	reference	es:ser|en:edible	lemma facet derived from headword
ayq6oujdl5	el comedor	the dining room	reference	es:comedor|en:dining	lemma facet derived from headword
qm6or4amql	el bebedor / la bebedora	the drinker	reference	es:bebedor|en:drinker	lemma facet derived from headword
ldjf9twfn1	ser bebible	to be drinkable	reference	es:ser|en:drinkable	lemma facet derived from headword
4c0v1mewmv	hablar [un idioma]	to speak [a language]	core	es:hablar|en:speak	lemma facet derived from headword
b7q2nz5b40	hablar	to talk	supporting	es:hablar|en:talk	lemma facet derived from headword
xnti52ho63	hablar con [alguien]	to talk to [somebody]	supporting	es:hablar|en:talk	lemma facet derived from headword
qgnveu0pox	hablar con [alguien]	to talk with [somebody]	reference	es:hablar|en:talk	lemma facet derived from headword
im9dazjhez	hablarle a [alguien]	to speak to [somebody]	core	es:hablar|en:speak	lemma facet derived from headword
xo18pm756n	hablar con [alguien]	to speak with [somebody]	supporting	es:hablar|en:speak	lemma facet derived from headword
pfr7szkobd	hablar de [algo]	to talk about [something]	supporting	es:hablar|en:talk	lemma facet derived from headword
hyz7cpy9fj	hablar sobre [algo]	to speak about [something]	supporting	es:hablar|en:speak	lemma facet derived from headword
tiss70p00o	hablar por teléfono con [alguien]	to talk to [somebody] on the phone	reference	es:hablar|en:talk	lemma facet derived from headword
kf0u7n45dt	hablar por [alguien]	to speak for [somebody]	reference	es:hablar|en:speak	lemma facet derived from headword
kb26bvucsb	hablar en nombre de [alguien]	to speak on behalf of [somebody]	reference	es:hablar|en:speak	lemma facet derived from headword
wxukuqznts	hablar más fuerte	to speak up	supporting	es:hablar|en:speak	lemma facet derived from headword
t817imxlpf	pronunciarse sobre [algo]	to speak out about [something]	reference	es:pronunciar|en:speak	lemma facet derived from headword
sgxn0d27nm	hablar de [algo] antes de decidir	to talk [something] over	reference	es:hablar|en:talk	lemma facet derived from headword
22hirk8mdw	explicarle [algo] paso a paso a [alguien]	to talk [somebody] through [something]	reference	es:explicar|en:talk	lemma facet derived from headword
sk978mgwus	convencer a [alguien] de [hacer algo]	to talk [somebody] into [doing something]	reference	es:convencer|en:talk	lemma facet derived from headword
n7f05snzv6	convencer a [alguien] de no [hacer algo]	to talk [somebody] out of [doing something]	reference	es:convencer|en:talk	lemma facet derived from headword
obw0unmb5c	hablarle con condescendencia a [alguien]	to talk down to [somebody]	reference	es:hablar|en:talk	lemma facet derived from headword
utfyp7wiro	contestarle mal a [alguien]	to talk back to [somebody]	reference	es:contestar|en:talk	lemma facet derived from headword
7x4v7kp0dx	hablar consigo mismo/a	to talk to oneself	reference	es:hablar|en:talk	lemma facet derived from headword
jz9ja639wb	el habla	speech	reference	es:habla|en:speech	lemma facet derived from headword
vnc1p295cf	el/la hablante	the speaker	reference	es:hablante|en:speaker	lemma facet derived from headword
e1plhjrtby	ser hablador/a	to be talkative	reference	es:ser|en:talkative	lemma facet derived from headword
d587f3ftw9	decir [algo]	to say [something]	core	es:decir|en:say	lemma facet derived from headword
gbsx4jxjdu	decir que [algo sucede]	to say that [something happens]	core	es:decir|en:say	lemma facet derived from headword
y2jk0txcur	decirle [algo] a [alguien]	to tell [somebody] [something]	core	es:decir|en:tell	lemma facet derived from headword
ut05s5dusz	decirle [algo] a [alguien]	to say [something] to [somebody]	core	es:decir|en:say	lemma facet derived from headword
l9xp6c0qlt	decirle a [alguien] que [haga algo]	to tell [somebody] to [do something]	core	es:decir|en:tell	lemma facet derived from headword
zo168jw53x	decirle a [alguien] algo sobre [algo]	to tell [somebody] about [something]	supporting	es:decir|en:tell	lemma facet derived from headword
a7tobu5j5o	decir la verdad	to tell the truth	supporting	es:decir|en:tell	lemma facet derived from headword
du61aoc74y	decir una mentira	to tell a lie	supporting	es:decir|en:tell	lemma facet derived from headword
kwqo05li9i	decir que sí	to say yes	supporting	es:decir|en:say	lemma facet derived from headword
0uwakesgf2	decir que no	to say no	supporting	es:decir|en:say	lemma facet derived from headword
b4j9ji5u4s	¿Cómo se dice [algo] en inglés?	How do you say [something] in English?	supporting	es:cómo|en:how	lemma facet derived from headword
4pmy3sue86	decir [algo] en voz alta	to say [something] out loud	reference	es:decir|en:say	lemma facet derived from headword
uy518ih9t7	es decir	that is	reference	es:ser|en:that	lemma facet derived from headword
6mwi5bt3ax	es decir	in other words	reference	es:ser|en:in	lemma facet derived from headword
1x6wkh4a4p	dicho esto	that said	reference	es:dicho|en:that	lemma facet derived from headword
2kr0ohl0n5	dicho de otra manera	put another way	reference	es:dicho|en:put	lemma facet derived from headword
z3umj7sj0q	digamos que [algo sucede]	let's say [something happens]	supporting	es:decir|en:let	lemma facet derived from headword
h9qi6jkdmp	por así decirlo	so to speak	reference	es:por|en:so	lemma facet derived from headword
mx0rz2zmur	distinguir a [alguien] de [alguien]	to tell [somebody] apart	reference	es:distinguir|en:tell	lemma facet derived from headword
7n09vmo7kn	reprender a [alguien]	to tell [somebody] off	reference	es:reprender|en:tell	lemma facet derived from headword
0t7sh9pmmo	delatar a [alguien]	to tell on [somebody]	reference	es:delatar|en:tell	lemma facet derived from headword
rv2tbtvssk	distinguir [algo] de [algo]	to tell [something] from [something]	reference	es:distinguir|en:tell	lemma facet derived from headword
g6s2hpc2m4	el dicho	the saying	reference	es:dicho|en:saying	lemma facet derived from headword
8ck7889dtr	contradecir a [alguien]	to contradict [somebody]	reference	es:contradecir|en:contradict	lemma facet derived from headword
iuyce294go	predecir [algo]	to predict [something]	reference	es:predecir|en:predict	lemma facet derived from headword
aw96cncl64	bendecir a [alguien]	to bless [somebody]	reference	es:bendecir|en:bless	lemma facet derived from headword
btsojlg7v0	maldecir a [alguien]	to curse [somebody]	reference	es:maldecir|en:curse	lemma facet derived from headword
b7zyzj7ukc	ser indecible	to be unspeakable	reference	es:ser|en:unspeakable	lemma facet derived from headword
2qfu76z9es	darle [algo] a [alguien]	to give [somebody] [something]	core	es:dar|en:give	lemma facet derived from headword
rr5humr251	dar [algo] a [alguien]	to give [something] to [somebody]	core	es:dar|en:give	lemma facet derived from headword
b11jnq9i7f	dar permiso	to give permission	supporting	es:dar|en:give	lemma facet derived from headword
3uulufvfpt	darle permiso a [alguien] para [hacer algo]	to allow [somebody] to [do something]	supporting	es:dar|en:allow	lemma facet derived from headword
y78uyi9c5c	dar acceso a [algo]	to give access to [something]	reference	es:dar|en:give	lemma facet derived from headword
xzcldfjhmu	darle tiempo a [alguien] para [hacer algo]	to give [somebody] time to [do something]	reference	es:dar|en:give	lemma facet derived from headword
cgzwyy7tb0	dar a [una dirección]	to face [a direction]	reference	es:dar|en:face	lemma facet derived from headword
z1hv68g2f4	dar a [un lugar]	to overlook [a place]	reference	es:dar|en:overlook	lemma facet derived from headword
5zyk11qlrm	darse cuenta de que [algo sucede]	to realize that [something happens]	supporting	es:dar|en:realize	lemma facet derived from headword
n79sjn044t	dar igual	not to matter	reference	es:dar|en:matter	lemma facet derived from headword
xxwtx8g012	me da igual	I don't mind	reference	es:me	lemma facet derived from headword
ukz1l748d8	darle a [un botón]	to press [a button]	reference	es:dar|en:press	lemma facet derived from headword
qrb7i9y47p	darle a [un interruptor]	to flip [a switch]	reference	es:dar|en:flip	lemma facet derived from headword
6oqdoh7ax7	darle a [un video]	to play [a video]	reference	es:dar|en:play	lemma facet derived from headword
yaznk7a47n	darse [un evento]	to take place	reference	es:dar|en:take	lemma facet derived from headword
nx9vadk8zr	darse [un evento]	to happen	reference	es:dar|en:happen	lemma facet derived from headword
jpaidkfhw8	dar resultado	to work	reference	es:dar|en:work	lemma facet derived from headword
gbxjc99tyx	dar resultado	to pay off	reference	es:dar|en:pay	lemma facet derived from headword
tc9rpq3ivd	dar lugar a [algo]	to lead to [something]	reference	es:dar|en:lead	lemma facet derived from headword
y4eh6045j1	dar lugar a [algo]	to give rise to [something]	reference	es:dar|en:give	lemma facet derived from headword
53wi0qwjcm	darle ganas de [hacer algo] a [alguien]	to feel like [doing something]	reference	es:dar|en:feel	lemma facet derived from headword
chpomdclwr	darle miedo a [alguien]	to scare [somebody]	reference	es:dar|en:scare	lemma facet derived from headword
47jjg9x6gu	darle sueño a [alguien]	to make [somebody] sleepy	reference	es:dar|en:make	lemma facet derived from headword
l6c2h7kj9j	darle hambre a [alguien]	to make [somebody] hungry	reference	es:dar|en:make	lemma facet derived from headword
b1tjm939pm	darle sed a [alguien]	to make [somebody] thirsty	reference	es:dar|en:make	lemma facet derived from headword
xz843dw8lb	darle vergüenza a [alguien]	to embarrass [somebody]	reference	es:dar|en:embarrass	lemma facet derived from headword
blmsaecd0u	me da pena [hacer algo]	I'm embarrassed to [do something]	reference	es:me|en:i'm	lemma facet derived from headword
ie6c5rc7ri	darle risa a [alguien]	to make [somebody] laugh	reference	es:dar|en:make	lemma facet derived from headword
29l8pgm5cm	darle asco a [alguien]	to disgust [somebody]	reference	es:dar|en:disgust	lemma facet derived from headword
24de35h6nw	darse por vencido/a	to give up	supporting	es:dar|en:give	lemma facet derived from headword
6r69ejgtqp	ceder	to give in	reference	es:ceder|en:give	lemma facet derived from headword
qpudxn2cb2	regalar [algo]	to give [something] away	supporting	es:regalar|en:give	lemma facet derived from headword
sxzbibq8jq	revelar [un secreto]	to give [a secret] away	reference	es:revelar|en:give	lemma facet derived from headword
adhp7nfuvc	devolver [algo]	to give [something] back	supporting	es:devolver|en:give	lemma facet derived from headword
8k4ud8dmsv	repartir [algo]	to give [something] out	reference	es:repartir|en:give	lemma facet derived from headword
ktumc7kivz	dejar de funcionar	to give out	reference	es:dejar|en:give	lemma facet derived from headword
ngfffkccp9	emitir [algo]	to give off [something]	reference	es:emitir|en:give	lemma facet derived from headword
ei0hj29low	ayudar a [alguien]	to give [somebody] a hand	reference	es:ayudar|en:give	lemma facet derived from headword
3yjxjrevpn	dar a luz a [un bebé]	to give birth to [a baby]	reference	es:dar|en:give	lemma facet derived from headword
7o1ka5pyoo	dar poder a [alguien]	to empower [somebody]	reference	es:dar|en:empower	lemma facet derived from headword
ryokdbzs7y	dar poder a [alguien]	to give power to [somebody]	reference	es:dar|en:give	lemma facet derived from headword
lydbe3sj98	darle poder a [alguien] para [hacer algo]	to authorize [somebody] to [do something]	reference	es:dar|en:authorize	lemma facet derived from headword
soeo5exlsi	dado que [algo sucede]	given that [something happens]	reference	es:dado|en:given	lemma facet derived from headword
3oei2t1rkw	el/la dador/a	the giver	reference	es:dador|en:giver	lemma facet derived from headword
lnjk7w9ssw	pedir [algo]	to ask for [something]	core	es:pedir|en:ask	lemma facet derived from headword
0d7663jbyo	pedirle [algo] a [alguien]	to ask [somebody] for [something]	core	es:pedir|en:ask	lemma facet derived from headword
r3pecbwlhk	pedirle a [alguien] que [haga algo]	to ask [somebody] to [do something]	core	es:pedir|en:ask	lemma facet derived from headword
fjv6xhktcy	pedir [comida o bebida]	to order [food or a drink]	supporting	es:pedir|en:order	lemma facet derived from headword
akiq3fgnfg	pedir [un producto]	to order [a product]	supporting	es:pedir|en:order	lemma facet derived from headword
srjl4vz5st	pedirle prestado [algo] a [alguien]	to borrow [something] from [somebody]	supporting	es:pedir|en:borrow	lemma facet derived from headword
1g3jfa9eo7	pedir permiso para [hacer algo]	to ask for permission to [do something]	supporting	es:pedir|en:ask	lemma facet derived from headword
kdt4ocawe0	pedir una cita con [alguien]	to make an appointment with [somebody]	reference	es:pedir|en:make	lemma facet derived from headword
f8j54x3ds4	pedir una cita con [alguien]	to book an appointment with [somebody]	reference	es:pedir|en:book	lemma facet derived from headword
x71u2ua4d3	pedir [una visa]	to apply for [a visa]	reference	es:pedir|en:apply	lemma facet derived from headword
2j339tyd27	pedir formalmente [algo]	to request [something]	reference	es:pedir|en:request	lemma facet derived from headword
chlit99d2v	pedir disculpas por [algo]	to apologize for [something]	reference	es:pedir|en:apologize	lemma facet derived from headword
27fbkeb2et	pedir perdón por [algo]	to ask for forgiveness for [something]	reference	es:pedir|en:ask	lemma facet derived from headword
439x0r7xja	pedir un deseo	to make a wish	reference	es:pedir|en:make	lemma facet derived from headword
070rfgth5n	pedir limosna	to beg	reference	es:pedir|en:beg	lemma facet derived from headword
ka5uny00ga	pedir [comida] a domicilio	to order [food] for delivery	reference	es:pedir|en:order	lemma facet derived from headword
hhmv0g9xlh	pedir [comida] para llevar	to order [food] to go	reference	es:pedir|en:order	lemma facet derived from headword
af25juocs7	pedirle cuentas a [alguien]	to demand an explanation from [somebody]	reference	es:pedir|en:demand	lemma facet derived from headword
x850nhvcaj	preguntar sobre [algo]	to ask about [something]	supporting	es:preguntar|en:ask	lemma facet derived from headword
sfix1omn3j	preguntarles a varias personas	to ask around	reference	es:preguntarles|en:ask	lemma facet derived from headword
el36dqux2e	invitar a salir a [alguien]	to ask [somebody] out	reference	es:invitar|en:ask	lemma facet derived from headword
o7o4ftsalw	preguntar por [alguien]	to ask after [somebody]	reference	es:preguntar|en:ask	lemma facet derived from headword
x2fc6shlo3	invitar a [alguien] a casa	to ask [somebody] over	reference	es:invitar|en:ask	lemma facet derived from headword
ixbwufuza6	invitar a entrar a [alguien]	to ask [somebody] in	reference	es:invitar|en:ask	lemma facet derived from headword
cje0h2p81t	pedir [algo] a [alguien] formalmente	to request [something] from [somebody]	reference	es:pedir|en:request	lemma facet derived from headword
0h2i95gmp3	pedir [algo] a [un negocio]	to order [something] from [a business]	reference	es:pedir|en:order	lemma facet derived from headword
i0ry42yzcl	pedir [comida] a domicilio	to order in	reference	es:pedir|en:order	lemma facet derived from headword
f03pn31r0v	mandar a [alguien] de un lado a otro	to order [somebody] around	reference	es:mandar|en:order	lemma facet derived from headword
15fzbnc0u4	ordenarle salir a [alguien]	to order [somebody] out	reference	es:ordenar|en:order	lemma facet derived from headword
yy1wmnythy	el pedido	the order	reference	es:pedido|en:order	lemma facet derived from headword
bd134x1q1x	la petición	the request	reference	es:petición|en:request	lemma facet derived from headword
rtsiqg8t58	poner [algo] [en algún lugar]	to put [something] [somewhere]	core	es:poner|en:put	lemma facet derived from headword
dmc4ep05eo	poner [algo] en [un lugar]	to put [something] in [a place]	supporting	es:poner|en:put	lemma facet derived from headword
zm3v8qtrgj	poner [algo] sobre [una superficie]	to put [something] on [a surface]	supporting	es:poner|en:put	lemma facet derived from headword
5bq8gctf3g	poner [algo] dentro de [un lugar]	to put [something] into [a place]	supporting	es:poner|en:put	lemma facet derived from headword
u8ocx1l1ad	poner [algo] debajo de [algo]	to put [something] under [something]	supporting	es:poner|en:put	lemma facet derived from headword
7462tgsu12	poner [algo] junto a [algo]	to put [something] next to [something]	supporting	es:poner|en:put	lemma facet derived from headword
3ysg9glgjj	poner [algo] [en algún lugar]	to place [something] [somewhere]	reference	es:poner|en:place	lemma facet derived from headword
xy9ovfmmwc	poner la mesa	to set the table	reference	es:poner|en:set	lemma facet derived from headword
dh16jcovbo	poner una alarma para [una hora]	to set an alarm for [a time]	reference	es:poner|en:set	lemma facet derived from headword
r97jh0nzir	poner una fecha para [algo]	to set a date for [something]	reference	es:poner|en:set	lemma facet derived from headword
tyej3rsl7u	ponerle un precio a [algo]	to set a price for [something]	reference	es:poner|en:set	lemma facet derived from headword
icqfdrme98	poner [una luz o un aparato]	to turn on [a light or device]	supporting	es:poner|en:turn	lemma facet derived from headword
4gnnj2lqzl	poner [música o un video]	to put on [music or a video]	reference	es:poner|en:put	lemma facet derived from headword
aq5xocbm7o	poner [música o un video]	to play [music or a video]	supporting	es:poner|en:play	lemma facet derived from headword
wsy0zl0ir1	ponerse [una prenda]	to put on [an item of clothing]	supporting	es:poner|en:put	lemma facet derived from headword
wpfrk73j3o	llevar puesto/a [una prenda]	to wear [an item of clothing]	supporting	es:llevar|en:wear	lemma facet derived from headword
a1p4uhtcxu	ponerse a [hacer algo]	to start [doing something]	supporting	es:poner|en:start	lemma facet derived from headword
sga7fa9bp9	ponerse a [hacer algo]	to begin to [do something]	supporting	es:poner|en:begin	lemma facet derived from headword
zq5mq3d7ig	ponerse [adjetivo]	to get [adjective]	supporting	es:poner|en:get	lemma facet derived from headword
8j8l76vwci	ponerse [adjetivo]	to become [adjective]	supporting	es:poner|en:become	lemma facet derived from headword
fvn3ipywv9	ponerse de pie	to stand up	supporting	es:poner|en:stand	lemma facet derived from headword
79080668rq	ponerse en contacto con [alguien]	to get in touch with [somebody]	reference	es:poner|en:get	lemma facet derived from headword
lz3nxrm63o	ponerse de acuerdo con [alguien]	to agree with [somebody]	supporting	es:poner|en:agree	lemma facet derived from headword
lc4ekh76su	poner [algo] en riesgo	to put [something] at risk	reference	es:poner|en:put	lemma facet derived from headword
xzd9s8bgpf	poner fin a [algo]	to put an end to [something]	reference	es:poner|en:put	lemma facet derived from headword
8tlst3bo6o	poner [algo] por escrito	to put [something] in writing	reference	es:poner|en:put	lemma facet derived from headword
s8zforv9i3	poner a [alguien] a cargo de [algo]	to put [somebody] in charge of [something]	reference	es:poner|en:put	lemma facet derived from headword
dtodl04vtu	poner [algo] en práctica	to put [something] into practice	reference	es:poner|en:put	lemma facet derived from headword
dq9hw47p1r	ponerse al día con [algo o alguien]	to catch up with [something or somebody]	reference	es:poner|en:catch	lemma facet derived from headword
6m87utf0dm	poner atención a [algo]	to pay attention to [something]	reference	es:poner|en:pay	lemma facet derived from headword
jwap9vw9gm	ponerle nombre a [algo]	to name [something]	reference	es:poner|en:name	lemma facet derived from headword
fiwt4lp6h7	el puesto	the job position	reference	es:puesto|en:job	lemma facet derived from headword
3az2z3o8xh	el puesto	the stand	reference	es:puesto|en:stand	lemma facet derived from headword
0iqu22mwnf	puesto que [algo sucede]	since [something happens]	reference	es:puesto|en:since	lemma facet derived from headword
tr18eklsol	la puesta de sol	the sunset	reference	es:puesta|en:sunset	lemma facet derived from headword
yq888yksqh	posponer [algo]	to put [something] off	reference	es:posponer|en:put	lemma facet derived from headword
s6q036agkz	desanimar a [alguien]	to put [somebody] off	reference	es:desanimar|en:put	lemma facet derived from headword
79su3o2kda	guardar [algo]	to put [something] away	supporting	es:guardar|en:put	lemma facet derived from headword
meqlrplce4	dejar [algo] sobre [una superficie]	to put [something] down	supporting	es:dejar|en:put	lemma facet derived from headword
jf2aw2elxh	menospreciar a [alguien]	to put [somebody] down	reference	es:menospreciar|en:put	lemma facet derived from headword
o1dt8eusto	volver a poner [algo] en su lugar	to put [something] back	supporting	es:volver|en:put	lemma facet derived from headword
zn5lcx080u	apagar [un incendio]	to put out [a fire]	reference	es:apagar|en:put	lemma facet derived from headword
fefhc4duwl	publicar [algo]	to put [something] out	reference	es:publicar|en:put	lemma facet derived from headword
1u1hrquecd	molestar a [alguien]	to put [somebody] out	reference	es:molestar|en:put	lemma facet derived from headword
5niiiqvgsg	colgar [algo]	to put [something] up	reference	es:colgar|en:put	lemma facet derived from headword
cur1zfeps2	alojar a [alguien]	to put [somebody] up	reference	es:alojar|en:put	lemma facet derived from headword
wcvwv6uubd	aguantar [algo]	to put up with [something]	reference	es:aguantar|en:put	lemma facet derived from headword
9rl1sd6idk	comunicar a [alguien] por teléfono	to put [somebody] through	reference	es:comunicar|en:put	lemma facet derived from headword
3ub96rf8ci	hacer pasar a [alguien] por [algo]	to put [somebody] through [something]	reference	es:hacer|en:put	lemma facet derived from headword
c6s5ipa7sg	comunicar [una idea]	to put [an idea] across	reference	es:comunicar|en:put	lemma facet derived from headword
sgssxq75yi	apartar [algo]	to put [something] aside	reference	es:apartar|en:put	lemma facet derived from headword
srdsgbfh59	proponer [una idea]	to put [an idea] forward	reference	es:proponer|en:put	lemma facet derived from headword
v0h48i7zia	armar [algo]	to put [something] together	reference	es:armar|en:put	lemma facet derived from headword
ligtxfh1ka	presentar [una solicitud]	to put in [an application]	reference	es:presentar|en:put	lemma facet derived from headword
3tvyxgaex0	dedicar [tiempo o esfuerzo] a [algo]	to put [time or effort] into [something]	reference	es:dedicar|en:put	lemma facet derived from headword
elx2dgp3mq	atribuir [algo] a [algo]	to put [something] down to [something]	reference	es:atribuir|en:put	lemma facet derived from headword
bb8a9kyess	avisar a [alguien] sobre [algo]	to put [somebody] onto [something]	reference	es:avisar|en:put	lemma facet derived from headword
4ifnatwu0r	enfrentar a [alguien] con [alguien]	to put [somebody] against [somebody]	reference	es:enfrentar|en:put	lemma facet derived from headword
bjms2exzmh	organizar [un evento]	to put on [an event]	reference	es:organizar|en:put	lemma facet derived from headword
uenjlmb8j9	subir de peso	to put on weight	reference	es:subir|en:put	lemma facet derived from headword
cuvs1emqwk	instalar [algo]	to set [something] up	reference	es:instalar|en:set	lemma facet derived from headword
8omp49yd4o	organizar [una reunión]	to set up [a meeting]	reference	es:organizar|en:set	lemma facet derived from headword
xt2fc8yvaz	fundar [una organización]	to set up [an organization]	reference	es:fundar|en:set	lemma facet derived from headword
gsjekkk0qa	tenderle una trampa a [alguien]	to set [somebody] up	reference	es:tender|en:set	lemma facet derived from headword
468rurvzg1	salir de viaje	to set off	reference	es:salir|en:set	lemma facet derived from headword
gb7y8wpma4	activar [una alarma]	to set off [an alarm]	reference	es:activar|en:set	lemma facet derived from headword
xhqmbm1djm	emprender un viaje	to set out	reference	es:emprender|en:set	lemma facet derived from headword
0cqp4imsbo	exponer [una idea]	to set out [an idea]	reference	es:exponer|en:set	lemma facet derived from headword
jgjoy3pa91	reservar [algo]	to set [something] aside	reference	es:reservar|en:set	lemma facet derived from headword
r6x05dewcz	retrasar [algo]	to set [something] back	reference	es:retrasar|en:set	lemma facet derived from headword
yn8vqkd99o	instalarse [una condición]	to set in	reference	es:instalar|en:set	lemma facet derived from headword
txq22yyto3	distinguir a [alguien o algo]	to set [somebody or something] apart	reference	es:distinguir|en:set	lemma facet derived from headword
amm42otpmw	ponerse a [hacer algo]	to set about [doing something]	reference	es:poner|en:set	lemma facet derived from headword
4tbjc26h9n	anotar [algo]	to set [something] down	reference	es:anotar|en:set	lemma facet derived from headword
5zamvuatdn	hablar por sí solo/a	to speak for itself	reference	es:hablar|en:speak	lemma facet derived from headword
4uwg2evrwf	saludar a [alguien]	to say hello to [somebody]	supporting	es:saludar|en:say	lemma facet derived from headword
ehmy6i5qti	rezar [una oración]	to say [a prayer]	reference	es:rezar|en:say	lemma facet derived from headword
oi3ndfk0qf	contarle [una historia] a [alguien]	to tell [somebody] [a story]	supporting	es:contar|en:tell	lemma facet derived from headword
wv4hem1a62	darse cuenta de que [algo sucede]	to be able to tell that [something happens]	reference	es:dar|en:able	lemma facet derived from headword
66ib6vkhnq	ceder el paso	to give way	reference	es:ceder|en:give	lemma facet derived from headword
klmbnws5k3	expresar [algo] de cierta manera	to put [something] a certain way	reference	es:expresar|en:put	lemma facet derived from headword
bz9j3yr4at	estar ambientado/a en [un lugar o época]	to be set in [a place or time]	reference	es:estar|en:set	lemma facet derived from headword
jjnf1ruwjg	cuajar	to set	reference	es:cuajar|en:set	lemma facet derived from headword
usqslj38q0	establecer [una regla o límite]	to set [a rule or limit]	reference	es:establecer|en:set	lemma facet derived from headword
vuz1ghifyr	fijarse una meta	to set a goal	reference	es:fijar|en:set	lemma facet derived from headword
3g6io2gum3	liberar a [alguien]	to set [somebody] free	reference	es:liberar|en:set	lemma facet derived from headword
a2i51axsd5	poner [algo] en marcha	to set [something] in motion	reference	es:poner|en:set	lemma facet derived from headword
mdje6aroac	regalarle [algo] a [alguien]	to give [somebody] [something] as a gift	reference	es:regalar|en:give	lemma facet derived from headword
vk46q1bynf	poner [algo] [en algún lugar]	to set [something] [somewhere]	reference	es:poner|en:set	lemma facet derived from headword
tc6g9iudcp	tomar una foto de [algo]	to take a photo of [something]	reference	es:tomar|en:take	lemma facet derived from headword
icy9w1jbof	tomar [un curso]	to take [a course]	reference	es:tomar|en:take	lemma facet derived from headword
y5m2967r1t	enseñar [algo]	to teach [something]	supporting	es:enseñar|en:teach	lemma facet derived from headword
zxcbetb8oc	enseñarle [algo] a [alguien]	to teach [somebody] [something]	supporting	es:enseñar|en:teach	lemma facet derived from headword
s85ujijsq3	enseñarle a [alguien] a [hacer algo]	to teach [somebody] to [do something]	supporting	es:enseñar|en:teach	lemma facet derived from headword
7eejr5fjd4	enseñarle [algo] a [alguien]	to show [somebody] [something]	core	es:enseñar|en:show	lemma facet derived from headword
2p0bc0cfql	enseñarle a [alguien] cómo [hacer algo]	to show [somebody] how to [do something]	supporting	es:enseñar|en:show	lemma facet derived from headword
0ftendy74s	escuchar	to listen	core	es:escuchar|en:listen	lemma facet derived from headword
g3b5forkd3	escuchar [algo o a alguien]	to listen to [something or somebody]	core	es:escuchar|en:listen	lemma facet derived from headword
5f0wqk4dj5	¡escucha!	listen up!	reference	es:escucha|en:listen	lemma facet derived from headword
35tfe8nazs	escuchar a escondidas	to listen in	reference	es:escuchar|en:listen	lemma facet derived from headword
jcuielpn6g	oír [algo]	to hear [something]	core	es:oír|en:hear	lemma facet derived from headword
05i9h58vk5	oír de [alguien]	to hear from [somebody]	supporting	es:oír|en:hear	lemma facet derived from headword
70esj4z10e	oír hablar de [algo]	to hear about [something]	supporting	es:oír|en:hear	lemma facet derived from headword
is9jng7ihx	oír a [alguien] [hacer algo]	to hear [somebody] [do something]	reference	es:oír|en:hear	lemma facet derived from headword
0b3lh44wbd	esperar	to wait	core	es:esperar|en:wait	lemma facet derived from headword
hu185l5pt9	esperar [a alguien o algo]	to wait for [somebody or something]	core	es:esperar|en:wait	lemma facet derived from headword
de07i743wz	esperar a que [alguien] [haga algo]	to wait for [somebody] to [do something]	supporting	es:esperar|en:wait	lemma facet derived from headword
t8a1fhkjvh	esperar hasta que [ocurra algo]	to wait until [something happens]	supporting	es:esperar|en:wait	lemma facet derived from headword
4fpkte1t8z	esperar que [ocurra algo]	to hope [something happens]	supporting	es:esperar|en:hope	lemma facet derived from headword
0h3qydzurd	esperar [hacer algo]	to hope to [do something]	supporting	es:esperar|en:hope	lemma facet derived from headword
t8nz7yo86j	esperar [algo deseado]	to hope for [something]	reference	es:esperar|en:hope	lemma facet derived from headword
xe14ng4ctb	esperar [algo probable]	to expect [something]	supporting	es:esperar|en:expect	lemma facet derived from headword
4x7v5qc7de	esperar que [alguien] [haga algo]	to expect [somebody] to [do something]	supporting	es:esperar|en:expect	lemma facet derived from headword
q9ob63pkzh	se espera que [ocurra algo]	[something] is expected to [happen]	reference	es:espera|en:is	lemma facet derived from headword
01fx4rdiv4	la espera	the wait	reference	es:espera|en:wait	lemma facet derived from headword
r6zqq82nx9	la esperanza	hope	reference	es:esperanza|en:hope	lemma facet derived from headword
1jnwnfapfk	la expectativa	an expectation	reference	es:expectativa|en:expectation	lemma facet derived from headword
5lspctsw4y	ser esperado/a	to be expected	reference	es:ser|en:expected	lemma facet derived from headword
pl1kwzxv0a	ser inesperado/a	to be unexpected	reference	es:ser|en:unexpected	lemma facet derived from headword
nqyror4j5f	estar [en un estado]	to be [in a state]	core	es:estar|en:be	lemma facet derived from headword
obf74hel79	estar [en un lugar]	to be [in a place]	core	es:estar|en:be	lemma facet derived from headword
f2zryn85p8	estar [haciendo algo]	to be [doing something]	core	es:estar|en:be	lemma facet derived from headword
dnm638drfa	¿cómo estar [alguien]?	how is [somebody] feeling?	supporting	es:cómo|en:how	lemma facet derived from headword
f5h0hvcv1d	estar de acuerdo	to agree	supporting	es:estar|en:agree	lemma facet derived from headword
e6gbegp44a	estar a punto de [hacer algo]	to be about to [do something]	supporting	es:estar|en:about	lemma facet derived from headword
b2kvvgg1ke	estar por [hacer algo]	to be about to [do something]	reference	es:estar|en:about	lemma facet derived from headword
grd35t3yb8	estar acostumbrado/a a [algo]	to be used to [something]	supporting	es:estar|en:used	lemma facet derived from headword
mdayqm9som	estar interesado/a en [algo]	to be interested in [something]	supporting	es:estar|en:interested	lemma facet derived from headword
d495hfe6co	estar al tanto de [algo]	to be aware of [something]	reference	es:estar|en:aware	lemma facet derived from headword
p76va4jmyy	estar a cargo de [algo]	to be in charge of [something]	reference	es:estar|en:in	lemma facet derived from headword
0v47ifpsxd	estar casado/a con [alguien]	to be married to [somebody]	supporting	es:estar|en:married	lemma facet derived from headword
afevkeg23w	estar enamorado/a de [alguien]	to be in love with [somebody]	reference	es:estar|en:in	lemma facet derived from headword
zgccmkmabz	estar listo/a	to be ready	core	es:estar|en:ready	lemma facet derived from headword
8pa5w8lhu0	estar bien	to be okay	core	es:estar|en:okay	lemma facet derived from headword
bvwjgfiqzf	estar mal	to be unwell	reference	es:estar|en:unwell	lemma facet derived from headword
i906c8x5c2	estar seguro/a de [algo]	to be sure about [something]	supporting	es:estar|en:sure	lemma facet derived from headword
97xjph1sfx	estar equivocado/a	to be wrong	supporting	es:estar|en:wrong	lemma facet derived from headword
a12miruf57	estar disponible	to be available	supporting	es:estar|en:available	lemma facet derived from headword
vx5dkts0j1	estar encendido/a	to be on	supporting	es:estar|en:on	lemma facet derived from headword
fbhhwzgo6j	estar apagado/a	to be off	supporting	es:estar|en:off	lemma facet derived from headword
gha0bijm3j	estar fuera	to be out	reference	es:estar|en:out	lemma facet derived from headword
x9rvf35d7y	estar a tiempo	to be on time	supporting	es:estar|en:on	lemma facet derived from headword
ahj6apo9ri	estar de vacaciones	to be on vacation	reference	es:estar|en:on	lemma facet derived from headword
6ywiv1c0l5	estar a favor de [algo]	to be in favor of [something]	reference	es:estar|en:in	lemma facet derived from headword
nfursmvnpb	estar en contra de [algo]	to be against [something]	reference	es:estar|en:against	lemma facet derived from headword
km539emf2l	estar terminado/a	to be done	supporting	es:estar|en:done	lemma facet derived from headword
8ayvn6jpi6	estar hecho/a de [un material]	to be made of [a material]	reference	es:estar|en:made	lemma facet derived from headword
dppdignekp	estar hecho/a a partir de [un material]	to be made from [a material]	reference	es:estar|en:made	lemma facet derived from headword
lc0faais7l	estar libre	to be free	reference	es:estar|en:free	lemma facet derived from headword
jo1ruoxv9h	estar aquí	to be here	supporting	es:estar|en:here	lemma facet derived from headword
ta7tkxiwoz	estar ausente	to be away	reference	es:estar|en:away	lemma facet derived from headword
xc8k68t746	estar retrasado/a	to be late	supporting	es:estar|en:late	lemma facet derived from headword
vfjhy0rgs4	estar aburrido/a	to be bored	supporting	es:estar|en:bored	lemma facet derived from headword
sk7qkjn915	estar previsto/a	to be due	reference	es:estar|en:due	lemma facet derived from headword
myuguvt6ul	estar de pie	to be standing	reference	es:estar|en:standing	lemma facet derived from headword
vf8v3tcztr	estar sentado/a	to be sitting	reference	es:estar|en:sitting	lemma facet derived from headword
i2sih4q1lh	estar en lo cierto	to be right	reference	es:estar|en:right	lemma facet derived from headword
9qzgymygsa	estar mal	to be wrong	reference	es:estar|en:wrong	lemma facet derived from headword
69tvlt4ak1	extrañar a [alguien]	to miss [somebody]	supporting	es:extrañar|en:miss	lemma facet derived from headword
it72cwjhed	extrañar [algo]	to miss [something]	supporting	es:extrañar|en:miss	lemma facet derived from headword
cncdjpkngf	me extraña que [ocurra algo]	I find it strange that [something happens]	reference	es:me	lemma facet derived from headword
k6iafnbzra	[algo] extraña a [alguien]	[something] puzzles [somebody]	reference	es:extraña|en:puzzles	lemma facet derived from headword
871apuo78w	ser extraño/a	to be strange	supporting	es:ser|en:strange	lemma facet derived from headword
160kt5bnxh	sentirse extraño/a	to feel weird	reference	es:sentir|en:feel	lemma facet derived from headword
hl2al0rw9y	un extraño o una extraña	a stranger	reference	es:extraño|en:stranger	lemma facet derived from headword
m2w116dh9a	faltar [algo]	[something] is missing	supporting	es:faltar|en:is	lemma facet derived from headword
5ym0n1ham4	faltarle [algo] a [algo]	[something] lacks [something]	reference	es:faltar|en:lacks	lemma facet derived from headword
swyolg0a4s	faltarle [algo] a [alguien]	[somebody] needs [something]	reference	es:faltar|en:needs	lemma facet derived from headword
6xmbf44uey	faltar [varias unidades]	there are [units] left	reference	es:faltar|en:there	lemma facet derived from headword
jggi2296px	faltar [una cantidad]	[an amount] to go	reference	es:faltar|en:go	lemma facet derived from headword
fwzmjvs06n	faltar a [un evento]	to miss [an event]	reference	es:faltar|en:miss	lemma facet derived from headword
6wu6m8g0qn	faltar a [un evento]	to be absent from [an event]	reference	es:faltar|en:absent	lemma facet derived from headword
2473ghkde3	faltar a [una promesa]	to break [a promise]	reference	es:faltar|en:break	lemma facet derived from headword
yy9028sj68	sin falta	without fail	reference	es:sin|en:without	lemma facet derived from headword
177q0zbrgx	la falta de [algo]	the lack of [something]	reference	es:falta|en:lack	lemma facet derived from headword
p225bjj0un	ganar [una competencia]	to win [a competition]	supporting	es:ganar|en:win	lemma facet derived from headword
xzu44okx8u	ganar [un premio]	to win [a prize]	reference	es:ganar|en:win	lemma facet derived from headword
bz7tv4xn1k	ganar [dinero]	to earn [money]	supporting	es:ganar|en:earn	lemma facet derived from headword
iz4606mcoe	ganar [apoyo o una ventaja]	to gain [support or an advantage]	reference	es:ganar|en:gain	lemma facet derived from headword
evibiw8ufb	ganarle a [alguien]	to beat [somebody]	reference	es:ganar|en:beat	lemma facet derived from headword
82ydmvggbd	ganarse [algo]	to earn [something]	reference	es:ganar|en:earn	lemma facet derived from headword
53ak6stp8u	ganarse la vida	to make a living	reference	es:ganar|en:make	lemma facet derived from headword
nkeko9z633	el ganador o la ganadora	the winner	reference	es:ganador|en:winner	lemma facet derived from headword
ivazb37oky	la ganancia	profit	reference	es:ganancia|en:profit	lemma facet derived from headword
1uo0obtd8h	gustarle [algo] a [alguien]	[somebody] likes [something]	core	es:gustar|en:likes	lemma facet derived from headword
q3obbzshh1	gustarle [hacer algo] a [alguien]	[somebody] likes [doing something]	supporting	es:gustar|en:likes	lemma facet derived from headword
mowb8a6hvx	gustarle [hacer algo] a [alguien]	[somebody] likes to [do something]	reference	es:gustar|en:likes	lemma facet derived from headword
9jt3xxrxse	gustaría [hacer algo]	would like to [do something]	core	es:gustar|en:like	lemma facet derived from headword
fr2zv8cgr5	gustaría [algo]	would like [something]	core	es:gustar|en:like	lemma facet derived from headword
miud8kxiic	encantarle [algo] a [alguien]	[somebody] loves [something]	supporting	es:encantar|en:loves	lemma facet derived from headword
9f1l9yug4e	encantaría [hacer algo]	would love to [do something]	supporting	es:encantar|en:love	lemma facet derived from headword
hgehatyyz5	el gusto	taste	reference	es:gusto|en:taste	lemma facet derived from headword
ugaflsdk03	con gusto	gladly	reference	es:con|en:gladly	lemma facet derived from headword
3u7b3fgws0	mucho gusto	nice to meet you	supporting	es:mucho|en:nice	lemma facet derived from headword
rvo8g5gv94	haber [hecho algo]	to have [done something]	core	es:haber|en:have	lemma facet derived from headword
nuo847x66j	hay [algo singular]	there is [something singular]	core	es:haber|en:there	lemma facet derived from headword
cp5hmttaq2	hay [algo singular]	there's [something singular]	supporting	es:haber|en:there	lemma facet derived from headword
54mbh87vk1	hay [cosas plurales]	there are [plural things]	core	es:haber|en:there	lemma facet derived from headword
qhznzi6ug8	no hay [algo singular]	there isn't [something singular]	core	es:haber|en:there	lemma facet derived from headword
ker7jy3lyb	no hay [cosas plurales]	there aren't [plural things]	core	es:haber|en:there	lemma facet derived from headword
esf7i85ozv	¿hay [algo singular]?	is there [something singular]?	core	es:haber|en:is	lemma facet derived from headword
g7zuuumnig	¿hay [cosas plurales]?	are there [plural things]?	core	es:haber|en:are	lemma facet derived from headword
zqul6ydgwq	había [algo singular]	there was [something singular]	supporting	es:haber|en:there	lemma facet derived from headword
ok7p2o1dce	había [cosas plurales]	there were [plural things]	supporting	es:haber|en:there	lemma facet derived from headword
v8ez2mbu1u	hubo [algo]	there was [something]	reference	es:haber|en:there	lemma facet derived from headword
c9mgqdsqvo	habrá [algo]	there will be [something]	supporting	es:haber|en:there	lemma facet derived from headword
be5damq4by	habría [algo]	there would be [something]	reference	es:haber|en:there	lemma facet derived from headword
4pgifzt26u	hay que [hacer algo]	you have to [do something]	supporting	es:haber|en:you	lemma facet derived from headword
laom4z3bwd	hay que [hacer algo]	we need to [do something]	supporting	es:haber|en:we	lemma facet derived from headword
hswwpga0wq	debe de haber [algo]	there must be [something]	reference	es:debe|en:there	lemma facet derived from headword
ofxncx6grm	puede haber [algo]	there may be [something]	reference	es:poder|en:there	lemma facet derived from headword
hx7cadgvj9	va a haber [algo singular]	there is going to be [something singular]	supporting	es:ir|en:there	lemma facet derived from headword
2ml5xgxl0t	va a haber [cosas plurales]	there are going to be [plural things]	reference	es:ir|en:there	lemma facet derived from headword
1qz4qeh9oi	hacer [una tarea o actividad]	to do [a task or activity]	core	es:hacer|en:do	lemma facet derived from headword
m9dfm9pbq2	hacer [algo creado o preparado]	to make [something]	core	es:hacer|en:make	lemma facet derived from headword
48tg24dwk2	hacer que [alguien] [haga algo]	to make [somebody] [do something]	supporting	es:hacer|en:make	lemma facet derived from headword
cycrgcf78l	hacer [adjetivo] a [alguien]	to make [somebody] [adjective]	supporting	es:hacer|en:make	lemma facet derived from headword
y19rhj9ey3	hacer [reparar algo]	to have [something] repaired	reference	es:hacer|en:repaired	lemma facet derived from headword
vh56in634m	hace [un período de tiempo]	[a period of time] ago	supporting	es:hacer|en:ago	lemma facet derived from headword
smz7y58q4p	hace [tiempo] que [ocurre algo]	[something] has been happening for [time]	supporting	es:hacer|en:been	lemma facet derived from headword
r5ljpq5toy	¿cuánto hace que [ocurre algo]?	how long has [something] been happening?	reference	es:cuánto|en:how	lemma facet derived from headword
b2xfmu99oe	hace frío	it is cold	supporting	es:hacer|en:it	lemma facet derived from headword
1xa5alb94l	hace calor	it is hot	supporting	es:hacer|en:it	lemma facet derived from headword
02s3tysyuj	hace sol	it is sunny	reference	es:hacer|en:it	lemma facet derived from headword
c0zsrdafq1	hace viento	it is windy	reference	es:hacer|en:it	lemma facet derived from headword
lxhfegmolo	hacer falta	to be needed	reference	es:hacer|en:needed	lemma facet derived from headword
ej9dspwxv3	hacerle falta a [alguien]	[somebody] misses [someone or something]	reference	es:hacer|en:misses	lemma facet derived from headword
u2xyysd9xq	hacerle bien a [alguien]	to be good for [somebody]	reference	es:hacer|en:good	lemma facet derived from headword
o6ai5zj4rm	hacerle daño a [alguien]	to hurt [somebody]	reference	es:hacer|en:hurt	lemma facet derived from headword
qwp1msjfsn	hacer ejercicio	to work out	reference	es:hacer|en:work	lemma facet derived from headword
uriamnzen2	hacer las paces con [alguien]	to make up with [somebody]	reference	es:hacer|en:make	lemma facet derived from headword
vuhn72n7gd	hacer amigos	to make friends	supporting	es:hacer|en:make	lemma facet derived from headword
qwj72o0pgh	hacerle caso a [alguien]	to pay attention to [somebody]	reference	es:hacer|en:pay	lemma facet derived from headword
pu6juowymn	hacerle un favor a [alguien]	to do [somebody] a favor	supporting	es:hacer|en:favor	lemma facet derived from headword
mu7bumpulx	hacer un esfuerzo	to make an effort	reference	es:hacer|en:make	lemma facet derived from headword
irvw3l9fwm	hacer una pregunta	to ask a question	supporting	es:hacer|en:ask	lemma facet derived from headword
1vzkonyjt2	hacer una llamada	to make a call	reference	es:hacer|en:make	lemma facet derived from headword
wlsh5f0c4u	hacer una reserva	to make a reservation	supporting	es:hacer|en:make	lemma facet derived from headword
hm7k1xxksu	hacer una sugerencia	to make a suggestion	reference	es:hacer|en:make	lemma facet derived from headword
edcjj9goei	hacer un viaje	to take a trip	reference	es:hacer|en:take	lemma facet derived from headword
w43ib0sqsf	hacer tiempo	to kill time	reference	es:hacer|en:kill	lemma facet derived from headword
vuq3vxf107	hacerse el tonto	to pretend not to understand	reference	es:hacer|en:pretend	lemma facet derived from headword
hk3p7tmczh	hacerse tarde	to get late	reference	es:hacer|en:get	lemma facet derived from headword
gmw4l9fuma	hecho/a	made	reference	es:hecho|en:made	lemma facet derived from headword
sqk4k5as8g	hecho/a	done	reference	es:hecho|en:done	lemma facet derived from headword
n46cr84foo	hecho/a de [un material visible]	made of [a visible material]	supporting	es:hecho|en:made	lemma facet derived from headword
itj86iyuab	hecho/a a partir de [un material transformado]	made from [a transformed material]	reference	es:hecho|en:made	lemma facet derived from headword
1fr5z9ndcf	hecho/a por [alguien]	made by [somebody]	reference	es:hecho|en:made	lemma facet derived from headword
6rym81cqq5	hacer cola	to stand in line	reference	es:hacer|en:stand	lemma facet derived from headword
1gru886lce	hacer las maletas	to pack	reference	es:hacer|en:pack	lemma facet derived from headword
b8k9avr7st	hacerse [algo]	to become [something]	reference	es:hacer|en:become	lemma facet derived from headword
69iqgmw2nb	el hecho	the fact	reference	es:hecho|en:fact	lemma facet derived from headword
seq1qsjokh	de hecho	in fact	reference	es:de|en:in	lemma facet derived from headword
2iiyjrogmc	ir a [un lugar]	to go to [a place]	core	es:ir|en:go	lemma facet derived from headword
k9y5vq9p06	ir a casa	to go home	supporting	es:ir|en:go	lemma facet derived from headword
38d1kfif1b	ir a [hacer algo]	to be going to [do something]	core	es:ir|en:going	lemma facet derived from headword
64xccqphml	ir a [hacer algo]	gonna [do something]	supporting	es:ir|en:gonna	lemma facet derived from headword
2a5bbtm7cl	irse	to leave	core	es:irse|en:leave	lemma facet derived from headword
nis5rixomq	irse	to go away	reference	es:irse|en:go	lemma facet derived from headword
bnj5p17mrm	irle bien a [alguien]	to go well for [somebody]	reference	es:irle|en:go	lemma facet derived from headword
omzzomx3m9	¿cómo le fue a [alguien]?	how did it go for [somebody]?	reference	es:cómo|en:how	lemma facet derived from headword
bqohigg3pm	¿cómo va [algo]?	how is [something] going?	reference	es:cómo|en:how	lemma facet derived from headword
v48t8redzw	ir con [algo]	to go with [something]	reference	es:ir|en:go	lemma facet derived from headword
dv55nncur9	ir de compras	to go shopping	supporting	es:ir|en:go	lemma facet derived from headword
nsdu5c6q9d	ir en [un medio de transporte]	to go by [a means of transport]	supporting	es:ir|en:go	lemma facet derived from headword
cpwm5oqh8t	ir a pie	to go on foot	reference	es:ir|en:go	lemma facet derived from headword
vnowmg0rlw	llamar a [alguien]	to call [somebody]	core	es:llamar|en:call	lemma facet derived from headword
tea1mmftnt	llamar por teléfono a [alguien]	to phone [somebody]	reference	es:llamar|en:phone	lemma facet derived from headword
wbogepd2hz	llamarse [nombre]	to be called [name]	supporting	es:llamar|en:called	lemma facet derived from headword
ifurkwv06w	me llamo [nombre]	my name is [name]	supporting	es:me|en:my	lemma facet derived from headword
8uhr5m0dkf	¿cómo se llama [alguien]?	what is [somebody's] name?	supporting	es:cómo|en:what	lemma facet derived from headword
9701k29zz9	llamar [nombre] a [algo o alguien]	to name [something or somebody] [name]	reference	es:llamar|en:name	lemma facet derived from headword
zanvhwodyn	llamar [descripción] a [algo]	to call [something] [a description]	reference	es:llamar|en:call	lemma facet derived from headword
oh2mhln5f2	llamar la atención	to attract attention	reference	es:llamar|en:attract	lemma facet derived from headword
ryd2rbiwn8	llamar la atención sobre [algo]	to draw attention to [something]	reference	es:llamar|en:draw	lemma facet derived from headword
tpmllm0cqq	llamarle la atención a [alguien]	to tell [somebody] off	reference	es:llamar|en:tell	lemma facet derived from headword
u7wvzyhnyh	volver a llamar a [alguien]	to call [somebody] back	supporting	es:volver|en:call	lemma facet derived from headword
hkwmzoq48t	la llamada	a call	reference	es:llamada|en:call	lemma facet derived from headword
fj5mrpoqkv	hacer un llamado a [algo]	to call for [something]	reference	es:hacer|en:call	lemma facet derived from headword
kzc0zugsvr	llegar a [un lugar específico]	to arrive at [a specific place]	supporting	es:llegar|en:arrive	lemma facet derived from headword
g8o1myn1jr	llegar a [una ciudad o país]	to arrive in [a city or country]	supporting	es:llegar|en:arrive	lemma facet derived from headword
bioalll4vj	llegar a [un lugar]	to get to [a place]	core	es:llegar|en:get	lemma facet derived from headword
cvb5pdwpwg	llegar a [un lugar]	to reach [a place]	reference	es:llegar|en:reach	lemma facet derived from headword
rjnvvjdloq	llegar a [hacer algo]	to manage to [do something]	reference	es:llegar|en:manage	lemma facet derived from headword
whfyozgbyl	llegar a ser [algo]	to become [something]	reference	es:llegar|en:become	lemma facet derived from headword
7n967goat0	llegar a ser [algo]	to go on to become [something]	reference	es:llegar|en:go	lemma facet derived from headword
jdjgsh7ufu	llegar a [un nivel o cantidad]	to reach [a level or amount]	reference	es:llegar|en:reach	lemma facet derived from headword
bptzo9fcux	llegar a un acuerdo	to reach an agreement	reference	es:llegar|en:reach	lemma facet derived from headword
ovzll1ynso	llegar a tiempo	to arrive on time	supporting	es:llegar|en:arrive	lemma facet derived from headword
3q9ho91km6	la llegada	the arrival	reference	es:llegada|en:arrival	lemma facet derived from headword
3vjeid1zyd	llevar [algo] a [un lugar]	to take [something] to [a place]	supporting	es:llevar|en:take	lemma facet derived from headword
ev8gdc8deh	llevar [algo físicamente]	to carry [something]	supporting	es:llevar|en:carry	lemma facet derived from headword
jdb560wluh	llevar [ropa o accesorios]	to wear [clothing or accessories]	supporting	es:llevar|en:wear	lemma facet derived from headword
d8gypldglm	llevar [tiempo] [haciendo algo]	to have been [doing something] for [time]	supporting	es:llevar|en:been	lemma facet derived from headword
x765otzaij	llevar [tiempo] [en un estado]	to have been [in a state] for [time]	reference	es:llevar|en:been	lemma facet derived from headword
px5me164ly	¿cuánto llevas [haciendo algo]?	how long have you been [doing something]?	reference	es:cuánto|en:how	lemma facet derived from headword
98imhq1xe7	[algo] lleva [tiempo]	[something] takes [time]	supporting	es:lleva|en:takes	lemma facet derived from headword
dbx7pnzub5	llevarse bien con [alguien]	to get along well with [somebody]	supporting	es:llevar|en:get	lemma facet derived from headword
za3b558g1u	llevar a cabo [algo]	to carry out [something]	reference	es:llevar|en:carry	lemma facet derived from headword
9o8xleny13	llevar a [un resultado]	to lead to [a result]	reference	es:llevar|en:lead	lemma facet derived from headword
9ydqb8w1ak	llevar a [alguien] en carro	to give [somebody] a ride	reference	es:llevar|en:give	lemma facet derived from headword
kliqfbzr2f	llevar la cuenta de [algo]	to keep track of [something]	reference	es:llevar|en:keep	lemma facet derived from headword
324meef3hj	mandar [algo]	to send [something]	core	es:mandar|en:send	lemma facet derived from headword
atwozfqm04	mandarle [algo] a [alguien]	to send [something] to [somebody]	supporting	es:mandar|en:send	lemma facet derived from headword
kai7mys6il	mandar a [alguien] [hacer algo]	to tell [somebody] to [do something]	core	es:mandar|en:tell	lemma facet derived from headword
ggm7pz4s38	mandar a [alguien] [hacer algo]	to order [somebody] to [do something]	reference	es:mandar|en:order	lemma facet derived from headword
0gn1cne1me	mandar (tener autoridad)	to be in charge	reference	es:mandar|en:in	lemma facet derived from headword
8kpshof0nv	mandar [hacer algo]	to have [something done]	reference	es:mandar|en:have	lemma facet derived from headword
mo76rkcg2d	mandar a buscar a [alguien]	to send for [somebody]	reference	es:mandar|en:send	lemma facet derived from headword
ai9e7ob627	mandar a [alguien] a [hacer algo]	to send [somebody] to [do something]	supporting	es:mandar|en:send	lemma facet derived from headword
4of879pazj	mandar a [alguien] a otro lugar	to send [somebody] away	reference	es:mandar|en:send	lemma facet derived from headword
3oj2b62moq	mandar [algo] de vuelta	to send [something] back	reference	es:mandar|en:send	lemma facet derived from headword
4vmjcs20a5	ser mandón/mandona	to be bossy	reference	es:ser|en:bossy	lemma facet derived from headword
jd4xjwg557	parar [algo]	to stop [something]	core	es:parar|en:stop	lemma facet derived from headword
6y6hoqee9p	pararse	to stop moving	reference	es:parar|en:stop	lemma facet derived from headword
9q3ezcaa3k	parar de [hacer algo]	to stop [doing something]	supporting	es:parar|en:stop	lemma facet derived from headword
9sc3t5iw76	no parar de [hacer algo]	to keep [doing something]	supporting	es:parar|en:keep	lemma facet derived from headword
2kvsxjhtz9	no parar de [hacer algo]	won't stop [doing something]	reference	es:parar|en:won't	lemma facet derived from headword
6l4jfrb95m	parar en [un lugar]	to stop at [a place]	supporting	es:parar|en:stop	lemma facet derived from headword
uhk2loskh5	parar en [un hotel]	to stay at [a hotel]	reference	es:parar|en:stay	lemma facet derived from headword
0g80eirvrz	parar a un lado	to pull over	reference	es:parar|en:pull	lemma facet derived from headword
rjswr2t3e6	parar por [un lugar]	to stop by [a place]	reference	es:parar|en:stop	lemma facet derived from headword
epafqviovk	la parada	the stop	reference	es:parada|en:stop	lemma facet derived from headword
8kyqh0y19m	parecer [adjetivo]	to seem [adjective]	supporting	es:parecer|en:seem	lemma facet derived from headword
id2e6gz2kt	parecer [hacer algo]	to seem to [do something]	reference	es:parecer|en:seem	lemma facet derived from headword
drxskvbtr6	parece que [ocurre algo]	it seems that [something is happening]	supporting	es:parece|en:it	lemma facet derived from headword
vydnn6gthe	parecer [adjetivo] (apariencia visible)	to look [adjective]	core	es:parecer|en:look	lemma facet derived from headword
80jaaa2rlj	parecer [hacer algo] (formal)	to appear to [do something]	reference	es:parecer|en:appear	lemma facet derived from headword
05ugh62h83	¿Qué te parece [algo]?	What do you think of [something]?	supporting	es:qué|en:what	lemma facet derived from headword
824fssdui6	¿Qué te parece si [hacemos algo]?	How about [doing something]?	supporting	es:qué|en:how	lemma facet derived from headword
d8bx694ejf	¿Qué te parece si [hacemos algo]?	What if [we do something]?	reference	es:qué|en:what	lemma facet derived from headword
sopqak93z8	parecerse a [alguien]	to look like [somebody]	supporting	es:parecer|en:look	lemma facet derived from headword
sx2usy0kyp	parecer [un sustantivo]	to seem like [a noun]	supporting	es:parecer|en:seem	lemma facet derived from headword
fe9o47t8x2	al parecer	apparently	reference	es:parecer|en:apparently	lemma facet derived from headword
nhqct1dhzu	ser parecido/a a [algo]	to be similar to [something]	reference	es:ser|en:similar	lemma facet derived from headword
t5kcjkgoio	parecerse entre sí	to look alike	reference	es:parecer|en:look	lemma facet derived from headword
zm2w4r32ri	pasar (ocurrir)	to happen	core	es:pasar|en:happen	lemma facet derived from headword
5lt6vf4na4	pasar por [un lugar]	to go through [a place]	supporting	es:pasar|en:go	lemma facet derived from headword
pwxlw3xx2t	pasar por [un lugar]	to pass by [a place]	reference	es:pasar|en:pass	lemma facet derived from headword
q0dipekeiv	pasar frente a [un lugar]	to go past [a place]	reference	es:pasar|en:go	lemma facet derived from headword
2wa96n35mw	pasar por [un puente]	to cross [a bridge]	reference	es:pasar|en:cross	lemma facet derived from headword
6w6meulfin	pasar [tiempo] con [alguien]	to spend [time] with [somebody]	supporting	es:pasar|en:spend	lemma facet derived from headword
k09413s3pa	¡Pasa!	Come in!	supporting	es:pasa|en:come	lemma facet derived from headword
l7ges29sjn	¡Pasa! (dar permiso para continuar)	Go ahead!	reference	es:pasa|en:go	lemma facet derived from headword
cld2cnhb2w	pasarle [algo] a [alguien]	to pass [somebody] [something]	supporting	es:pasar|en:pass	lemma facet derived from headword
komqoyh86l	pasarle [algo] a [alguien]	to hand [something] to [somebody]	reference	es:pasar|en:hand	lemma facet derived from headword
szfqmpo1uv	pasarla bien	to have a good time	supporting	es:pasar|en:good	lemma facet derived from headword
subaw4lf2e	pasarla mal	to have a bad time	reference	es:pasar|en:bad	lemma facet derived from headword
c4sr1lkkhf	¿Qué te pasa?	What's wrong?	supporting	es:qué|en:what	lemma facet derived from headword
uuq5sdflxk	pasar por [algo difícil]	to go through [something difficult]	reference	es:pasar|en:go	lemma facet derived from headword
euubcqf5w0	pasar a [otra cosa]	to move on to [something else]	reference	es:pasar|en:move	lemma facet derived from headword
h92pv2aho7	pasar por alto [algo]	to overlook [something]	reference	es:pasar|en:overlook	lemma facet derived from headword
lptgwusb5o	pasarse	to go too far	reference	es:pasar|en:go	lemma facet derived from headword
sjlvvxcwpy	[período] pasado/a	last [period]	supporting	es:pasado|en:last	lemma facet derived from headword
zcxqshq3iu	el pasado	the past	reference	es:pasado|en:past	lemma facet derived from headword
9jo5861xgs	pensar que [ocurre algo]	to think [that something is happening]	core	es:pensar|en:think	lemma facet derived from headword
r94x2zhkl9	pensar en [algo]	to think about [something]	core	es:pensar|en:think	lemma facet derived from headword
uujozpaw2h	pensar en [algo]	to think of [something]	reference	es:pensar|en:think	lemma facet derived from headword
2bsn8536de	pensar [hacer algo]	to plan to [do something]	supporting	es:pensar|en:plan	lemma facet derived from headword
spqggf97ma	pensar [hacer algo]	to intend to [do something]	reference	es:pensar|en:intend	lemma facet derived from headword
ery1618u7t	pensar en [hacer algo]	to consider [doing something]	supporting	es:pensar|en:consider	lemma facet derived from headword
el9irxyl46	¿Qué piensas de [algo]?	What do you think of [something]?	supporting	es:qué|en:what	lemma facet derived from headword
isr1jrl9yx	pensar bien [algo]	to think [something] over	reference	es:pensar|en:think	lemma facet derived from headword
xavuiuomaj	pensar detenidamente [algo]	to think [something] through	reference	es:pensar|en:think	lemma facet derived from headword
k57gp6u41b	pensar que sí	to think so	reference	es:pensar|en:think	lemma facet derived from headword
4vuklzq5ed	el pensamiento	the thought	reference	es:pensamiento|en:thought	lemma facet derived from headword
nb4w5o0cgc	estar pensativo/a	to be pensive	reference	es:estar|en:pensive	lemma facet derived from headword
grd7p3e7kw	estar bien pensado/a	to be well thought out	reference	es:estar|en:well	lemma facet derived from headword
lqz6j6vdzn	perder [algo]	to lose [something]	core	es:perder|en:lose	lemma facet derived from headword
iiwmj1y2af	perder [un medio de transporte]	to miss [transportation]	supporting	es:perder|en:miss	lemma facet derived from headword
umiayx5iyo	perder [una oportunidad]	to miss [an opportunity]	supporting	es:perder|en:miss	lemma facet derived from headword
fddpehe9zi	perder el tiempo	to waste time	supporting	es:perder|en:waste	lemma facet derived from headword
6ljzqgv7vh	perderse	to get lost	supporting	es:perder|en:get	lemma facet derived from headword
ml2usxu7by	estar perdido/a	to be lost	supporting	es:estar|en:lost	lemma facet derived from headword
s9leem6i29	perderse [un evento]	to miss [an event]	reference	es:perder|en:miss	lemma facet derived from headword
irkqfrah8h	perder contra [alguien]	to lose to [somebody]	reference	es:perder|en:lose	lemma facet derived from headword
bm5ashr6qu	perder el contacto con [alguien]	to lose touch with [somebody]	reference	es:perder|en:lose	lemma facet derived from headword
wtfoq5ttro	perder la noción de [algo]	to lose track of [something]	reference	es:perder|en:lose	lemma facet derived from headword
inhrs98gy2	[algo] pierde agua	[something] leaks	reference	es:pierde|en:leaks	lemma facet derived from headword
frwznw3neu	la pérdida	the loss	reference	es:pérdida|en:loss	lemma facet derived from headword
jxuqf3vywv	el/la perdedor/a	the loser	reference	es:perdedor|en:loser	lemma facet derived from headword
3f5fh22xm8	[algo] pesa [una cantidad]	[something] weighs [an amount]	reference	es:pesa|en:weighs	lemma facet derived from headword
zr2o52sx7y	pesar [algo]	to weigh [something]	reference	es:pesar|en:weigh	lemma facet derived from headword
iake34eucs	pesarle a [alguien] haber [hecho algo]	to regret [having done something]	reference	es:pesar|en:regret	lemma facet derived from headword
4ufi7f1zmi	a pesar de [algo]	despite [something]	reference	en:despite	lemma facet derived from headword
01gzy2c71x	a pesar de [algo]	in spite of [something]	reference	en:in	lemma facet derived from headword
bwknkus97g	a pesar de que [ocurrió algo]	even though [something happened]	supporting	en:even	lemma facet derived from headword
599q8uglac	a pesar de que [ocurrió algo]	despite the fact that [something happened]	reference	en:despite	lemma facet derived from headword
as4ogkvga8	pesar en [un resultado]	to weigh on [an outcome]	reference	es:pesar|en:weigh	lemma facet derived from headword
j3a9nczpz7	el peso	the weight	reference	es:peso|en:weight	lemma facet derived from headword
yome0dqotg	ser pesado/a	to be heavy	supporting	es:ser|en:heavy	lemma facet derived from headword
32lecsnkbn	pesadamente	heavily	reference	es:pesadamente|en:heavily	lemma facet derived from headword
0zuw37lnfv	poder [hacer algo] (capacidad)	can [do something]	core	es:poder|en:can	lemma facet derived from headword
nk4hb2zaok	poder [hacer algo] (permiso)	can [do something]	supporting	es:poder|en:can	lemma facet derived from headword
jwk81y46bp	no poder [hacer algo]	can't [do something]	core	es:poder|en:can't	lemma facet derived from headword
rdpiq554g6	no poder [hacer algo]	cannot [do something]	supporting	es:poder|en:cannot	lemma facet derived from headword
mxguwwzrxk	poder [hacer algo]	to be able to [do something]	supporting	es:poder|en:able	lemma facet derived from headword
a1eubfzyp5	poder [hacer algo] (tener permiso)	to be allowed to [do something]	supporting	es:poder|en:allowed	lemma facet derived from headword
mjncmw1m8b	puede [hacer algo] (permiso formal)	may [do something]	reference	es:poder|en:may	lemma facet derived from headword
ltn1qfc1r6	no puede [hacer algo] (prohibición formal)	may not [do something]	reference	es:poder|en:not	lemma facet derived from headword
rhb07wm3u7	puede [hacer algo] (oportunidad)	gets to [do something]	reference	es:poder|en:gets	lemma facet derived from headword
kdqtl39s0m	pudo [hacer algo] (oportunidad)	got to [do something]	reference	es:poder|en:got	lemma facet derived from headword
0x5jkr1aja	no pudo [hacer algo] (oportunidad perdida)	didn't get to [do something]	reference	es:poder|en:didn't	lemma facet derived from headword
cl4hfx7beh	podía [hacer algo] (capacidad general)	could [do something]	supporting	es:poder|en:could	lemma facet derived from headword
4onwfj2pow	pudo [hacer algo] (éxito específico)	managed to [do something]	supporting	es:poder|en:managed	lemma facet derived from headword
al22a3sck3	pudo [hacer algo] (éxito específico)	was able to [do something]	reference	es:poder|en:was	lemma facet derived from headword
v2jinicnwh	no pudo [hacer algo] (intento fallido)	couldn't [do something]	supporting	es:poder|en:couldn't	lemma facet derived from headword
o9amfhzn7k	podrá [hacer algo]	will be able to [do something]	supporting	es:poder|en:able	lemma facet derived from headword
ipa706hrsh	podría [hacer algo] (condición)	could [do something]	supporting	es:poder|en:could	lemma facet derived from headword
rblsgxrrm1	he podido [hacer algo]	have been able to [do something]	reference	es:he|en:been	lemma facet derived from headword
yhchadk82l	no he podido [hacer algo]	haven't been able to [do something]	reference	es:he|en:haven't	lemma facet derived from headword
3qq5q3d71a	habría podido [hacer algo]	could have [done something]	reference	es:haber|en:have	lemma facet derived from headword
93vebts2ml	habría podido [hacer algo] (hablado)	could've [done something]	reference	es:haber|en:could've	lemma facet derived from headword
q0xx0fzsx3	pueda [hacer algo] (cláusula subordinada)	can [do something]	reference	es:pueda|en:can	lemma facet derived from headword
dq62rzd2ga	si pudiera [hacer algo]	if [somebody] could [do something]	reference	es:si|en:if	lemma facet derived from headword
43z1s233ya	¿Puedes [hacer algo]? (capacidad)	Can you [do something]?	core	es:puedes|en:you	lemma facet derived from headword
7hwvhzgxxt	¿Puedes [hacer algo]? (petición)	Can you [do something]?	supporting	es:puedes|en:you	lemma facet derived from headword
jdd2lebx6x	¿Puedo [hacer algo]?	Can I [do something]?	core	es:puedo	lemma facet derived from headword
g06ovsd470	¿Puedo [hacer algo]? (formal)	May I [do something]?	reference	es:puedo	lemma facet derived from headword
oy4fp397cg	¿Podría [hacer algo]?	Could I [do something]?	supporting	es:poder	lemma facet derived from headword
zgny1ugayh	¿Podrías [hacer algo]?	Could you [do something]?	core	es:podrías|en:you	lemma facet derived from headword
wgqppszkg9	puede que [ocurra algo]	[something] may happen	supporting	es:poder|en:happen	lemma facet derived from headword
rhfali1n6u	puede que [ocurra algo]	[something] might happen	supporting	es:poder|en:happen	lemma facet derived from headword
a377qba56u	poder ser [algo]	can be [something]	supporting	es:poder|en:be	lemma facet derived from headword
zy6xwkoq5s	puede estar [en un estado o lugar]	may be [in a state or place]	reference	es:poder|en:be	lemma facet derived from headword
wew9sag3jl	podría estar [en un estado o lugar]	could be [in a state or place]	reference	es:poder|en:be	lemma facet derived from headword
mwqsbens4h	podría haber [hecho algo]	might have [done something]	reference	es:poder|en:have	lemma facet derived from headword
tu44lpd4ms	el poder	power	reference	es:poder|en:power	lemma facet derived from headword
n5gllks2an	el poder (capacidad oficial)	authority	reference	es:poder|en:authority	lemma facet derived from headword
pxrkuoz9om	el poder notarial	power of attorney	reference	es:poder|en:power	lemma facet derived from headword
zxr6a7pbp5	ser poderoso/a	to be powerful	reference	es:ser|en:powerful	lemma facet derived from headword
j89bqvhlm0	ser poderoso/a (tener influencia)	to be influential	reference	es:ser|en:influential	lemma facet derived from headword
3m5g5fxdnu	sentirse impotente (sin poder)	to feel powerless	reference	es:sentir|en:feel	lemma facet derived from headword
s2fkpkgyh0	sentirse impotente (sin poder ayudar)	to feel helpless	reference	es:sentir|en:feel	lemma facet derived from headword
savje2u82z	la impotencia (falta de poder)	powerlessness	reference	es:impotencia|en:powerlessness	lemma facet derived from headword
b7js6hk28a	ser todopoderoso/a	to be all-powerful	reference	es:ser|en:all-powerful	lemma facet derived from headword
rvx9hh6oh0	poderosamente	powerfully	reference	es:poderosamente|en:powerfully	lemma facet derived from headword
wbadwkrywg	¿No puedes [hacer algo]? (capacidad)	Can't you [do something]?	reference	es:puedes|en:can't	lemma facet derived from headword
3lk22b2pth	podía [hacer algo] (permiso habitual)	could [do something]	reference	es:poder|en:could	lemma facet derived from headword
tlwmwkpfcj	podía [hacer algo] (permiso habitual)	was allowed to [do something]	reference	es:poder|en:was	lemma facet derived from headword
278hopgdpm	había podido [hacer algo]	had been able to [do something]	reference	es:haber|en:been	lemma facet derived from headword
gtr8psda9i	podría [hacer algo] (capacidad condicional explícita)	would be able to [do something]	reference	es:poder|en:able	lemma facet derived from headword
12340xb2xp	podría [ocurrir algo] (posibilidad incierta)	[something] might happen	reference	es:poder|en:happen	lemma facet derived from headword
9az16vn9mo	puede que [ocurra algo]	[something] could happen	reference	es:poder|en:happen	lemma facet derived from headword
qvrmxadrwa	puede que haya [hecho algo]	may have [done something]	reference	es:poder|en:have	lemma facet derived from headword
nr6s42kdwg	puede que haya [hecho algo]	might have [done something]	reference	es:poder|en:have	lemma facet derived from headword
jy4xtdl0bz	puede que haya [hecho algo]	could have [done something]	reference	es:poder|en:have	lemma facet derived from headword
qzm188rl47	podría haber [hecho algo] (especulación)	could have [done something]	reference	es:poder|en:have	lemma facet derived from headword
7r5w8ljmzc	quizá pueda [hacer algo]	might be able to [do something]	reference	es:quizá|en:able	lemma facet derived from headword
k4qa6qb9oa	ser poderoso/a (gran fuerza)	to be mighty	reference	es:ser|en:mighty	lemma facet derived from headword
8mhghrw0y0	ser todopoderoso/a (religioso)	to be almighty	reference	es:ser|en:almighty	lemma facet derived from headword
1vp9cxf3e2	ser todopoderoso/a (formal)	to be omnipotent	reference	es:ser|en:omnipotent	lemma facet derived from headword
zydr65i7uf	preguntar [algo]	to ask [something]	core	es:preguntar|en:ask	lemma facet derived from headword
rwakqe331j	preguntarle [algo] a [alguien]	to ask [somebody] [something]	core	es:preguntar|en:ask	lemma facet derived from headword
8jzxgbdbcq	preguntar si [ocurre algo]	to ask if [something is happening]	supporting	es:preguntar|en:ask	lemma facet derived from headword
j4m6nilpmp	preguntar si [ocurre algo]	to ask whether [something is happening]	reference	es:preguntar|en:ask	lemma facet derived from headword
5yj4uuuz48	preguntarse [qué ocurre]	to wonder [what is happening]	supporting	es:preguntar|en:wonder	lemma facet derived from headword
ee35uotwjg	la pregunta	the question	supporting	es:pregunta|en:question	lemma facet derived from headword
erwsyenslz	prestarle [algo] a [alguien]	to lend [somebody] [something]	supporting	es:prestar|en:lend	lemma facet derived from headword
v6af13c50w	prestar [algo] a [alguien]	to lend [something] to [somebody]	supporting	es:prestar|en:lend	lemma facet derived from headword
we8gzmevo2	prestar atención a [algo]	to pay attention to [something]	supporting	es:prestar|en:pay	lemma facet derived from headword
l1mjp8ohc0	prestar [servicios]	to provide [services]	reference	es:prestar|en:provide	lemma facet derived from headword
x9hgaascge	prestarse para [hacer algo]	to volunteer to [do something]	reference	es:prestar|en:volunteer	lemma facet derived from headword
ua4c3n110x	prestarse a [algo]	to lend itself to [something]	reference	es:prestar|en:lend	lemma facet derived from headword
l2xb1ildy3	prestar [algo] a otras personas	to lend [something] out	reference	es:prestar|en:lend	lemma facet derived from headword
wf4a9cx0j2	el préstamo	the loan	reference	es:préstamo|en:loan	lemma facet derived from headword
bwmfe9nhs1	quedar [una cantidad]	there are [an amount] left	supporting	es:quedar|en:there	lemma facet derived from headword
398l0y1m6b	quedar [algo]	[something] remains	reference	es:quedar|en:remains	lemma facet derived from headword
upotfiz0jx	¿Cuánto queda?	How much is left?	supporting	es:cuánto|en:how	lemma facet derived from headword
lqk4xtsbz1	quedarle bien [algo] a [alguien] (talla)	[something] fits [somebody] well	reference	es:quedar|en:fits	lemma facet derived from headword
qbsolsmmo9	quedarle bien [algo] a [alguien] (apariencia)	[something] looks good on [somebody]	reference	es:quedar|en:looks	lemma facet derived from headword
h1lszqhdfc	quedar en [un lugar]	to be located in [a place]	supporting	es:quedar|en:located	lemma facet derived from headword
op3olm4hh3	quedar con [alguien]	to arrange to meet [somebody]	reference	es:quedar|en:arrange	lemma facet derived from headword
zl1e6hnb04	quedar en [hacer algo]	to agree to [do something]	reference	es:quedar|en:agree	lemma facet derived from headword
lzwwxzjt9z	quedarse en [un lugar]	to stay in [a place]	core	es:quedar|en:stay	lemma facet derived from headword
7xazjpfhbp	[algo] quedar bien	[something] turns out well	reference	es:quedar|en:turns	lemma facet derived from headword
smq8nhlb78	quedarse con [algo]	to keep [something]	supporting	es:quedar|en:keep	lemma facet derived from headword
1vb3s8ps5j	quedarse sin [algo]	to run out of [something]	supporting	es:quedar|en:run	lemma facet derived from headword
go9ggtice2	quedarse sin [algo] (estado)	to be out of [something]	reference	es:quedar|en:out	lemma facet derived from headword
nwxm8j7bvp	quedarse dormido/a	to fall asleep	supporting	es:quedar|en:fall	lemma facet derived from headword
j6rsrji1gk	quedarse callado/a	to keep quiet	reference	es:quedar|en:keep	lemma facet derived from headword
8m3dkw2zpm	quedarse atrás	to fall behind	reference	es:quedar|en:fall	lemma facet derived from headword
sszeanx1ia	quedarse fuera	to be left out	reference	es:quedar|en:left	lemma facet derived from headword
hkptgj59vp	no quedar más remedio que [hacer algo]	to have no choice but to [do something]	reference	es:quedar|en:choice	lemma facet derived from headword
m5t33xosbe	quitar [algo] de [un lugar]	to remove [something] from [a place]	supporting	es:quitar|en:remove	lemma facet derived from headword
sogja55oo0	quitarle [algo] a [alguien]	to take [something] away from [somebody]	supporting	es:quitar|en:take	lemma facet derived from headword
6u7a74ndy9	quitar [música o sonido]	to turn off [music or sound]	supporting	es:quitar|en:turn	lemma facet derived from headword
1wsmg2vcda	quitarle la concentración a [alguien]	to keep [somebody] from concentrating	reference	es:quitar|en:keep	lemma facet derived from headword
r5nc7ng5l9	quitarse [algo no deseado]	to get rid of [something unwanted]	supporting	es:quitar|en:get	lemma facet derived from headword
ag32yiat6v	[algo] no se quita	[something] won't go away	reference	es:quita|en:won't	lemma facet derived from headword
a4mugyra2a	quitarse del camino	to get out of the way	reference	es:quitar|en:get	lemma facet derived from headword
2axlxx1nzw	quitar [algo] del camino	to get [something] out of the way	reference	es:quitar|en:get	lemma facet derived from headword
hbyr6b4vte	quitar importancia a [algo]	to downplay [something]	reference	es:quitar|en:downplay	lemma facet derived from headword
snogejtps3	quitarse un peso de encima	to get a weight off [somebody's] mind	reference	es:quitar|en:get	lemma facet derived from headword
ip5b4c26sx	desquitarse con [alguien]	to take it out on [somebody]	reference	es:desquitar|en:take	lemma facet derived from headword
9dbk50wj9u	abrir [algo]	to open [something]	core	es:abrir|en:open	lemma facet derived from headword
4w8lwiav5p	abrir [un negocio]	to start [a business]	reference	es:abrir|en:start	lemma facet derived from headword
nokrvtmufq	abrir [una reunión o un evento]	to open [a meeting or event]	reference	es:abrir|en:open	lemma facet derived from headword
0ngr08140i	abrirse con [alguien]	to open up to [somebody]	reference	es:abrir|en:open	lemma facet derived from headword
6a0qr8eums	abrirse a [algo]	to open up to [something]	reference	es:abrir|en:open	lemma facet derived from headword
mrytj7kn57	abrir [algo] por completo	to open [something] up	reference	es:abrir|en:open	lemma facet derived from headword
v92yqsjvi1	abrir a [un lugar]	to open onto [a place]	reference	es:abrir|en:open	lemma facet derived from headword
vyb77nksau	abrir [una cuenta]	to open [an account]	reference	es:abrir|en:open	lemma facet derived from headword
4wrjursav6	abrir fuego	to open fire	reference	es:abrir|en:open	lemma facet derived from headword
lv3d9lcju3	estar abierto/a	to be open	supporting	es:estar|en:open	lemma facet derived from headword
f25nyizfkx	la apertura	the opening	reference	es:apertura|en:opening	lemma facet derived from headword
tri8batgjl	la inauguración	the opening	reference	es:inauguración|en:opening	lemma facet derived from headword
quixxkzli3	acabar [algo]	to finish [something]	core	es:acabar|en:finish	lemma facet derived from headword
tef3nelk2n	acabar de [hacer algo]	to finish [doing something]	supporting	es:acabar|en:finish	lemma facet derived from headword
vm27w6wl2u	acabar de [hacer algo]	to have just [done something]	supporting	es:acabar|en:just	lemma facet derived from headword
jx3qdoooew	acababa de [hacer algo]	to have just [done something]	reference	es:acababa|en:just	lemma facet derived from headword
fzb5re8glc	acabar [haciendo algo]	to end up [doing something]	supporting	es:acabar|en:end	lemma facet derived from headword
c7ptjv43wf	acabar por [hacer algo]	to end up [doing something]	reference	es:acabar|en:end	lemma facet derived from headword
u9jiowfl65	acabarse [algo]	to finish [something]	reference	es:acabar|en:finish	lemma facet derived from headword
pfhho20nqb	acabarse [algo]	to run out of [something]	supporting	es:acabar|en:run	lemma facet derived from headword
p24fut3n4q	acabarse [un evento]	to be over	supporting	es:acabar|en:over	lemma facet derived from headword
ofi77mzek8	acabarse [un evento]	to end	reference	es:acabar|en:end	lemma facet derived from headword
68ly0bl6ba	acabar con [algo]	to use up [something]	reference	es:acabar|en:use	lemma facet derived from headword
qf9u95fmxk	acabar con [algo]	to put an end to [something]	reference	es:acabar|en:put	lemma facet derived from headword
gr9qqtsbbn	acabar con [algo]	to do away with [something]	reference	es:acabar|en:away	lemma facet derived from headword
12y0cip3q1	acabar con [algo]	to kill [something]	reference	es:acabar|en:kill	lemma facet derived from headword
897t46ipdb	estar acabado/a	to be finished	reference	es:estar|en:finished	lemma facet derived from headword
wvqg9y8xx3	inacabado/a	unfinished	reference	es:inacabado|en:unfinished	lemma facet derived from headword
kgmn4o9bd5	alcanzar [algo]	to reach [something]	supporting	es:alcanzar|en:reach	lemma facet derived from headword
mmnv7qavpx	alcanzar [un medio de transporte]	to catch [transportation]	supporting	es:alcanzar|en:catch	lemma facet derived from headword
0mp393y24p	alcanzar [una meta]	to achieve [a goal]	reference	es:alcanzar|en:achieve	lemma facet derived from headword
dcbjy0grcq	alcanzar	to be enough	reference	es:alcanzar|en:enough	lemma facet derived from headword
dvjojvxntx	no alcanzarle a [alguien] para [algo]	to be unable to afford [something]	supporting	es:alcanzar|en:unable	lemma facet derived from headword
204wng99bx	alcanzar a [alguien]	to catch up with [somebody]	reference	es:alcanzar|en:catch	lemma facet derived from headword
z0627jhc6t	alcanzar a [hacer algo]	to manage to [do something]	supporting	es:alcanzar|en:manage	lemma facet derived from headword
v7qsq6oet3	alcanzar a [hacer algo]	to have time to [do something]	reference	es:alcanzar|en:time	lemma facet derived from headword
gh92p4vhuj	el alcance	the reach	reference	es:alcance|en:reach	lemma facet derived from headword
71n5lnu5e1	el alcance	the scope	reference	es:alcance|en:scope	lemma facet derived from headword
yd9u4l5hk8	fuera del alcance de [alguien]	out of [somebody's] reach	reference	es:ser|en:out	lemma facet derived from headword
lsy4p641mo	ser alcanzable	to be reachable	reference	es:ser|en:reachable	lemma facet derived from headword
xi0bobj4sj	ser inalcanzable	to be unattainable	reference	es:ser|en:unattainable	lemma facet derived from headword
gff4ny55ob	caerse	to fall	supporting	es:caer|en:fall	lemma facet derived from headword
kz0e1id4s4	caerse de [algo]	to fall off [something]	reference	es:caer|en:fall	lemma facet derived from headword
6s0jnfqhv2	caer desde [un lugar]	to fall from [a place]	reference	es:caer|en:fall	lemma facet derived from headword
z4vwfqlj0b	caérsele [algo] a [alguien]	to drop [something]	supporting	es:caérsele|en:drop	lemma facet derived from headword
jkb4nwb6qj	caer en [un día o una fecha]	to fall on [a day or date]	reference	es:caer|en:fall	lemma facet derived from headword
rgpsxhe7h3	caer en cuenta de que [algo sucede]	to realize that [something happens]	reference	es:caer|en:realize	lemma facet derived from headword
cnqk3msdez	[alguien] caerle bien a [alguien]	[somebody] to like [somebody]	supporting	es:caer|en:like	lemma facet derived from headword
7a3ugond7f	[alguien] caerle mal a [alguien]	[somebody] not to like [somebody]	supporting	es:caer|en:like	lemma facet derived from headword
e8nzmbgdqf	caer bien	to make a good impression	reference	es:caer|en:make	lemma facet derived from headword
2zhbl574oh	caerle mal a [alguien]	not to agree with [somebody]	reference	es:caer|en:agree	lemma facet derived from headword
v3arwl0pds	caer enfermo/a	to fall ill	reference	es:caer|en:fall	lemma facet derived from headword
t7h2p8595v	caer dormido/a	to fall asleep	reference	es:caer|en:fall	lemma facet derived from headword
jv7jdxmfpj	caer en [una trampa]	to fall into [a trap]	reference	es:caer|en:fall	lemma facet derived from headword
9y9odv6gw9	caerse a pedazos	to fall apart	reference	es:caer|en:fall	lemma facet derived from headword
2bpm3xi7ft	caer por debajo de [un nivel]	to fall below [a level]	reference	es:caer|en:fall	lemma facet derived from headword
1vuews27gh	la caída	the fall	reference	es:caída|en:fall	lemma facet derived from headword
drrg6rj7ry	la caída	the decline	reference	es:caída|en:decline	lemma facet derived from headword
lu5wncr0kf	conocer a [alguien]	to know [somebody]	core	es:conocer|en:know	lemma facet derived from headword
lmbu8msbkt	conocer a [alguien] por primera vez	to meet [somebody]	core	es:conocer|en:meet	lemma facet derived from headword
awrlr9z7v4	haber conocido a [alguien]	to have met [somebody]	reference	es:haber|en:met	lemma facet derived from headword
vjb5yapkmy	conocer mejor a [alguien]	to get to know [somebody]	supporting	es:conocer|en:get	lemma facet derived from headword
uh84kdr8vi	conocer [un lugar]	to know [a place]	supporting	es:conocer|en:know	lemma facet derived from headword
2y3nvlpqwe	conocer [un lugar] por primera vez	to visit [a place] for the first time	reference	es:conocer|en:visit	lemma facet derived from headword
bb7fukdi26	conocer [un tema o sistema]	to be familiar with [a topic or system]	reference	es:conocer|en:familiar	lemma facet derived from headword
ty4a0kmfe9	conocer de vista a [alguien]	to know [somebody] by sight	reference	es:conocer|en:know	lemma facet derived from headword
7grhjsaoa0	ser conocido/a	to be well-known	reference	es:ser|en:well-known	lemma facet derived from headword
u40vouf4og	un conocido / una conocida	an acquaintance	reference	es:conocido|en:acquaintance	lemma facet derived from headword
hpdisj6u7v	ser conocido/a por [algo]	to be known for [something]	reference	es:ser|en:known	lemma facet derived from headword
uhisl4h91k	ser conocido/a como [algo]	to be known as [something]	reference	es:ser|en:known	lemma facet derived from headword
vgflpedkcj	darse a conocer	to become known	reference	es:dar|en:become	lemma facet derived from headword
g0guw4apm0	darse a conocer	to make oneself known	reference	es:dar|en:make	lemma facet derived from headword
7onkppih6a	el conocimiento	the knowledge	reference	es:conocimiento|en:knowledge	lemma facet derived from headword
c5hr8odlxd	desconocido/a	unknown	reference	es:desconocido|en:unknown	lemma facet derived from headword
rnbbuspsv7	conseguir [algo]	to get [something]	core	es:conseguir|en:get	lemma facet derived from headword
5hh1gjpr7c	conseguir [algo]	to obtain [something]	reference	es:conseguir|en:obtain	lemma facet derived from headword
85utp3uzux	conseguir [algo]	to secure [something]	reference	es:conseguir|en:secure	lemma facet derived from headword
hr7gsp7wkj	conseguir [hacer algo]	to manage to [do something]	supporting	es:conseguir|en:manage	lemma facet derived from headword
gzfxm4mq6e	no conseguir [hacer algo]	not to seem able to [do something]	reference	es:conseguir|en:seem	lemma facet derived from headword
imzixo6ntc	no conseguir [hacer algo]	to fail to [do something]	reference	es:conseguir|en:fail	lemma facet derived from headword
xqrvzbv9iu	conseguirle [algo] a [alguien]	to get [somebody] [something]	supporting	es:conseguir|en:get	lemma facet derived from headword
sv4xcj3c16	conseguir [algo] para [alguien]	to get [something] for [somebody]	reference	es:conseguir|en:get	lemma facet derived from headword
eeb29dpzj0	conseguir que [alguien] [haga algo]	to get [somebody] to [do something]	supporting	es:conseguir|en:get	lemma facet derived from headword
w03s2v6sq1	conseguir que [algo] quede [hecho]	to get [something] done	reference	es:conseguir|en:get	lemma facet derived from headword
f2jyvf37n7	conseguir trabajo	to get a job	reference	es:conseguir|en:get	lemma facet derived from headword
rtc3heix8c	conseguir apoyo	to win support	reference	es:conseguir|en:win	lemma facet derived from headword
ylgvepe6wi	conseguir [algo]	to get hold of [something]	reference	es:conseguir|en:get	lemma facet derived from headword
yztwsyb4p5	conseguir [algo difícil de encontrar]	to get one's hands on [something]	reference	es:conseguir|en:get	lemma facet derived from headword
eb73rheyc0	contar [algo]	to count [something]	supporting	es:contar|en:count	lemma facet derived from headword
u9mhk0r7wd	contarle [algo] a [alguien]	to tell [somebody] [something]	supporting	es:contar|en:tell	lemma facet derived from headword
pjr9m3okp5	contarle a [alguien] que [algo sucedió]	to tell [somebody] that [something happened]	reference	es:contar|en:tell	lemma facet derived from headword
ic3fla1k1p	contar [algo] dentro de [un total]	to include [something] in [a total]	reference	es:contar|en:include	lemma facet derived from headword
0kj5wrzna7	contar [algo] como [algo]	to count [something] as [something]	reference	es:contar|en:count	lemma facet derived from headword
2rfxpupyvg	contar con [alguien]	to count on [somebody]	supporting	es:contar|en:count	lemma facet derived from headword
556o2u50np	contar con [alguien]	to rely on [somebody]	reference	es:contar|en:rely	lemma facet derived from headword
0ubq3z55bc	contar con [algo]	to have [something]	reference	es:contar|en:have	lemma facet derived from headword
vjzoqo7829	contar con [algo]	to have [something] available	reference	es:contar|en:available	lemma facet derived from headword
55k48ap3p8	contar hacia atrás	to count down	reference	es:contar|en:count	lemma facet derived from headword
y239ieja7n	contar [un total]	to count up [a total]	reference	es:contar|en:count	lemma facet derived from headword
hwcvqf6jnh	contar a [alguien] entre [un grupo]	to count [somebody] among [a group]	reference	es:contar|en:count	lemma facet derived from headword
1kr3gizb9y	sin contar [algo]	not counting [something]	reference	es:sin|en:counting	lemma facet derived from headword
ev6a0etitd	la cuenta	the bill	supporting	es:cuenta|en:bill	lemma facet derived from headword
16jugpou1c	la cuenta	the account	reference	es:cuenta|en:account	lemma facet derived from headword
lfvxv89s5p	el contador / la contadora	the accountant	reference	es:contador|en:accountant	lemma facet derived from headword
kloirpjzvx	ser contable	to be countable	reference	es:ser|en:countable	lemma facet derived from headword
pvep99mzux	costar [una cantidad]	to cost [an amount]	core	es:costar|en:cost	lemma facet derived from headword
9y6wrrzjfz	costarle a [alguien] [hacer algo]	to struggle to [do something]	reference	es:costar|en:struggle	lemma facet derived from headword
zkpnfrk8ch	costarle a [alguien] [hacer algo]	to be difficult for [somebody] to [do something]	supporting	es:costar|en:difficult	lemma facet derived from headword
wii1500zn6	costarle [algo] a [alguien]	to cost [somebody] [something]	reference	es:costar|en:cost	lemma facet derived from headword
ankhn3gvu6	costarle trabajo a [alguien] [hacer algo]	to have a hard time [doing something]	reference	es:costar|en:hard	lemma facet derived from headword
vb2uvwnj0w	el costo	the cost	reference	es:costo|en:cost	lemma facet derived from headword
ad5u9obvi9	el costo	the expense	reference	es:costo|en:expense	lemma facet derived from headword
jws4jrf0cx	costoso/a	expensive	reference	es:costoso|en:expensive	lemma facet derived from headword
txighmsxc2	costoso/a	costly	reference	es:costoso|en:costly	lemma facet derived from headword
rpxowdshx9	a toda costa	at all costs	reference	en:at	lemma facet derived from headword
95502xpq2y	cueste lo que cueste	whatever it takes	reference	es:cueste|en:whatever	lemma facet derived from headword
55803pk541	sin costo	free of charge	reference	es:sin|en:free	lemma facet derived from headword
wd6uku1ojd	creer que [algo es cierto]	to think that [something is true]	core	es:creer|en:think	lemma facet derived from headword
1cgmo681z0	creer [algo]	to believe [something]	supporting	es:creer|en:believe	lemma facet derived from headword
axqcb6ldni	creerle a [alguien]	to believe [somebody]	supporting	es:creer|en:believe	lemma facet derived from headword
8wzfds4amd	creer en [algo]	to believe in [something]	supporting	es:creer|en:believe	lemma facet derived from headword
2egwnfg7jz	creer en [alguien]	to believe in [somebody]	reference	es:creer|en:believe	lemma facet derived from headword
k29o9xq2bp	creer que sí	to think so	supporting	es:creer|en:think	lemma facet derived from headword
dav762mjhb	creer que no	not to think so	supporting	es:creer|en:think	lemma facet derived from headword
nkzffs81a6	no poder creer [algo]	not to be able to believe [something]	reference	es:poder|en:able	lemma facet derived from headword
ar5ze0bqlr	creerse [algo falso]	to fall for [something]	reference	es:creer|en:fall	lemma facet derived from headword
p99yu0ey1y	creerse [adjetivo o sustantivo]	to think one is [an adjective or noun]	reference	es:creer|en:think	lemma facet derived from headword
thr50jalym	hacerle creer [algo] a [alguien]	to make [somebody] believe [something]	reference	es:hacer|en:make	lemma facet derived from headword
v2kt4g9974	aunque no lo creas	believe it or not	reference	es:aunque|en:believe	lemma facet derived from headword
7b45x2pc78	la creencia	the belief	reference	es:creencia|en:belief	lemma facet derived from headword
inwwluj4ug	ser creíble	to be believable	reference	es:ser|en:believable	lemma facet derived from headword
a6rp7lkscp	ser increíble	to be incredible	reference	es:ser|en:incredible	lemma facet derived from headword
8o5i8xvu89	increíblemente	incredibly	reference	es:increíblemente|en:incredibly	lemma facet derived from headword
d1bjmwehz9	deberle [algo] a [alguien]	to owe [somebody] [something]	supporting	es:deber|en:owe	lemma facet derived from headword
61gghvt40a	deber [algo] a [alguien]	to owe [something] to [somebody]	reference	es:deber|en:owe	lemma facet derived from headword
uekbgu9nsq	deber [hacer algo]	must [do something]	supporting	es:deber|en:must	lemma facet derived from headword
g8bhd7ipvu	deber [hacer algo]	to have to [do something]	supporting	es:deber|en:to	lemma facet derived from headword
yrb2jzggm4	debería [hacer algo]	should [do something]	core	es:debería|en:should	lemma facet derived from headword
q95c3kam4n	debería [hacer algo]	ought to [do something]	reference	es:debería|en:ought	lemma facet derived from headword
qe4q40qzw2	deber [hacer algo]	to be supposed to [do something]	supporting	es:deber|en:supposed	lemma facet derived from headword
1vu2pjhl3v	deber [hacer algo]	to be expected to [do something]	reference	es:deber|en:expected	lemma facet derived from headword
f4kds6r2gr	deber estar [en un estado o lugar]	must be [in a state or place]	supporting	es:deber|en:be	lemma facet derived from headword
87vmd83t1p	deber ser [algo]	must be [something]	reference	es:deber|en:be	lemma facet derived from headword
i4siv85tf9	no deber [hacer algo]	must not [do something]	supporting	es:deber|en:not	lemma facet derived from headword
nyjodxeo12	no deber [hacer algo]	mustn't [do something]	supporting	es:deber|en:mustn't	lemma facet derived from headword
shtk95phvk	no debería [hacer algo]	should not [do something]	supporting	es:debería|en:not	lemma facet derived from headword
7uxwcm2q2o	no debería [hacer algo]	shouldn't [do something]	supporting	es:debería|en:shouldn't	lemma facet derived from headword
eemg8n6ho5	debí haber [hecho algo]	should have [done something]	reference	es:debí|en:have	lemma facet derived from headword
ayed7fqlj3	deber haber [hecho algo]	must have [done something]	reference	es:deber|en:have	lemma facet derived from headword
qj3wvut2bw	debía [hacer algo]	to have been supposed to [do something]	reference	es:debía|en:been	lemma facet derived from headword
5qa1ueater	deberá [hacer algo]	will have to [do something]	reference	es:deberá|en:to	lemma facet derived from headword
w4ubw2gv4e	deberse a [algo]	to be due to [something]	reference	es:deber|en:due	lemma facet derived from headword
6uhgsiqvvf	debido a [algo]	due to [something]	reference	es:debido|en:due	lemma facet derived from headword
gxnygskyt7	debido a que [algo sucede]	because [something happens]	reference	es:debido|en:because	lemma facet derived from headword
dbgr3k3yq5	debido a que [algo sucede]	since [something happens]	reference	es:debido|en:since	lemma facet derived from headword
psh0c11c73	el deber	the duty	reference	es:deber|en:duty	lemma facet derived from headword
z34w2rwul0	los deberes	the duties	reference	es:deberes|en:duties	lemma facet derived from headword
bhh5lkxsvd	deberle una a [alguien]	to owe [somebody] one	reference	es:deber|en:owe	lemma facet derived from headword
yxm2eedy90	dejar [algo] [en algún lugar]	to leave [something] [somewhere]	core	es:dejar|en:leave	lemma facet derived from headword
zxbk3kr77z	dejar [algo] [en algún lugar]	to forget [something] [somewhere]	reference	es:dejar|en:forget	lemma facet derived from headword
egh1emsv3k	dejar [un lugar]	to leave [a place]	reference	es:dejar|en:leave	lemma facet derived from headword
e7nedtjuof	dejar que [alguien] [haga algo]	to let [somebody] [do something]	core	es:dejar|en:let	lemma facet derived from headword
nbidca94v7	dejar que [alguien] [haga algo]	to allow [somebody] to [do something]	reference	es:dejar|en:allow	lemma facet derived from headword
zmz6t98hlf	déjame [hacer algo]	let me [do something]	supporting	es:déjame|en:let	lemma facet derived from headword
n27dfso39e	déjame [hacer algo]	lemme [do something]	reference	es:déjame|en:lemme	lemma facet derived from headword
yfjyb31b9b	dejar de [hacer algo]	to stop [doing something]	core	es:dejar|en:stop	lemma facet derived from headword
skfxdss0cs	dejar de [hacer algo]	to no longer [do something]	reference	es:dejar|en:longer	lemma facet derived from headword
cz1u7ybmyj	dejarle [algo] a [alguien]	to lend [somebody] [something]	reference	es:dejar|en:lend	lemma facet derived from headword
jwc22mmcyd	dejarle [algo] a [alguien]	to let [somebody] use [something]	reference	es:dejar|en:let	lemma facet derived from headword
czlzxhiz8y	dejar [un proyecto o responsabilidad]	to abandon [a project or responsibility]	reference	es:dejar|en:abandon	lemma facet derived from headword
9bd5m6jcab	dejar [un proyecto o actividad]	to give up [a project or activity]	reference	es:dejar|en:give	lemma facet derived from headword
scirzjermw	dejar [algo] atrás	to leave [something] behind	reference	es:dejar|en:leave	lemma facet derived from headword
tzy94y3hmu	dejar a [alguien] [en un estado]	to leave [somebody] [in a state]	reference	es:dejar|en:leave	lemma facet derived from headword
bilb51sumb	dejar a [alguien] [en un estado]	to make [somebody] [an adjective]	reference	es:dejar|en:make	lemma facet derived from headword
xf3bu4p3qr	dejar plantado/a a [alguien]	to stand [somebody] up	reference	es:dejar|en:stand	lemma facet derived from headword
fzsfzh2mfr	dejar pasar [una oportunidad]	to let [an opportunity] pass	reference	es:dejar|en:let	lemma facet derived from headword
qk02mephc9	dejar pasar [una oportunidad]	to pass up [an opportunity]	reference	es:dejar|en:pass	lemma facet derived from headword
2qn9jrryai	dejar [algo] claro	to make [something] clear	reference	es:dejar|en:make	lemma facet derived from headword
qj0lhiuc75	dejar en paz a [alguien]	to leave [somebody] alone	supporting	es:dejar|en:leave	lemma facet derived from headword
hyx4uupf61	dejar [algo] encendido	to leave [something] on	reference	es:dejar|en:leave	lemma facet derived from headword
zu4n3xn4x8	dejar [algo o alguien] por fuera	to leave [something or somebody] out	supporting	es:dejar|en:leave	lemma facet derived from headword
od0g56sefd	dejar salir a [alguien o algo]	to let [somebody or something] out	reference	es:dejar|en:let	lemma facet derived from headword
goxootramx	dejarse llevar	to get carried away	reference	es:dejar|en:get	lemma facet derived from headword
j5psxk7lpd	dejar [algo o alguien] encargado con [alguien]	to leave [something or somebody] in [somebody's] care	reference	es:dejar|en:leave	lemma facet derived from headword
9ytu1uafba	dejar mucho que desear	to leave much to be desired	reference	es:dejar|en:leave	lemma facet derived from headword
iuscz9in74	echar [algo]	to throw [something]	supporting	es:echar|en:throw	lemma facet derived from headword
5q4eehz3vn	echar [algo]	to toss [something]	reference	es:echar|en:toss	lemma facet derived from headword
ycynxw1m3v	echarle [un ingrediente] a [algo]	to add [an ingredient] to [something]	supporting	es:echar|en:add	lemma facet derived from headword
1yt28hn07y	echar [un líquido] en [un recipiente]	to pour [a liquid] into [a container]	reference	es:echar|en:pour	lemma facet derived from headword
36riiosdmx	echar a [alguien] de [un lugar]	to throw [somebody] out of [a place]	reference	es:echar|en:throw	lemma facet derived from headword
5vfdd7g6pp	echar a [alguien] de [un lugar]	to kick [somebody] out of [a place]	reference	es:echar|en:kick	lemma facet derived from headword
wyiru8eg9q	echar a [alguien] del trabajo	to fire [somebody]	reference	es:echar|en:fire	lemma facet derived from headword
0yil0wwbgv	echar de menos a [alguien]	to miss [somebody]	reference	es:echar|en:miss	lemma facet derived from headword
15xrsrpy46	echarse a reír	to burst out laughing	reference	es:echar|en:burst	lemma facet derived from headword
cf5552jy9p	echarse a [hacer algo]	to start [doing something]	reference	es:echar|en:start	lemma facet derived from headword
kpe00fplij	echar a perder [algo]	to ruin [something]	reference	es:echar|en:ruin	lemma facet derived from headword
ve8mmxlgrz	echar a perder [algo]	to spoil [something]	reference	es:echar|en:spoil	lemma facet derived from headword
9bhhgek1hg	echar [humo u olor]	to give off [smoke or a smell]	reference	es:echar|en:give	lemma facet derived from headword
vb2rixy6jn	echar raíces	to take root	reference	es:echar|en:take	lemma facet derived from headword
84y1p0do9w	echar [algo] a la basura	to throw [something] away	reference	es:echar|en:throw	lemma facet derived from headword
xfgzv2w5ro	echarse atrás	to back out	reference	es:echar|en:back	lemma facet derived from headword
mhpsjzbw88	echar un vistazo a [algo]	to take a look at [something]	supporting	es:echar|en:take	lemma facet derived from headword
6o8pv6rvtp	echarle una mano a [alguien]	to give [somebody] a hand	reference	es:echar|en:give	lemma facet derived from headword
c5032rvam7	echarle la culpa de [algo] a [alguien]	to blame [somebody] for [something]	supporting	es:echar|en:blame	lemma facet derived from headword
84ubxhmjpj	echar a andar [algo]	to get [something] going	reference	es:echar|en:get	lemma facet derived from headword
roc4s41s10	echarse a andar	to set off	reference	es:echar|en:set	lemma facet derived from headword
0f8859fdfq	echar abajo [algo]	to knock [something] down	reference	es:echar|en:knock	lemma facet derived from headword
wn89ieh7zn	echar cuentas	to work [something] out	reference	es:echar|en:work	lemma facet derived from headword
n2cao0hxwp	recordar [algo]	to remember [something]	core	es:recordar|en:remember	lemma facet derived from headword
rs8xew9ar7	recordar [hacer algo]	to remember [to do something]	supporting	es:recordar|en:remember	lemma facet derived from headword
wivk576p42	recordar haber [hecho algo]	to remember [doing something]	supporting	es:recordar|en:remember	lemma facet derived from headword
o8w71qqdrb	recordarle a [alguien] [hacer algo]	to remind [somebody] [to do something]	supporting	es:recordar|en:remind	lemma facet derived from headword
ea80tvxv9q	recordarle a [alguien] que [algo]	to remind [somebody] that [something]	supporting	es:recordar|en:remind	lemma facet derived from headword
yj9f1tet8b	recordarle [algo] a [alguien]	to remind [somebody] about [something]	supporting	es:recordar|en:remind	lemma facet derived from headword
pxkiokdofk	recordarle a [alguien] a [otra persona]	to remind [somebody] of [another person]	reference	es:recordar|en:remind	lemma facet derived from headword
wx0aqskuor	no recordar [algo]	can't remember [something]	supporting	es:recordar|en:can't	lemma facet derived from headword
93hf25tdab	recordar [algo]	to recall [something]	reference	es:recordar|en:recall	lemma facet derived from headword
q7ljlxwqf2	el recuerdo	memory	supporting	es:recuerdo|en:memory	lemma facet derived from headword
bymophjmwd	el recuerdo	souvenir	reference	es:recuerdo|en:souvenir	lemma facet derived from headword
2afxzimfwm	ser memorable	to be memorable	reference	es:ser|en:memorable	lemma facet derived from headword
15kcw4vn4r	robar [algo]	to steal [something]	supporting	es:robar|en:steal	lemma facet derived from headword
nvywv2tlgk	robar [un lugar]	to rob [a place]	reference	es:robar|en:rob	lemma facet derived from headword
61rt52kj37	robarle [algo] a [alguien]	to steal [something] from [somebody]	supporting	es:robar|en:steal	lemma facet derived from headword
gyhcf0i5kb	robar a [alguien]	to rob [somebody]	reference	es:robar|en:rob	lemma facet derived from headword
muc3ps9ei8	robarse el show	to steal the show	reference	es:robar|en:steal	lemma facet derived from headword
bam70vmtu8	el robo	theft	reference	es:robo|en:theft	lemma facet derived from headword
ko06kydn82	el robo	robbery	reference	es:robo|en:robbery	lemma facet derived from headword
tjrnsl8268	el ladrón / la ladrona	thief	reference	es:ladrón|en:thief	lemma facet derived from headword
3wtzllym25	saber [algo]	to know [something]	core	es:saber|en:know	lemma facet derived from headword
manx93glfl	saber que [algo]	to know that [something]	core	es:saber|en:know	lemma facet derived from headword
z5glfbp5sq	saber [qué/dónde/cuándo/por qué]	to know [what, where, when, or why]	core	es:saber|en:know	lemma facet derived from headword
ahq54carab	saber si [algo]	to know whether [something]	supporting	es:saber|en:know	lemma facet derived from headword
kwh31erumh	saber [hacer algo]	to know how to [do something]	core	es:saber|en:know	lemma facet derived from headword
5qnuapk321	saber [hacer algo]	can [do something]	reference	es:saber|en:can	lemma facet derived from headword
kjs3avsme6	supe [algo]	found out [something]	supporting	es:saber|en:found	lemma facet derived from headword
tb9cpc7ypj	saber de [un tema]	to know about [a subject]	supporting	es:saber|en:know	lemma facet derived from headword
32xfxi2fjv	saber de [alguien]	to hear from [somebody]	reference	es:saber|en:hear	lemma facet derived from headword
bjifboq9ja	saberse [algo] de memoria	to know [something] by heart	reference	es:saber|en:know	lemma facet derived from headword
y86m7wjo50	saber a [algo]	to taste like [something]	reference	es:saber|en:taste	lemma facet derived from headword
o4nv333v8c	que yo sepa	as far as I know	reference	es:que|en:as	lemma facet derived from headword
kafdnl1n7j	quién sabe	who knows	reference	es:quién|en:who	lemma facet derived from headword
ugu6mryvd1	ya sé	I know	reference	es:ya	lemma facet derived from headword
g4s8ww83pl	no sé	I don't know	supporting	es:saber	lemma facet derived from headword
9dj6rqtp3w	ser sabio/a	to be wise	reference	es:ser|en:wise	lemma facet derived from headword
we4uinxfyx	la sabiduría	wisdom	reference	es:sabiduría|en:wisdom	lemma facet derived from headword
qcpsrdimh2	sacar [algo] de [un lugar]	to remove [something] from [a place]	supporting	es:sacar|en:remove	lemma facet derived from headword
wefybdb64a	sacar [algo]	to get [something]	supporting	es:sacar|en:get	lemma facet derived from headword
c38n8crr5a	sacar una foto de [algo]	to take a photo of [something]	supporting	es:sacar|en:take	lemma facet derived from headword
w1s5ow6rtn	sacar [una nota]	to get [a grade]	reference	es:sacar|en:get	lemma facet derived from headword
8t1oov9cqo	sacar [una respuesta]	to figure out [an answer]	supporting	es:sacar|en:figure	lemma facet derived from headword
9ockg94eza	sacar una conclusión	to draw a conclusion	reference	es:sacar|en:draw	lemma facet derived from headword
2a7hnhmtu6	sacar [un producto]	to release [a product]	reference	es:sacar|en:release	lemma facet derived from headword
6xu8gu7squ	sacar [un producto]	to bring out [a product]	reference	es:sacar|en:bring	lemma facet derived from headword
7ihfylaf0m	sacar a [alguien] de [un lugar]	to get [somebody] out of [a place]	reference	es:sacar|en:get	lemma facet derived from headword
3q9231a8nt	salir de [un lugar]	to leave [a place]	core	es:salir|en:leave	lemma facet derived from headword
zl1azbv6vk	salir	to go out	core	es:salir|en:go	lemma facet derived from headword
4n3bcm9qjj	salir afuera	to go outside	reference	es:salir|en:go	lemma facet derived from headword
r68cdfj171	salir de [un lugar]	to get out of [a place]	supporting	es:salir|en:get	lemma facet derived from headword
y13ekw81d8	salir	to come out	supporting	es:salir|en:come	lemma facet derived from headword
nd8kf3g80o	salir bien	to turn out well	supporting	es:salir|en:turn	lemma facet derived from headword
tc4o4z8jnt	salir mal	to go badly	reference	es:salir|en:go	lemma facet derived from headword
gn6wgqx5vo	salir [caro/barato]	to cost [a lot or a little]	reference	es:salir|en:cost	lemma facet derived from headword
hbm575ua4b	salir [publicado]	to come out	reference	es:salir|en:come	lemma facet derived from headword
rnznavwcfr	salir con [alguien]	to date [somebody]	supporting	es:salir|en:date	lemma facet derived from headword
ezq7209l2y	salir con [alguien]	to go out with [somebody]	reference	es:salir|en:go	lemma facet derived from headword
ro9nxfyi16	dejar [algo] fuera	to leave [something] out	reference	es:dejar|en:leave	lemma facet derived from headword
ab3fpexagc	la salida	exit	supporting	es:salida|en:exit	lemma facet derived from headword
4hc7hecq4n	la salida	way out	reference	es:salida|en:way	lemma facet derived from headword
m1asnh0c8n	seguir a [alguien]	to follow [somebody]	supporting	es:seguir|en:follow	lemma facet derived from headword
f0z126w2cy	seguir [instrucciones]	to follow [instructions]	supporting	es:seguir|en:follow	lemma facet derived from headword
6fi09q216i	seguir [haciendo algo]	to keep [doing something]	core	es:seguir|en:keep	lemma facet derived from headword
odnmr4o3xv	seguir [haciendo algo]	to continue [doing something]	supporting	es:seguir|en:continue	lemma facet derived from headword
ukd87mv2pz	seguir [haciendo algo]	to still be [doing something]	supporting	es:seguir|en:still	lemma facet derived from headword
na5kdv5rje	seguir [en un estado]	to still be [in a state]	supporting	es:seguir|en:still	lemma facet derived from headword
89g0nxntpb	seguir recto	to keep going straight	supporting	es:seguir|en:keep	lemma facet derived from headword
fhohvsakmg	seguir a [alguien] en redes	to follow [somebody] online	reference	es:seguir|en:follow	lemma facet derived from headword
uxzgvill2p	dar seguimiento a [algo]	to follow up on [something]	reference	es:dar|en:follow	lemma facet derived from headword
snuyccf6qe	cumplir con [algo]	to follow through on [something]	reference	es:cumplir|en:follow	lemma facet derived from headword
5irs9gdyqv	mantenerse al día con [algo]	to keep up with [something]	reference	es:mantener|en:keep	lemma facet derived from headword
5qdmpxi8us	seguir [haciendo algo]	to keep on [doing something]	reference	es:seguir|en:keep	lemma facet derived from headword
ef4ltamqsa	seguir adelante	to carry on	reference	es:seguir|en:carry	lemma facet derived from headword
vupb12qdkr	seguir así	to keep it up	reference	es:seguir|en:keep	lemma facet derived from headword
2liqgudpe2	mantenerse en contacto con [alguien]	to keep in touch with [somebody]	reference	es:mantener|en:keep	lemma facet derived from headword
h2zqc61fwq	mantenerse alejado de [algo]	to keep away from [something]	reference	es:mantener|en:keep	lemma facet derived from headword
7505bgiyyc	no entrar	to keep out	reference	es:entrar|en:keep	lemma facet derived from headword
kvedge4aey	no pisar [algo]	to keep off [something]	reference	es:pisar|en:keep	lemma facet derived from headword
j7s4nn02ph	mantener [algo] bajo	to keep [something] down	reference	es:mantener|en:keep	lemma facet derived from headword
2m5zc7v18r	reservarse [algo]	to keep [something] to yourself	reference	es:reservar|en:keep	lemma facet derived from headword
d5m00zj2i4	seguir intentándolo	to keep at it	reference	es:seguir|en:keep	lemma facet derived from headword
p1ln5nyupv	el seguimiento	follow-up	reference	es:seguimiento|en:follow-up	lemma facet derived from headword
74tgefagq1	el seguidor / la seguidora	follower	reference	es:seguidor|en:follower	lemma facet derived from headword
qa5k2yvbpz	sentir [una sensación]	to feel [a sensation]	supporting	es:sentir|en:feel	lemma facet derived from headword
mm9jg6sy57	sentirse [adjetivo]	to feel [adjective]	core	es:sentir|en:feel	lemma facet derived from headword
fshhqe3d9f	sentir que [algo]	to sense that [something]	reference	es:sentir|en:sense	lemma facet derived from headword
421wv4rocg	lo siento	I'm sorry	supporting	es:siento|en:i'm	lemma facet derived from headword
3qtux13rre	sentirlo por [algo]	to be sorry for [something]	reference	es:sentir|en:sorry	lemma facet derived from headword
wtwbsaolgx	sentir que [algo]	to feel that [something]	supporting	es:sentir|en:feel	lemma facet derived from headword
zcsk0uorhv	sentirse bien	to feel well	supporting	es:sentir|en:feel	lemma facet derived from headword
b0zp4e4wz9	sentirse mal	to feel bad	supporting	es:sentir|en:feel	lemma facet derived from headword
o6vs3cstlt	sentir algo por [alguien]	to have feelings for [somebody]	reference	es:sentir|en:feelings	lemma facet derived from headword
1jdy99z2dz	tener ganas de [hacer algo]	to feel like [doing something]	supporting	es:tener|en:feel	lemma facet derived from headword
wbo46b952m	sentirse con ánimo de [hacer algo]	to feel up to [doing something]	reference	es:sentir|en:feel	lemma facet derived from headword
cqou51zh8d	compadecerse de [alguien]	to feel for [somebody]	reference	es:compadecer|en:feel	lemma facet derived from headword
5uvtfc7eda	el sentimiento	feeling	reference	es:sentimiento|en:feeling	lemma facet derived from headword
64zpt713l1	ser sentimental	to be sentimental	reference	es:ser|en:sentimental	lemma facet derived from headword
othawv9u0f	ser [identidad]	to be [an identity]	core	es:ser|en:be	lemma facet derived from headword
m5wxiwxpo1	ser [una clasificación]	to be [a classification]	core	es:ser|en:be	lemma facet derived from headword
z2n8811v62	ser [una característica]	to be [a characteristic]	core	es:ser|en:be	lemma facet derived from headword
6vgdzpegua	ser [una hora o fecha]	to be [a time or date]	core	es:ser|en:be	lemma facet derived from headword
obznlhzdxe	ser en [un lugar]	to be at [a place]	supporting	es:ser|en:at	lemma facet derived from headword
2z3yhpg9ve	ser de [un lugar]	to be from [a place]	core	es:ser|en:from	lemma facet derived from headword
cme1al3v5p	ser de [un material]	to be made of [a material]	supporting	es:ser|en:made	lemma facet derived from headword
qbdgh95q4i	ser de [alguien]	to belong to [somebody]	supporting	es:ser|en:belong	lemma facet derived from headword
ekxerzzusv	ser para [alguien]	to be for [somebody]	supporting	es:ser|en:for	lemma facet derived from headword
nyb1ocmvpw	ser para [un uso]	to be meant for [a use]	reference	es:ser|en:meant	lemma facet derived from headword
sz0g4jfbie	ser capaz de [hacer algo]	to be able to [do something]	reference	es:ser|en:able	lemma facet derived from headword
ralwup7tfh	ser bueno/a para [hacer algo]	to be good at [doing something]	supporting	es:ser|en:good	lemma facet derived from headword
i49be62rpv	ser bueno para [alguien/algo]	to be good for [somebody or something]	supporting	es:ser|en:good	lemma facet derived from headword
pdcy6981ld	ser malo para [alguien/algo]	to be bad for [somebody or something]	supporting	es:ser|en:bad	lemma facet derived from headword
98gwx9pls1	ser culpa de [alguien]	to be [somebody's] fault	reference	es:ser|en:fault	lemma facet derived from headword
lg9p46b73r	ser consciente de [algo]	to be aware of [something]	reference	es:ser|en:aware	lemma facet derived from headword
czjjg08c25	ser gratis	to be free	supporting	es:ser|en:free	lemma facet derived from headword
f601zyn02o	ser divertido	to be fun	supporting	es:ser|en:fun	lemma facet derived from headword
cpp3wx8ltt	ser chistoso/a	to be funny	reference	es:ser|en:funny	lemma facet derived from headword
y4kn1xzqxy	ser aburrido/a	to be boring	supporting	es:ser|en:boring	lemma facet derived from headword
5uh9uw98kl	ser interesante	to be interesting	supporting	es:ser|en:interesting	lemma facet derived from headword
mxhymxu0dx	ser listo/a	to be smart	supporting	es:ser|en:smart	lemma facet derived from headword
yft1hv038t	ser probable que [algo]	to be likely that [something]	reference	es:ser|en:likely	lemma facet derived from headword
jyk96g78cb	no ser para tanto	not to be a big deal	reference	es:ser|en:big	lemma facet derived from headword
0pj00hx6vk	sea como sea	anyway	reference	es:sea|en:anyway	lemma facet derived from headword
2d97zs6np0	es que [explicación]	it's just that [explanation]	reference	es:ser|en:it	lemma facet derived from headword
ihr1107fvl	el ser	being	reference	es:ser|en:being	lemma facet derived from headword
ezg4akzhx1	significar [algo]	to mean [something]	core	es:significar|en:mean	lemma facet derived from headword
2djpxpuaet	significar [algo simbólico]	to symbolize [something]	reference	es:significar|en:symbolize	lemma facet derived from headword
8pzhwaykz8	significar [una forma completa]	to stand for [a full form]	reference	es:significar|en:stand	lemma facet derived from headword
0v6um8pq7g	significar mucho para [alguien]	to mean a lot to [somebody]	reference	es:significar|en:mean	lemma facet derived from headword
iku0m5311z	significar [hacer algo]	to mean [doing something]	reference	es:significar|en:mean	lemma facet derived from headword
0a33zqj9ql	el significado	meaning	reference	es:significado|en:meaning	lemma facet derived from headword
ka80affc74	ser significativo/a	to be significant	reference	es:ser|en:significant	lemma facet derived from headword
53sjqt51sy	significativamente	significantly	reference	es:significativamente|en:significantly	lemma facet derived from headword
3h3r7eqbfi	tener significado	to be meaningful	reference	es:tener|en:meaningful	lemma facet derived from headword
22weg7i165	no tener significado	to be meaningless	reference	es:tener|en:meaningless	lemma facet derived from headword
nkxypzw7lg	soler [hacer algo]	to usually [do something]	supporting	es:soler|en:usually	lemma facet derived from headword
30rrpal2u2	soler [hacer algo]	to tend to [do something]	reference	es:soler|en:tend	lemma facet derived from headword
2oiqu0kcxf	solía [hacer algo]	used to [do something]	supporting	es:soler|en:used	lemma facet derived from headword
li9fwc94cq	solía [hacer algo]	would [do something]	reference	es:soler|en:would	lemma facet derived from headword
hodn6daubj	soler [hacer algo]	to often [do something]	reference	es:soler|en:often	lemma facet derived from headword
xhm0xh7x5i	no soler [hacer algo]	not to usually [do something]	reference	es:soler|en:usually	lemma facet derived from headword
kp75v3jgay	suponer que [algo]	to suppose that [something]	supporting	es:suponer|en:suppose	lemma facet derived from headword
9kyo88v7jf	suponer que [algo]	to assume that [something]	reference	es:suponer|en:assume	lemma facet derived from headword
be41h3a6k4	suponer [algo]	to involve [something]	reference	es:suponer|en:involve	lemma facet derived from headword
ptmw5b6egl	se supone que [alguien] [haga algo]	[somebody] is supposed to [do something]	supporting	es:supone|en:is	lemma facet derived from headword
s2s9tmt9pc	se supone que [algo]	[something] is believed to [be true]	reference	es:supone|en:is	lemma facet derived from headword
15fu5msx3d	la suposición	assumption	reference	es:suposición|en:assumption	lemma facet derived from headword
vpfrylq7cf	supuestamente	supposedly	reference	es:supuestamente|en:supposedly	lemma facet derived from headword
wwwc8jugby	tener [algo]	to have [something]	core	es:tener|en:have	lemma facet derived from headword
ccrgp9wvgz	tener [número] años	to be [number] years old	core	es:tener|en:years	lemma facet derived from headword
7s7vnrgxud	tener que [hacer algo]	to have to [do something]	core	es:tener|en:to	lemma facet derived from headword
8zgoedsnqi	tener que [hacer algo]	to have got to [do something]	supporting	es:tener|en:got	lemma facet derived from headword
ooz5w92kjm	tener que [hacer algo]	gotta [do something]	supporting	es:tener|en:gotta	lemma facet derived from headword
3l1rvkd3vh	tener hambre	to be hungry	core	es:tener|en:hungry	lemma facet derived from headword
3bdg1oyv39	tener sed	to be thirsty	core	es:tener|en:thirsty	lemma facet derived from headword
izmas5gq0m	tener calor	to be hot	core	es:tener|en:hot	lemma facet derived from headword
pvwpfoq4zb	tener frío	to be cold	core	es:tener|en:cold	lemma facet derived from headword
pe1f869we7	tener sueño	to be sleepy	supporting	es:tener|en:sleepy	lemma facet derived from headword
3t5jjwz0t5	tener miedo de [algo]	to be afraid of [something]	supporting	es:tener|en:afraid	lemma facet derived from headword
hi6i8bgabk	tener prisa	to be in a hurry	supporting	es:tener|en:in	lemma facet derived from headword
n6hfkj5rh5	tener afán	to be in a rush	reference	es:tener|en:in	lemma facet derived from headword
76ls07neza	tener razón	to be right	core	es:tener|en:right	lemma facet derived from headword
o4ei6afgu0	tener cuidado	to be careful	core	es:tener|en:careful	lemma facet derived from headword
smffkflaqu	tener suerte	to be lucky	supporting	es:tener|en:lucky	lemma facet derived from headword
960sk4aws1	tener éxito	to succeed	supporting	es:tener|en:succeed	lemma facet derived from headword
eupe6m3e72	tener éxito	to be successful	reference	es:tener|en:successful	lemma facet derived from headword
vhzosajtoy	tener paciencia	to be patient	reference	es:tener|en:patient	lemma facet derived from headword
o0zirvikcg	tener confianza	to be confident	reference	es:tener|en:confident	lemma facet derived from headword
j65dvjawel	tener la culpa	to be at fault	reference	es:tener|en:at	lemma facet derived from headword
p80swouyaq	tener sentido	to make sense	supporting	es:tener|en:make	lemma facet derived from headword
86v2tii41j	tener en cuenta [algo]	to keep [something] in mind	reference	es:tener|en:keep	lemma facet derived from headword
7xfrxi3jd5	tener en cuenta [algo]	to take [something] into account	reference	es:tener|en:take	lemma facet derived from headword
nkqygp49l4	tener dificultad para [hacer algo]	to have trouble [doing something]	supporting	es:tener|en:trouble	lemma facet derived from headword
172vkaz4pw	tener la oportunidad de [hacer algo]	to get a chance to [do something]	reference	es:tener|en:get	lemma facet derived from headword
z9prfddx9z	tener permiso para [hacer algo]	to be allowed to [do something]	reference	es:tener|en:allowed	lemma facet derived from headword
15khny2b9v	tener que ver con [algo]	to have to do with [something]	reference	es:tener|en:with	lemma facet derived from headword
5awfswdavw	no tener nada que ver con [algo]	to have nothing to do with [something]	reference	es:tener|en:nothing	lemma facet derived from headword
5qr32psjlf	tener [algo] puesto	to have [something] on	reference	es:tener|en:on	lemma facet derived from headword
fs8u8cu63l	tener a [alguien] [haciendo algo]	to keep [somebody] [doing something]	reference	es:tener|en:keep	lemma facet derived from headword
872xfzjuzx	la tenencia de [algo]	possession of [something]	reference	es:tenencia|en:possession	lemma facet derived from headword
5uycd7m1nu	tocar [algo]	to touch [something]	supporting	es:tocar|en:touch	lemma facet derived from headword
kb4ibauh35	tocar [un instrumento]	to play [an instrument]	supporting	es:tocar|en:play	lemma facet derived from headword
er9xiz8dqv	tocarle a [alguien]	to be [somebody's] turn	supporting	es:tocar|en:turn	lemma facet derived from headword
ykm7fr9btb	tocarle a [alguien] [hacer algo]	[somebody] has to [do something]	reference	es:tocar|en:to	lemma facet derived from headword
fqbky20fmo	tocarle a [alguien] [hacer algo]	[somebody] is supposed to [do something]	reference	es:tocar|en:is	lemma facet derived from headword
v8grg04t9j	tocarle a [alguien] [hacer algo]	it is up to [somebody] to [do something]	reference	es:tocar|en:it	lemma facet derived from headword
7em182ixyo	tocar la puerta	to knock on the door	supporting	es:tocar|en:knock	lemma facet derived from headword
8ic82zfjqz	tocar el timbre	to ring the doorbell	reference	es:tocar|en:ring	lemma facet derived from headword
bzurrkgjau	[algo] toca a [alguien]	[something] affects [somebody]	reference	es:toca|en:affects	lemma facet derived from headword
jocx4z0vrr	tocar [un tema]	to touch on [a topic]	reference	es:tocar|en:touch	lemma facet derived from headword
bct589etct	retocar [algo]	to touch [something] up	reference	es:retocar|en:touch	lemma facet derived from headword
bc6xmdzd27	el toque	a touch	reference	es:toque|en:touch	lemma facet derived from headword
s2wih9tkp4	trabajar	to work	core	es:trabajar|en:work	lemma facet derived from headword
o8yyqw9k2g	trabajar en [un lugar u organización]	to work at [a place or organization]	supporting	es:trabajar|en:work	lemma facet derived from headword
edf5jy4zrf	trabajar en [un sector]	to work in [a field]	reference	es:trabajar|en:work	lemma facet derived from headword
xrqc4586p2	trabajar en [una tarea o proyecto]	to work on [a task or project]	supporting	es:trabajar|en:work	lemma facet derived from headword
55moihfqeu	trabajar para [alguien u organización]	to work for [somebody or an organization]	supporting	es:trabajar|en:work	lemma facet derived from headword
ezz9e68yjj	trabajar con [alguien]	to work with [somebody]	supporting	es:trabajar|en:work	lemma facet derived from headword
zgwnnnusii	trabajar como [profesión]	to work as [a profession]	supporting	es:trabajar|en:work	lemma facet derived from headword
57q3yd0rpd	trabajar desde casa	to work from home	reference	es:trabajar|en:work	lemma facet derived from headword
3f40un1zgj	trabajar para [lograr algo]	to work toward [a goal]	reference	es:trabajar|en:work	lemma facet derived from headword
pg7ymescs5	trabajar paso a paso en [un problema]	to work through [a problem]	reference	es:trabajar|en:work	lemma facet derived from headword
abw14te962	trabajar [un material]	to work [a material]	reference	es:trabajar|en:work	lemma facet derived from headword
em4gm5945w	el trabajo	work	supporting	es:trabajo|en:work	lemma facet derived from headword
492gbx234m	el trabajo	a job	supporting	es:trabajo|en:job	lemma facet derived from headword
ekmtzz5ms0	el trabajador o la trabajadora	a worker	reference	es:trabajador|en:worker	lemma facet derived from headword
ue1j1fbu66	ser trabajador/a	to be hardworking	reference	es:ser|en:hardworking	lemma facet derived from headword
6rgyh7ngls	ser laboral	to be work-related	reference	es:ser|en:work-related	lemma facet derived from headword
dawn4c9rf4	traer [algo] aquí	to bring [something] here	supporting	es:traer|en:bring	lemma facet derived from headword
qdd1gcrv5r	traerle [algo] a [alguien]	to bring [somebody] [something]	core	es:traer|en:bring	lemma facet derived from headword
nrtrolt1b0	traer [algo] de [un lugar]	to bring [something] from [a place]	supporting	es:traer|en:bring	lemma facet derived from headword
9ntay6p4fs	traer [algo] de vuelta	to bring [something] back	supporting	es:traer|en:bring	lemma facet derived from headword
i48d81wy3v	traer a [alguien]	to bring [somebody]	reference	es:traer|en:bring	lemma facet derived from headword
p3nun0nd0p	traer [algo] consigo	to bring [something] with you	reference	es:traer|en:bring	lemma facet derived from headword
15zg97fs0p	traer [problemas o consecuencias]	to cause [problems or consequences]	reference	es:traer|en:cause	lemma facet derived from headword
zzhshorqxj	traer [problemas o consecuencias]	to bring [problems or consequences]	reference	es:traer|en:bring	lemma facet derived from headword
idex89b72k	traer puesto/a [una prenda]	to wear [an item of clothing]	reference	es:traer|en:wear	lemma facet derived from headword
yv532a42h2	traer [algo] consigo	to have [something] with you	reference	es:traer|en:with	lemma facet derived from headword
m1qskewn43	traer recuerdos	to bring back memories	reference	es:traer|en:bring	lemma facet derived from headword
mvvc2s3vas	traer a colación [un tema]	to bring up [a topic]	reference	es:traer|en:bring	lemma facet derived from headword
im138izvv7	valer [una cantidad]	to be worth [an amount]	supporting	es:valer|en:worth	lemma facet derived from headword
h2ubrz9hyw	valer [un precio]	to cost [an amount]	supporting	es:valer|en:cost	lemma facet derived from headword
wjd0q608lr	¿cuánto vale [algo]?	how much does [something] cost?	supporting	es:cuánto|en:how	lemma facet derived from headword
16pwsfcg7n	valer hasta [una fecha]	to be valid until [a date]	reference	es:valer|en:valid	lemma facet derived from headword
c35bwq6oiy	valer para [hacer algo]	to be useful for [doing something]	reference	es:valer|en:useful	lemma facet derived from headword
gebby1bfyk	valer para [un propósito]	to work for [a purpose]	reference	es:valer|en:work	lemma facet derived from headword
ah2eaia09w	vale	okay	reference	es:vale|en:okay	lemma facet derived from headword
1insnlihbx	más vale [hacer algo]	had better [do something]	reference	es:más|en:better	lemma facet derived from headword
ivhec4s22m	valer la pena [hacer algo]	to be worth [doing something]	supporting	es:valer|en:worth	lemma facet derived from headword
lfya25oahw	valer la pena	to be worth it	supporting	es:valer|en:worth	lemma facet derived from headword
4u372gr66c	no valer	not to count	reference	es:valer|en:count	lemma facet derived from headword
jthckb9ofh	no valer	not to be fair	reference	es:valer|en:fair	lemma facet derived from headword
j0l3pcqdr1	el valor	value	reference	es:valor|en:value	lemma facet derived from headword
6i8zzmxcp2	el valor	courage	reference	es:valor|en:courage	lemma facet derived from headword
xefbpao3le	ser valioso/a	to be valuable	reference	es:ser|en:valuable	lemma facet derived from headword
vqbg70cy5y	ser invaluable	to be invaluable	reference	es:ser|en:invaluable	lemma facet derived from headword
xha8i0ahr5	venir a [un lugar]	to come to [a place]	core	es:venir|en:come	lemma facet derived from headword
6ateoz7xed	venir de [un lugar]	to come from [a place]	supporting	es:venir|en:come	lemma facet derived from headword
fhw00gyy28	venir de [un lugar de origen]	to be from [a place]	core	es:venir|en:from	lemma facet derived from headword
2krm0gf62n	venir con [alguien]	to come with [somebody]	reference	es:venir|en:come	lemma facet derived from headword
b97077wlu1	venir a [hacer algo]	to come to [do something]	reference	es:venir|en:come	lemma facet derived from headword
w66regabe9	venir en [colores o tamaños]	to come in [colors or sizes]	reference	es:venir|en:come	lemma facet derived from headword
kk3nkycmqg	venirle bien a [alguien]	to work for [somebody]	reference	es:venir|en:work	lemma facet derived from headword
c9e47xxxqj	venir en camino	to be on the way	reference	es:venir|en:on	lemma facet derived from headword
2xv5qqprqp	venir a [la casa de alguien]	to come over	reference	es:venir|en:come	lemma facet derived from headword
bfvjcgo2if	venir con [un grupo]	to come along	reference	es:venir|en:come	lemma facet derived from headword
jmoyai6ki1	venir a la mente	to come to mind	reference	es:venir|en:come	lemma facet derived from headword
u0q10xrgdu	lo que viene	what comes next	reference	es:que|en:what	lemma facet derived from headword
r1xmdoudgw	la venida	the coming	reference	es:venida|en:coming	lemma facet derived from headword
kfx1lzc2a8	bienvenido/a	welcome	supporting	es:bienvenido|en:welcome	lemma facet derived from headword
xm8mzt42ci	ver [algo]	to see [something]	core	es:ver|en:see	lemma facet derived from headword
1uefa34zyp	ver [una película o programa]	to watch [a movie or program]	supporting	es:ver|en:watch	lemma facet derived from headword
y2yln6q4sp	ver a [alguien]	to see [somebody]	core	es:ver|en:see	lemma facet derived from headword
ugyd134ue3	ver a [alguien] [hacer algo]	to see [somebody] [do something]	supporting	es:ver|en:see	lemma facet derived from headword
4l5ip3gcjx	ver a [alguien] [haciendo algo]	to see [somebody] [doing something]	reference	es:ver|en:see	lemma facet derived from headword
zeloe6s3qo	verse con [alguien]	to see [somebody]	supporting	es:ver|en:see	lemma facet derived from headword
5wxhecilm0	verse [adjetivo]	to look [adjective]	supporting	es:ver|en:look	lemma facet derived from headword
p7wbkj3kbp	verse bien	to look good	reference	es:ver|en:look	lemma facet derived from headword
r8h281yx98	a ver	let's see	reference	en:let	lemma facet derived from headword
kxen1brnbt	vamos a ver	we will see	reference	es:vamos|en:we	lemma facet derived from headword
9rd5kxnrcp	ya verás	you will see	reference	es:ya|en:you	lemma facet derived from headword
6vpv4m0g02	tener que ver con [algo]	to be related to [something]	reference	es:tener|en:related	lemma facet derived from headword
ei20exbswc	despedir a [alguien]	to see [somebody] off	reference	es:despedir|en:see	lemma facet derived from headword
rn5bfzc47d	darse cuenta del engaño de [alguien]	to see through [somebody]	reference	es:dar|en:see	lemma facet derived from headword
ukhf4ausef	encargarse de [algo]	to see to [something]	reference	es:encargar|en:see	lemma facet derived from headword
98z915a6a3	la vista	sight	reference	es:vista|en:sight	lemma facet derived from headword
lqnox1evi8	la vista	a view	reference	es:vista|en:view	lemma facet derived from headword
rnoqipnfol	ser visible	to be visible	reference	es:ser|en:visible	lemma facet derived from headword
6w10sj4xqg	ser invisible	to be invisible	reference	es:ser|en:invisible	lemma facet derived from headword
0utix246nk	ser visual	to be visual	reference	es:ser|en:visual	lemma facet derived from headword
r8bvxs4y48	visualmente	visually	reference	es:visualmente|en:visually	lemma facet derived from headword
q9clnuhnis	volver a [un lugar]	to return to [a place]	supporting	es:volver|en:return	lemma facet derived from headword
ksg6li9jy7	volver aquí	to come back	supporting	es:volver|en:come	lemma facet derived from headword
tly9ldi8kr	volver a [otro lugar]	to go back to [another place]	supporting	es:volver|en:go	lemma facet derived from headword
8zwhpsdgt7	volver a [hacer algo]	to [do something] again	reference	es:volver|en:again	lemma facet derived from headword
ygutauf9ji	no volver a [hacer algo]	not to [do something] again	reference	es:volver|en:again	lemma facet derived from headword
pft3m3975v	volverse [adjetivo]	to become [adjective]	supporting	es:volver|en:become	lemma facet derived from headword
dpa3heuq6k	volverse [adjetivo]	to get [adjective]	reference	es:volver|en:get	lemma facet derived from headword
ic3jjkgfi7	volverse [algo]	to turn into [something]	reference	es:volver|en:turn	lemma facet derived from headword
g1m78v9491	volverse para [hacer algo]	to turn around to [do something]	reference	es:volver|en:turn	lemma facet derived from headword
sxospymxsu	volverse atrás	to turn back	reference	es:volver|en:turn	lemma facet derived from headword
0c32ojw5vj	de vuelta	back	supporting	es:de|en:back	lemma facet derived from headword
xmp7uc93ba	dar la vuelta	to turn around	reference	es:dar|en:turn	lemma facet derived from headword
jgm4rn50k0	la vuelta	the return	reference	es:vuelta|en:return	lemma facet derived from headword
rawqer01p0	al volver	upon returning	reference	es:volver|en:upon	lemma facet derived from headword
rx423e30re	acordar [hacer algo]	to agree to [do something]	reference	es:acordar|en:agree	lemma facet derived from headword
1j7btjr7um	aparecer	to appear	reference	es:aparecer|en:appear	lemma facet derived from headword
vzbnervzfr	buscar [algo]	to look for [something]	core	es:buscar|en:look	lemma facet derived from headword
htgjdwiqzm	detener [algo]	to stop [something]	reference	es:detener|en:stop	lemma facet derived from headword
my5u2xb3bf	entregar [algo]	to deliver [something]	reference	es:entregar|en:deliver	lemma facet derived from headword
hzhx6yw5qb	enviar [algo]	to send [something]	supporting	es:enviar|en:send	lemma facet derived from headword
p8bg3qqy9j	lograr [hacer algo]	to manage to [do something]	reference	es:lograr|en:manage	lemma facet derived from headword
kfalstjcfy	postularse a [algo]	to apply for [something]	reference	es:postular|en:apply	lemma facet derived from headword
o25n43wg3o	yo	I	core	es:yo	lemma facet derived from headword
608c3yq7i6	tú	you	core	es:tú|en:you	lemma facet derived from headword
63ojew9r4f	tu	your	core	es:tu|en:your	lemma facet derived from headword
d6oilpcif8	usted	you	core	es:usted|en:you	lemma facet derived from headword
hdl7zq5rij	él	he	core	es:él|en:he	lemma facet derived from headword
2x4a9n68ud	ella	she	core	es:ella|en:she	lemma facet derived from headword
laabqgv17t	ello	it	reference	es:ello|en:it	lemma facet derived from headword
hh4dfyokmh	ellos	they	core	es:ellos|en:they	lemma facet derived from headword
vl5s55aiq3	ellas	they	supporting	es:ellas|en:they	lemma facet derived from headword
6bfxprlzrk	nosotros	we	core	es:nosotros|en:we	lemma facet derived from headword
q5uendpr4y	nosotras	we	supporting	es:nosotras|en:we	lemma facet derived from headword
em3gcm8fcl	ustedes	you	core	es:ustedes|en:you	lemma facet derived from headword
9rsyb41dmz	me	me	core	es:me|en:me	lemma facet derived from headword
5ajqekseb3	te	you	core	es:te|en:you	lemma facet derived from headword
96zmjpedzq	nos	us	core	es:nos|en:us	lemma facet derived from headword
qtybwfahhd	le	to him	core	es:le|en:him	lemma facet derived from headword
tne070no4d	les	to them	core	es:les|en:them	lemma facet derived from headword
mbu3bynmc3	lo	him	core	en:him	lemma facet derived from headword
xd9c671eit	lo	it	core	en:it	lemma facet derived from headword
a29elmu22c	lo	you	supporting	en:you	lemma facet derived from headword
7poocn5na8	la	her	core	en:her	lemma facet derived from headword
m3zbdhcenj	la	it	core	en:it	lemma facet derived from headword
8kfu71csir	la	you	supporting	en:you	lemma facet derived from headword
5cest1aute	los	them	core	en:them	lemma facet derived from headword
kz7ntpcrhd	los	you	supporting	en:you	lemma facet derived from headword
zf3sq9mld5	las	them	core	en:them	lemma facet derived from headword
d2156w0qop	las	you	supporting	en:you	lemma facet derived from headword
w8wzsxl8uq	se	himself	supporting	en:himself	lemma facet derived from headword
selhft7tbn	se	herself	supporting	en:herself	lemma facet derived from headword
9xzv8domtf	se	yourself	supporting	en:yourself	lemma facet derived from headword
5x4sfd3lvo	se	yourselves	supporting	en:yourselves	lemma facet derived from headword
lojl4a497b	se	each other	supporting	en:each	lemma facet derived from headword
fz385c053c	se	to him	supporting	en:him	lemma facet derived from headword
1e1njdasi9	se	to her	supporting	en:her	lemma facet derived from headword
mgmd8az85i	se	to you	supporting	en:you	lemma facet derived from headword
vi3wxfj3r2	se	to them	supporting	en:them	lemma facet derived from headword
1g6dssuu7g	se	itself	reference	en:itself	lemma facet derived from headword
foy4696l7r	el	the	core	en:the	lemma facet derived from headword
qdyg6idr5p	la	the	core	en:the	lemma facet derived from headword
u7zp2lujp0	los	the	core	en:the	lemma facet derived from headword
4j1nc0c9o9	las	the	core	en:the	lemma facet derived from headword
3vfsaych3z	acordar [hacer algo]	to decide to [do something]	reference	es:acordar|en:decide	lemma facet derived from headword
476g3r2k4a	acordar [algo]	to agree on [something]	reference	es:acordar|en:agree	lemma facet derived from headword
ygmwenyts4	acordarse de [algo]	to remember [something]	reference	es:acordar|en:remember	lemma facet derived from headword
h01pvfsqvs	acordarse de [hacer algo]	to remember doing [something]	reference	es:acordar|en:remember	lemma facet derived from headword
o6fe83ho4h	hacer acordar	to remind	reference	es:hacer|en:remind	lemma facet derived from headword
90l7vci1mc	no acordarse de [algo]	to can't remember [something]	reference	es:acordar|en:can't	lemma facet derived from headword
y2sbyu4a5b	aparecer	to show up	supporting	es:aparecer|en:show	lemma facet derived from headword
nuszqtk7fc	aparecer [en una lista]	to be listed	reference	es:aparecer|en:listed	lemma facet derived from headword
9ievaodr1f	aparecer [una publicación]	to come out	reference	es:aparecer|en:come	lemma facet derived from headword
umirnepxs1	buscar a [alguien]	to want [somebody] for questioning	reference	es:buscar|en:want	lemma facet derived from headword
ykeh4ro7pq	detener a [alguien]	to arrest [somebody]	reference	es:detener|en:arrest	lemma facet derived from headword
rdxs81dzm7	detener a [alguien]	to detain [somebody]	reference	es:detener|en:detain	lemma facet derived from headword
npbo00x4un	detener [algo/alguien]	to hold back [something/somebody]	reference	es:detener|en:hold	lemma facet derived from headword
zvkx50j9c5	detenerse para [hacer algo]	to stop to [do something]	supporting	es:detener|en:stop	lemma facet derived from headword
o4dhqa488k	devolver [algo]	to return [something]	reference	es:devolver|en:return	lemma facet derived from headword
r8h4m5ktu7	devolver [algo]	to refund [something]	reference	es:devolver|en:refund	lemma facet derived from headword
mnougxf39m	devolver la llamada	to return a call	reference	es:devolver|en:return	lemma facet derived from headword
xnmxa18y4p	entregar [algo]	to hand in [something]	reference	es:entregar|en:hand	lemma facet derived from headword
937ruzq5uv	entregar [algo] a [alguien]	to hand [something] over to [somebody]	reference	es:entregar|en:hand	lemma facet derived from headword
p24l6ubhgf	entregarse	to turn oneself in	reference	es:entregar|en:turn	lemma facet derived from headword
bg83x0k5kp	enviar [algo]	to ship [something]	reference	es:enviar|en:ship	lemma facet derived from headword
ietq3i884j	enviar [algo]	to forward [something]	reference	es:enviar|en:forward	lemma facet derived from headword
1j4lftiq84	enviar a [alguien]	to refer [somebody]	reference	es:enviar|en:refer	lemma facet derived from headword
qu672qzcw4	la consulta	the inquiry	reference	es:consulta|en:inquiry	lemma facet derived from headword
qelqjearnq	la consulta	the query	reference	es:consulta|en:query	lemma facet derived from headword
l3azcanzjs	lograr [algo]	to achieve [something]	reference	es:lograr|en:achieve	lemma facet derived from headword
5hed68eq4q	no lograr [hacer algo]	can't seem to [do something]	reference	es:lograr|en:can't	lemma facet derived from headword
rgtlu9rlm3	lograr [algo]	to secure [something]	reference	es:lograr|en:secure	lemma facet derived from headword
v72o9g7yjw	mantener [algo]	to keep [something]	supporting	es:mantener|en:keep	lemma facet derived from headword
afxy3gj8g5	mantener [algo]	to maintain [something]	reference	es:mantener|en:maintain	lemma facet derived from headword
1vh5rntj16	mantener a [alguien]	to support [somebody]	reference	es:mantener|en:support	lemma facet derived from headword
e8u3dl9hno	mantener [una ventaja]	to hold [the lead]	reference	es:mantener|en:hold	lemma facet derived from headword
69nlpxinr8	mirar [algo]	to look at [something]	core	es:mirar|en:look	lemma facet derived from headword
p70k7bfvql	mirar [algo]	to watch [something]	supporting	es:mirar|en:watch	lemma facet derived from headword
nl064twuml	obtener [algo]	to get [something]	reference	es:obtener|en:get	lemma facet derived from headword
1pgc6cfhvt	obtener [resultados]	to achieve [results]	reference	es:obtener|en:achieve	lemma facet derived from headword
3zg7nxwm6d	obtener [ganancia]	to make [a profit]	reference	es:obtener|en:make	lemma facet derived from headword
j84bvckgfu	obtener [ayuda]	to receive [help]	reference	es:obtener|en:receive	lemma facet derived from headword
g54z8h8ci6	ordenar [comida o bebida]	to order [food or a drink]	reference	es:ordenar|en:order	lemma facet derived from headword
9vw489mt1w	ordenar que [alguien] [haga algo]	to order [somebody] [to do something]	reference	es:ordenar|en:order	lemma facet derived from headword
taszogayx6	ordenar [algo]	to sort [something]	reference	es:ordenar|en:sort	lemma facet derived from headword
zdbqkvbfi8	ordenar [un lugar]	to tidy [a place]	reference	es:ordenar|en:tidy	lemma facet derived from headword
jx6ci6rshb	la postulación	the application	reference	es:postulación|en:application	lemma facet derived from headword
dczcf3gaak	regresar	to come back	reference	es:regresar|en:come	lemma facet derived from headword
zxuys2r8q2	regresar	to go back	reference	es:regresar|en:go	lemma facet derived from headword
m0mgste8it	regresar	to return	reference	es:regresar|en:return	lemma facet derived from headword
at6h8seokt	solicitar [algo]	to request [something]	reference	es:solicitar|en:request	lemma facet derived from headword
cdmbvhyfgd	solicitar [algo]	to apply for [something]	reference	es:solicitar|en:apply	lemma facet derived from headword
tx2421g9u2	la solicitud	the request	reference	es:solicitud|en:request	lemma facet derived from headword
01jw455h2b	la solicitud	the application	reference	es:solicitud|en:application	lemma facet derived from headword
wsttz3une0	a un lugar	to a place	reference	en:place	lemma facet derived from headword
gk4t4kddz0	hacia un lugar	toward a place	reference	es:hacia|en:toward	lemma facet derived from headword
mckle879y4	mirar hacia adelante	to look ahead	reference	es:mirar|en:look	lemma facet derived from headword
5az9lz5ib7	¡Adelante!	Come in!	reference	es:adelante|en:come	lemma facet derived from headword
rh92u94gb4	¡Adelante!	Go ahead!	reference	es:adelante|en:go	lemma facet derived from headword
zeorvyamau	de ahora en adelante	from now on	reference	es:de|en:from	lemma facet derived from headword
wmmatrxzh1	además de [algo]	besides [something]	reference	es:además|en:besides	lemma facet derived from headword
fzg570rb5k	además	moreover	reference	es:además|en:moreover	lemma facet derived from headword
2w0dzl1mvl	ser alto/a	to be tall	reference	es:ser|en:tall	lemma facet derived from headword
ffr5aig4sd	ser alto/a	to be high	reference	es:ser|en:high	lemma facet derived from headword
f28jremh1h	¡Alto!	Stop!	reference	es:alto|en:stop	lemma facet derived from headword
8b641cek21	antes de	before	reference	es:antes|en:before	lemma facet derived from headword
xbk2rmvbe2	después de	after	reference	es:después|en:after	lemma facet derived from headword
1vi4oe10ip	luego / después	then	reference	es:luego|en:then	lemma facet derived from headword
xymr8kc90t	ante todo	above all	reference	es:ante|en:above	lemma facet derived from headword
bhlxjf47nf	apenas	barely/hardly	reference	es:apenas|en:barely/hardly	lemma facet derived from headword
9gk6xesysy	casi no [hacer algo]	to hardly [do something]	reference	es:casi|en:hardly	lemma facet derived from headword
45izdwmxbd	estar ansioso/a por que [ocurra algo]	can hardly wait for [something] to happen	reference	es:estar|en:hardly	lemma facet derived from headword
3c8uaa6qwh	así [ocurre algo]	that is how [something happens]	reference	es:así|en:that	lemma facet derived from headword
yv5pwer3eq	aun así	even so	reference	es:aun|en:even	lemma facet derived from headword
u109gx9ehn	así que	so	core	es:así|en:so	lemma facet derived from headword
qfok7pguyz	mirar atrás	to look back	reference	es:mirar|en:look	lemma facet derived from headword
mhy4vnhbw9	atrás de [algo]	behind [something]	reference	es:atrás|en:behind	lemma facet derived from headword
8a3s9ew4ih	[período] atrás	[a period] ago	reference	es:atrás|en:ago	lemma facet derived from headword
p5528lcbf2	aún no	not yet	reference	es:aún|en:yet	lemma facet derived from headword
0drmuwks7f	incluso	even	reference	es:incluso|en:even	lemma facet derived from headword
2s5vxvtzad	ser bajo/a	to be low	reference	es:ser|en:low	lemma facet derived from headword
jl3egs4efk	hablar en voz baja	to speak quietly/in a low voice	reference	es:hablar|en:speak	lemma facet derived from headword
joavbehrli	mirar abajo	to look down	reference	es:mirar|en:look	lemma facet derived from headword
zuxigcomna	vivir abajo	to live downstairs	reference	es:vivir|en:live	lemma facet derived from headword
56dupg98qa	¡abajo [algo]!	down with [something]!	reference	es:abajo|en:down	lemma facet derived from headword
z9x61srsag	debajo de	under	reference	es:debajo|en:under	lemma facet derived from headword
aixmzqjpam	debajo de / más abajo de	below	reference	es:debajo|en:below	lemma facet derived from headword
sk6v1ievgl	bastante [adjetivo]	quite [adjective]	reference	es:bastante|en:quite	lemma facet derived from headword
5oksfbyy9k	trabajar bastante	to work a lot	reference	es:trabajar|en:work	lemma facet derived from headword
75py7jmtq1	bastar	to be enough	reference	es:bastar|en:enough	lemma facet derived from headword
gw00aci88b	bastar con [algo]	all it takes is [something]	reference	es:bastar|en:all	lemma facet derived from headword
dakptjtohz	bastar con [hacer algo]	all you need to do is [do something]	reference	es:bastar|en:all	lemma facet derived from headword
pxhlmu008o	bien [adjetivo] (coloquial)	pretty/quite [adjective] (colloquial)	reference	es:bien|en:pretty/quite	lemma facet derived from headword
g9lxdgb2ld	si bien [ocurre algo]	although [something happens]	reference	es:si|en:although	lemma facet derived from headword
21gdf6imx4	bien [ocurre algo], bien [ocurre otra cosa]	either [something happens] or [something else happens]	reference	es:bien|en:either	lemma facet derived from headword
5ai1ief8xm	bien	okay	supporting	es:bien|en:okay	lemma facet derived from headword
3iomqnzseh	bien	fine	reference	es:bien|en:fine	lemma facet derived from headword
n47hpbwe7i	bien	all right	reference	es:bien|en:all	lemma facet derived from headword
5p9qv88nn3	bueno / buena	good	supporting	es:bueno|en:good	lemma facet derived from headword
nuca0ssha7	bueno / buena	kind	reference	es:bueno|en:kind	lemma facet derived from headword
r2a8013xq8	ser una buena idea	to be a good idea	reference	es:ser|en:good	lemma facet derived from headword
gss6t797jr	sentirse mejor	to feel better	reference	es:sentir|en:feel	lemma facet derived from headword
9zwpouaz61	ser mejor [hacer algo]	had better [do something]	reference	es:ser|en:better	lemma facet derived from headword
rqwcklpzgf	ser cierto	to be true	reference	es:ser|en:true	lemma facet derived from headword
wha5r4jqwd	cierto/a [sustantivo]	a certain [noun]	reference	es:cierto|en:certain	lemma facet derived from headword
gaw97ecxke	por cierto	by the way	reference	es:por|en:by	lemma facet derived from headword
306v0y0d1m	¿Cierto?	Right?	reference	es:cierto|en:right	lemma facet derived from headword
ltag03rg5k	¿cómo [hacer algo]?	how do you [do something]?	reference	es:cómo|en:how	lemma facet derived from headword
7lxhk2vc3g	cómo	how	core	es:cómo|en:how	lemma facet derived from headword
ovnw5edm1p	con	with	reference	es:con|en:with	lemma facet derived from headword
kg63snjtds	¿con qué [ocurre algo]?	what [does something happen] with?	reference	es:con|en:what	lemma facet derived from headword
xn3hhqqgv2	¿con quién [ocurre algo]?	who [does something happen] with?	reference	es:con|en:who	lemma facet derived from headword
rey5kzco3o	¿con quién [ocurre algo]?	to whom [does something happen]?	reference	es:con|en:whom	lemma facet derived from headword
fwytkxeon9	¿cuál [sustantivo]?	which [noun]?	reference	es:cuál|en:which	lemma facet derived from headword
17mqfzfrq1	¿cuál es [algo]?	what is [something]?	reference	es:cuál|en:what	lemma facet derived from headword
3015o113yw	cuál	which	core	es:cuál|en:which	lemma facet derived from headword
g585r84tc1	cuál	what	reference	es:cuál|en:what	lemma facet derived from headword
lrfioq96ny	¿cuándo [ocurre algo]?	when does [something happen]?	reference	es:cuándo|en:when	lemma facet derived from headword
3ov21pqb58	cuándo	when	core	es:cuándo|en:when	lemma facet derived from headword
fnszz28inq	¿cuánto tiempo [ocurre algo]?	how long [has something been happening]?	reference	es:cuánto|en:how	lemma facet derived from headword
ci48dn458g	cuánto	how much	core	es:cuánto|en:how	lemma facet derived from headword
alantrg9q4	cuánto	how long	reference	es:cuánto|en:how	lemma facet derived from headword
v7852oe8df	cuántos / cuántas	how many	core	es:cuántos|en:how	lemma facet derived from headword
iina5o4u5x	cuán grande	how big	reference	es:cuán|en:how	lemma facet derived from headword
l0f7fdzag6	¿cuán [adjetivo]?	how [adjective]?	reference	es:cuán|en:how	lemma facet derived from headword
5fylm54n8s	de / desde un lugar	from a place	reference	es:de|en:from	lemma facet derived from headword
n19h8scdqx	¿de qué [ocurre algo]?	what [does something happen] about?	reference	es:de|en:what	lemma facet derived from headword
5o20evhiuo	una taza de café	a cup of coffee	reference	es:taza|en:cup	lemma facet derived from headword
cl9enr8dnn	el nombre de la tienda	the name of the store	reference	es:nombre|en:name	lemma facet derived from headword
5jt6lj2ulg	leche de chocolate	chocolate milk	reference	es:leche|en:chocolate	lemma facet derived from headword
gn8k8hwnce	chocolate de leche	milk chocolate	reference	es:chocolate|en:milk	lemma facet derived from headword
ray0xga2me	taza de café	coffee cup	reference	es:taza|en:coffee	lemma facet derived from headword
h85lbubyqe	taza de café	cup of coffee	reference	es:taza|en:cup	lemma facet derived from headword
eyue78cz5h	de vez en cuando	from time to time	reference	es:de|en:from	lemma facet derived from headword
5rr4zebvp7	[hacer algo] de [una emoción]	to [do something] with [an emotion]	reference	es:de|en:with	lemma facet derived from headword
wine5n6gd9	depender de que [ocurra algo]	to depend on [something] happening	reference	es:depender|en:depend	lemma facet derived from headword
27gxfb0ajj	depender de [alguien/algo]	to depend on [somebody/something]	reference	es:depender|en:depend	lemma facet derived from headword
3nytgzkkim	trabajar demasiado	to work too much	reference	es:trabajar|en:work	lemma facet derived from headword
20iwl9s0r5	dentro de [un tiempo]	in [an amount of time]	reference	es:dentro|en:in	lemma facet derived from headword
pwdq4vnqib	dentro de [un límite]	within [a limit]	reference	es:dentro|en:within	lemma facet derived from headword
0rg57o7g76	desde [un momento]	starting [a time]	reference	es:desde|en:starting	lemma facet derived from headword
yhh3l4act9	desde mi punto de vista	from my point of view	reference	es:desde|en:from	lemma facet derived from headword
0v2r7ohznv	hablar después	to talk later	reference	es:hablar|en:talk	lemma facet derived from headword
t9gvvynhud	llamar luego	to call later	reference	es:llamar|en:call	lemma facet derived from headword
jdnb164lv0	luego	therefore	reference	es:luego|en:therefore	lemma facet derived from headword
6827l0k1ob	desde luego	of course	reference	es:desde|en:of	lemma facet derived from headword
oo26n3eya6	Hasta luego.	See you later.	reference	es:hasta|en:see	lemma facet derived from headword
2i2eb7xpzj	luego	then	reference	es:luego|en:then	lemma facet derived from headword
cboe3ncvvg	¿dónde está [algo]?	where is [something]?	reference	es:dónde|en:where	lemma facet derived from headword
0t9g2lohg7	dónde	where	core	es:dónde|en:where	lemma facet derived from headword
h79dh4z5r9	en un lugar	at a place	reference	es:en|en:at	lemma facet derived from headword
hx0to60nd6	en la tienda	at the store	reference	es:en|en:at	lemma facet derived from headword
zqynuesp7m	en la oficina	at the office	reference	es:en|en:at	lemma facet derived from headword
almn931bqf	en el apartamento	at the apartment	reference	es:en|en:at	lemma facet derived from headword
ljeh77mbs7	en el parque	at the park	reference	es:en|en:at	lemma facet derived from headword
19blsp2ne3	en el aeropuerto	at the airport	reference	es:en|en:at	lemma facet derived from headword
xbx1b5duuw	en el evento	at the event	reference	es:en|en:at	lemma facet derived from headword
ih376hqi1w	en Colombia	in Colombia	reference	es:en|en:in	lemma facet derived from headword
ri2h5v0twz	en Bogotá	in Bogotá	reference	es:en|en:in	lemma facet derived from headword
tc6rh28m6b	en Rosales	in Rosales	reference	es:en|en:in	lemma facet derived from headword
kxv8nlgxdq	en el país	in the country	reference	es:en|en:in	lemma facet derived from headword
w7xxmnwso7	en la ciudad	in the city	reference	es:en|en:in	lemma facet derived from headword
espvuux5lh	en el barrio	in the neighborhood	reference	es:en|en:in	lemma facet derived from headword
0btyqoea32	dentro de un lugar	in a place	reference	es:dentro|en:in	lemma facet derived from headword
9nmv4gc74l	en el apartamento	in the apartment	reference	es:en|en:in	lemma facet derived from headword
lyttcoaldo	en el cuarto / la habitación	in the room	reference	es:en|en:in	lemma facet derived from headword
vlo817grkx	en el baño	in the bathroom	reference	es:en|en:in	lemma facet derived from headword
nchk5z9l4b	en el carro	in the car	reference	es:en|en:in	lemma facet derived from headword
1pnnl3ovji	en el bolso	in the bag	reference	es:en|en:in	lemma facet derived from headword
n9t5c2brnx	en una superficie	on a surface	reference	es:en|en:on	lemma facet derived from headword
jfphg18mwh	sobre la mesa	on the table	reference	es:sobre|en:on	lemma facet derived from headword
mlegy7ee73	en el piso	on the floor	reference	es:en|en:on	lemma facet derived from headword
bpf1cuta59	en una página web	on a webpage	reference	es:en|en:on	lemma facet derived from headword
rakstubyz7	entonces	then	reference	es:entonces|en:then	lemma facet derived from headword
yco8jcpeuc	entonces	so	reference	es:entonces|en:so	lemma facet derived from headword
7c8rxvmsnl	entre dos cosas o personas	between	reference	es:entre|en:between	lemma facet derived from headword
v7psmvhjff	entre más [ocurre algo], más [ocurre otra cosa]	the more [something happens], the more [something else happens]	reference	es:entre|en:more	lemma facet derived from headword
a6vkntbt36	entre todos	together, all together	reference	es:entre|en:together	lemma facet derived from headword
8g7yjhzzf4	estar entre [personas]	to be among [people]	reference	es:estar|en:among	lemma facet derived from headword
3tecsp0owz	¡Fuera!	Get out!	reference	es:ser|en:get	lemma facet derived from headword
ws6aqyp5xd	hablar fuerte	to speak loudly	reference	es:hablar|en:speak	lemma facet derived from headword
fyziw2rb12	ser fuerte	to be strong	reference	es:ser|en:strong	lemma facet derived from headword
5lw85u2wbp	hasta	even	reference	es:hasta|en:even	lemma facet derived from headword
5i08zx64uf	igual de [adjetivo]	just as [adjective]	reference	es:igual|en:just	lemma facet derived from headword
86ogukorla	igual	maybe (coloquial)	reference	es:igual|en:maybe	lemma facet derived from headword
p2mettktx3	malo / mala	bad	reference	es:malo|en:bad	lemma facet derived from headword
jtm9v93uc2	malo / mala	evil	reference	es:malo|en:evil	lemma facet derived from headword
k2cbtbb9an	malo / mala	poor	reference	es:malo|en:poor	lemma facet derived from headword
6rm2kx5c4o	ser una mala idea	to be a bad idea	reference	es:ser|en:bad	lemma facet derived from headword
g2cfgdbyi3	ser malo/a	to be bad/evil	reference	es:ser|en:bad/evil	lemma facet derived from headword
506goyjb09	dormir bien/mal	to sleep well/badly	reference	es:dormir|en:sleep	lemma facet derived from headword
2xrg55t6l0	sentirse peor	to feel worse	reference	es:sentir|en:feel	lemma facet derived from headword
khu76rod2i	lo peor es [hacer algo]	the worst part is [doing something]	reference	es:peor|en:worst	lemma facet derived from headword
5c41gd4gqg	día	day	reference	es:día|en:day	lemma facet derived from headword
rf7wttxz5x	hoy	today	supporting	es:hoy|en:today	lemma facet derived from headword
uklvuftocv	mañana	tomorrow	supporting	es:mañana|en:tomorrow	lemma facet derived from headword
is83ex1r7e	pasado mañana	the day after tomorrow	reference	es:pasado|en:day	lemma facet derived from headword
ozs312yyzn	ayer	yesterday	supporting	es:ayer|en:yesterday	lemma facet derived from headword
70f495461k	anteayer	the day before yesterday	reference	es:anteayer|en:day	lemma facet derived from headword
k2k4xsq191	la mañana	the morning	supporting	es:mañana|en:morning	lemma facet derived from headword
4abmpsiu46	la tarde	the afternoon	supporting	es:tarde|en:afternoon	lemma facet derived from headword
yt3bjazug3	la tarde / primeras horas de la noche	the evening	reference	es:tarde|en:evening	lemma facet derived from headword
rwj2zcgfcm	la noche	the night	supporting	es:noche|en:night	lemma facet derived from headword
qeasfm79hz	ayer por la mañana	yesterday morning	reference	es:ayer|en:yesterday	lemma facet derived from headword
w6bnljz9zs	esta mañana	this morning	reference	es:esta|en:this	lemma facet derived from headword
gid93lnngw	mañana por la mañana	tomorrow morning	reference	es:mañana|en:tomorrow	lemma facet derived from headword
sk2u1fvotp	ayer por la tarde	yesterday afternoon	reference	es:ayer|en:yesterday	lemma facet derived from headword
aaz55zvczl	esta tarde	this afternoon	reference	es:esta|en:this	lemma facet derived from headword
53m0zvo429	mañana por la tarde	tomorrow afternoon	reference	es:mañana|en:tomorrow	lemma facet derived from headword
yk8mablp0c	anoche	last night	reference	es:anoche|en:last	lemma facet derived from headword
v2bifwqn7l	esta noche	tonight	supporting	es:esta|en:tonight	lemma facet derived from headword
ze0uol6k43	mañana por la noche	tomorrow night	reference	es:mañana|en:tomorrow	lemma facet derived from headword
sdjzwrjzji	ser útil ==> ser el/la más útil	to be useful ==> to be the most useful	reference	es:ser|en:useful	lemma facet derived from headword
2yywyl5i44	más de [una cantidad]	more than [an amount]	reference	es:más|en:more	lemma facet derived from headword
1nhgx0mth4	comer medio/a [algo]	to eat half [something]	reference	es:comer|en:eat	lemma facet derived from headword
7nzdyaq2x1	en medio de [algo]	in the middle of [something]	reference	es:en|en:in	lemma facet derived from headword
vvjft5svqr	medio [adjetivo]	somewhat [adjective]	reference	es:medio|en:somewhat	lemma facet derived from headword
efzsdnarz6	menos [sustantivo contable]	fewer [countable noun]	reference	es:menos|en:fewer	lemma facet derived from headword
8g59ojfuw4	todos menos [alguien]	everyone except [somebody]	reference	es:todos|en:everyone	lemma facet derived from headword
7xx1fimdtn	mientras que [ocurre algo]	whereas [something happens]	reference	es:mientras|en:whereas	lemma facet derived from headword
84ep3pyukv	el mismo día	the same day	reference	es:mismo|en:same	lemma facet derived from headword
5r4vw18q4o	por sí mismo/a	by oneself	reference	es:por|en:by	lemma facet derived from headword
szn7fm8wsx	[hacer algo] mucho	to [do something] a lot	reference	es:mucho|en:lot	lemma facet derived from headword
01slode9o8	mucho [sustantivo]	plenty of [noun]	reference	es:mucho|en:plenty	lemma facet derived from headword
8xc9lgyn8v	tomar notas	to take notes	reference	es:tomar|en:take	lemma facet derived from headword
dhyt13en8w	no [hacer algo] ni [hacer otra cosa]	neither [to do something] nor [to do something else]	reference	es:ni|en:neither	lemma facet derived from headword
i4tdzuamg4	ni [alguien] ni [alguien]	neither [somebody] nor [somebody]	reference	es:ni|en:neither	lemma facet derived from headword
lfmutd3xru	ni	not even	reference	es:ni|en:even	lemma facet derived from headword
52dbadce2l	no [hacer algo] siquiera [una vez]	not to [do something] even [once]	reference	es:siquiera|en:even	lemma facet derived from headword
v96gg2fw1q	ni siquiera [hacer algo]	not even to [do something]	reference	es:ni|en:even	lemma facet derived from headword
31la252ocl	siquiera [una cantidad]	at least [an amount]	reference	es:siquiera|en:at	lemma facet derived from headword
4sabms9mlz	¿nunca has [hecho algo]?	haven't you ever [done something]?	reference	es:nunca|en:haven't	lemma facet derived from headword
gejgahqn6v	para que	so that	reference	es:para|en:so	lemma facet derived from headword
dzhyd6xsd6	¿por qué [ocurre algo]?	why [does something happen]?	reference	es:por|en:why	lemma facet derived from headword
j7dljg4amk	volver pronto	to come back soon	reference	es:volver|en:come	lemma facet derived from headword
i7kngch29y	más pronto de lo esperado	earlier than expected	reference	es:más|en:earlier	lemma facet derived from headword
lcz2539dyj	de pronto	suddenly	reference	es:de|en:suddenly	lemma facet derived from headword
0jle9bry8q	de pronto	maybe	reference	es:de|en:maybe	lemma facet derived from headword
me1ci2uana	pues	then	reference	es:pues|en:then	lemma facet derived from headword
hnd0boisxm	question qué	what	reference	es:question|en:what	lemma facet derived from headword
7h7vii1lbc	idea connector que	that or no separate word	reference	es:idea|en:that	lemma facet derived from headword
juf9q9vio8	relative que: person	who	reference	es:relative|en:who	lemma facet derived from headword
5gd7ah01d5	relative que: person	that	reference	es:relative|en:that	lemma facet derived from headword
waj2eefdj7	relative que: thing	that	reference	es:relative|en:that	lemma facet derived from headword
4z2b5kkbjr	relative que: thing	which	reference	es:relative|en:which	lemma facet derived from headword
jyx1d6zq9f	lo que	what	reference	es:que|en:what	lemma facet derived from headword
7izjvheben	lo cual	which	reference	es:cual|en:which	lemma facet derived from headword
2f7mb9mt9a	exclamative qué	what	reference	es:exclamative|en:what	lemma facet derived from headword
y1roq1cyk2	exclamative qué	how	reference	es:exclamative|en:how	lemma facet derived from headword
wjbh6m5ek1	porque	because	core	es:porque|en:because	lemma facet derived from headword
9sl36wwkry	porque	since	reference	es:porque|en:since	lemma facet derived from headword
8sisf9u6zt	porque	as	reference	es:porque|en:as	lemma facet derived from headword
b1uohuf8wn	¡qué [adjetivo] [sustantivo]!	what a [adjective] [noun]!	reference	es:qué|en:what	lemma facet derived from headword
dhxw09o9vs	¡qué [adjetivo]!	how [adjective]!	reference	es:qué|en:how	lemma facet derived from headword
erzbzs0gzc	¿a qué hora [ocurre algo]?	what time [does something happen]?	reference	en:what	lemma facet derived from headword
d11xp5btf2	quién	who	core	es:quién|en:who	lemma facet derived from headword
22lgqfjinn	seguro / a salvo	safe	reference	es:seguro|en:safe	lemma facet derived from headword
tidi1ymaul	seguro de algo	sure about something	reference	es:seguro|en:sure	lemma facet derived from headword
gwnpt7pmq9	asegurarse de que [algo]	to make sure [something]	reference	es:asegurar|en:make	lemma facet derived from headword
56hciu6j5h	asegurar [algo]	to insure [something]	reference	es:asegurar|en:insure	lemma facet derived from headword
v3wnwpk0qj	si	if	core	es:si|en:if	lemma facet derived from headword
kxitvfhebx	si	whether	reference	es:si|en:whether	lemma facet derived from headword
4lsz5atrxx	si...o no	whether...or not	reference	es:si...o|en:whether...or	lemma facet derived from headword
etyzwht0ts	no solo [algo]	not only [something]	reference	es:solo|en:only	lemma facet derived from headword
ksf8aynt7s	no [hacer nada] sino [hacer algo]	to do nothing but [do something]	reference	es:sino|en:nothing	lemma facet derived from headword
vk5arw3nk6	sí	yes	reference	es:sí|en:yes	lemma facet derived from headword
t114homehd	siempre que [ocurre algo]	whenever [something happens]	reference	es:siempre|en:whenever	lemma facet derived from headword
0lold5fh3d	siempre que [ocurra algo]	as long as [something happens]	reference	es:siempre|en:as	lemma facet derived from headword
k3jg1rin0g	irse para siempre	to leave forever/for good	reference	es:irse|en:leave	lemma facet derived from headword
wmzhjqoerd	sin [algo]	without [something]	reference	es:sin|en:without	lemma facet derived from headword
tpnbbxdlyr	llevar [tiempo] sin [hacer algo]	not to have [done something] for [a period of time]	reference	es:llevar|en:for	lemma facet derived from headword
9qwvwwgrlt	encima de / arriba de	above	reference	es:encima|en:above	lemma facet derived from headword
a600jvsbhd	vivir solo/a	to live alone	reference	es:vivir|en:live	lemma facet derived from headword
f2rqqk1bhq	un solo [algo]	a single [something]	reference	es:solo|en:single	lemma facet derived from headword
map0ad7rwe	suficiente / suficientes	sufficient	reference	es:suficiente|en:sufficient	lemma facet derived from headword
6k3ek5jhqf	[hacer algo] tanto como [alguien]	to [do something] as much as [somebody]	reference	es:tanto|en:as	lemma facet derived from headword
ub2iy1fuxk	mientras tanto	meanwhile	reference	es:mientras|en:meanwhile	lemma facet derived from headword
feiqarcmnl	llegar tarde	to arrive late	reference	es:llegar|en:arrive	lemma facet derived from headword
97h5zo76ab	más vale tarde que nunca	better late than never	reference	es:más|en:better	lemma facet derived from headword
23jqqwk28f	tardar [tiempo] en [hacer algo]	to take [an amount of time] to [do something]	reference	es:tardar|en:take	lemma facet derived from headword
g5nlbifpst	tardar	to take a long time	reference	es:tardar|en:take	lemma facet derived from headword
vmo1fuguve	tardar en [hacer algo]	to be slow to [do something]	reference	es:tardar|en:slow	lemma facet derived from headword
z5hsuuicna	leer [algo]	to read [something]	core	es:leer|en:read	lemma facet derived from headword
v2n44iz4vk	una vez	once	reference	es:vez|en:once	lemma facet derived from headword
ecnxsk18jb	dos veces	twice	reference	es:dos|en:twice	lemma facet derived from headword
k2awm82sbn	tres veces	three times	reference	es:tres|en:three	lemma facet derived from headword
sdju2vvodp	unas cuantas veces	a few times	reference	es:cuantas|en:few	lemma facet derived from headword
59sy6jp2jo	muchas veces	many times	reference	es:muchas|en:many	lemma facet derived from headword
lo8hzzt4fm	¡Ya basta!	Enough already!	reference	es:ya|en:enough	lemma facet derived from headword
q6rtb3ph2x	acabar de hacer algo	to have just done something	reference	es:acabar|en:just	lemma facet derived from headword
8rgf1v3z6t	ya	already	supporting	es:ya|en:already	lemma facet derived from headword
bluzvvve73	todavía no / aún no	not yet	reference	es:todavía|en:yet	lemma facet derived from headword
2b50xdv2ra	todavía / aún	still	reference	es:todavía|en:still	lemma facet derived from headword
q60j06yhe9	terminar [algo]	to finish [something]	reference	es:terminar|en:finish	lemma facet derived from headword
fywyjd1hm5	sincerarse con [alguien]	to open up to [somebody]	reference	es:sincerar|en:open	lemma facet derived from headword
mjhkt6xk7p	la vacante	a job opening	reference	es:vacante|en:job	lemma facet derived from headword
gdwcgcevlo	aquí	here	supporting	es:aquí|en:here	lemma facet derived from headword
avrqqne85a	acá	here	reference	es:acá|en:here	lemma facet derived from headword
ytz0ph603p	detrás de [algo]	behind [something]	reference	es:detrás|en:behind	lemma facet derived from headword
t7i1q6sopk	el éxito	success	reference	es:éxito|en:success	lemma facet derived from headword
aqt0wb7fmf	irle bien a [alguien] en [algo]	[somebody] does well at [something]	reference	es:irle|en:well	lemma facet derived from headword
16421aymo4	empezar [algo]	to start [something]	supporting	es:empezar|en:start	lemma facet derived from headword
8sroghkesj	comenzar [algo]	to start [something]	reference	es:comenzar|en:start	lemma facet derived from headword
of2xl1evmv	encender [un aparato]	to start [a machine]	reference	es:encender|en:start	lemma facet derived from headword
36f58l84gt	arrancar [un vehículo]	to start [a vehicle]	reference	es:arrancar|en:start	lemma facet derived from headword
8iifdhj8ua	según [algo o alguien]	according to [something or somebody]	reference	es:según|en:according	lemma facet derived from headword
iahuklv24k	de acuerdo con [algo]	according to [something]	reference	es:de|en:according	lemma facet derived from headword
sl3h5gjiig	según [algo]	depending on [something]	reference	es:según|en:depending	lemma facet derived from headword
1x5p74ftvn	durante [algo]	during [something]	reference	es:durante|en:during	lemma facet derived from headword
lbk86bzf4t	por la noche	at night	reference	es:por|en:at	lemma facet derived from headword
je9l1zn0j2	a lo largo de [un período]	throughout [a period]	reference	en:throughout	lemma facet derived from headword
fv4tu6n5s9	más tarde	later	reference	es:más|en:later	lemma facet derived from headword
ucq0kj4623	[un período] después	[an amount of time] later	reference	es:después|en:later	lemma facet derived from headword
i4lcwbw8pd	nos vemos luego	see you later	reference	es:nos|en:see	lemma facet derived from headword
kuqwid4udw	posterior	later	reference	es:posterior|en:later	lemma facet derived from headword
jyt07gvckk	en aquel entonces	back then	reference	es:en|en:back	lemma facet derived from headword
bxf6qq8cd0	a esa hora	then	reference	en:then	lemma facet derived from headword
zwz7spfbzg	cruzar [algo]	to cross [something]	reference	es:cruzar|en:cross	lemma facet derived from headword
j1gh57080u	estar frente a [algo]	to be across from [something]	reference	es:estar|en:across	lemma facet derived from headword
6tux1k5wdo	por todo [un lugar]	across [a place]	reference	es:por|en:across	lemma facet derived from headword
oyxzv5jbvk	estar de acuerdo con [alguien]	to agree with [somebody]	reference	es:estar|en:agree	lemma facet derived from headword
ajrzidjskb	aceptar [algo]	to agree to [something]	reference	es:aceptar|en:agree	lemma facet derived from headword
xvopup6s8x	coincidir	to agree	reference	es:coincidir|en:agree	lemma facet derived from headword
pw4jhrqiyg	permitir que [alguien] [haga algo]	to allow [somebody] to [do something]	reference	es:permitir|en:allow	lemma facet derived from headword
vsv7lpalf2	calcular [cantidad de tiempo] para [algo]	to allow [an amount of time] for [something]	reference	es:calcular|en:allow	lemma facet derived from headword
lslyoa2sdp	casi	almost	supporting	es:casi|en:almost	lemma facet derived from headword
mklavcovyq	por poco	almost	reference	es:por|en:almost	lemma facet derived from headword
mfr1ecvufm	prácticamente	practically	reference	es:prácticamente|en:practically	lemma facet derived from headword
4f77g5k631	solo/a	alone	supporting	es:solo|en:alone	lemma facet derived from headword
489z76bx0v	el/la único/a	the only one	reference	es:único|en:only	lemma facet derived from headword
gjot4oxazn	también	also	supporting	es:también|en:also	lemma facet derived from headword
jhcycetbge	además	also	reference	es:además|en:also	lemma facet derived from headword
avsnfusolj	tampoco	either	supporting	es:tampoco|en:either	lemma facet derived from headword
zn6dojvjv8	sino también [algo]	but also [something]	reference	es:sino|en:but	lemma facet derived from headword
51ecmq207o	aunque [ocurrió algo]	although [something happened]	reference	es:aunque|en:although	lemma facet derived from headword
587b29k7nw	a pesar de ser [algo]	despite being [something]	reference	en:despite	lemma facet derived from headword
s08z927piv	pero	but	core	es:pero|en:but	lemma facet derived from headword
8aag559cpt	siempre	always	core	es:siempre|en:always	lemma facet derived from headword
dzzngcl5ri	no dejar de [hacer algo]	to keep [doing something]	reference	es:dejar|en:keep	lemma facet derived from headword
iwv1m9ssf3	en todo caso	in any case	reference	es:en|en:in	lemma facet derived from headword
ofljcb2ew7	todo el tiempo	all the time	reference	es:todo|en:all	lemma facet derived from headword
qxku96zu9e	y	and	core	en:and	lemma facet derived from headword
j0cpc9akol	e	and	reference	en:and	lemma facet derived from headword
zz67343f4y	intentar [hacer algo]	to try to [do something]	reference	es:intentar|en:try	lemma facet derived from headword
xxxhcllv1y	cada vez más [adjetivo]	more and more [adjective]	reference	es:cada|en:more	lemma facet derived from headword
36avddqr7m	salir en [una publicación]	to appear in [a publication]	reference	es:salir|en:appear	lemma facet derived from headword
bkizaixxrv	comparecer ante [una autoridad]	to appear before [an authority]	reference	es:comparecer|en:appear	lemma facet derived from headword
8xgp5lhz06	después de [algo]	after [something]	reference	es:después|en:after	lemma facet derived from headword
z9teu2b4u2	después de que [ocurrió algo]	after [something happened]	reference	es:después|en:after	lemma facet derived from headword
s2d4wcjbxo	tras [algo]	after [something]	reference	es:tras|en:after	lemma facet derived from headword
4xvfonkewz	otra vez	again	supporting	es:otra|en:again	lemma facet derived from headword
9kggcuh0hp	de nuevo	again	reference	es:de|en:again	lemma facet derived from headword
eqv8kq4bxf	pensándolo bien	then again	reference	es:pensándolo|en:then	lemma facet derived from headword
o6detbsibz	a lo largo de [una ruta]	along [a route]	reference	en:along	lemma facet derived from headword
v5my8rdbnu	por [una calle]	along [a street]	reference	es:por|en:along	lemma facet derived from headword
q33oxlqbe5	traer [alguien] contigo	to bring [somebody] along	reference	es:traer|en:bring	lemma facet derived from headword
dtu9mjoclb	ir bien	to come along well	reference	es:ir|en:come	lemma facet derived from headword
cecjai7o3s	ya no	not anymore	supporting	es:ya|en:anymore	lemma facet derived from headword
f1z9yzj3sy	ya que	because	reference	es:ya|en:because	lemma facet derived from headword
7c8nib1a9x	debido a que	because	reference	es:debido|en:because	lemma facet derived from headword
v30numtk7s	antes de [algo]	before [something]	reference	es:antes|en:before	lemma facet derived from headword
nzyjo4u77f	antes de que [ocurrió algo]	before [something happened]	reference	es:antes|en:before	lemma facet derived from headword
w9ufp3bqk0	ya	before	reference	es:ya|en:before	lemma facet derived from headword
z1kohrhmbw	ante [una autoridad]	before [an authority]	reference	es:ante|en:before	lemma facet derived from headword
nkh76gulrq	ambos/as	both	supporting	es:ambos|en:both	lemma facet derived from headword
sc7ha1u7ec	los dos	both	reference	es:dos|en:both	lemma facet derived from headword
bmq7xav16w	cualquiera de los dos	either	reference	es:cualquiera|en:either	lemma facet derived from headword
9ovqf1h1bo	ninguno de los dos	neither	reference	es:ninguno|en:neither	lemma facet derived from headword
kdnvsz6v6j	cada	each	supporting	es:cada|en:each	lemma facet derived from headword
lkmlvytfdx	malo/a	bad	supporting	es:malo|en:bad	lemma facet derived from headword
wx26juw5jo	peor	worse	reference	es:peor|en:worse	lemma facet derived from headword
qoipe9f8y1	el/la peor	the worst	reference	es:peor|en:worst	lemma facet derived from headword
sjrhmb2fr3	ser grande	to be big	supporting	es:ser|en:big	lemma facet derived from headword
4fpgdvwxzu	ser muy aficionado/a a [un equipo]	to be a big fan of [a team]	reference	es:ser|en:big	lemma facet derived from headword
1o17mlmefy	algo muy importante	a big deal	reference	es:algo|en:big	lemma facet derived from headword
4z5hy6veqe	construir [algo]	to build [something]	supporting	es:construir|en:build	lemma facet derived from headword
xo44xzb3jh	formar [un equipo]	to build [a team]	reference	es:formar|en:build	lemma facet derived from headword
lp0ljdtgp7	aumentar	to build	reference	es:aumentar|en:build	lemma facet derived from headword
1rwj0kt7f8	desarrollar [algo]	to build on [something]	reference	es:desarrollar|en:build	lemma facet derived from headword
y4njcsmrzn	comprar [algo]	to buy [something]	core	es:comprar|en:buy	lemma facet derived from headword
fdeqgbcts4	creer [algo]	to buy [something]	reference	es:creer|en:buy	lemma facet derived from headword
fkhe36qwae	convencerse de [algo]	to buy into [something]	reference	es:convencer|en:buy	lemma facet derived from headword
eff9tjrydf	darle tiempo a [alguien]	to buy [somebody] time	reference	es:dar|en:buy	lemma facet derived from headword
huqjh8qslq	importarle [algo]	to care about [something]	reference	es:importar|en:care	lemma facet derived from headword
jsfywmwb2q	preocuparse por [algo]	to care about [something]	reference	es:preocupar|en:care	lemma facet derived from headword
xwr40xdiyc	cuidar [alguien]	to care for [somebody]	reference	es:cuidar|en:care	lemma facet derived from headword
4lvhwvih13	¿te gustaría [algo]?	would you care for [something]?	reference	es:te|en:you	lemma facet derived from headword
a4g0kqya37	atrapar [algo]	to catch [something]	reference	es:atrapar|en:catch	lemma facet derived from headword
bijorvfnjq	alcanzar [un transporte]	to catch [transport]	reference	es:alcanzar|en:catch	lemma facet derived from headword
t3k0bkap2f	resfriarse	to catch a cold	reference	es:resfriar|en:catch	lemma facet derived from headword
e9hvnwnx5k	entender [algo]	to catch [something]	reference	es:entender|en:catch	lemma facet derived from headword
egrvgcm5hc	sorprender a [alguien] [haciendo algo]	to catch [somebody] [doing something]	reference	es:sorprender|en:catch	lemma facet derived from headword
kp2hkv6bhh	cambiar [algo]	to change [something]	supporting	es:cambiar|en:change	lemma facet derived from headword
cqxhnvo543	cambiarse de ropa	to change clothes	reference	es:cambiar|en:change	lemma facet derived from headword
ujl7eyvp2d	cambiar [dinero]	to change [money]	reference	es:cambiar|en:change	lemma facet derived from headword
qz9uttqvu2	el cambio	change	reference	es:cambio|en:change	lemma facet derived from headword
t9r1fus19d	hacer transbordo	to change [transport]	reference	es:hacer|en:change	lemma facet derived from headword
girpyfruhi	claro/a	clear	reference	es:claro|en:clear	lemma facet derived from headword
weed7b2306	despejado	clear	reference	es:despejado|en:clear	lemma facet derived from headword
xwfttsrbm4	despejar [algo]	to clear [something]	reference	es:despejar|en:clear	lemma facet derived from headword
j1hw054qpy	procesar [un pago]	to clear [a payment]	reference	es:procesar|en:clear	lemma facet derived from headword
6zh1auaslg	actual	current	reference	es:actual|en:current	lemma facet derived from headword
7iwln9ycmm	la corriente	current	reference	es:corriente|en:current	lemma facet derived from headword
c8ostk5t2j	actualizado/a	current	reference	es:actualizado|en:current	lemma facet derived from headword
zdriia6k4w	los asuntos de actualidad	current affairs	reference	es:asuntos|en:current	lemma facet derived from headword
me7opeedkf	estar bien	to be fine	reference	es:estar|en:fine	lemma facet derived from headword
ldj6l0mdep	parecerle bien a [alguien]	to be fine with [somebody]	reference	es:parecer|en:fine	lemma facet derived from headword
bmkvnwzmvw	la multa	a fine	reference	es:multa|en:fine	lemma facet derived from headword
pnq1l83rfn	fino/a	fine	reference	es:fino|en:fine	lemma facet derived from headword
x9b39jxzcj	estar lleno/a	to be full	reference	es:estar|en:full	lemma facet derived from headword
fp17uyuvne	ya no tener hambre	to be full	reference	es:ya|en:full	lemma facet derived from headword
30ci3kgq5t	completo/a	full	reference	es:completo|en:full	lemma facet derived from headword
nsmzkj2dfj	excelente	great	reference	es:excelente|en:great	lemma facet derived from headword
8w5qasxh42	pasarla muy bien	to have a great time	reference	es:pasar|en:great	lemma facet derived from headword
dzkzgf91ve	gran [sustantivo]	great [noun]	reference	es:gran|en:great	lemma facet derived from headword
gotkvix6h4	genial	great	reference	es:genial|en:great	lemma facet derived from headword
xjc1yslrdv	alto/a	high	reference	es:alto|en:high	lemma facet derived from headword
bck2ng1flr	elevado/a	high	reference	es:elevado|en:high	lemma facet derived from headword
svjll3kjxt	ocupar un cargo importante	to hold a high position	reference	es:ocupar|en:hold	lemma facet derived from headword
noaqpx4pgb	ser difícil	to be hard	reference	es:ser|en:hard	lemma facet derived from headword
8qkzde6rm4	con esfuerzo	hard	reference	es:con|en:hard	lemma facet derived from headword
peqpgwfh34	duro/a	hard	reference	es:duro|en:hard	lemma facet derived from headword
ho25hdai9c	antiguo/a [cargo]	former [role]	reference	es:antiguo|en:former	lemma facet derived from headword
4465jxo8rw	ex [cargo]	former [role]	reference	es:ex|en:former	lemma facet derived from headword
uo22ci75zg	el primero	the former	reference	es:primero|en:former	lemma facet derived from headword
840s7ssrox	tarde	late	reference	es:tarde|en:late	lemma facet derived from headword
62eyqkanyd	fallecido/a	late [person]	reference	es:fallecido|en:late	lemma facet derived from headword
xwqv5fjghb	último/a	latest	reference	es:último|en:latest	lemma facet derived from headword
crw3ztzb94	sentirse solo/a	to feel lonely	reference	es:sentir|en:feel	lemma facet derived from headword
jow1ehsh42	mucha gente	many people	reference	es:mucha|en:many	lemma facet derived from headword
rtcwueuxb4	muchos/as	many	reference	es:muchos|en:many	lemma facet derived from headword
9aayvk6kud	cuántos/as	how many	reference	es:cuántos|en:how	lemma facet derived from headword
feol8lzuht	muchos/as de [algo]	many of [something]	reference	es:muchos|en:many	lemma facet derived from headword
spdcvm0pcy	muchísimos/as	a great many	reference	es:muchísimos|en:great	lemma facet derived from headword
acxwq7xjm9	tener que [hacer algo]	must [do something]	reference	es:tener|en:must	lemma facet derived from headword
b0w5xppllc	nuevo/a	new	supporting	es:nuevo|en:new	lemma facet derived from headword
kh64q1xdfp	ser nuevo/a aquí	to be new here	reference	es:ser|en:new	lemma facet derived from headword
ja8ns0grc2	otro/a	new [replacement]	reference	es:otro|en:new	lemma facet derived from headword
m83xfkgld1	¿Qué hay de nuevo?	What is new?	reference	es:qué|en:what	lemma facet derived from headword
44tis0284q	ahora	now	supporting	es:ahora|en:now	lemma facet derived from headword
ylf4grer5k	ya	now	reference	es:ya|en:now	lemma facet derived from headword
nlhs6bn2mk	ahora que [ocurrió algo]	now that [something happened]	reference	es:ahora|en:now	lemma facet derived from headword
v5b7rf226u	por ahora	for now	reference	es:por|en:for	lemma facet derived from headword
u6e7l73thm	viejo/a	old	supporting	es:viejo|en:old	lemma facet derived from headword
sp9vpwtyfk	antiguo/a	old	reference	es:antiguo|en:old	lemma facet derived from headword
lpvtgpjs0w	anterior	old [role]	reference	es:anterior|en:old	lemma facet derived from headword
1bp41aco7p	ofrecerle [algo] a [alguien]	to offer [somebody] [something]	reference	es:ofrecer|en:offer	lemma facet derived from headword
foeoch6ql5	brindar [algo]	to offer [something]	reference	es:brindar|en:offer	lemma facet derived from headword
2p5ynjsevh	ofrecerse a [hacer algo]	to offer to [do something]	reference	es:ofrecer|en:offer	lemma facet derived from headword
le4iu71rle	proponer pagar [cantidad] por [algo]	to offer [an amount] for [something]	reference	es:proponer|en:offer	lemma facet derived from headword
p3iz88j7nj	otro/a [sustantivo]	another [noun]	supporting	es:otro|en:another	lemma facet derived from headword
4mjcl48qdl	otros/as [sustantivos]	other [nouns]	supporting	es:otros|en:other	lemma facet derived from headword
q4y77eka9u	el/la otro/a [sustantivo]	the other [noun]	reference	es:otro|en:other	lemma facet derived from headword
h3sv3yr9oz	los/las otros/as [sustantivos]	the other [nouns]	reference	es:los|en:other	lemma facet derived from headword
e40ebwunzv	propio/a	own	reference	es:propio|en:own	lemma facet derived from headword
9mvkkm6znw	ser dueño/a de [algo]	to own [something]	reference	es:ser|en:own	lemma facet derived from headword
y4dvxsy81n	solo/a	on one's own	reference	es:solo|en:on	lemma facet derived from headword
mfw6hilqre	admitir [algo]	to own up to [something]	reference	es:admitir|en:own	lemma facet derived from headword
z9qg9ks1ga	el/la dueño/a	the owner	reference	es:dueño|en:owner	lemma facet derived from headword
thf9jt8qp9	ser propietario/a de [algo]	to own [something]	reference	es:ser|en:own	lemma facet derived from headword
3nibgk2dqk	la propiedad	ownership	reference	es:propiedad|en:ownership	lemma facet derived from headword
l71bpvl4t0	pagar [algo]	to pay [something]	core	es:pagar|en:pay	lemma facet derived from headword
gs1i2tjs8s	pagarle a [alguien]	to pay [somebody]	reference	es:pagar|en:pay	lemma facet derived from headword
u9zbsje4u6	saldar [una deuda]	to pay off [a debt]	reference	es:saldar|en:pay	lemma facet derived from headword
9bwjp5cuaw	ofrecer [capacitación]	to provide [training]	reference	es:ofrecer|en:provide	lemma facet derived from headword
21ip23zino	darle [algo] a [alguien]	to provide [somebody] with [something]	reference	es:dar|en:provide	lemma facet derived from headword
wyjcbhrfe4	establecer que [ocurrió algo]	to provide that [something happened]	reference	es:establecer|en:provide	lemma facet derived from headword
itje57f5s3	comunicarse con [alguien]	to reach [somebody]	reference	es:comunicar|en:reach	lemma facet derived from headword
5ci6qn0ar4	permanecer sentado/a	to remain seated	reference	es:permanecer|en:remain	lemma facet derived from headword
90cs3915m5	seguir [adjetivo]	to remain [adjective]	reference	es:seguir|en:remain	lemma facet derived from headword
inefeucgpz	seguir sin [algo]	to remain [adjective]	reference	es:seguir|en:remain	lemma facet derived from headword
kloejv5hcu	requerir [algo]	to require [something]	reference	es:requerir|en:require	lemma facet derived from headword
ip4nnqfbwi	necesitar [algo]	to require [something]	reference	es:necesitar|en:require	lemma facet derived from headword
ionvi8pijp	exigir que [alguien] [haga algo]	to require [somebody] to [do something]	reference	es:exigir|en:require	lemma facet derived from headword
mc2zmo0zzw	reembolsarle [algo] a [alguien]	to return [somebody's] money	reference	es:reembolsar|en:return	lemma facet derived from headword
s4lg9gxq68	devolverle la llamada a [alguien]	to return [somebody's] call	reference	es:devolver|en:return	lemma facet derived from headword
ez3zsvb5bs	el actor	actor	reference	es:actor|en:actor	lemma facet derived from headword
299fvl9uyc	el instructor	instructor	reference	es:instructor|en:instructor	lemma facet derived from headword
009wapgppb	el director	director	reference	es:director|en:director	lemma facet derived from headword
l89xxygsjn	el doctor	doctor	reference	es:doctor|en:doctor	lemma facet derived from headword
lmtmwn90vz	el profesor	professor	reference	es:profesor|en:professor	lemma facet derived from headword
y51fnavydz	el conductor	conductor	reference	es:conductor|en:conductor	lemma facet derived from headword
wjtdww32zz	el factor	factor	reference	es:factor|en:factor	lemma facet derived from headword
xevu7180er	el color	color	reference	es:color|en:color	lemma facet derived from headword
3n3pi38b08	el favor	favor	reference	es:favor|en:favor	lemma facet derived from headword
os4a2ac0tm	el honor	honor	reference	es:honor|en:honor	lemma facet derived from headword
wvccxadcjd	el error	error	reference	es:error|en:error	lemma facet derived from headword
6jira4rxkz	el motor	motor	reference	es:motor|en:motor	lemma facet derived from headword
9p7i1zi6h6	aceptar	to accept	supporting	es:aceptar|en:accept	lemma facet derived from headword
4hvzrkx09y	adoptar	to adopt	supporting	es:adoptar|en:adopt	lemma facet derived from headword
nu004oqkyq	adaptar	to adapt	supporting	es:adaptar|en:adapt	lemma facet derived from headword
qonttifuhw	encriptar	to encrypt	reference	es:encriptar|en:encrypt	lemma facet derived from headword
eg9n4h2vxt	interceptar	to intercept	reference	es:interceptar|en:intercept	lemma facet derived from headword
4m1gtdvtrc	cancelar	to cancel	supporting	es:cancelar|en:cancel	lemma facet derived from headword
xd020ctw06	costar	to cost	supporting	es:costar|en:cost	lemma facet derived from headword
31t4x032vy	controlar	to control	supporting	es:controlar|en:control	lemma facet derived from headword
6e9qxav69p	considerar	to consider	supporting	es:considerar|en:consider	lemma facet derived from headword
heyjux7tob	confirmar	to confirm	supporting	es:confirmar|en:confirm	lemma facet derived from headword
wi8vr5itjx	formar	to form	supporting	es:formar|en:form	lemma facet derived from headword
qjzcabgyb5	informar	to inform	supporting	es:informar|en:inform	lemma facet derived from headword
oze11uouhg	transformar	to transform	supporting	es:transformar|en:transform	lemma facet derived from headword
8oqv3z5q0v	reformar	to reform	reference	es:reformar|en:reform	lemma facet derived from headword
60quwmubtn	afirmar	to affirm	reference	es:afirmar|en:affirm	lemma facet derived from headword
nam8t6o2da	alarmar	to alarm	reference	es:alarmar|en:alarm	lemma facet derived from headword
7u4e2bcy3x	armar	to arm	reference	es:armar|en:arm	lemma facet derived from headword
qszqbcro8d	desarmar	to disarm	reference	es:desarmar|en:disarm	lemma facet derived from headword
357bx3sba4	existir	to exist	supporting	es:existir|en:exist	lemma facet derived from headword
vm9w0mrckd	persistir	to persist	reference	es:persistir|en:persist	lemma facet derived from headword
szl8div93d	resistir	to resist	supporting	es:resistir|en:resist	lemma facet derived from headword
p1ujqiawh0	insistir	to insist	supporting	es:insistir|en:insist	lemma facet derived from headword
6k53g7qqh7	consistir en	to consist of	supporting	es:consistir|en:consist	lemma facet derived from headword
fn4t06n2a1	desistir de	to desist from	reference	es:desistir|en:desist	lemma facet derived from headword
pqwwsqguca	coexistir	to coexist	reference	es:coexistir|en:coexist	lemma facet derived from headword
594or6yxdx	funcionar	to function	supporting	es:funcionar|en:function	lemma facet derived from headword
j9tc00ai4d	mencionar	to mention	supporting	es:mencionar|en:mention	lemma facet derived from headword
qw412q5w2q	cuestionar	to question	reference	es:cuestionar|en:question	lemma facet derived from headword
lidfbq7lxa	posicionar	to position	reference	es:posicionar|en:position	lemma facet derived from headword
n4p1guor4u	condicionar	to condition	reference	es:condicionar|en:condition	lemma facet derived from headword
4b6y1dtam9	permitir	to permit	supporting	es:permitir|en:permit	lemma facet derived from headword
huqj9mq0gj	admitir	to admit	supporting	es:admitir|en:admit	lemma facet derived from headword
9y3wackzb5	omitir	to omit	reference	es:omitir|en:omit	lemma facet derived from headword
cl6jhf2u3u	transmitir	to transmit	reference	es:transmitir|en:transmit	lemma facet derived from headword
se694g3es1	cometer	to commit	reference	es:cometer|en:commit	lemma facet derived from headword
bm5xv1t2ju	emitir	to emit	reference	es:emitir|en:emit	lemma facet derived from headword
7193nsmx07	remitir	to remit	reference	es:remitir|en:remit	lemma facet derived from headword
15acw0vdrq	someterse	to submit	reference	es:someter|en:submit	lemma facet derived from headword
znnmxrglvi	preferir	to prefer	supporting	es:preferir|en:prefer	lemma facet derived from headword
hpqr1ns3w1	referirse a	to refer to	supporting	es:referir|en:refer	lemma facet derived from headword
lp8l4wpj4p	transferir	to transfer	reference	es:transferir|en:transfer	lemma facet derived from headword
ll708ai2nl	diferir	to differ	reference	es:diferir|en:differ	lemma facet derived from headword
dpcbf2wx7l	sufrir	to suffer	supporting	es:sufrir|en:suffer	lemma facet derived from headword
p1p6rjy1g1	ofrecer	to offer	supporting	es:ofrecer|en:offer	lemma facet derived from headword
psjycfzsmh	conferir	to confer	reference	es:conferir|en:confer	lemma facet derived from headword
ktufkog3lp	inferir	to infer	reference	es:inferir|en:infer	lemma facet derived from headword
816fu6ayqa	presentar	to present	supporting	es:presentar|en:present	lemma facet derived from headword
ux6olw5wle	representar	to represent	supporting	es:representar|en:represent	lemma facet derived from headword
i1d5xyswv5	inventar	to invent	supporting	es:inventar|en:invent	lemma facet derived from headword
v4jvn24z90	comentar	to comment	supporting	es:comentar|en:comment	lemma facet derived from headword
137ua2ss5b	experimentar	to experiment	reference	es:experimentar|en:experiment	lemma facet derived from headword
lwdg45y70j	complementar	to complement	reference	es:complementar|en:complement	lemma facet derived from headword
oaj6w40rgj	implementar	to implement	reference	es:implementar|en:implement	lemma facet derived from headword
zkqs98jt1l	orientar	to orient	reference	es:orientar|en:orient	lemma facet derived from headword
yavmgezich	recomendar	to recommend	supporting	es:recomendar|en:recommend	lemma facet derived from headword
qz1w4uhz07	depender	to depend	supporting	es:depender|en:depend	lemma facet derived from headword
nd8kd8q9fc	extender	to extend	reference	es:extender|en:extend	lemma facet derived from headword
uzmwwefycv	suspender	to suspend	reference	es:suspender|en:suspend	lemma facet derived from headword
p0abu0rm9f	ofender	to offend	reference	es:ofender|en:offend	lemma facet derived from headword
w9bz3hfyb4	defender	to defend	supporting	es:defender|en:defend	lemma facet derived from headword
xc3uttauvw	ascender	to ascend	reference	es:ascender|en:ascend	lemma facet derived from headword
ar0hh5n2qk	descender	to descend	reference	es:descender|en:descend	lemma facet derived from headword
g56qy8ibkk	trascender	to transcend	reference	es:trascender|en:transcend	lemma facet derived from headword
5ktdhyqktc	reportar	to report	supporting	es:reportar|en:report	lemma facet derived from headword
ydrx4jlj20	transportar	to transport	reference	es:transportar|en:transport	lemma facet derived from headword
7fbf1yrpcu	importar	to import	reference	es:importar|en:import	lemma facet derived from headword
psvaz2wxvv	exportar	to export	reference	es:exportar|en:export	lemma facet derived from headword
buxp2vht7l	deportar	to deport	reference	es:deportar|en:deport	lemma facet derived from headword
yudkd8ppow	responder	to respond	supporting	es:responder|en:respond	lemma facet derived from headword
34qked2yf9	corresponder	to correspond	reference	es:corresponder|en:correspond	lemma facet derived from headword
s2ykj8ztvj	visitar	to visit	supporting	es:visitar|en:visit	lemma facet derived from headword
dv6yuzifmm	limitar	to limit	supporting	es:limitar|en:limit	lemma facet derived from headword
qk9p697786	acreditar	to credit	reference	es:acreditar|en:credit	lemma facet derived from headword
i3832a491z	depositar	to deposit	reference	es:depositar|en:deposit	lemma facet derived from headword
4vjw5ypya0	editar	to edit	supporting	es:editar|en:edit	lemma facet derived from headword
6pov7295wy	auditar	to audit	reference	es:auditar|en:audit	lemma facet derived from headword
4bw8ouizxd	vomitar	to vomit	reference	es:vomitar|en:vomit	lemma facet derived from headword
fjw2ka5sik	posiblemente	possibly	reference	es:posiblemente|en:possibly	lemma facet derived from headword
odtzlj8mgi	probablemente	probably	reference	es:probablemente|en:probably	lemma facet derived from headword
18fm2l0d85	exactamente	exactly	reference	es:exactamente|en:exactly	lemma facet derived from headword
ocaaevxei0	totalmente	totally	reference	es:totalmente|en:totally	lemma facet derived from headword
04s6a92u57	finalmente	finally	reference	es:finalmente|en:finally	lemma facet derived from headword
dvomrqlupx	personalmente	personally	reference	es:personalmente|en:personally	lemma facet derived from headword
052nhshshg	profesionalmente	professionally	reference	es:profesionalmente|en:professionally	lemma facet derived from headword
yydzuvtb46	desafortunadamente	unfortunately	reference	es:desafortunadamente|en:unfortunately	lemma facet derived from headword
3w6ywawl7f	normalmente	normally	reference	es:normalmente|en:normally	lemma facet derived from headword
roepi9tuin	generalmente	generally	reference	es:generalmente|en:generally	lemma facet derived from headword
in8sivez9e	especialmente	especially	reference	es:especialmente|en:especially	lemma facet derived from headword
xrmtxxcrsi	rápidamente	rapidly	reference	es:rápidamente|en:rapidly	lemma facet derived from headword
zkvpk7tgr8	la acción	action	reference	es:acción|en:action	lemma facet derived from headword
574u2brqmc	la nación	nation	reference	es:nación|en:nation	lemma facet derived from headword
hslqixjf7x	la posición	position	reference	es:posición|en:position	lemma facet derived from headword
7ivfnkj03u	la opinión	opinion	reference	es:opinión|en:opinion	lemma facet derived from headword
5gxl8dnxws	la situación	situation	reference	es:situación|en:situation	lemma facet derived from headword
vhrml0p00k	la reservación	reservation	reference	es:reservación|en:reservation	lemma facet derived from headword
zb5iz6a5pe	la explicación	explanation	reference	es:explicación|en:explanation	lemma facet derived from headword
e22fyvojnc	la traducción	translation	reference	es:traducción|en:translation	lemma facet derived from headword
wn7kntrk2s	la educación	education	reference	es:educación|en:education	lemma facet derived from headword
7dlt5fqvf2	la comunicación	communication	reference	es:comunicación|en:communication	lemma facet derived from headword
em9j4l7sju	la información	information	reference	es:información|en:information	lemma facet derived from headword
jpo875v8k4	la organización	organization	reference	es:organización|en:organization	lemma facet derived from headword
a2v8lx8vep	la producción	production	reference	es:producción|en:production	lemma facet derived from headword
06j4vt3qo9	la actitud	attitude	reference	es:actitud|en:attitude	lemma facet derived from headword
fsdfrurxc8	la aptitud	aptitude	reference	es:aptitud|en:aptitude	lemma facet derived from headword
p3rjqls2m5	la gratitud	gratitude	reference	es:gratitud|en:gratitude	lemma facet derived from headword
rrfkddhv71	la multitud	multitude	reference	es:multitud|en:multitude	lemma facet derived from headword
0dl4m98bvn	la longitud	longitude	reference	es:longitud|en:longitude	lemma facet derived from headword
zuk75f16uj	la latitud	latitude	reference	es:latitud|en:latitude	lemma facet derived from headword
vuc6ucpw1t	la altitud	altitude	reference	es:altitud|en:altitude	lemma facet derived from headword
xfvz8hc2n8	estar activo	to be active	reference	es:estar|en:active	lemma facet derived from headword
urvm83k2kp	ser pasivo	to be passive	reference	es:ser|en:passive	lemma facet derived from headword
5u6aa3gj9v	ser positivo	to be positive	reference	es:ser|en:positive	lemma facet derived from headword
k72ybidwuu	ser negativo	to be negative	reference	es:ser|en:negative	lemma facet derived from headword
8d827bd6xs	ser decisivo	to be decisive	reference	es:ser|en:decisive	lemma facet derived from headword
ae8tffr7z6	ser efectivo	to be effective	reference	es:ser|en:effective	lemma facet derived from headword
143rr1eeol	ser creativo	to be creative	reference	es:ser|en:creative	lemma facet derived from headword
6qecsmji7w	ser relativo	to be relative	reference	es:ser|en:relative	lemma facet derived from headword
0emhxycjtj	ser competitivo	to be competitive	reference	es:ser|en:competitive	lemma facet derived from headword
du3ux0alee	ser atractivo	to be attractive	reference	es:ser|en:attractive	lemma facet derived from headword
43d2th257b	ser agresivo	to be aggressive	reference	es:ser|en:aggressive	lemma facet derived from headword
9gv9fylzrg	ser exclusivo	to be exclusive	reference	es:ser|en:exclusive	lemma facet derived from headword
51bbm0t5il	el acto	act	reference	es:acto|en:act	lemma facet derived from headword
yhd56i910e	ser exacto	to be exact	reference	es:ser|en:exact	lemma facet derived from headword
vezms6u37m	el impacto	impact	reference	es:impacto|en:impact	lemma facet derived from headword
kga9c8rq9i	el contacto	contact	reference	es:contacto|en:contact	lemma facet derived from headword
h6ec5g8ke1	el contrato	contract	reference	es:contrato|en:contract	lemma facet derived from headword
347wmzzklo	ser abstracto	to be abstract	reference	es:ser|en:abstract	lemma facet derived from headword
6zq4o0fq8k	ser compacto	to be compact	reference	es:ser|en:compact	lemma facet derived from headword
e3c7jcskou	estar intacto	to be intact	reference	es:estar|en:intact	lemma facet derived from headword
59nalyueux	el adicto	addict	reference	es:adicto|en:addict	lemma facet derived from headword
32b69rl1gj	el conflicto	conflict	reference	es:conflicto|en:conflict	lemma facet derived from headword
gi8q8b684l	el distrito	district	reference	es:distrito|en:district	lemma facet derived from headword
2ycghrnlv8	el veredicto	verdict	reference	es:veredicto|en:verdict	lemma facet derived from headword
p8wunl60xz	ser estricto	to be strict	reference	es:ser|en:strict	lemma facet derived from headword
apxuvpw3o5	el convicto	convict	reference	es:convicto|en:convict	lemma facet derived from headword
v4yi7lkme9	ser ambicioso	to be ambitious	reference	es:ser|en:ambitious	lemma facet derived from headword
owhh6ipxn8	ser curioso	to be curious	reference	es:ser|en:curious	lemma facet derived from headword
i326501obr	ser delicioso	to be delicious	reference	es:ser|en:delicious	lemma facet derived from headword
msy50nmgrd	ser famoso	to be famous	reference	es:ser|en:famous	lemma facet derived from headword
b9c6haxeit	ser misterioso	to be mysterious	reference	es:ser|en:mysterious	lemma facet derived from headword
mwj16sct56	estar nervioso	to be nervous	reference	es:estar|en:nervous	lemma facet derived from headword
rzck0llasl	ser generoso	to be generous	reference	es:ser|en:generous	lemma facet derived from headword
6c6nf7bge8	ser religioso	to be religious	reference	es:ser|en:religious	lemma facet derived from headword
zg49xgovha	ser numeroso	to be numerous	reference	es:ser|en:numerous	lemma facet derived from headword
tqwjc1v3va	ser precioso	to be precious	reference	es:ser|en:precious	lemma facet derived from headword
4qgyr81gdo	el análisis	analysis	reference	es:análisis|en:analysis	lemma facet derived from headword
2ozhtjw6zj	la crisis	crisis	reference	es:crisis|en:crisis	lemma facet derived from headword
4682tqlxn1	la tesis	thesis	reference	es:tesis|en:thesis	lemma facet derived from headword
uhnngjckpc	la psicosis	psychosis	reference	es:psicosis|en:psychosis	lemma facet derived from headword
rwhexrucnp	la síntesis	synthesis	reference	es:síntesis|en:synthesis	lemma facet derived from headword
1hdf0vdcbi	la parálisis	paralysis	reference	es:parálisis|en:paralysis	lemma facet derived from headword
ive1a0ziw4	el arte	art	reference	es:arte|en:art	lemma facet derived from headword
ul1hhwhl6n	la parte	part	reference	es:par|en:part	lemma facet derived from headword
4hep7lpxvq	aparte	apart	reference	es:apar|en:apart	lemma facet derived from headword
1s8k9i2k7r	la confianza	confidence	reference	es:confianza|en:confidence	lemma facet derived from headword
2fk5xrp2jk	la alianza	alliance	reference	es:alianza|en:alliance	lemma facet derived from headword
f3upgnrzbs	las finanzas	finance	reference	es:finanzas|en:finance	lemma facet derived from headword
s1emq6fii2	la venganza	vengeance	reference	es:venganza|en:vengeance	lemma facet derived from headword
pf2ish76f5	la balanza	balance	reference	es:balanza|en:balance	lemma facet derived from headword
4bskv8tvfe	la danza	dance	reference	es:danza|en:dance	lemma facet derived from headword
6saunfdsa0	la semejanza	resemblance	reference	es:semejanza|en:resemblance	lemma facet derived from headword
xb472n003b	la diferencia	difference	reference	es:diferencia|en:difference	lemma facet derived from headword
n5fxf1nj7g	la excelencia	excellence	reference	es:excelencia|en:excellence	lemma facet derived from headword
zvx8c9mq5w	la inteligencia	intelligence	reference	es:inteligencia|en:intelligence	lemma facet derived from headword
wy3zgc5fm8	la paciencia	patience	reference	es:paciencia|en:patience	lemma facet derived from headword
s9ci9wweoe	la ciencia	science	reference	es:ciencia|en:science	lemma facet derived from headword
drst4ar6kz	la evidencia	evidence	reference	es:evidencia|en:evidence	lemma facet derived from headword
0bztz4k6hl	la ausencia	absence	reference	es:ausencia|en:absence	lemma facet derived from headword
ttkskn92b3	la presencia	presence	reference	es:presencia|en:presence	lemma facet derived from headword
y80ap26ri1	la influencia	influence	reference	es:influencia|en:influence	lemma facet derived from headword
y426oxqcyc	la consecuencia	consequence	reference	es:consecuencia|en:consequence	lemma facet derived from headword
cshtvn6kwm	la experiencia	experience	reference	es:experiencia|en:experience	lemma facet derived from headword
cai8r18zg7	la preferencia	preference	reference	es:preferencia|en:preference	lemma facet derived from headword
c3t870d60r	ser diferente	to be different	reference	es:ser|en:different	lemma facet derived from headword
jd3ghlvthp	ser inteligente	to be intelligent	reference	es:ser|en:intelligent	lemma facet derived from headword
ssutiy77xr	estar presente	to be present	reference	es:estar|en:present	lemma facet derived from headword
1h6ivxy4ug	el/la paciente	patient	reference	es:paciente|en:patient	lemma facet derived from headword
96b3j70qvp	el/la cliente	client	reference	es:cliente|en:client	lemma facet derived from headword
pq0vcgmueh	el/la estudiante	student	supporting	es:estudiante|en:student	lemma facet derived from headword
5hvo5dc978	ser excelente	to be excellent	reference	es:ser|en:excellent	lemma facet derived from headword
g3u25v902o	ser evidente	to be evident	reference	es:ser|en:evident	lemma facet derived from headword
58lmgjinrg	ser permanente	to be permanent	reference	es:ser|en:permanent	lemma facet derived from headword
zdnyj2otwv	ser urgente	to be urgent	reference	es:ser|en:urgent	lemma facet derived from headword
43jwtza671	el dólar	dollar	reference	es:dólar|en:dollar	lemma facet derived from headword
w4r0u8dyfd	ser regular	to be regular	reference	es:ser|en:regular	lemma facet derived from headword
irqaxf155b	ser popular	to be popular	reference	es:ser|en:popular	lemma facet derived from headword
m0lef4525u	ser similar	to be similar	reference	es:ser|en:similar	lemma facet derived from headword
j4qagowky8	ser espectacular	to be spectacular	reference	es:ser|en:spectacular	lemma facet derived from headword
tjfjo5aq4q	ser circular	to be circular	reference	es:ser|en:circular	lemma facet derived from headword
2mmszukp13	ser particular	to be particular	reference	es:ser|en:particular	lemma facet derived from headword
ff3b4zlwi3	el singular	singular	reference	es:singular|en:singular	lemma facet derived from headword
fthrcu4xvt	la energía	energy	reference	es:energía|en:energy	lemma facet derived from headword
j3vufl2m47	la biología	biology	reference	es:biología|en:biology	lemma facet derived from headword
034exn35er	la psicología	psychology	reference	es:psicología|en:psychology	lemma facet derived from headword
npor8v0zk5	la tecnología	technology	reference	es:tecnología|en:technology	lemma facet derived from headword
mbh0j4ycf9	la estrategia	strategy	reference	es:estrategia|en:strategy	lemma facet derived from headword
nltc1o2iyg	la victoria	victory	reference	es:victoria|en:victory	lemma facet derived from headword
116vm30sv8	la familia	family	supporting	es:familia|en:family	lemma facet derived from headword
i58gx9ufoe	la compañía	company	reference	es:compañía|en:company	lemma facet derived from headword
tr7l0nrxpt	la geometría	geometry	reference	es:geometría|en:geometry	lemma facet derived from headword
fdp64mnbuv	la anatomía	anatomy	reference	es:anatomía|en:anatomy	lemma facet derived from headword
ziwsmwdplp	la economía	economy	reference	es:economía|en:economy	lemma facet derived from headword
pxa8yqnuhd	la democracia	democracy	reference	es:democracia|en:democracy	lemma facet derived from headword
w33cmw6ad6	la historia	history	reference	es:historia|en:history	lemma facet derived from headword
2ju934poqh	la memoria	memory	reference	es:memoria|en:memory	lemma facet derived from headword
rdb7zojd1h	ser especial	to be special	reference	es:ser|en:special	lemma facet derived from headword
9fwc5wi7zq	la estructura	structure	reference	es:estructura|en:structure	lemma facet derived from headword
mswf03tmci	el estrés	stress	reference	es:estrés|en:stress	lemma facet derived from headword
d717mdshbr	el estándar	standard	reference	es:estándar|en:standard	lemma facet derived from headword
z15w4qnu5h	estar estable	to be stable	reference	es:estar|en:stable	lemma facet derived from headword
qb9jngemsu	el espacio	space	reference	es:espacio|en:space	lemma facet derived from headword
7kkfxwklk0	el evento	event	reference	es:evento|en:event	lemma facet derived from headword
jgqbst55jt	el argumento	argument	reference	es:argumento|en:argument	lemma facet derived from headword
jn2e358cct	el apartamento	apartment	reference	es:apartamento|en:apartment	lemma facet derived from headword
9tvb76739j	el departamento	department	reference	es:departamento|en:department	lemma facet derived from headword
z504kyatgz	el documento	document	reference	es:documento|en:document	lemma facet derived from headword
7vqbup0juw	el experimento	experiment	reference	es:experimento|en:experiment	lemma facet derived from headword
2v5h1ufbut	el momento	moment	reference	es:momento|en:moment	lemma facet derived from headword
p863gmczt9	el talento	talent	reference	es:talento|en:talent	lemma facet derived from headword
acbzwvle6l	el instrumento	instrument	reference	es:instrumento|en:instrument	lemma facet derived from headword
pc8997otnx	el segmento	segment	reference	es:segmento|en:segment	lemma facet derived from headword
3mzb7ucq3c	el elemento	element	reference	es:elemento|en:element	lemma facet derived from headword
kxa1ugvzna	el movimiento	movement	reference	es:movimiento|en:movement	lemma facet derived from headword
cnz2xzp3on	el tratamiento	treatment	reference	es:tratamiento|en:treatment	lemma facet derived from headword
txbqx8bugq	la foto	photo	reference	es:foto|en:photo	lemma facet derived from headword
l98q5snji8	la fotografía	photography	reference	es:fotografía|en:photography	lemma facet derived from headword
t85d508oa1	la farmacia	pharmacy	reference	es:farmacia|en:pharmacy	lemma facet derived from headword
kqco74d77t	la filosofía	philosophy	reference	es:filosofía|en:philosophy	lemma facet derived from headword
6dxba6d2ag	el teléfono	phone	supporting	es:teléfono|en:phone	lemma facet derived from headword
92pcswj82t	el número de teléfono	phone number	reference	es:número|en:phone	lemma facet derived from headword
an6n9dae4i	el fenómeno	phenomenon	reference	es:fenómeno|en:phenomenon	lemma facet derived from headword
57l5ve6bmp	la fase	phase	reference	es:fase|en:phase	lemma facet derived from headword
7aac2sx3se	la frase	phrase	reference	es:frase|en:phrase	lemma facet derived from headword
0abs5n4aji	la física	physics	reference	es:física|en:physics	lemma facet derived from headword
rbn15onoif	el alfabeto	alphabet	reference	es:alfabeto|en:alphabet	lemma facet derived from headword
i6a8ckszic	el elefante	elephant	reference	es:elefante|en:elephant	lemma facet derived from headword
txqiolqr7i	el trofeo	trophy	reference	es:trofeo|en:trophy	lemma facet derived from headword
i4altfzocy	la biografía	biography	reference	es:biografía|en:biography	lemma facet derived from headword
mqcigok37y	el futuro	future	reference	es:futuro|en:future	lemma facet derived from headword
2efxip9shx	ser puro	to be pure	reference	es:ser|en:pure	lemma facet derived from headword
3nqecw7v9o	ser impuro	to be impure	reference	es:ser|en:impure	lemma facet derived from headword
r2e4av62rk	ser maduro	to be mature	reference	es:ser|en:mature	lemma facet derived from headword
e5d7j5ung7	ser inmaduro	to be immature	reference	es:ser|en:immature	lemma facet derived from headword
54il000ix7	la literatura	literature	reference	es:literatura|en:literature	lemma facet derived from headword
oisusowok8	la cultura	culture	reference	es:cultura|en:culture	lemma facet derived from headword
q2kaxpwj2k	la agricultura	agriculture	reference	es:agricultura|en:agriculture	lemma facet derived from headword
tcr2y280na	la arquitectura	architecture	reference	es:arquitectura|en:architecture	lemma facet derived from headword
1cn8z1cn8h	la aventura	adventure	reference	es:aventura|en:adventure	lemma facet derived from headword
7qrlb1fdkm	la captura	capture	reference	es:captura|en:capture	lemma facet derived from headword
i0yujk8yu1	el hotel	hotel	reference	es:hotel|en:hotel	lemma facet derived from headword
3616d6u3f0	el ángel	angel	reference	es:ángel|en:angel	lemma facet derived from headword
4zm43974xk	ser cruel	to be cruel	reference	es:ser|en:cruel	lemma facet derived from headword
6xxrjob54x	el túnel	tunnel	reference	es:túnel|en:tunnel	lemma facet derived from headword
0uad77r2ls	el coronel	colonel	reference	es:coronel|en:colonel	lemma facet derived from headword
c4atxojpke	el nivel	level	reference	es:nivel|en:level	lemma facet derived from headword
ot7q5zodhe	el panel	panel	reference	es:panel|en:panel	lemma facet derived from headword
njm6razd2i	ser humano	to be human	reference	es:ser|en:human	lemma facet derived from headword
8hjai212pn	ser urbano	to be urban	reference	es:ser|en:urban	lemma facet derived from headword
j01jlzf7hp	ser republicano	to be republican	reference	es:ser|en:republican	lemma facet derived from headword
fyvjibhkek	ser africano	to be African	reference	es:ser|en:african	lemma facet derived from headword
5op38mdcjt	ser americano	to be American	reference	es:ser|en:american	lemma facet derived from headword
cw25uiqi25	ser colombiano	to be Colombian	reference	es:ser|en:colombian	lemma facet derived from headword
pzwlgwqlj8	ser italiano	to be Italian	reference	es:ser|en:italian	lemma facet derived from headword
4es4xow5j6	ser cristiano	to be Christian	reference	es:ser|en:christian	lemma facet derived from headword
j6m2n8tuy3	la importancia	importance	reference	es:importancia|en:importance	lemma facet derived from headword
ayau0sgeq7	la distancia	distance	reference	es:distancia|en:distance	lemma facet derived from headword
ldr4e40ll4	la instancia	instance	reference	es:instancia|en:instance	lemma facet derived from headword
f0rd6stx7x	la abundancia	abundance	reference	es:abundancia|en:abundance	lemma facet derived from headword
zu6i0ca94w	la tolerancia	tolerance	reference	es:tolerancia|en:tolerance	lemma facet derived from headword
8ndkxjyr8a	la elegancia	elegance	reference	es:elegancia|en:elegance	lemma facet derived from headword
6zv7gcixac	la ignorancia	ignorance	reference	es:ignorancia|en:ignorance	lemma facet derived from headword
x8tys64sra	la vigilancia	vigilance	reference	es:vigilancia|en:vigilance	lemma facet derived from headword
kofhrlar9b	la circunstancia	circumstance	reference	es:circunstancia|en:circumstance	lemma facet derived from headword
byraq79ac6	la relevancia	relevance	reference	es:relevancia|en:relevance	lemma facet derived from headword
ivgg9evica	ser importante	to be important	reference	es:ser|en:important	lemma facet derived from headword
bmcmt33w3k	el restaurante	restaurant	reference	es:restaurante|en:restaurant	lemma facet derived from headword
9nn2ezspjo	ser distante	to be distant	reference	es:ser|en:distant	lemma facet derived from headword
lll54skgy9	ser relevante	to be relevant	reference	es:ser|en:relevant	lemma facet derived from headword
u3t3siau09	ser arrogante	to be arrogant	reference	es:ser|en:arrogant	lemma facet derived from headword
iharvjn1av	ser ignorante	to be ignorant	reference	es:ser|en:ignorant	lemma facet derived from headword
rbql1uhr3o	ser abundante	to be abundant	reference	es:ser|en:abundant	lemma facet derived from headword
m7msmm6idr	ser elegante	to be elegant	reference	es:ser|en:elegant	lemma facet derived from headword
rkyuwye6j0	ser tolerante	to be tolerant	reference	es:ser|en:tolerant	lemma facet derived from headword
cqg6rkqv81	ser constante	to be constant	reference	es:ser|en:constant	lemma facet derived from headword
2gys1beboz	ser dominante	to be dominant	reference	es:ser|en:dominant	lemma facet derived from headword
vyhgywssz1	la lista	list	reference	es:lista|en:list	lemma facet derived from headword
111m6z7o3m	el/la turista	tourist	reference	es:turista|en:tourist	lemma facet derived from headword
od2dt49kkn	el/la artista	artist	reference	es:artista|en:artist	lemma facet derived from headword
oahko0oasz	el/la dentista	dentist	reference	es:dentista|en:dentist	lemma facet derived from headword
b5yulihftv	el/la optimista	optimist	reference	es:optimista|en:optimist	lemma facet derived from headword
8nz776g9wr	el/la pesimista	pessimist	reference	es:pesimista|en:pessimist	lemma facet derived from headword
4gcpbm6p3d	el/la realista	realist	reference	es:realista|en:realist	lemma facet derived from headword
c3m4utcxtr	el/la especialista	specialist	reference	es:especialista|en:specialist	lemma facet derived from headword
m73r9f84te	el/la capitalista	capitalist	reference	es:capitalista|en:capitalist	lemma facet derived from headword
7qttuz5h12	el/la comunista	communist	reference	es:comunista|en:communist	lemma facet derived from headword
cgr3jxvkh4	el/la ciclista	cyclist	reference	es:ciclista|en:cyclist	lemma facet derived from headword
urlrunyef3	el/la violinista	violinist	reference	es:violinista|en:violinist	lemma facet derived from headword
czbta5pgta	ser físico	to be physical	reference	es:ser|en:physical	lemma facet derived from headword
pqrq0blgqm	ser filosófico	to be philosophical	reference	es:ser|en:philosophical	lemma facet derived from headword
8lwxklvlox	ser astronómico	to be astronomical	reference	es:ser|en:astronomical	lemma facet derived from headword
478pmalyyr	el trópico	tropic	reference	es:trópico|en:tropic	lemma facet derived from headword
j1o6zzb447	ser tropical	to be tropical	reference	es:ser|en:tropical	lemma facet derived from headword
egfhp0pogp	ser lógico	to be logical	reference	es:ser|en:logical	lemma facet derived from headword
ccv1nte27w	ser práctico	to be practical	reference	es:ser|en:practical	lemma facet derived from headword
lod9t33ldz	el mensaje	message	reference	es:mensaje|en:message	lemma facet derived from headword
2ji12md64i	el garaje	garage	reference	es:garaje|en:garage	lemma facet derived from headword
vvx29t7wo5	el porcentaje	percentage	reference	es:porcentaje|en:percentage	lemma facet derived from headword
qrwxhzalwx	el lenguaje	language	reference	es:lenguaje|en:language	lemma facet derived from headword
8bgeggud65	la imagen	image	reference	es:imagen|en:image	lemma facet derived from headword
r3asilg271	ser móvil	to be mobile	reference	es:ser|en:mobile	lemma facet derived from headword
8trwwgf2y4	el automóvil	automobile	reference	es:automóvil|en:automobile	lemma facet derived from headword
i4p7p3uuv3	ser ágil	to be agile	reference	es:ser|en:agile	lemma facet derived from headword
om7i40mm1h	ser frágil	to be fragile	reference	es:ser|en:fragile	lemma facet derived from headword
f8ibc1tkv8	ser hostil	to be hostile	reference	es:ser|en:hostile	lemma facet derived from headword
37mwxw6ctd	ser dócil	to be docile	reference	es:ser|en:docile	lemma facet derived from headword
ofyno3pj7o	ser fértil	to be fertile	reference	es:ser|en:fertile	lemma facet derived from headword
i6lgjlsx9i	ser estéril	to be sterile	reference	es:ser|en:sterile	lemma facet derived from headword
sfhkidja4j	ser versátil	to be versatile	reference	es:ser|en:versatile	lemma facet derived from headword
8myaw330m4	ser volátil	to be volatile	reference	es:ser|en:volatile	lemma facet derived from headword
2b1o95ucrf	ser ordinario	to be ordinary	reference	es:ser|en:ordinary	lemma facet derived from headword
bbisoqgg8n	ser primario	to be primary	reference	es:ser|en:primary	lemma facet derived from headword
g1oxr95nd1	el salario	salary	reference	es:salario|en:salary	lemma facet derived from headword
r6gl23ricw	el vocabulario	vocabulary	reference	es:vocabulario|en:vocabulary	lemma facet derived from headword
ygifenxb7g	el diccionario	dictionary	reference	es:diccionario|en:dictionary	lemma facet derived from headword
4j667r55mx	ser militar	to be military	reference	es:ser|en:military	lemma facet derived from headword
hudjcygfj0	el calendario	calendar	reference	es:calendario|en:calendar	lemma facet derived from headword
o74dwi1uyi	ser secundario	to be secondary	reference	es:ser|en:secondary	lemma facet derived from headword
avrrauxv1v	ser voluntario	to be voluntary	reference	es:ser|en:voluntary	lemma facet derived from headword
wn1qursjo6	ser imaginario	to be imaginary	reference	es:ser|en:imaginary	lemma facet derived from headword
s1v75khflh	lo contrario	the contrary	reference	es:contrario|en:contrary	lemma facet derived from headword
kkjx3vhw8g	ser normal	to be normal	reference	es:ser|en:normal	lemma facet derived from headword
3pwv41o33w	el hospital	hospital	reference	es:hospital|en:hospital	lemma facet derived from headword
9tefge6hdf	ser total	to be total	reference	es:ser|en:total	lemma facet derived from headword
44vve9o82w	ser usual	to be usual	reference	es:ser|en:usual	lemma facet derived from headword
gs18hac0wc	ser local	to be local	reference	es:ser|en:local	lemma facet derived from headword
j689z4o98x	ser nacional	to be national	reference	es:ser|en:national	lemma facet derived from headword
axde5caopx	ser internacional	to be international	reference	es:ser|en:international	lemma facet derived from headword
qaybrv5r08	ser cultural	to be cultural	reference	es:ser|en:cultural	lemma facet derived from headword
h9waqlqv7g	ser central	to be central	reference	es:ser|en:central	lemma facet derived from headword
wq5dv3uyh9	ser global	to be global	reference	es:ser|en:global	lemma facet derived from headword
7wsae6ohqh	ser original	to be original	reference	es:ser|en:original	lemma facet derived from headword
n67zgsqzmg	ser personal	to be personal	reference	es:ser|en:personal	lemma facet derived from headword
cyv6rdzmdl	ser profesional	to be professional	reference	es:ser|en:professional	lemma facet derived from headword
ha6zwyi8pk	el parque	park	reference	es:parque|en:park	lemma facet derived from headword
w2t6njopdt	el tanque	tank	reference	es:tanque|en:tank	lemma facet derived from headword
70rg25atoe	el bloque	block	reference	es:bloque|en:block	lemma facet derived from headword
meaqtl8pnr	el cheque	check	reference	es:cheque|en:check	lemma facet derived from headword
8xqxz4bf9f	el ataque	attack	reference	es:ataque|en:attack	lemma facet derived from headword
x3v3e10qch	ser perfecto	to be perfect	reference	es:ser|en:perfect	lemma facet derived from headword
ahs4zjjduw	ser correcto	to be correct	reference	es:ser|en:correct	lemma facet derived from headword
lpp235wcy8	ser directo	to be direct	reference	es:ser|en:direct	lemma facet derived from headword
vqnteutwjo	el objeto	object	reference	es:objeto|en:object	lemma facet derived from headword
668xicbp81	el sujeto	subject	reference	es:sujeto|en:subject	lemma facet derived from headword
zgf5dpd5fx	el proyecto	project	reference	es:proyecto|en:project	lemma facet derived from headword
jx6jqjlcmi	el efecto	effect	reference	es:efecto|en:effect	lemma facet derived from headword
r4r0vekbrk	el defecto	defect	reference	es:defecto|en:defect	lemma facet derived from headword
rq5v0yngkf	el aspecto	aspect	reference	es:aspecto|en:aspect	lemma facet derived from headword
zeylh1i5dd	el insecto	insect	reference	es:insecto|en:insect	lemma facet derived from headword
dow222398n	el dialecto	dialect	reference	es:dialecto|en:dialect	lemma facet derived from headword
l4e9khpbor	el arquitecto	architect	reference	es:arquitecto|en:architect	lemma facet derived from headword
rmlknzfo8g	la posibilidad	possibility	reference	es:posibilidad|en:possibility	lemma facet derived from headword
jd5jg6wx6v	la probabilidad	probability	reference	es:probabilidad|en:probability	lemma facet derived from headword
gfdks2l475	la universidad	university	reference	es:universidad|en:university	lemma facet derived from headword
o8ol2ar9h7	la comunidad	community	reference	es:comunidad|en:community	lemma facet derived from headword
ju53245u2i	la nacionalidad	nationality	reference	es:nacionalidad|en:nationality	lemma facet derived from headword
1lw31azha8	la sociedad	society	reference	es:sociedad|en:society	lemma facet derived from headword
8i4pvwrh3c	la humanidad	humanity	reference	es:humanidad|en:humanity	lemma facet derived from headword
1amptqkvwv	la disponibilidad	availability	reference	es:disponibilidad|en:availability	lemma facet derived from headword
ngu4uuo5wj	la sensibilidad	sensitivity	reference	es:sensibilidad|en:sensitivity	lemma facet derived from headword
eqn1fdvots	la actividad	activity	reference	es:actividad|en:activity	lemma facet derived from headword
21ieglmh64	la identidad	identity	reference	es:identidad|en:identity	lemma facet derived from headword
pisgbls4zr	la diversidad	diversity	reference	es:diversidad|en:diversity	lemma facet derived from headword
uurh7i9ykr	la seguridad	security	reference	es:seguridad|en:security	lemma facet derived from headword
1d4wdwn3hx	la prioridad	priority	reference	es:prioridad|en:priority	lemma facet derived from headword
2skg15ncs8	la calidad	quality	reference	es:calidad|en:quality	lemma facet derived from headword
muzi1uasqh	ser posible	to be possible	reference	es:ser|en:possible	lemma facet derived from headword
3ghllp87eh	ser imposible	to be impossible	reference	es:ser|en:impossible	lemma facet derived from headword
fbqyznc4nd	ser flexible	to be flexible	reference	es:ser|en:flexible	lemma facet derived from headword
kumzijcead	ser inflexible	to be inflexible	reference	es:ser|en:inflexible	lemma facet derived from headword
wn2nlx3pr4	ser terrible	to be terrible	reference	es:ser|en:terrible	lemma facet derived from headword
bh9ac38fba	ser horrible	to be horrible	reference	es:ser|en:horrible	lemma facet derived from headword
a81b38vc82	ser compatible	to be compatible	reference	es:ser|en:compatible	lemma facet derived from headword
nh051geds0	ser responsable	to be responsible	reference	es:ser|en:responsible	lemma facet derived from headword
507mhrp8ij	ser probable	to be probable	reference	es:ser|en:probable	lemma facet derived from headword
n0r0eb7pw1	ser improbable	to be improbable	reference	es:ser|en:improbable	lemma facet derived from headword
rxikqikf7p	ser razonable	to be reasonable	reference	es:ser|en:reasonable	lemma facet derived from headword
ptb517s9gj	ser aceptable	to be acceptable	reference	es:ser|en:acceptable	lemma facet derived from headword
or5vrih2lk	ser sensible	to be sensitive	reference	es:ser|en:sensitive	lemma facet derived from headword
3d0679vask	ser admirable	to be admirable	reference	es:ser|en:admirable	lemma facet derived from headword
roypbmol7h	ser favorable	to be favorable	reference	es:ser|en:favorable	lemma facet derived from headword
45o3rne3ve	ser considerable	to be considerable	reference	es:ser|en:considerable	lemma facet derived from headword
svclr45ucg	ser inevitable	to be inevitable	reference	es:ser|en:inevitable	lemma facet derived from headword
6xf273imwi	el problema	problem	supporting	es:problema|en:problem	lemma facet derived from headword
aw6dx0k65p	el sistema	system	reference	es:sistema|en:system	lemma facet derived from headword
rdjeqeilbf	el poema	poem	reference	es:poema|en:poem	lemma facet derived from headword
xkmwk6fexy	el teorema	theorem	reference	es:teorema|en:theorem	lemma facet derived from headword
pts3pt4ij8	ser inocente	to be innocent	reference	es:ser|en:innocent	lemma facet derived from headword
jg09lmjqgp	ser ilegal	to be illegal	reference	es:ser|en:illegal	lemma facet derived from headword
4enrhv4xgq	el/la inmigrante	immigrant	reference	es:inmigrante|en:immigrant	lemma facet derived from headword
x8bxhkeczd	el programa	program	reference	es:programa|en:program	lemma facet derived from headword
mdyd02rnzc	el diagrama	diagram	reference	es:diagrama|en:diagram	lemma facet derived from headword
5e48uv0rbs	el anagrama	anagram	reference	es:anagrama|en:anagram	lemma facet derived from headword
3scyaehxzw	el telegrama	telegram	reference	es:telegrama|en:telegram	lemma facet derived from headword
tyay5014w3	el holograma	hologram	reference	es:holograma|en:hologram	lemma facet derived from headword
9cdw0xvul9	ser sólido	to be solid	reference	es:ser|en:solid	lemma facet derived from headword
hl9fl61j2l	el líquido	liquid	reference	es:líquido|en:liquid	lemma facet derived from headword
ylpkircl1b	el fluido	fluid	reference	es:fluido|en:fluid	lemma facet derived from headword
7xvxjkvr3p	ser válido	to be valid	reference	es:ser|en:valid	lemma facet derived from headword
fq2spprggy	ser vívido	to be vivid	reference	es:ser|en:vivid	lemma facet derived from headword
x8gwkzxwfb	ser estúpido	to be stupid	reference	es:ser|en:stupid	lemma facet derived from headword
lhyo4c7kq5	estar rígido	to be rigid	reference	es:estar|en:rigid	lemma facet derived from headword
ah4jp71f6u	ser tímido	to be timid	reference	es:ser|en:timid	lemma facet derived from headword
tqam8pmq34	ser rápido	to be rapid	reference	es:ser|en:rapid	lemma facet derived from headword
5y2p6uljkt	ser espléndido	to be splendid	reference	es:ser|en:splendid	lemma facet derived from headword
ujefp33bzw	ser mórbido	to be morbid	reference	es:ser|en:morbid	lemma facet derived from headword
23x7l873p3	la televisión	television	reference	es:televisión|en:television	lemma facet derived from headword
j0xnn398g6	la versión	version	reference	es:versión|en:version	lemma facet derived from headword
rpmygmlmmv	la profesión	profession	reference	es:profesión|en:profession	lemma facet derived from headword
vdacibaynz	la expresión	expression	reference	es:expresión|en:expression	lemma facet derived from headword
ykf0k0dtb0	la discusión	discussion	reference	es:discusión|en:discussion	lemma facet derived from headword
auz2fftxbw	la confusión	confusion	reference	es:confusión|en:confusion	lemma facet derived from headword
1gw35vc6y0	la decisión	decision	reference	es:decisión|en:decision	lemma facet derived from headword
gse61poi2m	la conclusión	conclusion	reference	es:conclusión|en:conclusion	lemma facet derived from headword
o2wtwr7dbx	la división	division	reference	es:división|en:division	lemma facet derived from headword
4fjhpc3lqp	la teoría	theory	reference	es:teoría|en:theory	lemma facet derived from headword
nwt92sdy1q	el teatro	theater	reference	es:teatro|en:theater	lemma facet derived from headword
15ct5oid4t	la terapia	therapy	reference	es:terapia|en:therapy	lemma facet derived from headword
3sidna6ihb	el método	method	reference	es:método|en:method	lemma facet derived from headword
pmyn4pkqie	el autor	author	reference	es:autor|en:author	lemma facet derived from headword
6xuxo8decu	el/la atleta	athlete	reference	es:atleta|en:athlete	lemma facet derived from headword
3e90ezzzgn	la ética	ethics	reference	es:ética|en:ethics	lemma facet derived from headword
e4r4z7w8s5	la teología	theology	reference	es:teología|en:theology	lemma facet derived from headword
08mar7bvib	el territorio	territory	reference	es:territorio|en:territory	lemma facet derived from headword
qjeggetbn7	el laboratorio	laboratory	reference	es:laboratorio|en:laboratory	lemma facet derived from headword
brequ09fv7	el directorio	directory	reference	es:directorio|en:directory	lemma facet derived from headword
ngnaxgltch	ser obligatorio	to be obligatory	reference	es:ser|en:obligatory	lemma facet derived from headword
x6fnix25ej	ser satisfactorio	to be satisfactory	reference	es:ser|en:satisfactory	lemma facet derived from headword
fx314322k9	ser contradictorio	to be contradictory	reference	es:ser|en:contradictory	lemma facet derived from headword
sbwkyg3r6z	ser preparatorio	to be preparatory	reference	es:ser|en:preparatory	lemma facet derived from headword
xin0bnb4c3	el tráfico	traffic	reference	es:tráfico|en:traffic	lemma facet derived from headword
l63676rkny	ser básico	to be basic	reference	es:ser|en:basic	lemma facet derived from headword
l5mmoxlayq	el público	the public	reference	es:público|en:public	lemma facet derived from headword
xxux8bre3d	ser específico	to be specific	reference	es:ser|en:specific	lemma facet derived from headword
nnudjc6b5v	ser exótico	to be exotic	reference	es:ser|en:exotic	lemma facet derived from headword
dd1vvakb0b	ser orgánico	to be organic	reference	es:ser|en:organic	lemma facet derived from headword
wrfnwhtk1u	ser científico	to be scientific	reference	es:ser|en:scientific	lemma facet derived from headword
npdgmfs94y	ser académico	to be academic	reference	es:ser|en:academic	lemma facet derived from headword
eb8k6jseu7	ser automático	to be automatic	reference	es:ser|en:automatic	lemma facet derived from headword
825356svvc	ser económico	to be economic	reference	es:ser|en:economic	lemma facet derived from headword
554b3zw97r	ser electrónico	to be electronic	reference	es:ser|en:electronic	lemma facet derived from headword
xcso0u447l	ser histórico	to be historic	reference	es:ser|en:historic	lemma facet derived from headword
5ozjq6uxr0	ser político	to be political	reference	es:ser|en:political	lemma facet derived from headword
6xcuec3dxy	el turismo	tourism	reference	es:turismo|en:tourism	lemma facet derived from headword
lbpuhtzxi1	el optimismo	optimism	reference	es:optimismo|en:optimism	lemma facet derived from headword
yjvu0jq0p2	el pesimismo	pessimism	reference	es:pesimismo|en:pessimism	lemma facet derived from headword
x6ksz8xhcb	el realismo	realism	reference	es:realismo|en:realism	lemma facet derived from headword
4u88izkkdc	el idealismo	idealism	reference	es:idealismo|en:idealism	lemma facet derived from headword
vuzvlbjndb	el capitalismo	capitalism	reference	es:capitalismo|en:capitalism	lemma facet derived from headword
m1g01li4d2	el socialismo	socialism	reference	es:socialismo|en:socialism	lemma facet derived from headword
010007hsii	el comunismo	communism	reference	es:comunismo|en:communism	lemma facet derived from headword
0powders6t	el nacionalismo	nationalism	reference	es:nacionalismo|en:nationalism	lemma facet derived from headword
hgfc2qkcz3	el racismo	racism	reference	es:racismo|en:racism	lemma facet derived from headword
7g6yi8yb4r	el mecanismo	mechanism	reference	es:mecanismo|en:mechanism	lemma facet derived from headword
9y86a978lx	decidido	decided	supporting	es:decidido|en:decided	lemma facet derived from headword
x564mvvi0d	dividido	divided	reference	es:dividido|en:divided	lemma facet derived from headword
e960mg2ceq	incluido	included	reference	es:incluido|en:included	lemma facet derived from headword
se5nl2c2cq	recomendado	recommended	reference	es:recomendado|en:recommended	lemma facet derived from headword
nzgtymeocj	extendido	extended	reference	es:extendido|en:extended	lemma facet derived from headword
59dz6zooe6	preparado	prepared	supporting	es:preparado|en:prepared	lemma facet derived from headword
lane9d40z9	confirmado	confirmed	reference	es:confirmado|en:confirmed	lemma facet derived from headword
h7zrs6r2s1	recibido	received	reference	es:recibido|en:received	lemma facet derived from headword
357627uoh4	organizado	organized	reference	es:organizado|en:organized	lemma facet derived from headword
emjqg3zyl6	usado	used	reference	es:usado|en:used	lemma facet derived from headword
qrn2vb926b	continuado	continued	reference	es:continuado|en:continued	lemma facet derived from headword
9z2a17d7hu	preparando	preparing	supporting	es:preparando|en:preparing	lemma facet derived from headword
jbdsqcaye1	visitando	visiting	reference	es:visitando|en:visiting	lemma facet derived from headword
l42cdp6nnd	practicando	practicing	reference	es:practicando|en:practicing	lemma facet derived from headword
mvpo021kxl	confirmando	confirming	reference	es:confirmando|en:confirming	lemma facet derived from headword
5egzllnbai	continuando	continuing	reference	es:continuando|en:continuing	lemma facet derived from headword
e4ohcagye9	comunicando	communicating	reference	es:comunicando|en:communicating	lemma facet derived from headword
3tludtc2s9	recibiendo	receiving	supporting	es:recibiendo|en:receiving	lemma facet derived from headword
pgjoyoy277	decidiendo	deciding	reference	es:decidiendo|en:deciding	lemma facet derived from headword
pwgug8da10	permitiendo	permitting	reference	es:permitiendo|en:permitting	lemma facet derived from headword
u0kpsvg045	produciendo	producing	reference	es:produciendo|en:producing	lemma facet derived from headword
x85ex3trnw	proponiendo	proposing	reference	es:proponiendo|en:proposing	lemma facet derived from headword
5kzfo8gfgi	manteniendo	maintaining	reference	es:manteniendo|en:maintaining	lemma facet derived from headword
cqyv9nbo0n	terminado	finished	supporting	es:terminado|en:finished	lemma facet derived from headword
wo0sdm2f3u	practicado	practiced	reference	es:practicado|en:practiced	lemma facet derived from headword
xpe7xser76	introducido	introduced	reference	es:introducido|en:introduced	lemma facet derived from headword
g36a82xzg6	producido	produced	reference	es:producido|en:produced	lemma facet derived from headword
oszot6y2pc	notado	noticed	reference	es:notado|en:noticed	lemma facet derived from headword
cpbvogwqlk	visitado	visited	supporting	es:visitado|en:visited	lemma facet derived from headword
0fq9g236b6	aceptado	accepted	reference	es:aceptado|en:accepted	lemma facet derived from headword
v7x2m7p57l	conectado	connected	reference	es:conectado|en:connected	lemma facet derived from headword
0xrtfpsxvb	contactado	contacted	reference	es:contactado|en:contacted	lemma facet derived from headword
2tbttd1g5v	permitido	permitted	reference	es:permitido|en:permitted	lemma facet derived from headword
0l9aed93ze	aplicar	to apply	supporting	es:aplicar|en:apply	lemma facet derived from headword
uu1cnr3a36	multiplicar	to multiply	reference	es:multiplicar|en:multiply	lemma facet derived from headword
bp593daco9	implicar	to imply	reference	es:implicar|en:imply	lemma facet derived from headword
yxxk3scerp	causar	to cause	supporting	es:causar|en:cause	lemma facet derived from headword
ujfd2cjj1t	pausar	to pause	reference	es:pausar|en:pause	lemma facet derived from headword
4r07khungy	contribuir	to contribute	reference	es:contribuir|en:contribute	lemma facet derived from headword
779ynouu11	distribuir	to distribute	reference	es:distribuir|en:distribute	lemma facet derived from headword
c3amoye6xz	sustituir	to substitute	reference	es:sustituir|en:substitute	lemma facet derived from headword
ecvnd0ir3u	instituir	to institute	reference	es:instituir|en:institute	lemma facet derived from headword
5k3hommin3	ejecutar	to execute	reference	es:ejecutar|en:execute	lemma facet derived from headword
fguxguiyas	constituir	to constitute	reference	es:constituir|en:constitute	lemma facet derived from headword
p34vsonve4	atribuir	to attribute	reference	es:atribuir|en:attribute	lemma facet derived from headword
opym3wa19f	crear	to create	supporting	es:crear|en:create	lemma facet derived from headword
0hrde16ahz	comunicar	to communicate	supporting	es:comunicar|en:communicate	lemma facet derived from headword
lfg0ejcjnq	estimar	to estimate	reference	es:estimar|en:estimate	lemma facet derived from headword
yenl2lq9oq	negociar	to negotiate	reference	es:negociar|en:negotiate	lemma facet derived from headword
8c3fxz63mh	inmigrar	to immigrate	reference	es:inmigrar|en:immigrate	lemma facet derived from headword
vptbm9fgxy	acelerar	to accelerate	reference	es:acelerar|en:accelerate	lemma facet derived from headword
fz6zup8oeg	traducir	to translate	supporting	es:traducir|en:translate	lemma facet derived from headword
xcxz8s6caf	participar	to participate	supporting	es:participar|en:participate	lemma facet derived from headword
gskdto3d00	celebrar	to celebrate	supporting	es:celebrar|en:celebrate	lemma facet derived from headword
sl4u8g4jfs	decorar	to decorate	reference	es:decorar|en:decorate	lemma facet derived from headword
m4haqep8h2	eliminar	to eliminate	reference	es:eliminar|en:eliminate	lemma facet derived from headword
6em7hpnut9	operar	to operate	reference	es:operar|en:operate	lemma facet derived from headword
9gngsscsy0	liberar	to liberate	reference	es:liberar|en:liberate	lemma facet derived from headword
j0hovpxufz	decidir	to decide	supporting	es:decidir|en:decide	lemma facet derived from headword
b4qf2uute8	dividir	to divide	supporting	es:dividir|en:divide	lemma facet derived from headword
2055jsg4lz	residir	to reside	reference	es:residir|en:reside	lemma facet derived from headword
pnp6pglvyd	guiar	to guide	reference	es:guiar|en:guide	lemma facet derived from headword
ustq836daj	presidir	to preside	reference	es:presidir|en:preside	lemma facet derived from headword
xnwi7nn794	coincidir	to coincide	reference	es:coincidir|en:coincide	lemma facet derived from headword
rvy6cpjlbl	definir	to define	supporting	es:definir|en:define	lemma facet derived from headword
6gvilwx92s	refinar	to refine	reference	es:refinar|en:refine	lemma facet derived from headword
flw5i68vuy	combinar	to combine	supporting	es:combinar|en:combine	lemma facet derived from headword
5jet54qdcc	declinar	to decline	reference	es:declinar|en:decline	lemma facet derived from headword
gklngg6dry	imaginar	to imagine	supporting	es:imaginar|en:imagine	lemma facet derived from headword
3m3l646xr4	examinar	to examine	supporting	es:examinar|en:examine	lemma facet derived from headword
5dphe27cg7	determinar	to determine	supporting	es:determinar|en:determine	lemma facet derived from headword
f3de9phcrp	disciplinar	to discipline	reference	es:disciplinar|en:discipline	lemma facet derived from headword
64la95zkw9	confinar	to confine	reference	es:confinar|en:confine	lemma facet derived from headword
ix1pir0fgb	inclinar	to incline	reference	es:inclinar|en:incline	lemma facet derived from headword
4ur7u7wdv4	describir	to describe	supporting	es:describir|en:describe	lemma facet derived from headword
1bs20nqq1z	inscribir	to inscribe	reference	es:inscribir|en:inscribe	lemma facet derived from headword
b6wua9uv0p	prescribir	to prescribe	reference	es:prescribir|en:prescribe	lemma facet derived from headword
gjh5b0lek7	suscribirse	to subscribe	reference	es:suscribir|en:subscribe	lemma facet derived from headword
xjwylsxod0	transcribir	to transcribe	reference	es:transcribir|en:transcribe	lemma facet derived from headword
gofzjv65s0	entrar	to enter	supporting	es:entrar|en:enter	lemma facet derived from headword
qqt1bizdh7	centrar	to center	reference	es:centrar|en:center	lemma facet derived from headword
ky42p9r4c6	encontrar	to encounter	reference	es:encontrar|en:encounter	lemma facet derived from headword
j0hw7h1rsw	identificar	to identify	supporting	es:identificar|en:identify	lemma facet derived from headword
5jhih86mlc	verificar	to verify	supporting	es:verificar|en:verify	lemma facet derived from headword
d74s6zcq9j	justificar	to justify	reference	es:justificar|en:justify	lemma facet derived from headword
5e1wj91ui6	unificar	to unify	reference	es:unificar|en:unify	lemma facet derived from headword
ur8kfuni1s	cuantificar	to quantify	reference	es:cuantificar|en:quantify	lemma facet derived from headword
v3a51wsgs5	clasificar	to classify	reference	es:clasificar|en:classify	lemma facet derived from headword
uayl1xev1n	simplificar	to simplify	reference	es:simplificar|en:simplify	lemma facet derived from headword
gkn28jhn0w	modificar	to modify	reference	es:modificar|en:modify	lemma facet derived from headword
bgidx11mt2	clarificar	to clarify	reference	es:clarificar|en:clarify	lemma facet derived from headword
spi4yvy862	purificar	to purify	reference	es:purificar|en:purify	lemma facet derived from headword
l99hc4crr3	ignorar	to ignore	supporting	es:ignorar|en:ignore	lemma facet derived from headword
6zl0myxp6t	explorar	to explore	supporting	es:explorar|en:explore	lemma facet derived from headword
noyh1gv4we	restaurar	to restore	reference	es:restaurar|en:restore	lemma facet derived from headword
0r24apl3e1	adorar	to adore	reference	es:adorar|en:adore	lemma facet derived from headword
feqh05bu0e	implorar	to implore	reference	es:implorar|en:implore	lemma facet derived from headword
dwu519xf0p	incluir	to include	supporting	es:incluir|en:include	lemma facet derived from headword
xklnks32qd	excluir	to exclude	reference	es:excluir|en:exclude	lemma facet derived from headword
pe06lzc5y3	concluir	to conclude	reference	es:concluir|en:conclude	lemma facet derived from headword
919255rvxl	aludir a	to allude to	reference	es:aludir|en:allude	lemma facet derived from headword
bfazbua3qx	eludir	to elude	reference	es:eludir|en:elude	lemma facet derived from headword
4u8htj8ocd	inhalar	to inhale	reference	es:inhalar|en:inhale	lemma facet derived from headword
qup86o9vnn	exhalar	to exhale	reference	es:exhalar|en:exhale	lemma facet derived from headword
t8xl5ujrhi	introducir	to introduce	supporting	es:introducir|en:introduce	lemma facet derived from headword
iwrrtg66rv	producir	to produce	supporting	es:producir|en:produce	lemma facet derived from headword
4e8xlbp20p	reducir	to reduce	supporting	es:reducir|en:reduce	lemma facet derived from headword
4w4rj5i3g0	deducir	to deduce	reference	es:deducir|en:deduce	lemma facet derived from headword
ljjs4igbh8	inducir	to induce	reference	es:inducir|en:induce	lemma facet derived from headword
z0ppej4qej	seducir	to seduce	reference	es:seducir|en:seduce	lemma facet derived from headword
czdf4gnfnp	reproducir	to reproduce	reference	es:reproducir|en:reproduce	lemma facet derived from headword
t8ze0gyt3p	invitar	to invite	supporting	es:invitar|en:invite	lemma facet derived from headword
7yc3ljvgss	unir	to unite	reference	es:unir|en:unite	lemma facet derived from headword
ull88y8rzv	reunir	to reunite	reference	es:reunir|en:reunite	lemma facet derived from headword
qdcruk7002	citar	to cite	reference	es:citar|en:cite	lemma facet derived from headword
teeid30z0y	incitar	to incite	reference	es:incitar|en:incite	lemma facet derived from headword
3q52q39i7l	recitar	to recite	reference	es:recitar|en:recite	lemma facet derived from headword
5g4fbayz0u	observar	to observe	reference	es:observar|en:observe	lemma facet derived from headword
invu1lmtuw	conservar	to conserve	reference	es:conservar|en:conserve	lemma facet derived from headword
gbkix5lyv6	preservar	to preserve	reference	es:preservar|en:preserve	lemma facet derived from headword
alnivw5ja6	reservar	to reserve	supporting	es:reservar|en:reserve	lemma facet derived from headword
a7e5b40skc	organizar	to organize	supporting	es:organizar|en:organize	lemma facet derived from headword
rr0xrddhra	memorizar	to memorize	supporting	es:memorizar|en:memorize	lemma facet derived from headword
if5o5uocfp	especializar	to specialize	reference	es:especializar|en:specialize	lemma facet derived from headword
hl9cjbokrp	finalizar	to finalize	reference	es:finalizar|en:finalize	lemma facet derived from headword
nq7pa5v7aj	minimizar	to minimize	reference	es:minimizar|en:minimize	lemma facet derived from headword
2xwe3j8ujy	maximizar	to maximize	reference	es:maximizar|en:maximize	lemma facet derived from headword
lsvapg7c2c	priorizar	to prioritize	reference	es:priorizar|en:prioritize	lemma facet derived from headword
9t2o4ihtoi	categorizar	to categorize	reference	es:categorizar|en:categorize	lemma facet derived from headword
mabi7dom4b	digitalizar	to digitize	reference	es:digitalizar|en:digitize	lemma facet derived from headword
8drl1wmuon	visualizar	to visualize	reference	es:visualizar|en:visualize	lemma facet derived from headword
7edrci2tcy	preparar	to prepare	supporting	es:preparar|en:prepare	lemma facet derived from headword
mgdq7n4g99	comparar	to compare	supporting	es:comparar|en:compare	lemma facet derived from headword
q6rkgiwa5d	declarar	to declare	reference	es:declarar|en:declare	lemma facet derived from headword
9oke1wki5z	reparar	to repair	supporting	es:reparar|en:repair	lemma facet derived from headword
3qo4l6ua2u	prohibir	to prohibit	reference	es:prohibir|en:prohibit	lemma facet derived from headword
hzw88e00ad	exhibir	to exhibit	reference	es:exhibir|en:exhibit	lemma facet derived from headword
ahkjwrez5w	inhibir	to inhibit	reference	es:inhibir|en:inhibit	lemma facet derived from headword
xuo5hy2tk4	recibir	to receive	supporting	es:recibir|en:receive	lemma facet derived from headword
a2ujxq83pk	percibir	to perceive	reference	es:percibir|en:perceive	lemma facet derived from headword
286sjydeon	concebir	to conceive	reference	es:concebir|en:conceive	lemma facet derived from headword
jck1nkdlkp	resolver	to resolve	supporting	es:resolver|en:resolve	lemma facet derived from headword
vuqfy6bg06	disolver	to dissolve	reference	es:disolver|en:dissolve	lemma facet derived from headword
55iitmw0d7	absolver	to absolve	reference	es:absolver|en:absolve	lemma facet derived from headword
2y98aummee	sobrevivir	to survive	supporting	es:sobrevivir|en:survive	lemma facet derived from headword
v6l6ujop47	revivir	to revive	reference	es:revivir|en:revive	lemma facet derived from headword
ph4y9pkwf1	derivar	to derive	reference	es:derivar|en:derive	lemma facet derived from headword
6vrwq0uujo	privar de	to deprive of	reference	es:privar|en:deprive	lemma facet derived from headword
ph8exwfohx	sugerir	to suggest	supporting	es:sugerir|en:suggest	lemma facet derived from headword
gqqod0k0fl	digerir	to digest	reference	es:digerir|en:digest	lemma facet derived from headword
6hc9qj9an6	ingerir	to ingest	reference	es:ingerir|en:ingest	lemma facet derived from headword
zz361ii5vv	atraer	to attract	supporting	es:atraer|en:attract	lemma facet derived from headword
4rbp4wgwso	distraer	to distract	reference	es:distraer|en:distract	lemma facet derived from headword
905ihja4zo	extraer	to extract	reference	es:extraer|en:extract	lemma facet derived from headword
p4scw97v1h	contraer	to contract	reference	es:contraer|en:contract	lemma facet derived from headword
208ry1ffqk	sustraer	to subtract	reference	es:sustraer|en:subtract	lemma facet derived from headword
j0h2wd9lh8	contactar	to contact	supporting	es:contactar|en:contact	lemma facet derived from headword
z9ytm2qbqw	impactar	to impact	reference	es:impactar|en:impact	lemma facet derived from headword
752sk009k3	actuar	to act	supporting	es:actuar|en:act	lemma facet derived from headword
49q4uk89ud	reaccionar	to react	supporting	es:reaccionar|en:react	lemma facet derived from headword
qhthbncgk7	interactuar	to interact	reference	es:interactuar|en:interact	lemma facet derived from headword
98sen5xp7y	comprender	to comprehend	reference	es:comprender|en:comprehend	lemma facet derived from headword
9nxtl23uza	aprehender	to apprehend	reference	es:aprehender|en:apprehend	lemma facet derived from headword
4yf8ijcj19	comprimir	to compress	reference	es:comprimir|en:compress	lemma facet derived from headword
nk0a8snhq8	reprimir	to repress	reference	es:reprimir|en:repress	lemma facet derived from headword
a3bhdljvih	suprimir	to suppress	reference	es:suprimir|en:suppress	lemma facet derived from headword
dfw51tn4hy	expresar	to express	supporting	es:expresar|en:express	lemma facet derived from headword
o3l6oubtj6	conceder	to concede	reference	es:conceder|en:concede	lemma facet derived from headword
xltdt2bpq9	preceder	to precede	reference	es:preceder|en:precede	lemma facet derived from headword
zb1r0lavqo	exceder	to exceed	reference	es:exceder|en:exceed	lemma facet derived from headword
ihevpwrjl9	proceder	to proceed	reference	es:proceder|en:proceed	lemma facet derived from headword
hyjsumzen7	convertir	to convert	supporting	es:convertir|en:convert	lemma facet derived from headword
bwkdp2bsi4	revertir	to revert	reference	es:revertir|en:revert	lemma facet derived from headword
vmofgr1p4a	invertir	to invert	reference	es:invertir|en:invert	lemma facet derived from headword
19v3shosi9	corregir	to correct	supporting	es:corregir|en:correct	lemma facet derived from headword
3sxzs54o8t	dirigir	to direct	supporting	es:dirigir|en:direct	lemma facet derived from headword
mjvhe37ien	elegir	to elect	reference	es:elegir|en:elect	lemma facet derived from headword
u2q8wxrslu	proteger	to protect	supporting	es:proteger|en:protect	lemma facet derived from headword
ay52qg5p32	erigir	to erect	reference	es:erigir|en:erect	lemma facet derived from headword
wre5v1rrgt	conectar	to connect	supporting	es:conectar|en:connect	lemma facet derived from headword
sieanaw5b9	detectar	to detect	reference	es:detectar|en:detect	lemma facet derived from headword
0weozcxz12	proyectar	to project	reference	es:proyectar|en:project	lemma facet derived from headword
crnaqu05jw	perfeccionar	to perfect	reference	es:perfeccionar|en:perfect	lemma facet derived from headword
u9hxahpvn8	coleccionar	to collect	reference	es:coleccionar|en:collect	lemma facet derived from headword
w5ymlrexk6	inspeccionar	to inspect	reference	es:inspeccionar|en:inspect	lemma facet derived from headword
3scspzwt5d	instruir	to instruct	reference	es:instruir|en:instruct	lemma facet derived from headword
n0v5y8wx0o	construir	to construct	reference	es:construir|en:construct	lemma facet derived from headword
sz6kj23n5m	reconstruir	to reconstruct	reference	es:reconstruir|en:reconstruct	lemma facet derived from headword
hbbltk5r4f	obstruir	to obstruct	reference	es:obstruir|en:obstruct	lemma facet derived from headword
q6nk7om8xl	obtener	to obtain	supporting	es:obtener|en:obtain	lemma facet derived from headword
jbffg23epm	mantener	to maintain	supporting	es:mantener|en:maintain	lemma facet derived from headword
nxk7dtjdpe	sostener	to sustain	reference	es:sostener|en:sustain	lemma facet derived from headword
nk60yb6f9o	contener	to contain	supporting	es:contener|en:contain	lemma facet derived from headword
mpxfwjh99r	retener	to retain	reference	es:retener|en:retain	lemma facet derived from headword
3lzsofawpo	explicar	to explain	supporting	es:explicar|en:explain	lemma facet derived from headword
u1njnze2ss	detener	to detain	reference	es:detener|en:detain	lemma facet derived from headword
dpp6pujrc4	entretener	to entertain	reference	es:entretener|en:entertain	lemma facet derived from headword
mvddgib5ti	abstenerse	to abstain	reference	es:abstener|en:abstain	lemma facet derived from headword
p0b6bsx2vd	ocurrir	to occur	supporting	es:ocurrir|en:occur	lemma facet derived from headword
zuvh5lsd8u	incurrir en	to incur	reference	es:incurrir|en:incur	lemma facet derived from headword
4fc2kcqip3	proponer	to propose	reference	es:proponer|en:propose	lemma facet derived from headword
g05qdfu47y	oponerse	to oppose	reference	es:oponer|en:oppose	lemma facet derived from headword
mt3fyxp4nv	exponer	to expose	reference	es:exponer|en:expose	lemma facet derived from headword
x2avxaorkd	suponer	to suppose	supporting	es:suponer|en:suppose	lemma facet derived from headword
qta6ei3b67	componer	to compose	reference	es:componer|en:compose	lemma facet derived from headword
inf9g9dmd7	imponer	to impose	reference	es:imponer|en:impose	lemma facet derived from headword
3x6gdy36k9	deponer	to depose	reference	es:deponer|en:depose	lemma facet derived from headword
cencbpbbei	interponer	to interpose	reference	es:interponer|en:interpose	lemma facet derived from headword
fktf9mepcn	predisponer	to predispose	reference	es:predisponer|en:predispose	lemma facet derived from headword
rgkaoqx4c0	el carro	car	supporting	es:carro|en:car	lemma facet derived from headword
pnr1qwchct	el banco	bank	reference	es:banco|en:bank	lemma facet derived from headword
lmq979w5o9	el aeropuerto	airport	reference	es:aeropuerto|en:airport	lemma facet derived from headword
ksmdrxloop	ser difícil	to be difficult	supporting	es:ser|en:difficult	lemma facet derived from headword
vrd2xusmjs	el culto	cult	reference	es:culto|en:cult	lemma facet derived from headword
btj4xcksut	el adulto	adult	reference	es:adulto|en:adult	lemma facet derived from headword
bjymj06xqc	el insulto	insult	reference	es:insulto|en:insult	lemma facet derived from headword
yncm9uvy01	el resultado	result	reference	es:resultado|en:result	lemma facet derived from headword
ruxyw228tw	el tumulto	tumult	reference	es:tumulto|en:tumult	lemma facet derived from headword
edcgr232an	la oficina	office	reference	es:oficina|en:office	lemma facet derived from headword
5mcu9ayadt	la escuela	school	supporting	es:escuela|en:school	lemma facet derived from headword
q4hcooj6w7	admirar	to admire	supporting	es:admirar|en:admire	lemma facet derived from headword
hh62oet6li	inspirar	to inspire	supporting	es:inspirar|en:inspire	lemma facet derived from headword
f8vxtpc7m8	adquirir	to acquire	reference	es:adquirir|en:acquire	lemma facet derived from headword
j7ecz0bqjs	requerir	to require	supporting	es:requerir|en:require	lemma facet derived from headword
ggkqe82rdu	retirarse	to retire	reference	es:retirar|en:retire	lemma facet derived from headword
2y6u1mwiqm	expirar	to expire	reference	es:expirar|en:expire	lemma facet derived from headword
ukwulq0hup	aspirar a	to aspire to	reference	es:aspirar|en:aspire	lemma facet derived from headword
mpao4yhv55	conspirar	to conspire	reference	es:conspirar|en:conspire	lemma facet derived from headword
piqic5esem	continuar	to continue	supporting	es:continuar|en:continue	lemma facet derived from headword
kklu7hedoy	valorar	to value	supporting	es:valorar|en:value	lemma facet derived from headword
00igen7v9s	subvalorar	to undervalue	reference	es:subvalorar|en:undervalue	lemma facet derived from headword
mo3m4rjpyo	sobrevalorar	to overvalue	reference	es:sobrevalorar|en:overvalue	lemma facet derived from headword
349woeqgw3	devaluar	to devalue	reference	es:devaluar|en:devalue	lemma facet derived from headword
pud3q68taq	revaluar	to revalue	reference	es:revaluar|en:revalue	lemma facet derived from headword
6mkt3ys5cc	abolir	to abolish	reference	es:abolir|en:abolish	lemma facet derived from headword
tjn9t0zmm4	pulir	to polish	reference	es:pulir|en:polish	lemma facet derived from headword
3tel071upm	distinguir	to distinguish	reference	es:distinguir|en:distinguish	lemma facet derived from headword
azzxq4wu4n	extinguir	to extinguish	reference	es:extinguir|en:extinguish	lemma facet derived from headword
ggyjh7g2dw	establecer	to establish	supporting	es:establecer|en:establish	lemma facet derived from headword
90thzh7p12	demoler	to demolish	reference	es:demoler|en:demolish	lemma facet derived from headword
id9rfte04s	florecer	to flourish	reference	es:florecer|en:flourish	lemma facet derived from headword
im3warqgr0	publicar	to publish	supporting	es:publicar|en:publish	lemma facet derived from headword
z0t602y5w0	estudiar	to study	supporting	es:estudiar|en:study	lemma facet derived from headword
rr7hwdqvpq	entrenar	to train	supporting	es:entrenar|en:train	lemma facet derived from headword
u22ptddek2	espiar	to spy	reference	es:espiar|en:spy	lemma facet derived from headword
y4vzfsns1u	escanear	to scan	supporting	es:escanear|en:scan	lemma facet derived from headword
dm6zd12erf	incrementar	to increase	supporting	es:incrementar|en:increase	lemma facet derived from headword
fyldm4hx88	decrementar	to decrease	reference	es:decrementar|en:decrease	lemma facet derived from headword
3m6jm8uts6	liberar	to release	supporting	es:liberar|en:release	lemma facet derived from headword
vnrarozvhe	cesar	to cease	reference	es:cesar|en:cease	lemma facet derived from headword
ut0poxmq1d	practicar	to practice	supporting	es:practicar|en:practice	lemma facet derived from headword
2hq1d8gi4c	notar	to notice	supporting	es:notar|en:notice	lemma facet derived from headword
awo387st2o	prometer	to promise	supporting	es:prometer|en:promise	lemma facet derived from headword
lhqwt7vhxe	sacrificar	to sacrifice	reference	es:sacrificar|en:sacrifice	lemma facet derived from headword
1nm2wdol3n	terminar	to finish	supporting	es:terminar|en:finish	lemma facet derived from headword
f5l6clhdf8	castigar	to punish	reference	es:castigar|en:punish	lemma facet derived from headword
l12jegmf94	disminuir	to diminish	reference	es:disminuir|en:diminish	lemma facet derived from headword
avla9wxl8x	barnizar	to varnish	reference	es:barnizar|en:varnish	lemma facet derived from headword
svksm10h8x	usar	to use	supporting	es:usar|en:use	lemma facet derived from headword
04f7x5sjwc	excusar	to excuse	supporting	es:excusar|en:excuse	lemma facet derived from headword
t7xdhmoj13	acusar	to accuse	reference	es:acusar|en:accuse	lemma facet derived from headword
3xlw2zhcdr	confundir	to confuse	supporting	es:confundir|en:confuse	lemma facet derived from headword
pltwlpitcz	rehusar	to refuse	reference	es:rehusar|en:refuse	lemma facet derived from headword
67xfwgpbci	abusar de	to abuse	reference	es:abusar|en:abuse	lemma facet derived from headword
lztdsmka37	ser diferente	to be unlike	reference	es:ser|en:unlike	lemma facet derived from headword
nc5yb5f5cn	estar disponible	to be free	reference	es:estar|en:free	lemma facet derived from headword
aawalesw7o	vivir	to live	core	es:vivir|en:live	lemma facet derived from headword
z2tltbudld	vivir en [un lugar]	to live in [a place]	supporting	es:vivir|en:live	lemma facet derived from headword
6g3l09qji4	vivir con [alguien]	to live with [somebody]	supporting	es:vivir|en:live	lemma facet derived from headword
rd4s3p0ahf	la cuestión	question	reference	es:cuestión|en:question	lemma facet derived from headword
3jyvhogwhm	la empresa	company	reference	es:empresa|en:company	lemma facet derived from headword
248q0ci8ua	el teléfono	telephone	reference	es:teléfono|en:telephone	lemma facet derived from headword
zdz3qzzhev	ser parecido	to be similar	reference	es:ser|en:similar	lemma facet derived from headword
j6008tp8dx	consignar	to transfer	reference	es:consignar|en:transfer	lemma facet derived from headword
qrdegrts3w	construir	to build	reference	es:construir|en:build	lemma facet derived from headword
29il3kxdpo	reconstruir	to rebuild	reference	es:reconstruir|en:rebuild	lemma facet derived from headword
8nmzifpeq2	utilizar	to use	reference	es:utilizar|en:use	lemma facet derived from headword
3bbmjt77uh	rechazar	to refuse	reference	es:rechazar|en:refuse	lemma facet derived from headword
41sk71d7jq	ser rojo	to be red	supporting	es:ser|en:red	lemma facet derived from headword
wof9vipshg	ser azul	to be blue	supporting	es:ser|en:blue	lemma facet derived from headword
ij9kh31g9s	ser verde	to be green	supporting	es:ser|en:green	lemma facet derived from headword
dypln0ds39	ser amarillo	to be yellow	supporting	es:ser|en:yellow	lemma facet derived from headword
zitwttv8hl	ser blanco	to be white	supporting	es:ser|en:white	lemma facet derived from headword
hkvahmcgwi	ser negro	to be black	supporting	es:ser|en:black	lemma facet derived from headword
6msmcahhki	ser barato	to be cheap	supporting	es:ser|en:cheap	lemma facet derived from headword
ap3fcdf0yn	ser barato	to be inexpensive	reference	es:ser|en:inexpensive	lemma facet derived from headword
9vkg3r79l9	ser económico	to be cheap	reference	es:ser|en:cheap	lemma facet derived from headword
iqsip03gt7	ser económico	to be inexpensive	reference	es:ser|en:inexpensive	lemma facet derived from headword
il1qcnb04w	ser caro	to be expensive	supporting	es:ser|en:expensive	lemma facet derived from headword
qxaqglea0l	ser caro	to be dear	reference	es:ser|en:dear	lemma facet derived from headword
d36nx7wrvf	ser corto	to be short	supporting	es:ser|en:short	lemma facet derived from headword
sxsp9okeyb	ser corto	to be brief	reference	es:ser|en:brief	lemma facet derived from headword
v1a7c89j32	ser largo	to be long	supporting	es:ser|en:long	lemma facet derived from headword
7ew1qah5mw	ser largo	to be lengthy	reference	es:ser|en:lengthy	lemma facet derived from headword
tn4zxjyp3o	ser lento	to be slow	supporting	es:ser|en:slow	lemma facet derived from headword
du2i421xic	ser oscuro	to be dark	supporting	es:ser|en:dark	lemma facet derived from headword
zogyll26ke	ser fácil	to be easy	supporting	es:ser|en:easy	lemma facet derived from headword
xq3smx6et4	ser fácil	to be simple	reference	es:ser|en:simple	lemma facet derived from headword
p71stevmcf	ser gratuito	to be free of charge	reference	es:ser|en:free	lemma facet derived from headword
jo5vgnadhf	ser importante	to be major	reference	es:ser|en:major	lemma facet derived from headword
9sfglbvskv	ser incorrecto	to be incorrect	reference	es:ser|en:incorrect	lemma facet derived from headword
0m5xag1eng	ser incorrecto	to be wrong	reference	es:ser|en:wrong	lemma facet derived from headword
o76acaxaxw	ser joven	to be young	supporting	es:ser|en:young	lemma facet derived from headword
eumyulu0a5	ser juvenil	to be youthful	reference	es:ser|en:youthful	lemma facet derived from headword
s5rh58dybq	ser menor de edad	to be a minor	reference	es:ser|en:minor	lemma facet derived from headword
rscmsn8wgt	ser correcto	to be right	reference	es:ser|en:right	lemma facet derived from headword
cfov50zfzj	ser grande	to be large	reference	es:ser|en:large	lemma facet derived from headword
0ni6dh7b5l	ser juntas	to be together	reference	es:ser|en:together	lemma facet derived from headword
eqr05lh2tu	ser pequeño	to be small	supporting	es:ser|en:small	lemma facet derived from headword
5r6yy0jg6s	ser pequeño	to be little	reference	es:ser|en:little	lemma facet derived from headword
vjesp1jbub	ser rápido	to be fast	supporting	es:ser|en:fast	lemma facet derived from headword
sjbeb14kqn	ser rápido	to be quick	reference	es:ser|en:quick	lemma facet derived from headword
ifvh58e7u9	ser claro	to be light	reference	es:ser|en:light	lemma facet derived from headword
8zcb6q4a6k	ser claro	to be clear	reference	es:ser|en:clear	lemma facet derived from headword
hwb7sf71t7	ser duro	to be hard	reference	es:ser|en:hard	lemma facet derived from headword
nq399jkhun	ser duro	to be tough	reference	es:ser|en:tough	lemma facet derived from headword
2ej97sbza7	ser duro	to be harsh	reference	es:ser|en:harsh	lemma facet derived from headword
4lo9q0j4yd	estar libre	to be available	reference	es:estar|en:available	lemma facet derived from headword
3kvxnmbfe5	estar listo	to be ready	reference	es:estar|en:ready	lemma facet derived from headword
aka9qxppt2	ser listo	to be clever	reference	es:ser|en:clever	lemma facet derived from headword
61km55vsoh	estar ocupado	to be busy	supporting	es:estar|en:busy	lemma facet derived from headword
ltyh3i8eqd	estar ocupado	to be occupied	reference	es:estar|en:occupied	lemma facet derived from headword
uzeqfh2cbl	ser viejo	to be old	reference	es:ser|en:old	lemma facet derived from headword
l71xfacivn	ser viejo	to be elderly	reference	es:ser|en:elderly	lemma facet derived from headword
c78n36azdg	ser viejo	to be old-fashioned	reference	es:ser|en:old-fashioned	lemma facet derived from headword
b1u0tt59t0	uno	one	supporting	es:uno|en:one	lemma facet derived from headword
sg0mhmy1g3	dos	two	supporting	es:dos|en:two	lemma facet derived from headword
916fz6l1gh	tres	three	supporting	es:tres|en:three	lemma facet derived from headword
sj02ormmtw	cuatro	four	supporting	es:cuatro|en:four	lemma facet derived from headword
wt98samedo	cinco	five	supporting	es:cinco|en:five	lemma facet derived from headword
oy8v5zvn8b	seis	six	supporting	es:seis|en:six	lemma facet derived from headword
51gbegi9xv	siete	seven	supporting	es:siete|en:seven	lemma facet derived from headword
qakubdvxn4	ocho	eight	supporting	es:ocho|en:eight	lemma facet derived from headword
8kk62n54ek	nueve	nine	supporting	es:nueve|en:nine	lemma facet derived from headword
2rx2xhdh4h	diez	ten	supporting	es:diez|en:ten	lemma facet derived from headword
jv6ldncrer	once	eleven	supporting	es:once|en:eleven	lemma facet derived from headword
g04obyf6c6	doce	twelve	supporting	es:doce|en:twelve	lemma facet derived from headword
2595sz61k6	trece	thirteen	supporting	es:trece|en:thirteen	lemma facet derived from headword
zxxuc9rbeo	catorce	fourteen	supporting	es:catorce|en:fourteen	lemma facet derived from headword
81mkho1vkn	quince	fifteen	supporting	es:quince|en:fifteen	lemma facet derived from headword
feji8uhi1z	dieciséis	sixteen	supporting	es:dieciséis|en:sixteen	lemma facet derived from headword
262y5pq2yi	diecisiete	seventeen	supporting	es:diecisiete|en:seventeen	lemma facet derived from headword
051wgcuarr	dieciocho	eighteen	supporting	es:dieciocho|en:eighteen	lemma facet derived from headword
renlsnx9th	diecinueve	nineteen	supporting	es:diecinueve|en:nineteen	lemma facet derived from headword
vv3m29x1n3	veinte	twenty	supporting	es:veinte|en:twenty	lemma facet derived from headword
d3js97oguz	treinta	thirty	supporting	es:treinta|en:thirty	lemma facet derived from headword
6i07a6cfgd	cuarenta	forty	supporting	es:cuarenta|en:forty	lemma facet derived from headword
887il2wd8y	cincuenta	fifty	supporting	es:cincuenta|en:fifty	lemma facet derived from headword
ezhc4jm343	sesenta	sixty	supporting	es:sesenta|en:sixty	lemma facet derived from headword
bhyg7mtanw	setenta	seventy	supporting	es:setenta|en:seventy	lemma facet derived from headword
bdzltbyuwl	ochenta	eighty	supporting	es:ochenta|en:eighty	lemma facet derived from headword
pdr584zg3c	noventa	ninety	supporting	es:noventa|en:ninety	lemma facet derived from headword
q9tuqos4be	enero	January	supporting	es:enero|en:january	lemma facet derived from headword
jwz58gd92h	febrero	February	supporting	es:febrero|en:february	lemma facet derived from headword
z4zh0vz9g7	marzo	March	supporting	es:marzo|en:march	lemma facet derived from headword
9dultormoy	abril	April	supporting	es:abril|en:april	lemma facet derived from headword
8t5gcxfjja	mayo	May	supporting	es:mayo|en:may	lemma facet derived from headword
4vqpc9njvy	junio	June	supporting	es:junio|en:june	lemma facet derived from headword
1y17lp2kym	julio	July	supporting	es:julio|en:july	lemma facet derived from headword
0j3b8dq5ol	agosto	August	supporting	es:agosto|en:august	lemma facet derived from headword
up01db9skk	septiembre	September	supporting	es:septiembre|en:september	lemma facet derived from headword
9q7ietsmy0	octubre	October	supporting	es:octubre|en:october	lemma facet derived from headword
iv25rev3nx	noviembre	November	supporting	es:noviembre|en:november	lemma facet derived from headword
i9xzj22sh8	diciembre	December	supporting	es:diciembre|en:december	lemma facet derived from headword
b5bellazox	lunes	Monday	supporting	es:lunes|en:monday	lemma facet derived from headword
dmds1ataaw	martes	Tuesday	supporting	es:martes|en:tuesday	lemma facet derived from headword
vdmuuz7ozq	miércoles	Wednesday	supporting	es:miércoles|en:wednesday	lemma facet derived from headword
kpscphg0bi	jueves	Thursday	supporting	es:jueves|en:thursday	lemma facet derived from headword
hwpige4nqc	viernes	Friday	supporting	es:viernes|en:friday	lemma facet derived from headword
dtrbrlnt7k	sábado	Saturday	supporting	es:sábado|en:saturday	lemma facet derived from headword
7cm192p84m	domingo	Sunday	supporting	es:domingo|en:sunday	lemma facet derived from headword
2h3rzc2x6s	el libro	book	supporting	es:libro|en:book	lemma facet derived from headword
9rswx58qx1	inglés	English	supporting	es:inglés|en:english	lemma facet derived from headword
0r3hwsp9ge	español	Spanish	supporting	es:español|en:spanish	lemma facet derived from headword
yrjum3vv1w	el amigo	friend	supporting	es:amigo|en:friend	lemma facet derived from headword
nq73s5l3lz	la amiga	friend	supporting	es:amiga|en:friend	lemma facet derived from headword
d9y1w0dh2h	la película	movie	supporting	es:película|en:movie	lemma facet derived from headword
0rvw4dkalt	la película	film	reference	es:película|en:film	lemma facet derived from headword
cx21gif0mc	el negocio	business	reference	es:negocio|en:business	lemma facet derived from headword
tb4pl8tpv6	la firma	firm	reference	es:firma|en:firm	lemma facet derived from headword
2lpvfuekos	el dinero	money	supporting	es:dinero|en:money	lemma facet derived from headword
ne9ewy4gyy	el efectivo	cash	reference	es:efectivo|en:cash	lemma facet derived from headword
n4uu5aergm	los fondos	funds	reference	es:fondos|en:funds	lemma facet derived from headword
4iu89gjrym	la tarea	homework	supporting	es:tarea|en:homework	lemma facet derived from headword
zd1m5yy2wo	la obligación	obligation	reference	es:obligación|en:obligation	lemma facet derived from headword
xxxqpliz9z	la responsabilidad	responsibility	reference	es:responsabilidad|en:responsibility	lemma facet derived from headword
tzymzgnepe	la cosa	thing	supporting	es:cosa|en:thing	lemma facet derived from headword
u8ffmygjqi	la cosa	stuff	reference	es:cosa|en:stuff	lemma facet derived from headword
w163e394kz	la cosa	matter	reference	es:cosa|en:matter	lemma facet derived from headword
kb60ft9vlh	la llave	key	supporting	es:llave|en:key	lemma facet derived from headword
hpiz3izlaw	la llave	faucet	reference	es:llave|en:faucet	lemma facet derived from headword
0n0ar2glgf	la llave	wrench	reference	es:llave|en:wrench	lemma facet derived from headword
lajv8m56q4	la mesa	table	supporting	es:mesa|en:table	lemma facet derived from headword
0kp3n4tcx0	la mesa	board	reference	es:mesa|en:board	lemma facet derived from headword
ja9mynizmv	la respuesta	answer	supporting	es:respuesta|en:answer	lemma facet derived from headword
4h3zre0pgl	la respuesta	response	reference	es:respuesta|en:response	lemma facet derived from headword
tgg4f3gsz3	la respuesta	reply	reference	es:respuesta|en:reply	lemma facet derived from headword
1ngo1jbzh2	la luz	light	supporting	es:luz|en:light	lemma facet derived from headword
m8g7uv9h3o	la luz	power	reference	es:luz|en:power	lemma facet derived from headword
8d89ksf4c0	el precio	price	supporting	es:precio|en:price	lemma facet derived from headword
mr5xljej8s	el precio	cost	reference	es:precio|en:cost	lemma facet derived from headword
ek2x9o8sgz	el precio	rate	reference	es:precio|en:rate	lemma facet derived from headword
g1yh4vj4da	la reserva	booking	reference	es:reserva|en:booking	lemma facet derived from headword
wjxfz4hww7	la reserva	reserve	reference	es:reserva|en:reserve	lemma facet derived from headword
ezf2ocstyu	la mitad	half	supporting	es:mitad|en:half	lemma facet derived from headword
rqt46d3561	la mitad	one half	reference	es:mitad|en:one	lemma facet derived from headword
wd68uucn9l	un tercio	a third	reference	es:tercio|en:third	lemma facet derived from headword
sgvxuylgfs	un tercio	one third	reference	es:tercio|en:one	lemma facet derived from headword
mb4zmfrpfh	un cuarto	a quarter	reference	es:cuarto|en:quarter	lemma facet derived from headword
h1w3xoe5v0	un cuarto	one fourth	reference	es:cuarto|en:one	lemma facet derived from headword
zkp7daj58t	quizá	maybe	supporting	es:quizá|en:maybe	lemma facet derived from headword
b6sllrim7m	quizá	perhaps	reference	es:quizá|en:perhaps	lemma facet derived from headword
x788022mpy	quizá	possibly	reference	es:quizá|en:possibly	lemma facet derived from headword
03cqmjtz6k	cien	one hundred	supporting	es:cien|en:one	lemma facet derived from headword
ctd9xdzidv	mil	one thousand	supporting	es:mil|en:one	lemma facet derived from headword
sdy4rgtwmm	un millón	one million	reference	es:millón|en:one	lemma facet derived from headword
dciouj17pb	mil millones	one billion	reference	es:mil|en:one	lemma facet derived from headword
k55vujgmii	un billón	one trillion	reference	es:billón|en:one	lemma facet derived from headword
fav0tspprb	vigésimo	twentieth	reference	es:vigésimo|en:twentieth	lemma facet derived from headword
3zrpmgzhu0	vigésimo primero	twenty-first	reference	es:vigésimo|en:twenty-first	lemma facet derived from headword
qtu26s1v80	vigésimo segundo	twenty-second	reference	es:vigésimo|en:twenty-second	lemma facet derived from headword
i854uf9zga	vigésimo tercero	twenty-third	reference	es:vigésimo|en:twenty-third	lemma facet derived from headword
jccwif5bru	vigésimo cuarto	twenty-fourth	reference	es:vigésimo|en:twenty-fourth	lemma facet derived from headword
hiy3ohj2u3	vigésimo quinto	twenty-fifth	reference	es:vigésimo|en:twenty-fifth	lemma facet derived from headword
k5y9psummq	vigésimo octavo	twenty-eighth	reference	es:vigésimo|en:twenty-eighth	lemma facet derived from headword
kp1yf7bp6y	vigésimo noveno	twenty-ninth	reference	es:vigésimo|en:twenty-ninth	lemma facet derived from headword
kpgve97xvk	trigésimo	thirtieth	reference	es:trigésimo|en:thirtieth	lemma facet derived from headword
myxgwcbh32	trigésimo primero	thirty-first	reference	es:trigésimo|en:thirty-first	lemma facet derived from headword
75fnqpigxy	centésimo	hundredth	reference	es:centésimo|en:hundredth	lemma facet derived from headword
8tpyd0qe5n	milésimo	thousandth	reference	es:milésimo|en:thousandth	lemma facet derived from headword
i92vaq4f3x	millonésimo	millionth	reference	es:millonésimo|en:millionth	lemma facet derived from headword
9o6a4s1b8r	primero	first	supporting	es:primero|en:first	lemma facet derived from headword
b873sqi6dn	segundo	second	supporting	es:segundo|en:second	lemma facet derived from headword
tjcqfkkqiu	tercero	third	supporting	es:tercero|en:third	lemma facet derived from headword
wyiqfycbnf	cuarto	fourth	supporting	es:cuarto|en:fourth	lemma facet derived from headword
zx0826h1su	quinto	fifth	supporting	es:quinto|en:fifth	lemma facet derived from headword
9xwjaxx2ka	sexto	sixth	supporting	es:sexto|en:sixth	lemma facet derived from headword
bfnuu0ozjx	séptimo	seventh	supporting	es:séptimo|en:seventh	lemma facet derived from headword
t6wkqhpm57	octavo	eighth	supporting	es:octavo|en:eighth	lemma facet derived from headword
eoj808qjm7	noveno	ninth	supporting	es:noveno|en:ninth	lemma facet derived from headword
t4ckxs8du4	décimo	tenth	supporting	es:décimo|en:tenth	lemma facet derived from headword
aprfxkmesv	undécimo	eleventh	reference	es:undécimo|en:eleventh	lemma facet derived from headword
fv9twzk5vu	duodécimo	twelfth	reference	es:duodécimo|en:twelfth	lemma facet derived from headword
oljrncfcgu	decimotercero	thirteenth	reference	es:decimotercero|en:thirteenth	lemma facet derived from headword
4j4cet6jrx	decimocuarto	fourteenth	reference	es:decimocuarto|en:fourteenth	lemma facet derived from headword
4d3heb4mbq	decimoquinto	fifteenth	reference	es:decimoquinto|en:fifteenth	lemma facet derived from headword
d9ku6sypzb	decimosexto	sixteenth	reference	es:decimosexto|en:sixteenth	lemma facet derived from headword
qy8dbta3g5	decimoséptimo	seventeenth	reference	es:decimoséptimo|en:seventeenth	lemma facet derived from headword
w7v1xbofeh	decimoctavo	eighteenth	reference	es:decimoctavo|en:eighteenth	lemma facet derived from headword
v8mzz6qkky	decimonoveno	nineteenth	reference	es:decimonoveno|en:nineteenth	lemma facet derived from headword
gcoihxt1nd	la esposa	wife	supporting	es:esposa|en:wife	lemma facet derived from headword
z8xm9uqiox	la esposa	spouse	reference	es:esposa|en:spouse	lemma facet derived from headword
j7296c3d60	el esposo	husband	supporting	es:esposo|en:husband	lemma facet derived from headword
6yss2iyg90	el esposo	spouse	reference	es:esposo|en:spouse	lemma facet derived from headword
y3kxfgic1c	la familia	household	reference	es:familia|en:household	lemma facet derived from headword
f1n3f66q0x	la familia	relatives	reference	es:familia|en:relatives	lemma facet derived from headword
19ya004i8h	la hermana	sister	supporting	es:hermana|en:sister	lemma facet derived from headword
0l8y0chxte	la hermana	sibling	reference	es:hermana|en:sibling	lemma facet derived from headword
zzhyif0y93	la hermandad	brotherhood	reference	es:hermandad|en:brotherhood	lemma facet derived from headword
1afwz1es4v	la hermandad	sisterhood	reference	es:hermandad|en:sisterhood	lemma facet derived from headword
92y2a0e1y5	la hermandad	fraternity	reference	es:hermandad|en:fraternity	lemma facet derived from headword
knrpc1el8z	el hermano	brother	supporting	es:hermano|en:brother	lemma facet derived from headword
g7st4i3f1w	el hermano	sibling	reference	es:hermano|en:sibling	lemma facet derived from headword
za4fiubic9	el hombre	man	supporting	es:hombre|en:man	lemma facet derived from headword
r2qjh18oon	el hombre	guy	reference	es:hombre|en:guy	lemma facet derived from headword
26sqfogn1d	el hombre	male	reference	es:hombre|en:male	lemma facet derived from headword
e03ov1snu4	la mujer	woman	supporting	es:mujer|en:woman	lemma facet derived from headword
3lzqrwju25	la mujer	lady	reference	es:mujer|en:lady	lemma facet derived from headword
c4vjzclfbe	la mujer	female	reference	es:mujer|en:female	lemma facet derived from headword
829mnuv3af	la niña	child	reference	es:niña|en:child	lemma facet derived from headword
5cbtxjya9w	la niña	girl	supporting	es:niña|en:girl	lemma facet derived from headword
fb4v0olqo7	la niña	kid	reference	es:niña|en:kid	lemma facet derived from headword
0ytjmo9vca	el niño	child	supporting	es:niño|en:child	lemma facet derived from headword
e0ljw8aj5i	el niño	boy	supporting	es:niño|en:boy	lemma facet derived from headword
wk98ucmw9z	el niño	kid	reference	es:niño|en:kid	lemma facet derived from headword
j48zuk79f7	la persona	person	supporting	es:persona|en:person	lemma facet derived from headword
aiktgq5j7u	la persona	people	reference	es:persona|en:people	lemma facet derived from headword
yxytcw4sfd	la persona	somebody	reference	es:persona|en:somebody	lemma facet derived from headword
oy7x5xmtxf	el lugar	place	supporting	es:lugar|en:place	lemma facet derived from headword
jerljir3i3	la casa	home	supporting	es:casa|en:home	lemma facet derived from headword
94xmzhpqs2	el hogar	home	reference	es:hogar|en:home	lemma facet derived from headword
ikrf0t6hcc	la tienda	store	supporting	es:tienda|en:store	lemma facet derived from headword
z4gqxgd1ln	el cuarto	room	supporting	es:cuarto|en:room	lemma facet derived from headword
graetcx43j	la habitación	room	reference	es:habitación|en:room	lemma facet derived from headword
7w31zud2ye	el baño	bathroom	supporting	es:baño|en:bathroom	lemma facet derived from headword
eqgkxdihiu	el barrio	neighborhood	reference	es:barrio|en:neighborhood	lemma facet derived from headword
m0woso3bh0	la ciudad	city	supporting	es:ciudad|en:city	lemma facet derived from headword
x3fde0xia4	el país	country	supporting	es:país|en:country	lemma facet derived from headword
3z3dcdm7iy	en casa	at home	supporting	es:en|en:at	lemma facet derived from headword
3j18tf1yhr	a casa	home	reference	en:home	lemma facet derived from headword
itbjcq4mo3	de casa	from home	reference	es:de|en:from	lemma facet derived from headword
4240qxyqxs	cerca de un lugar	near a place	supporting	es:cerca|en:near	lemma facet derived from headword
0bxkcfqexz	cerca de un lugar	close to a place	reference	es:cerca|en:close	lemma facet derived from headword
jlm6vadinl	lejos de un lugar	far from a place	supporting	es:lejos|en:far	lemma facet derived from headword
0wx9x5ccnb	por favor	please	supporting	es:por|en:please	lemma facet derived from headword
p81hj5z5ld	perdón	excuse me	supporting	es:perdón|en:excuse	lemma facet derived from headword
4blzjcf3qz	disculpe	excuse me	supporting	es:disculpe|en:excuse	lemma facet derived from headword
0u1ebaante	perdón	I'm sorry	supporting	es:perdón|en:i'm	lemma facet derived from headword
tbbig44xx6	gracias	thank you	supporting	es:gracias|en:thank	lemma facet derived from headword
gbgjnn5rhj	gracias	thanks	supporting	es:gracias|en:thanks	lemma facet derived from headword
tpnkufeuit	con gusto	you're welcome	supporting	es:con|en:you're	lemma facet derived from headword
hwdyiqf0pm	de nada	you're welcome	supporting	es:de|en:you're	lemma facet derived from headword
b1nubjxiqh	no hay problema	no problem	supporting	es:haber|en:problem	lemma facet derived from headword
v5g3ptkmgk	pronto	soon	supporting	es:pronto|en:soon	lemma facet derived from headword
v103p7ixjh	temprano	early	supporting	es:temprano|en:early	lemma facet derived from headword
nhzn8b4wuw	más temprano	earlier	reference	es:más|en:earlier	lemma facet derived from headword
3csk0n8wv5	aguantar [algo]	to stand [something]	reference	es:aguantar|en:stand	lemma facet derived from headword
uc3biyl1if	aguantar [algo]	to endure [something]	reference	es:aguantar|en:endure	lemma facet derived from headword
v9e6hk1qoa	aguantar	to hold on	reference	es:aguantar|en:hold	lemma facet derived from headword
yuwen0h3mn	aguantar [un peso]	to support [a weight]	reference	es:aguantar|en:support	lemma facet derived from headword
23wqurqvf5	apagar [algo]	to turn off [something]	supporting	es:apagar|en:turn	lemma facet derived from headword
mnhttsu43g	apagar [un dispositivo]	to shut down [a device]	reference	es:apagar|en:shut	lemma facet derived from headword
mtyml2elsq	apagarse	to fade away	reference	es:apagar|en:fade	lemma facet derived from headword
kqlemql5q9	aprovechar [algo]	to take advantage of [something]	reference	es:aprovechar|en:take	lemma facet derived from headword
fccjkbxo8e	aprovechar [algo]	to make good use of [something]	reference	es:aprovechar|en:make	lemma facet derived from headword
2303bj64di	aprovechar [algo]	to enjoy [something]	reference	es:aprovechar|en:enjoy	lemma facet derived from headword
dzpf9yqfk0	aprovechar [algo]	to benefit from [something]	reference	es:aprovechar|en:benefit	lemma facet derived from headword
iw04703udx	arreglar [algo]	to fix [something]	reference	es:arreglar|en:fix	lemma facet derived from headword
q9zbgkk8yk	arreglar [algo]	to arrange [something]	reference	es:arreglar|en:arrange	lemma facet derived from headword
hx40f5mh59	arreglar [algo]	to tidy [something]	reference	es:arreglar|en:tidy	lemma facet derived from headword
nk3mx4ovzj	arreglarse	to get ready	reference	es:arreglar|en:get	lemma facet derived from headword
7p36ly7jyy	arreglar [algo]	to sort out [something]	reference	es:arreglar|en:sort	lemma facet derived from headword
2wlkj6fsi0	averiguar [algo]	to find out [something]	reference	es:averiguar|en:find	lemma facet derived from headword
8r4z6jowv4	averiguar si [algo]	to check whether [something]	reference	es:averiguar|en:check	lemma facet derived from headword
bqsknok02n	averiguar [algo]	to investigate [something]	reference	es:averiguar|en:investigate	lemma facet derived from headword
3azngvgkey	avisarle a [alguien]	to let [somebody] know	reference	es:avisar|en:let	lemma facet derived from headword
dt5zczywaz	avisarle a [alguien] de [algo]	to warn [somebody] about [something]	reference	es:avisar|en:warn	lemma facet derived from headword
985gwu0ia6	avisarle a [alguien] que [algo]	to tell [somebody] that [something]	reference	es:avisar|en:tell	lemma facet derived from headword
lulzol5k19	avisarle a [alguien]	to alert [somebody]	reference	es:avisar|en:alert	lemma facet derived from headword
1fuuisjsfo	bajar	to go down	supporting	es:bajar|en:go	lemma facet derived from headword
ciqmuidd85	bajar	to come down	reference	es:bajar|en:come	lemma facet derived from headword
nhvpol4yeg	bajar [algo]	to lower [something]	reference	es:bajar|en:lower	lemma facet derived from headword
60j5r1u055	bajarse de [un transporte]	to get off [transportation]	reference	es:bajar|en:get	lemma facet derived from headword
ajw2q69mhg	bajar [un archivo]	to download [a file]	reference	es:bajar|en:download	lemma facet derived from headword
vrgb6w3s8v	bajar [un ajuste]	to turn down [a setting]	reference	es:bajar|en:turn	lemma facet derived from headword
nzirmwwqz0	bajar	to fall	reference	es:bajar|en:fall	lemma facet derived from headword
v6f48guuvb	bajar de peso	to lose weight	reference	es:bajar|en:lose	lemma facet derived from headword
ndldiki9y2	buscar [algo]	to search for [something]	reference	es:buscar|en:search	lemma facet derived from headword
3iu0b08m81	buscar [algo]	to seek [something]	reference	es:buscar|en:seek	lemma facet derived from headword
n01pzhcp0p	caber	to fit	reference	es:caber|en:fit	lemma facet derived from headword
2h41m9g49b	caber [alguien/algo]	for there to be room for [somebody/something]	reference	es:caber|en:for	lemma facet derived from headword
qwu0of4uv5	caber la posibilidad de que [algo]	for it to be possible that [something]	reference	es:caber|en:for	lemma facet derived from headword
gltra9r0tv	caber destacar [algo]	for [something] to be worth noting	reference	es:caber|en:for	lemma facet derived from headword
p9d0sm7xt2	caber [algo]	to fit in [something]	reference	es:caber|en:fit	lemma facet derived from headword
1rve8jq2rm	cambiar [algo] por [algo]	to exchange [something] for [something]	reference	es:cambiar|en:exchange	lemma facet derived from headword
lhq2q49kwb	cambiar de [algo]	to switch [something]	reference	es:cambiar|en:switch	lemma facet derived from headword
1c10sdwf8m	cambiarse	to get changed	reference	es:cambiar|en:get	lemma facet derived from headword
t40gce06y2	cargar [algo]	to carry [something]	reference	es:cargar|en:carry	lemma facet derived from headword
t8qj2utyn9	cargar [algo]	to load [something]	reference	es:cargar|en:load	lemma facet derived from headword
d5wk0wunlt	cargar [un dispositivo]	to charge [a device]	reference	es:cargar|en:charge	lemma facet derived from headword
4iyr2ixs50	cargarle [una cantidad] a [alguien]	to charge [somebody] [an amount]	reference	es:cargar|en:charge	lemma facet derived from headword
jjln6naurj	cargar con [algo]	to bear [something]	reference	es:cargar|en:bear	lemma facet derived from headword
idq8drq64m	cargarle [algo] a [alguien]	to blame [somebody] for [something]	reference	es:cargar|en:blame	lemma facet derived from headword
tztlzyvj4i	cargarse [algo] al hombro	to take on [something]	reference	es:cargar|en:take	lemma facet derived from headword
bk7v369c35	cargarse [algo]	to wreck [something]	reference	es:cargar|en:wreck	lemma facet derived from headword
ekfnmwolxk	cargarse a [alguien]	to kill [somebody]	reference	es:cargar|en:kill	lemma facet derived from headword
258notkgdg	encargar [algo]	to order [something]	reference	es:encargar|en:order	lemma facet derived from headword
aglyv4d8zx	encargar [algo]	to commission [something]	reference	es:encargar|en:commission	lemma facet derived from headword
7ckfdreaoe	encargarle [algo] a [alguien]	to put [somebody] in charge of [something]	reference	es:encargar|en:put	lemma facet derived from headword
yiqjr127ed	encargarle a [alguien] que [haga algo]	to ask [somebody] to [do something]	reference	es:encargar|en:ask	lemma facet derived from headword
0mxnpd7krx	encargarse de [algo]	to take care of [something]	reference	es:encargar|en:take	lemma facet derived from headword
nse7vj3fbs	estar encargado de [algo]	to be in charge of [something]	reference	es:estar|en:in	lemma facet derived from headword
bldd0u1kcp	dejar [algo] encargado a [alguien]	to leave [something] in [somebody's] care	reference	es:dejar|en:leave	lemma facet derived from headword
qtbz9cya2h	cerrar [algo]	to close [something]	reference	es:cerrar|en:close	lemma facet derived from headword
1k43tn2tg5	cerrar	to close	reference	es:cerrar|en:close	lemma facet derived from headword
8aqh4o1vop	cerrar [algo]	to block off [something]	reference	es:cerrar|en:block	lemma facet derived from headword
7956o3ws9x	cerrar un trato	to close a deal	reference	es:cerrar|en:close	lemma facet derived from headword
vaxrphuc47	cerrar sesión	to log out	reference	es:cerrar|en:log	lemma facet derived from headword
4rr4ihku5z	cobrar [una cantidad]	to charge [an amount]	reference	es:cobrar|en:charge	lemma facet derived from headword
gq5djwrawm	cobrar [un cheque]	to cash [a check]	reference	es:cobrar|en:cash	lemma facet derived from headword
vb0be6c64h	cobrar	to get paid	reference	es:cobrar|en:get	lemma facet derived from headword
y3q7db5o7c	cobrar [una vida]	to claim [a life]	reference	es:cobrar|en:claim	lemma facet derived from headword
faqcrnung3	coger [algo]	to take [something]	reference	es:coger|en:take	lemma facet derived from headword
r0b8fwymx2	coger [algo]	to catch [something]	reference	es:coger|en:catch	lemma facet derived from headword
ht05bqf0zg	coger [algo]	to pick up [something]	reference	es:coger|en:pick	lemma facet derived from headword
ly7bh5hzsw	coger [algo]	to grab [something]	reference	es:coger|en:grab	lemma facet derived from headword
zrzt4f88zv	coger [un transporte]	to take [transportation]	reference	es:coger|en:take	lemma facet derived from headword
zkrc7g5j4s	coger [una enfermedad]	to catch [an illness]	reference	es:coger|en:catch	lemma facet derived from headword
zo1bmih61v	coger a [alguien]	to catch [somebody]	reference	es:coger|en:catch	lemma facet derived from headword
g976gj0kj7	recoger a [alguien]	to pick up [somebody]	reference	es:recoger|en:pick	lemma facet derived from headword
0yy3snthgr	recoger [algo]	to pick up [something]	reference	es:recoger|en:pick	lemma facet derived from headword
jamzrjyu53	recoger [algo]	to collect [something]	reference	es:recoger|en:collect	lemma facet derived from headword
2lv3x5lyra	recoger [algo]	to gather [something]	reference	es:recoger|en:gather	lemma facet derived from headword
06myksilk1	recoger [algo]	to tidy up [something]	reference	es:recoger|en:tidy	lemma facet derived from headword
5etoq8ytib	recoger [algo]	to retrieve [something]	reference	es:recoger|en:retrieve	lemma facet derived from headword
h5hnajl1et	recoger [algo]	to harvest [something]	reference	es:recoger|en:harvest	lemma facet derived from headword
g8xlqd0im0	recoger [algo]	to take in [something]	reference	es:recoger|en:take	lemma facet derived from headword
4ke2yrlcfd	recoger [algo]	to fold [something]	reference	es:recoger|en:fold	lemma facet derived from headword
7xz1ir7spt	comprar [una idea]	to buy into [an idea]	reference	es:comprar|en:buy	lemma facet derived from headword
oxdrdskeju	correr	to run	supporting	es:correr|en:run	lemma facet derived from headword
7ahutb8oat	correr	to flow	reference	es:correr|en:flow	lemma facet derived from headword
yjqeu46wjo	correr [algo]	to move [something]	reference	es:correr|en:move	lemma facet derived from headword
cb76eu618e	correr [un programa]	to run [a program]	reference	es:correr|en:run	lemma facet derived from headword
1wrulf5p6q	correr un riesgo	to take a risk	reference	es:correr|en:take	lemma facet derived from headword
o5cjflzcow	cuidar a [alguien]	to take care of [somebody]	reference	es:cuidar|en:take	lemma facet derived from headword
d20bdrzjfo	cuidar a [alguien]	to look after [somebody]	supporting	es:cuidar|en:look	lemma facet derived from headword
4m126edqdj	cuidar [algo]	to watch [something]	reference	es:cuidar|en:watch	lemma facet derived from headword
kova6764iw	dolerle [algo] a [alguien]	for [something] to hurt [somebody]	reference	es:doler|en:for	lemma facet derived from headword
swig6imniy	tener dolor de [algo]	to have an ache in [something]	reference	es:tener|en:ache	lemma facet derived from headword
4hswrv4rqb	dolerle a [alguien] [algo]	for [something] to hurt [somebody] emotionally	reference	es:doler|en:for	lemma facet derived from headword
cxbxbe3chs	dolerle a [alguien] haber [hecho algo]	to be sorry to have [done something]	reference	es:doler|en:sorry	lemma facet derived from headword
b29ry1lt3n	dormir	to sleep	supporting	es:dormir|en:sleep	lemma facet derived from headword
mhrr71qehn	dormirse	to fall asleep	reference	es:dormir|en:fall	lemma facet derived from headword
j3k1bs0v53	dormir en casa de [alguien]	to stay overnight at [somebody's] house	reference	es:dormir|en:stay	lemma facet derived from headword
fds16n18cd	dormir a [alguien]	to put [somebody] to sleep	reference	es:dormir|en:put	lemma facet derived from headword
q95d0isu40	despertar a [alguien]	to wake [somebody]	reference	es:despertar|en:wake	lemma facet derived from headword
fdh8vgmuvf	despertarse	to wake up	reference	es:despertar|en:wake	lemma facet derived from headword
0b4hc13d3y	despertar [algo]	to arouse [something]	reference	es:despertar|en:arouse	lemma facet derived from headword
nk2i3367g9	despertar [algo]	to spark [something]	reference	es:despertar|en:spark	lemma facet derived from headword
abycyirnp6	elegir [algo]	to choose [something]	supporting	es:elegir|en:choose	lemma facet derived from headword
mnsgd6cvbc	elegir [hacer algo]	to choose to [do something]	reference	es:elegir|en:choose	lemma facet derived from headword
ooo5pxwt1y	empezar	to start	reference	es:empezar|en:start	lemma facet derived from headword
pwk8rwyqxo	empezar a [hacer algo]	to begin [doing something]	reference	es:empezar|en:begin	lemma facet derived from headword
eeqa5shfq0	empezar por [hacer algo]	to start by [doing something]	reference	es:empezar|en:start	lemma facet derived from headword
6ufoal1lhk	encender [algo]	to turn on [something]	reference	es:encender|en:turn	lemma facet derived from headword
ngpbpfvmft	encender [algo]	to light [something]	reference	es:encender|en:light	lemma facet derived from headword
tk7obpumjc	encender [un vehículo]	to start [a vehicle]	reference	es:encender|en:start	lemma facet derived from headword
jgf787l3a9	encender [algo]	to spark [something]	reference	es:encender|en:spark	lemma facet derived from headword
ytf51bteap	encontrar [algo]	to find [something]	core	es:encontrar|en:find	lemma facet derived from headword
qvh1dhowu6	encontrarse con [alguien]	to run into [somebody]	reference	es:encontrar|en:run	lemma facet derived from headword
wznipra1vi	encontrar [algo] [adjetivo]	to find [something] [adjective]	reference	es:encontrar|en:find	lemma facet derived from headword
bmeoatx5uw	encontrarse en [un lugar]	to be located in [a place]	reference	es:encontrar|en:located	lemma facet derived from headword
5ifvhmev6q	encontrarse [adjetivo]	to feel [adjective]	reference	es:encontrar|en:feel	lemma facet derived from headword
rfz1qo5i8n	entender [algo]	to understand [something]	core	es:entender|en:understand	lemma facet derived from headword
q1wk0yi0eo	entender [algo]	to get [something]	reference	es:entender|en:get	lemma facet derived from headword
rvq2d8l5eq	gastar [algo]	to spend [something]	supporting	es:gastar|en:spend	lemma facet derived from headword
ng08o0l6bt	gastar [algo]	to waste [something]	reference	es:gastar|en:waste	lemma facet derived from headword
4dots3x0dv	gastar [algo]	to use up [something]	reference	es:gastar|en:use	lemma facet derived from headword
luo268lj6k	gastarse	to wear out	reference	es:gastar|en:wear	lemma facet derived from headword
3t68o5qzoy	guardar [algo]	to keep [something]	reference	es:guardar|en:keep	lemma facet derived from headword
3u7kob7n30	guardar [un archivo]	to save [a file]	reference	es:guardar|en:save	lemma facet derived from headword
v1xen0we5r	guardar [algo]	to put away [something]	reference	es:guardar|en:put	lemma facet derived from headword
yqer3iro9h	guardar un secreto	to keep a secret	reference	es:guardar|en:keep	lemma facet derived from headword
1a5rmyh1gn	guardar silencio	to remain silent	reference	es:guardar|en:remain	lemma facet derived from headword
5x31mxhcwq	jugar [un juego o deporte]	to play [a game or sport]	supporting	es:jugar|en:play	lemma facet derived from headword
z3mhhaiia2	jugar [dinero]	to gamble [money]	reference	es:jugar|en:gamble	lemma facet derived from headword
fsiaz32aji	jugar un papel	to play a role	reference	es:jugar|en:play	lemma facet derived from headword
krz97g2k8a	jugar con [algo]	to play with [something]	reference	es:jugar|en:play	lemma facet derived from headword
lgialq6b94	matar a [algo/alguien]	to kill [something/somebody]	reference	es:matar|en:kill	lemma facet derived from headword
9a1cfj0hhj	matar el tiempo	to kill time	reference	es:matar|en:kill	lemma facet derived from headword
n59cs066v8	matar a [alguien]	to be killing [somebody]	reference	es:matar|en:killing	lemma facet derived from headword
8on4ssnvkm	meter [algo] en [algo]	to put [something] into [something]	reference	es:meter|en:put	lemma facet derived from headword
q8k4rkte05	meter [algo] en [algo]	to insert [something] into [something]	reference	es:meter|en:insert	lemma facet derived from headword
8eeezi57j4	meterse en [un lugar]	to get into [a place]	reference	es:meter|en:get	lemma facet derived from headword
0xc6cj4q1g	meter a [alguien] en [algo]	to involve [somebody] in [something]	reference	es:meter|en:involve	lemma facet derived from headword
grcvzooa7a	meterse en [algo]	to interfere in [something]	reference	es:meter|en:interfere	lemma facet derived from headword
wq1ejblx66	meter a [alguien] en [un horario]	to fit [somebody] into [a schedule]	reference	es:meter|en:fit	lemma facet derived from headword
8pin6oau9g	meterse a [hacer algo]	to get into [doing something]	reference	es:meter|en:get	lemma facet derived from headword
4c8iabv3yz	meterse en problemas	to get into trouble	reference	es:meter|en:get	lemma facet derived from headword
12bywx3jpk	morir	to die	supporting	es:morir|en:die	lemma facet derived from headword
jyvm1fkdq7	morirse [un dispositivo]	for [a device] to die	reference	es:morir|en:for	lemma facet derived from headword
oshtugnaxs	morirse de hambre	to be starving	reference	es:morir|en:starving	lemma facet derived from headword
vrgsv4wzfo	morirse por [hacer algo]	to be dying to [do something]	reference	es:morir|en:dying	lemma facet derived from headword
wkajwgr1vb	mostrar [algo]	to show [something]	supporting	es:mostrar|en:show	lemma facet derived from headword
4ljeo66brr	mostrar [algo]	to display [something]	reference	es:mostrar|en:display	lemma facet derived from headword
w5bg13n1o0	mostrar [algo]	to demonstrate [something]	reference	es:mostrar|en:demonstrate	lemma facet derived from headword
72un3vv3hn	mostrar [algo]	to reveal [something]	reference	es:mostrar|en:reveal	lemma facet derived from headword
93aj677j3n	olvidar [algo]	to forget [something]	core	es:olvidar|en:forget	lemma facet derived from headword
99ewwc904m	olvidar [algo] en [un lugar]	to leave [something] in [a place]	reference	es:olvidar|en:leave	lemma facet derived from headword
jysogq3l7e	olvidársele [algo] a [alguien]	for [somebody] to forget [something]	reference	es:olvidársele|en:for	lemma facet derived from headword
xt44tlzdyx	olvidarse de [algo]	to forget about [something]	reference	es:olvidar|en:forget	lemma facet derived from headword
8i7uc2z97a	pagar	to pay	reference	es:pagar|en:pay	lemma facet derived from headword
xe9qmpnpef	pagar por [algo]	to pay for [something]	reference	es:pagar|en:pay	lemma facet derived from headword
ytwtdcyakg	devolverle dinero a [alguien]	to pay [somebody] back	reference	es:devolver|en:pay	lemma facet derived from headword
2su9hktaqm	pagar todo	to pay up	reference	es:pagar|en:pay	lemma facet derived from headword
m0s1jmkq6a	pegar [algo] a [algo]	to stick [something] onto [something]	reference	es:pegar|en:stick	lemma facet derived from headword
nzqc17mu73	pegarse a [algo]	to get stuck to [something]	reference	es:pegar|en:get	lemma facet derived from headword
9s6oz3nwye	pegarle a [algo/alguien]	to hit [something/somebody]	reference	es:pegar|en:hit	lemma facet derived from headword
bby0sovznk	pegarle [una enfermedad] a [alguien]	to give [somebody] an illness	reference	es:pegar|en:give	lemma facet derived from headword
caf1qnikua	pegar con [algo]	to match [something]	reference	es:pegar|en:match	lemma facet derived from headword
op2g7f5we1	pegársele [algo] a [alguien]	for [something] to rub off on [somebody]	reference	es:pegársele|en:for	lemma facet derived from headword
m1opppp4s5	pegarse a [algo/alguien]	to stay close to [something/somebody]	reference	es:pegar|en:stay	lemma facet derived from headword
7b0w8087fh	pegarle al premio mayor	to hit the jackpot	reference	es:pegar|en:hit	lemma facet derived from headword
espkmj03d4	romper [algo]	to break [something]	supporting	es:romper|en:break	lemma facet derived from headword
i20yai9d87	romper [algo]	to tear up [something]	reference	es:romper|en:tear	lemma facet derived from headword
z7amf9jjbu	romper un récord	to break a record	reference	es:romper|en:break	lemma facet derived from headword
bebv5oi2xq	romper con [alguien]	to break up with [somebody]	reference	es:romper|en:break	lemma facet derived from headword
hpvtk2xnfe	romper [algo]	to interrupt [something]	reference	es:romper|en:interrupt	lemma facet derived from headword
9cyb4wa5a3	subir	to go up	supporting	es:subir|en:go	lemma facet derived from headword
rbub08uirg	subir	to come up	reference	es:subir|en:come	lemma facet derived from headword
pzy17gtc2h	subir [algo]	to raise [something]	reference	es:subir|en:raise	lemma facet derived from headword
sao8m0fmzs	subirse a [un transporte]	to get on [transportation]	reference	es:subir|en:get	lemma facet derived from headword
y7vpfl2o2f	subir [un archivo]	to upload [a file]	reference	es:subir|en:upload	lemma facet derived from headword
5b4zdy92e4	subir [un ajuste]	to turn up [a setting]	reference	es:subir|en:turn	lemma facet derived from headword
l4v9bkfwpa	subir	to rise	reference	es:subir|en:rise	lemma facet derived from headword
i4yza7s44d	subir [algo]	to bring up [something]	reference	es:subir|en:bring	lemma facet derived from headword
bsy2e9mwlo	subir de peso	to gain weight	reference	es:subir|en:gain	lemma facet derived from headword
h1hgpmfjqn	levantar [algo]	to lift [something]	reference	es:levantar|en:lift	lemma facet derived from headword
evssaeefeq	levantar [algo]	to raise [something]	reference	es:levantar|en:raise	lemma facet derived from headword
i0nrqvquwp	levantar [algo]	to pick up [something]	reference	es:levantar|en:pick	lemma facet derived from headword
e4wn19bujr	levantarse	to get up	supporting	es:levantar|en:get	lemma facet derived from headword
6ts6qcxven	levantar [algo]	to remove [something]	reference	es:levantar|en:remove	lemma facet derived from headword
vcu1zud7v6	vender [algo]	to sell [something]	core	es:vender|en:sell	lemma facet derived from headword
bh82sh21dr	venderse [algo]	to sell out	reference	es:vender|en:sell	lemma facet derived from headword
kuaroen0t1	vender [algo]	to sell off [something]	reference	es:vender|en:sell	lemma facet derived from headword
wrm972d75x	andar	to walk	supporting	es:andar|en:walk	lemma facet derived from headword
w8obyhwxnh	andar por [un lugar]	to go around [a place]	reference	es:andar|en:go	lemma facet derived from headword
hjs9ep6fcx	andar [haciendo algo]	to be [doing something]	reference	es:andar|en:be	lemma facet derived from headword
kxzo7hrvsf	andar [un dispositivo]	for [a device] to work	reference	es:andar|en:for	lemma facet derived from headword
ilhsuo6j13	andar con [alguien]	to be seeing [somebody]	reference	es:andar|en:seeing	lemma facet derived from headword
v8tjp3s2k0	apuntar hacia [algo]	to point toward [something]	reference	es:apuntar|en:point	lemma facet derived from headword
cpirdm8nas	apuntar a [algo]	to aim at [something]	reference	es:apuntar|en:aim	lemma facet derived from headword
5wn1kdo8om	apuntar [algo]	to write down [something]	reference	es:apuntar|en:write	lemma facet derived from headword
hg0fms84jb	apuntar a [algo]	to point to [something]	reference	es:apuntar|en:point	lemma facet derived from headword
p7tqiahqw5	apuntarse a [algo]	to sign up for [something]	reference	es:apuntar|en:sign	lemma facet derived from headword
olvheflsx5	apuntarse	to join in	reference	es:apuntar|en:join	lemma facet derived from headword
7g9t44368j	apuntar a [hacer algo]	to aim to [do something]	reference	es:apuntar|en:aim	lemma facet derived from headword
tbicbtr0u6	apuntar [algo]	to record [something]	reference	es:apuntar|en:record	lemma facet derived from headword
zg737wtrp2	ayudar a [alguien] con [algo]	to help [somebody] with [something]	supporting	es:ayudar|en:help	lemma facet derived from headword
l9nbah9qj7	ayudar a [hacer algo]	to help [do something]	reference	es:ayudar|en:help	lemma facet derived from headword
6zok4qn7s1	ayudarse de [algo]	to use [something] to help oneself	reference	es:ayudar|en:use	lemma facet derived from headword
yfiloyn264	callar	to remain silent	reference	es:callar|en:remain	lemma facet derived from headword
0jgdkhwoy1	callar [algo]	to keep [something] quiet	reference	es:callar|en:keep	lemma facet derived from headword
8et9s26o6q	hacer callar a [alguien]	to silence [somebody]	reference	es:hacer|en:silence	lemma facet derived from headword
fkr7q6ehdp	casar a [alguien]	to marry [somebody]	reference	es:casar|en:marry	lemma facet derived from headword
h4e5zg4qih	casarse	to get married	supporting	es:casar|en:get	lemma facet derived from headword
27wshog3ea	casar con [algo]	to match [something]	reference	es:casar|en:match	lemma facet derived from headword
gx8qvdgggd	casar [algo] con [algo]	to reconcile [something] with [something]	reference	es:casar|en:reconcile	lemma facet derived from headword
s6qz7seduj	despedir a [alguien]	to fire [somebody]	reference	es:despedir|en:fire	lemma facet derived from headword
1w53owbdde	despedirse de [alguien]	to say goodbye to [somebody]	reference	es:despedir|en:say	lemma facet derived from headword
keipu2amzu	despedir [algo]	to give off [something]	reference	es:despedir|en:give	lemma facet derived from headword
jeknschyp1	dirigir [algo]	to run [something]	reference	es:dirigir|en:run	lemma facet derived from headword
sw4rfj6xiz	dirigir [algo]	to lead [something]	reference	es:dirigir|en:lead	lemma facet derived from headword
jx30cy0knp	dirigir [algo] a [alguien]	to address [something] to [somebody]	reference	es:dirigir|en:address	lemma facet derived from headword
knv7edhbxa	dirigirse hacia [un lugar]	to head toward [a place]	reference	es:dirigir|en:head	lemma facet derived from headword
zhppsm0ril	lucir	to shine	reference	es:lucir|en:shine	lemma facet derived from headword
ilvyid32a1	lucir [adjetivo]	to look [adjective]	reference	es:lucir|en:look	lemma facet derived from headword
9hg67ws4uf	lucir [algo]	to wear [something]	reference	es:lucir|en:wear	lemma facet derived from headword
gld2us3kz8	lucir [algo]	to display [something]	reference	es:lucir|en:display	lemma facet derived from headword
nam9b22zd9	lucirse	to show off	reference	es:lucir|en:show	lemma facet derived from headword
7ga4rwg1hq	lucirse	to do brilliantly	reference	es:lucir|en:brilliantly	lemma facet derived from headword
vg4oykxghk	lucirle bien [algo] a [alguien]	for [something] to look good on [somebody]	reference	es:lucir|en:for	lemma facet derived from headword
yg6xltanht	hacer lucir [adjetivo] a [algo]	to make [something] look [adjective]	reference	es:hacer|en:make	lemma facet derived from headword
w93c07l74k	marcar [algo]	to mark [something]	reference	es:marcar|en:mark	lemma facet derived from headword
9j908ncq6v	marcar [un número]	to dial [a number]	reference	es:marcar|en:dial	lemma facet derived from headword
od7ue4t4a8	marcar [un punto]	to score [a point]	reference	es:marcar|en:score	lemma facet derived from headword
hkmhxwijiw	marcar [una medida]	to indicate [a measurement]	reference	es:marcar|en:indicate	lemma facet derived from headword
vb4hrz9umj	marcar [una fecha u hora]	to schedule [a date or time]	reference	es:marcar|en:schedule	lemma facet derived from headword
x3aciqvw7q	marcar [algo]	to shape [something]	reference	es:marcar|en:shape	lemma facet derived from headword
977cxas6wl	marcar la diferencia	to make a difference	reference	es:marcar|en:make	lemma facet derived from headword
krcmhoedfz	partir	to leave	reference	es:partir|en:leave	lemma facet derived from headword
5fj4e797ml	partir [algo]	to split [something]	reference	es:partir|en:split	lemma facet derived from headword
bqha0lt3ra	partir de [algo]	to start from [something]	reference	es:partir|en:start	lemma facet derived from headword
r307dnrn4m	partirle el corazón a [alguien]	to break [somebody's] heart	reference	es:partir|en:break	lemma facet derived from headword
zzwblkhtbk	rendir	to perform	reference	es:rendir|en:perform	lemma facet derived from headword
spmns9bg07	rendir [resultados]	to yield [results]	reference	es:rendir|en:yield	lemma facet derived from headword
72hxaia566	rendir frutos	to pay off	reference	es:rendir|en:pay	lemma facet derived from headword
ue5wg57wnn	rendirse	to surrender	reference	es:rendir|en:surrender	lemma facet derived from headword
hqusqt34k6	rendirse	to give up	reference	es:rendir|en:give	lemma facet derived from headword
jj2s83qp8n	salvar a [alguien]	to save [somebody]	reference	es:salvar|en:save	lemma facet derived from headword
jfmjm99m19	salvarle la vida a [alguien]	to save [somebody's] life	reference	es:salvar|en:save	lemma facet derived from headword
jtxyzlj6nv	salvar [un obstáculo]	to overcome [an obstacle]	reference	es:salvar|en:overcome	lemma facet derived from headword
si6tzlf06j	salvar [algo]	to rescue [something]	reference	es:salvar|en:rescue	lemma facet derived from headword
y2s6dt7bku	sentar a [alguien]	to seat [somebody]	reference	es:sentar|en:seat	lemma facet derived from headword
372sudzh0b	sentarse	to sit down	supporting	es:sentar|en:sit	lemma facet derived from headword
ed3n0mj0i5	sentar un precedente	to set a precedent	reference	es:sentar|en:set	lemma facet derived from headword
4t3k0v5chd	sentar las bases de [algo]	to lay the foundation for [something]	reference	es:sentar|en:lay	lemma facet derived from headword
jjamoxjs7y	tirar [algo]	to throw [something]	supporting	es:tirar|en:throw	lemma facet derived from headword
khn4nszu77	tirar de [algo]	to pull [something]	reference	es:tirar|en:pull	lemma facet derived from headword
qbmtcey423	tirar [algo]	to throw away [something]	reference	es:tirar|en:throw	lemma facet derived from headword
i45j20q1be	tirar [algo]	to waste [something]	reference	es:tirar|en:waste	lemma facet derived from headword
qdhjj8exwl	tirar hacia [un lugar]	to pull toward [a place]	reference	es:tirar|en:pull	lemma facet derived from headword
1l248n0d9p	esta semana	this week	supporting	es:esta|en:this	lemma facet derived from headword
hszvzaxmcv	la próxima semana	next week	supporting	es:próxima|en:next	lemma facet derived from headword
ntzn66pmxo	la semana pasada	last week	supporting	es:semana|en:last	lemma facet derived from headword
ywmu9udgpo	este mes	this month	supporting	es:este|en:this	lemma facet derived from headword
dicbiznsu7	el próximo mes	next month	supporting	es:próximo|en:next	lemma facet derived from headword
uqb2qipaq0	el mes pasado	last month	supporting	es:mes|en:last	lemma facet derived from headword
0wlhrfyp5n	este año	this year	supporting	es:este|en:this	lemma facet derived from headword
6uqtv5ndip	el próximo año	next year	supporting	es:próximo|en:next	lemma facet derived from headword
0nw2v2tg59	el año pasado	last year	supporting	es:año|en:last	lemma facet derived from headword
3d0ts98lfb	la hora	time	reference	es:hora|en:time	lemma facet derived from headword
dqtov5ojkf	una hora	an hour	supporting	es:hora|en:hour	lemma facet derived from headword
wwclre1oia	se fue la luz	the power went out	reference	es:ir|en:power	lemma facet derived from headword
wlwwmr6d11	se fue la luz	the power was out	reference	es:ir|en:power	lemma facet derived from headword
hcj1t8t78h	el encargo	errand	reference	es:encargo|en:errand	lemma facet derived from headword
chyzg2k9qg	el encargo	assignment	reference	es:encargo|en:assignment	lemma facet derived from headword
7wxq9lkzoj	que aproveche	enjoy your meal	reference	es:que|en:enjoy	lemma facet derived from headword
hb47hyqftz	gracias por [hacer algo]	thank you for [doing something]	supporting	es:gracias|en:thank	lemma facet derived from headword
onjiqwdl11	cuídate	take care	supporting	es:cuídate|en:take	lemma facet derived from headword
18bu6m7ec4	cuidado con [algo]	be careful with [something]	supporting	es:cuidado|en:careful	lemma facet derived from headword
rrxe7cd85d	cállate	be quiet	reference	es:cállate|en:quiet	lemma facet derived from headword
r4wshfw0zl	cállate	shut up	reference	es:cállate|en:shut	lemma facet derived from headword
2n962u3uuf	para empezar	to begin with	reference	es:para|en:begin	lemma facet derived from headword
wyrj7k8thq	allí	there	supporting	es:allí|en:there	lemma facet derived from headword
0srx55tuxj	ahí	there	reference	es:ahí|en:there	lemma facet derived from headword
4q0ysfswb4	por ahí	somewhere around there	reference	es:por|en:somewhere	lemma facet derived from headword
vx1f4gj9vz	ahí fue cuando [algo]	that was when [something]	reference	es:ahí|en:that	lemma facet derived from headword
kx72k02t3e	de ahí viene [algo]	that is where [something] comes from	reference	es:de|en:that	lemma facet derived from headword
iswcllbips	la dirección	address	supporting	es:dirección|en:address	lemma facet derived from headword
btcf40lgg6	la dirección	direction	reference	es:dirección|en:direction	lemma facet derived from headword
ofcx4vhmey	la plaza	plaza	reference	es:plaza|en:plaza	lemma facet derived from headword
lqxcb4tfpm	el piso	floor	reference	es:piso|en:floor	lemma facet derived from headword
8q88rkk01h	el piso	apartment	reference	es:piso|en:apartment	lemma facet derived from headword
2tpq2h0jq0	las personas	people	reference	es:personas|en:people	lemma facet derived from headword
g2ecn2oi1k	la gente	people	supporting	es:gente|en:people	lemma facet derived from headword
0bnotvdld0	los niños	children	supporting	es:niños|en:children	lemma facet derived from headword
43qxgonexo	los hombres	men	reference	es:hombres|en:men	lemma facet derived from headword
lafn6elemf	las mujeres	women	reference	es:mujeres|en:women	lemma facet derived from headword
fxu8bkwlng	casi	nearly	reference	es:casi|en:nearly	lemma facet derived from headword
6ph12ct0c1	casi nunca	hardly ever	reference	es:casi|en:hardly	lemma facet derived from headword
4owlerryxw	poco	little	reference	es:poco|en:little	lemma facet derived from headword
kdaf7jpwt7	pocos/pocas	few	reference	es:pocos|en:few	lemma facet derived from headword
37lvgw6mdi	un poco	a little	supporting	es:poco|en:little	lemma facet derived from headword
ifdijt1kj7	ser poco [adjetivo]	to be not very [adjective]	reference	es:ser|en:very	lemma facet derived from headword
9v5e2r6rkb	estar en blanco	to be blank	reference	es:estar|en:blank	lemma facet derived from headword
zjoxpuz3cv	ser el blanco de [algo]	to be the target of [something]	reference	es:ser|en:target	lemma facet derived from headword
r86rai9777	quedarse en blanco	for one's mind to go blank	reference	es:quedar|en:for	lemma facet derived from headword
1ers9if1ue	estar juntos	to be together	reference	es:estar|en:together	lemma facet derived from headword
c5f9nw0nq0	estar junto a [alguien/algo]	to be next to [somebody/something]	reference	es:estar|en:next	lemma facet derived from headword
drk12jhvde	junto con [algo]	along with [something]	reference	es:junto|en:along	lemma facet derived from headword
ikbozl8fdl	ser nuevo en [un lugar]	to be new to [a place]	reference	es:ser|en:new	lemma facet derived from headword
3zfrre4tig	el/la siguiente [algo]	the next [something]	reference	es:siguiente|en:next	lemma facet derived from headword
e7mbwuo2sd	el/la siguiente [algo]	the following [something]	reference	es:siguiente|en:following	lemma facet derived from headword
u1f7kuozok	despacio	slowly	supporting	es:despacio|en:slowly	lemma facet derived from headword
ij91wzxwe8	despacio	slow down	reference	es:despacio|en:slow	lemma facet derived from headword
g6oc9u02od	estar dispuesto a [hacer algo]	to be willing to [do something]	reference	es:estar|en:willing	lemma facet derived from headword
p83sgqivs1	estar dispuesto a [hacer algo]	to be ready to [do something]	reference	es:estar|en:ready	lemma facet derived from headword
py3amhoaz5	estar lleno	to be crowded	reference	es:estar|en:crowded	lemma facet derived from headword
q8bc2trq23	estar lleno de [algo]	to be full of [something]	reference	es:estar|en:full	lemma facet derived from headword
fvrw94ns16	estar muerto	to be dead	reference	es:estar|en:dead	lemma facet derived from headword
4z8q6xymuc	estar muerto de cansancio	to be exhausted	reference	es:estar|en:exhausted	lemma facet derived from headword
i0y81776x6	la hora muerta	the slow period	reference	es:hora|en:slow	lemma facet derived from headword
jqzuvvlrry	ser marcado	to be pronounced	reference	es:ser|en:pronounced	lemma facet derived from headword
rb989bzuon	aceptar ==> ser aceptable	to accept ==> to be acceptable	reference	es:aceptar|en:accept	lemma facet derived from headword
z1y26tj8h3	entender ==> ser comprensible	to understand ==> to be understandable	reference	es:entender|en:understand	lemma facet derived from headword
fa0oa5e7dp	predecir ==> ser predecible	to predict ==> to be predictable	reference	es:predecir|en:predict	lemma facet derived from headword
tepuafhklu	acceder a [algo] ==> ser accesible	to access [something] ==> to be accessible	reference	es:acceder|en:access	lemma facet derived from headword
zz0lfcsmgp	convertir [algo] ==> ser convertible	to convert [something] ==> to be convertible	reference	es:convertir|en:convert	lemma facet derived from headword
xawlblrxb9	evitar [algo] ==> ser evitable	to avoid [something] ==> to be avoidable	reference	es:evitar|en:avoid	lemma facet derived from headword
y91qymx361	comparar [algo] ==> ser comparable	to compare [something] ==> to be comparable	reference	es:comparar|en:compare	lemma facet derived from headword
y54msoao70	permitir [algo] ==> ser permisible	to permit [something] ==> to be permissible	reference	es:permitir|en:permit	lemma facet derived from headword
8b2m5b526h	llegar ==> la llegada	to arrive ==> the arrival	reference	es:llegar|en:arrive	lemma facet derived from headword
kmsp86ty0n	aprobar [algo] ==> la aprobación	to approve [something] ==> the approval	reference	es:aprobar|en:approve	lemma facet derived from headword
h6vor095fp	negarse ==> la negativa	to refuse ==> the refusal	reference	es:negar|en:refuse	lemma facet derived from headword
u6gw568mdv	proponer [algo] ==> la propuesta	to propose [something] ==> the proposal	reference	es:proponer|en:propose	lemma facet derived from headword
ik8pfvddkz	sobrevivir ==> la supervivencia	to survive ==> the survival	reference	es:sobrevivir|en:survive	lemma facet derived from headword
rbkxc8lkch	retirar [algo] ==> el retiro	to remove [something] ==> the removal	reference	es:retirar|en:remove	lemma facet derived from headword
y3z91dsx8f	renovar [algo] ==> la renovación	to renew [something] ==> the renewal	reference	es:renovar|en:renew	lemma facet derived from headword
rl2ee1om45	despedir a [alguien] ==> el despido	to dismiss [somebody] ==> the dismissal	reference	es:despedir|en:dismiss	lemma facet derived from headword
19tcjg4oul	ser libre ==> la libertad	to be free ==> the freedom	reference	es:ser|en:free	lemma facet derived from headword
r2sms8158b	estar aburrido/a ==> el aburrimiento	to be bored ==> the boredom	reference	es:estar|en:bored	lemma facet derived from headword
4ybur9lrx9	ser sabio/a ==> la sabiduría	to be wise ==> the wisdom	reference	es:ser|en:wise	lemma facet derived from headword
49xkqukh7q	ser posible ==> la posibilidad	to be possible ==> the possibility	reference	es:ser|en:possible	lemma facet derived from headword
bvc9f4ew19	estar activo/a ==> la actividad	to be active ==> the activity	reference	es:estar|en:active	lemma facet derived from headword
t96lih4h1i	ser seguro/a ==> la seguridad	to be secure ==> the security	reference	es:ser|en:secure	lemma facet derived from headword
sy6a2d6cjl	ser responsable ==> la responsabilidad	to be responsible ==> the responsibility	reference	es:ser|en:responsible	lemma facet derived from headword
f7rmsxmy11	ser curioso/a ==> la curiosidad	to be curious ==> the curiosity	reference	es:ser|en:curious	lemma facet derived from headword
xowf19voa3	ser igual ==> la igualdad	to be equal ==> the equality	reference	es:ser|en:equal	lemma facet derived from headword
tdrc2wk9l8	ser flexible ==> la flexibilidad	to be flexible ==> the flexibility	reference	es:ser|en:flexible	lemma facet derived from headword
43l3giqx0c	estar disponible ==> la disponibilidad	to be available ==> the availability	reference	es:estar|en:available	lemma facet derived from headword
3pi8c6rmxz	desarrollar [algo] ==> el desarrollo	to develop [something] ==> the development	reference	es:desarrollar|en:develop	lemma facet derived from headword
l8qigpvbda	mejorar [algo] ==> la mejora	to improve [something] ==> the improvement	reference	es:mejorar|en:improve	lemma facet derived from headword
5ialo21nse	lograr [algo] ==> el logro	to achieve [something] ==> the achievement	reference	es:lograr|en:achieve	lemma facet derived from headword
zjixrrmhoh	estar de acuerdo ==> el acuerdo	to agree ==> the agreement	reference	es:estar|en:agree	lemma facet derived from headword
rbbnhigpws	gobernar [algo] ==> el gobierno	to govern [something] ==> the government	reference	es:gobernar|en:govern	lemma facet derived from headword
iqgnhuydbg	mover [algo] ==> el movimiento	to move [something] ==> the movement	reference	es:mover|en:move	lemma facet derived from headword
n30qrjrsk2	requerir [algo] ==> el requisito	to require [something] ==> the requirement	reference	es:requerir|en:require	lemma facet derived from headword
h226bxn1hz	invertir [algo] ==> la inversión	to invest [something] ==> the investment	reference	es:invertir|en:invest	lemma facet derived from headword
d87ajyjtfl	educar a [alguien] ==> la educación	to educate [somebody] ==> the education	reference	es:educar|en:educate	lemma facet derived from headword
ezz6ql318w	organizar [algo] ==> la organización	to organize [something] ==> the organization	reference	es:organizar|en:organize	lemma facet derived from headword
txku9w7l84	comunicar [algo] ==> la comunicación	to communicate [something] ==> the communication	reference	es:comunicar|en:communicate	lemma facet derived from headword
4yr5kr3mpl	decidir [algo] ==> la decisión	to decide [something] ==> the decision	reference	es:decidir|en:decide	lemma facet derived from headword
8qxl688ksj	concluir [algo] ==> la conclusión	to conclude [something] ==> the conclusion	reference	es:concluir|en:conclude	lemma facet derived from headword
umopy5ixtr	permitir [algo] ==> el permiso	to permit [something] ==> the permission	reference	es:permitir|en:permit	lemma facet derived from headword
nkl9jukruz	discutir [algo] ==> la discusión	to discuss [something] ==> the discussion	reference	es:discutir|en:discuss	lemma facet derived from headword
bzjscfess5	traducir [algo] ==> la traducción	to translate [something] ==> the translation	reference	es:traducir|en:translate	lemma facet derived from headword
mtk1xfh506	la nube ==> estar nublado/a	the cloud ==> to be cloudy	reference	es:nube|en:cloud	lemma facet derived from headword
rtnb7xz0v5	la salud ==> ser saludable	the health ==> to be healthy	reference	es:salud|en:health	lemma facet derived from headword
c0cvr0xu9j	la suerte ==> ser afortunado/a	the luck ==> to be lucky	reference	es:suer|en:luck	lemma facet derived from headword
vpsluhtzqb	el ruido ==> ser ruidoso/a	the noise ==> to be noisy	reference	es:ruido|en:noise	lemma facet derived from headword
nb9mh1xanx	la lluvia ==> ser lluvioso/a	the rain ==> to be rainy	reference	es:lluvia|en:rain	lemma facet derived from headword
m0gjcozrw5	el sol ==> estar soleado/a	the sun ==> to be sunny	reference	es:sol|en:sun	lemma facet derived from headword
rzyli0ajef	el viento ==> ser ventoso/a	the wind ==> to be windy	reference	es:viento|en:wind	lemma facet derived from headword
f6m3c79w3t	el sueño ==> tener sueño	the sleep ==> to be sleepy	reference	es:sueño|en:sleep	lemma facet derived from headword
b4lv7j45ai	el rey ==> el reino	the king ==> the kingdom	reference	es:rey|en:king	lemma facet derived from headword
83q2z7g4u1	la estrella ==> el estrellato	the star ==> the stardom	reference	es:estrella|en:star	lemma facet derived from headword
n1t3611hn1	el/la mártir ==> el martirio	the martyr ==> the martyrdom	reference	es:mártir|en:martyr	lemma facet derived from headword
bttbdyq3py	el adulto ==> la adultez	the adult ==> the adulthood	reference	es:adulto|en:adult	lemma facet derived from headword
jzryu7e5xd	el niño ==> la niñez	the child ==> the childhood	reference	es:niño|en:child	lemma facet derived from headword
nxh65zduwq	la madre ==> la maternidad	the mother ==> the motherhood	reference	es:madre|en:mother	lemma facet derived from headword
sh8s331t2r	el padre ==> la paternidad	the father ==> the fatherhood	reference	es:padre|en:father	lemma facet derived from headword
hm4w4wy2kp	el vecino ==> el vecindario	the neighbor ==> the neighborhood	reference	es:vecino|en:neighbor	lemma facet derived from headword
yn05uxewal	el hermano ==> la hermandad	the brother ==> the brotherhood	reference	es:hermano|en:brother	lemma facet derived from headword
e2ecpe4tfi	la hermana ==> la hermandad	the sister ==> the sisterhood	reference	es:hermana|en:sister	lemma facet derived from headword
ym9v34beva	el amigo ==> la amistad	the friend ==> the friendship	reference	es:amigo|en:friend	lemma facet derived from headword
w7hhild3mv	el/la líder ==> el liderazgo	the leader ==> the leadership	reference	es:líder|en:leader	lemma facet derived from headword
34ztuq3hp9	el miembro ==> la membresía	the member ==> the membership	reference	es:miembro|en:member	lemma facet derived from headword
mae6kdzru1	el/la campeón/a ==> el campeonato	the champion ==> the championship	reference	es:campeón|en:champion	lemma facet derived from headword
znzucmyqh6	el/la propietario/a ==> la propiedad	the owner ==> the ownership	reference	es:propietario|en:owner	lemma facet derived from headword
m6mmp2iubo	el/la socio/a ==> la sociedad	the partner ==> the partnership	reference	es:socio|en:partner	lemma facet derived from headword
6ja7gns7z8	la relación ==> la relación	the relation ==> the relationship	reference	es:relación|en:relation	lemma facet derived from headword
pa1u7cp2x9	el/la ciudadano/a ==> la ciudadanía	the citizen ==> the citizenship	reference	es:ciudadano|en:citizen	lemma facet derived from headword
2agxq175ul	ser probable ==> la probabilidad	to be likely ==> the likelihood	reference	es:ser|en:likely	lemma facet derived from headword
6d9398hmpa	ser débil ==> debilitar(se)	to be weak ==> to weaken	reference	es:ser|en:weak	lemma facet derived from headword
y61pnn77bq	ser corto/a ==> acortar(se)	to be short ==> to shorten	reference	es:ser|en:short	lemma facet derived from headword
6hviwt29i3	ser oscuro/a ==> oscurecer(se)	to be dark ==> to darken	reference	es:ser|en:dark	lemma facet derived from headword
2hn0qjgou0	ser ancho/a ==> ensanchar(se)	to be wide ==> to widen	reference	es:ser|en:wide	lemma facet derived from headword
4y9gvi2fpq	ser profundo/a ==> profundizar(se)	to be deep ==> to deepen	reference	es:ser|en:deep	lemma facet derived from headword
ce3auojfy9	ser blanco/a ==> blanquear(se)	to be white ==> to whiten	reference	es:ser|en:white	lemma facet derived from headword
0jje3nlbiy	ser negro/a ==> ennegrecer(se)	to be black ==> to blacken	reference	es:ser|en:black	lemma facet derived from headword
bwozhdpa8x	la longitud ==> alargar [algo]	the length ==> to lengthen [something]	reference	es:longitud|en:length	lemma facet derived from headword
tj4qcctj59	la fuerza ==> fortalecer [algo]	the strength ==> to strengthen [something]	reference	es:fuerza|en:strength	lemma facet derived from headword
dz340ho4gf	ser débil ==> la debilidad	to be weak ==> the weakness	reference	es:ser|en:weak	lemma facet derived from headword
tiap4zyqb2	debilitar [algo] ==> el debilitamiento	to weaken [something] ==> the weakening	reference	es:debilitar|en:weaken	lemma facet derived from headword
v6al3zu4ec	debilitar [algo] ==> estar debilitado/a	to weaken [something] ==> to be weakened	reference	es:debilitar|en:weaken	lemma facet derived from headword
a1sa4nhcb4	ser corto/a ==> la brevedad	to be short ==> the shortness	reference	es:ser|en:short	lemma facet derived from headword
531zkcu6e4	acortar [algo] ==> el acortamiento	to shorten [something] ==> the shortening	reference	es:acortar|en:shorten	lemma facet derived from headword
wei9rf2sd1	acortar [algo] ==> estar acortado/a	to shorten [something] ==> to be shortened	reference	es:acortar|en:shorten	lemma facet derived from headword
tnwlnfg2vy	ser blanco/a ==> ser blanquecino/a	to be white ==> to be whitish	reference	es:ser|en:white	lemma facet derived from headword
7d2jip4ahu	ser blanco/a ==> la blancura	to be white ==> the whiteness	reference	es:ser|en:white	lemma facet derived from headword
6h9tf5blg1	blanquear [algo] ==> el blanqueamiento	to whiten [something] ==> the whitening	reference	es:blanquear|en:whiten	lemma facet derived from headword
zurj7rpccm	blanquear [algo] ==> estar blanqueado/a	to whiten [something] ==> to be whitened	reference	es:blanquear|en:whiten	lemma facet derived from headword
qpw9ymhod6	blanquear [algo] ==> el blanqueador	to whiten [something] ==> the whitener	reference	es:blanquear|en:whiten	lemma facet derived from headword
iylt35s2f7	ser largo/a ==> la longitud	to be long ==> the length	reference	es:ser|en:long	lemma facet derived from headword
4kbhjlkep9	alargar [algo] ==> el alargamiento	to lengthen [something] ==> the lengthening	reference	es:alargar|en:lengthen	lemma facet derived from headword
wlwi0xgcz1	alargar [algo] ==> estar alargado/a	to lengthen [something] ==> to be lengthened	reference	es:alargar|en:lengthen	lemma facet derived from headword
mzb69e4loz	ser fuerte ==> la fuerza	to be strong ==> the strength	reference	es:ser|en:strong	lemma facet derived from headword
g4twbxta9m	fortalecer [algo] ==> el fortalecimiento	to strengthen [something] ==> the strengthening	reference	es:fortalecer|en:strengthen	lemma facet derived from headword
hm3okqimw2	fortalecer [algo] ==> estar fortalecido/a	to strengthen [something] ==> to be strengthened	reference	es:fortalecer|en:strengthen	lemma facet derived from headword
p4jf3voka2	el poder ==> ser poderoso/a	the power ==> to be powerful	supporting	es:poder|en:power	lemma facet derived from headword
4vywr55ohv	el color ==> ser colorido/a	the color ==> to be colorful	reference	es:color|en:color	lemma facet derived from headword
nnsy7vzfx6	el uso ==> ser útil	the use ==> to be useful	supporting	es:uso|en:use	lemma facet derived from headword
vhzsq8ln7r	el dolor ==> ser doloroso/a	the pain ==> to be painful	reference	es:dolor|en:pain	lemma facet derived from headword
lmr31qcwdv	el estrés ==> ser estresante	the stress ==> to be stressful	reference	es:estrés|en:stress	lemma facet derived from headword
4ocwi6cx04	el significado ==> ser significativo/a	the meaning ==> to be meaningful	reference	es:significado|en:meaning	lemma facet derived from headword
glzsdb6815	el éxito ==> ser exitoso/a	the success ==> to be successful	reference	es:éxito|en:success	lemma facet derived from headword
reedh638gz	el cuidado ==> ser cuidadoso/a	the care ==> to be careful	supporting	es:cuidado|en:care	lemma facet derived from headword
wqfpw1yjuw	la belleza ==> ser bello/a	the beauty ==> to be beautiful	reference	es:belleza|en:beauty	lemma facet derived from headword
f8e262y3zk	la maravilla ==> ser maravilloso/a	the wonder ==> to be wonderful	reference	es:maravilla|en:wonder	lemma facet derived from headword
mwfxyhsjeh	la esperanza ==> estar esperanzado/a	the hope ==> to be hopeful	reference	es:esperanza|en:hope	lemma facet derived from headword
36lzpndzsy	la ayuda ==> ser útil	the help ==> to be helpful	reference	es:ayuda|en:help	lemma facet derived from headword
8wcsxzxwv9	el daño ==> ser dañino/a	the harm ==> to be harmful	reference	es:daño|en:harm	lemma facet derived from headword
il6wa46evd	la consideración ==> ser considerado/a	the thought ==> to be thoughtful	reference	es:consideración|en:thought	lemma facet derived from headword
rfob016mlk	el poder ==> ser impotente	the power ==> to be powerless	reference	es:poder|en:power	lemma facet derived from headword
h28wsvlqw7	el color ==> ser incoloro/a	the color ==> to be colorless	reference	es:color|en:color	lemma facet derived from headword
6nqs0j8k7q	el uso ==> ser inútil	the use ==> to be useless	supporting	es:uso|en:use	lemma facet derived from headword
n0mnwwtyqk	el dolor ==> ser indoloro/a	the pain ==> to be painless	reference	es:dolor|en:pain	lemma facet derived from headword
wjmqjgn5ms	el significado ==> no tener sentido	the meaning ==> to be meaningless	reference	es:significado|en:meaning	lemma facet derived from headword
bdmgytlqrp	el cuidado ==> ser descuidado/a	the care ==> to be careless	reference	es:cuidado|en:care	lemma facet derived from headword
uwgcoa3k40	la esperanza ==> estar sin esperanza	the hope ==> to be hopeless	reference	es:esperanza|en:hope	lemma facet derived from headword
zv9401upxn	la ayuda ==> estar indefenso/a	the help ==> to be helpless	reference	es:ayuda|en:help	lemma facet derived from headword
dr9c7lyxkl	el daño ==> ser inofensivo/a	the harm ==> to be harmless	reference	es:daño|en:harm	lemma facet derived from headword
odt3toa8kl	la consideración ==> ser desconsiderado/a	the thought ==> to be thoughtless	reference	es:consideración|en:thought	lemma facet derived from headword
8yyro9imuk	ser feliz ==> la felicidad	to be happy ==> the happiness	reference	es:ser|en:happy	lemma facet derived from headword
qq9hn3gsqz	ser amable ==> la amabilidad	to be kind ==> the kindness	reference	es:ser|en:kind	lemma facet derived from headword
h9wrpukinh	ser oscuro/a ==> la oscuridad	to be dark ==> the darkness	reference	es:ser|en:dark	lemma facet derived from headword
qyef4ces9y	estar consciente de [algo] ==> la conciencia	to be aware of [something] ==> the awareness	reference	es:estar|en:aware	lemma facet derived from headword
yx2twx4lyf	estar enfermo/a ==> la enfermedad	to be ill ==> the illness	reference	es:estar|en:ill	lemma facet derived from headword
uaw2eapfmi	sentirse solo/a ==> la soledad	to be lonely ==> the loneliness	reference	es:sentir|en:lonely	lemma facet derived from headword
c0ycs4sr3d	estar listo/a ==> la preparación	to be ready ==> the readiness	reference	es:estar|en:ready	lemma facet derived from headword
4ay6y8jvwp	ser bueno/a ==> la bondad	to be good ==> the goodness	reference	es:ser|en:good	lemma facet derived from headword
j2yt5d2eh2	ser útil ==> la utilidad	to be useful ==> the usefulness	reference	es:ser|en:useful	lemma facet derived from headword
91khjw0sgk	ser inútil ==> la inutilidad	to be useless ==> the uselessness	reference	es:ser|en:useless	lemma facet derived from headword
5r9qo4q9nv	ser significativo/a ==> lo significativo	to be meaningful ==> the meaningfulness	reference	es:ser|en:meaningful	lemma facet derived from headword
7c4b95syn2	no tener sentido ==> la falta de sentido	to be meaningless ==> the meaninglessness	reference	es:tener|en:meaningless	lemma facet derived from headword
cokw84ud9i	ser impotente ==> la impotencia	to be powerless ==> the powerlessness	reference	es:ser|en:powerless	lemma facet derived from headword
ucs7ft1nsf	ser descuidado/a ==> el descuido	to be careless ==> the carelessness	reference	es:ser|en:careless	lemma facet derived from headword
tozoznqlli	estar sin esperanza ==> la desesperanza	to be hopeless ==> the hopelessness	reference	es:estar|en:hopeless	lemma facet derived from headword
hcgacqlfv9	ser rápido/a ==> rápidamente	to be quick ==> quickly	supporting	es:ser|en:quick	lemma facet derived from headword
a1lq9l1vf6	ser normal ==> normalmente	to be normal ==> normally	reference	es:ser|en:normal	lemma facet derived from headword
dbaw5g5xep	ser cuidadoso/a ==> cuidadosamente	to be careful ==> carefully	reference	es:ser|en:careful	lemma facet derived from headword
i4dsmvl6mo	ser probable ==> probablemente	to be probable ==> probably	reference	es:ser|en:probable	lemma facet derived from headword
3a98t443ht	ser fácil ==> fácilmente	to be easy ==> easily	reference	es:ser|en:easy	lemma facet derived from headword
q0ld7z98sr	ser lento/a ==> lentamente	to be slow ==> slowly	supporting	es:ser|en:slow	lemma facet derived from headword
ds2ffdqwke	ser lógico/a ==> lógicamente	to be logical ==> logically	reference	es:ser|en:logical	lemma facet derived from headword
2j63ja0xbj	ser práctico/a ==> prácticamente	to be practical ==> practically	reference	es:ser|en:practical	lemma facet derived from headword
4239p11fwb	organizar [algo] ==> el/la organizador/a	to organize [something] ==> the organizer	reference	es:organizar|en:organize	lemma facet derived from headword
ou415jin9o	recibir [algo] ==> el receptor	to receive [something] ==> the receiver	reference	es:recibir|en:receive	lemma facet derived from headword
cx5kwc5kcu	entrenar a [alguien] ==> el/la entrenador/a	to train [somebody] ==> the trainer	reference	es:entrenar|en:train	lemma facet derived from headword
m9t6ejq5mi	presentar [algo] ==> el/la presentador/a	to present [something] ==> the presenter	reference	es:presentar|en:present	lemma facet derived from headword
dluylhklpw	actuar ==> el/la actor/actriz	to act ==> the actor	reference	es:actuar|en:act	lemma facet derived from headword
3duqkda01w	instruir a [alguien] ==> el/la instructor/a	to instruct [somebody] ==> the instructor	reference	es:instruir|en:instruct	lemma facet derived from headword
1sh2iq8gyl	crear [algo] ==> el/la creador/a	to create [something] ==> the creator	reference	es:crear|en:create	lemma facet derived from headword
1is0rd5yg7	sobrevivir ==> el/la sobreviviente	to survive ==> the survivor	reference	es:sobrevivir|en:survive	lemma facet derived from headword
lqb9barten	traducir [algo] ==> el/la traductor/a	to translate [something] ==> the translator	reference	es:traducir|en:translate	lemma facet derived from headword
r10k8grkk4	visitar [un lugar] ==> el/la visitante	to visit [a place] ==> the visitor	reference	es:visitar|en:visit	lemma facet derived from headword
fs4n4irry9	ser difícil ==> ser más difícil	to be hard ==> to be harder	supporting	es:ser|en:hard	lemma facet derived from headword
g0z0ex17eh	ser difícil ==> ser el/la más difícil	to be hard ==> to be the hardest	supporting	es:ser|en:hard	lemma facet derived from headword
890ikntj2i	ser rápido/a ==> ser más rápido/a	to be fast ==> to be faster	reference	es:ser|en:fast	lemma facet derived from headword
wyd4kcdm6s	ser rápido/a ==> ser el/la más rápido/a	to be fast ==> to be the fastest	reference	es:ser|en:fast	lemma facet derived from headword
ogonaxqk95	ser lento/a ==> ser más lento/a	to be slow ==> to be slower	reference	es:ser|en:slow	lemma facet derived from headword
2u07owqzur	ser lento/a ==> ser el/la más lento/a	to be slow ==> to be the slowest	reference	es:ser|en:slow	lemma facet derived from headword
kyceimh1lj	ser barato/a ==> ser más barato/a	to be cheap ==> to be cheaper	reference	es:ser|en:cheap	lemma facet derived from headword
w06xy3n98x	ser barato/a ==> ser el/la más barato/a	to be cheap ==> to be the cheapest	reference	es:ser|en:cheap	lemma facet derived from headword
7q3idfw27t	ser seguro/a ==> ser más seguro/a	to be safe ==> to be safer	reference	es:ser|en:safe	lemma facet derived from headword
d4nhp6of4q	ser seguro/a ==> ser el/la más seguro/a	to be safe ==> to be the safest	reference	es:ser|en:safe	lemma facet derived from headword
8tlubdz2jb	ser gracioso/a ==> ser más gracioso/a	to be funny ==> to be funnier	reference	es:ser|en:funny	lemma facet derived from headword
r6af4026y9	ser gracioso/a ==> ser el/la más gracioso/a	to be funny ==> to be the funniest	reference	es:ser|en:funny	lemma facet derived from headword
y6m6lbi7x1	ser feliz ==> ser más feliz	to be happy ==> to be happier	reference	es:ser|en:happy	lemma facet derived from headword
f1hip5yar5	ser feliz ==> ser el/la más feliz	to be happy ==> to be the happiest	reference	es:ser|en:happy	lemma facet derived from headword
wtxe2yjp1j	ser fácil ==> ser más fácil	to be easy ==> to be easier	supporting	es:ser|en:easy	lemma facet derived from headword
8f830wa18p	ser fácil ==> ser el/la más fácil	to be easy ==> to be the easiest	supporting	es:ser|en:easy	lemma facet derived from headword
ntdw54v6qp	ser grande ==> ser más grande	to be big ==> to be bigger	reference	es:ser|en:big	lemma facet derived from headword
tnl1yimmyb	ser grande ==> ser el/la más grande	to be big ==> to be the biggest	reference	es:ser|en:big	lemma facet derived from headword
6gh8d3gw7b	leer ==> la lectura	to read ==> the reading	reference	es:leer|en:read	lemma facet derived from headword
gxz0b4d70d	escribir ==> la escritura	to write ==> the writing	reference	es:escribir|en:write	lemma facet derived from headword
azh9x8dhmp	abrir [algo] ==> la apertura	to open [something] ==> the opening	reference	es:abrir|en:open	lemma facet derived from headword
xedvlylxdq	cerrar [algo] ==> el cierre	to close [something] ==> the closing	reference	es:cerrar|en:close	lemma facet derived from headword
tt8nhb4aee	comprender [algo] ==> la comprensión	to understand [something] ==> the understanding	reference	es:comprender|en:understand	lemma facet derived from headword
12qadfiezw	reunirse ==> la reunión	to meet ==> the meeting	reference	es:reunir|en:meet	lemma facet derived from headword
71hjth9gcn	entrenar ==> el entrenamiento	to train ==> the training	reference	es:entrenar|en:train	lemma facet derived from headword
9ytgwhotoy	aprender [algo] ==> el aprendizaje	to learn [something] ==> the learning	reference	es:aprender|en:learn	lemma facet derived from headword
wmx1olnwgo	planear [algo] ==> la planificación	to plan [something] ==> the planning	reference	es:planear|en:plan	lemma facet derived from headword
7xyds447rs	ser rojo/a ==> ser rojizo/a	to be red ==> to be reddish	reference	es:ser|en:red	lemma facet derived from headword
sln7gol34r	seis ==> aproximadamente seis	six ==> sixish	reference	es:seis|en:six	lemma facet derived from headword
0pd75byxiw	veinte ==> aproximadamente veinte	twenty ==> twentyish	reference	es:veinte|en:twenty	lemma facet derived from headword
pv5ol50lir	cuarenta ==> aproximadamente cuarenta	forty ==> fortyish	reference	es:cuarenta|en:forty	lemma facet derived from headword
vbyvw1ar60	estar frío/a ==> estar algo frío/a	to be cold ==> to be coldish	reference	es:estar|en:cold	lemma facet derived from headword
lxqyj1kx0z	ser alto/a ==> ser algo alto/a	to be tall ==> to be tallish	reference	es:ser|en:tall	lemma facet derived from headword
4t8czsc1e6	ser pequeño/a ==> ser algo pequeño/a	to be small ==> to be smallish	reference	es:ser|en:small	lemma facet derived from headword
q603v2185b	estar bien ==> estar más o menos bien	to be okay ==> to be okay-ish	reference	es:estar|en:okay	lemma facet derived from headword
z5nq5xkxnd	estar listo/a ==> estar más o menos listo/a	to be ready ==> to be ready-ish	reference	es:estar|en:ready	lemma facet derived from headword
bowcb9zzih	el niño ==> ser infantil	the child ==> to be childish	reference	es:niño|en:child	lemma facet derived from headword
o68j722g0k	el tonto ==> ser insensato/a	the fool ==> to be foolish	reference	es:tonto|en:fool	lemma facet derived from headword
qy002kgsm7	uno mismo ==> ser egoísta	the self ==> to be selfish	reference	es:uno|en:self	lemma facet derived from headword
bb2lchiu6k	el estilo ==> ser elegante	the style ==> to be stylish	reference	es:estilo|en:style	lemma facet derived from headword
rbeq0615ht	la fiebre ==> estar afiebrado/a	the fever ==> to be feverish	reference	es:fiebre|en:fever	lemma facet derived from headword
1e1x6m1zkt	Gran Bretaña ==> ser británico/a	Britain ==> to be British	reference	es:gran|en:britain	lemma facet derived from headword
agp1j51uu1	Irlanda ==> ser irlandés/irlandesa	Ireland ==> to be Irish	reference	es:irlanda|en:ireland	lemma facet derived from headword
4t8fub205w	España ==> ser español/a	Spain ==> to be Spanish	reference	es:españa|en:spain	lemma facet derived from headword
2qjlz4vm5k	Polonia ==> ser polaco/a	Poland ==> to be Polish	reference	es:polonia|en:poland	lemma facet derived from headword
ghrg87tgqn	Turquía ==> ser turco/a	Turkey ==> to be Turkish	reference	es:turquía|en:turkey	lemma facet derived from headword
5iohmvrutt	Suecia ==> ser sueco/a	Sweden ==> to be Swedish	reference	es:suecia|en:sweden	lemma facet derived from headword
i53xfer580	Dinamarca ==> ser danés/danesa	Denmark ==> to be Danish	reference	es:dinamarca|en:denmark	lemma facet derived from headword
v842njhb7n	Finlandia ==> ser finlandés/finlandesa	Finland ==> to be Finnish	reference	es:finlandia|en:finland	lemma facet derived from headword
rkqe2lip8p	ser verdadero/a ==> la verdad	to be true ==> the truth	reference	es:ser|en:true	lemma facet derived from headword
0h2pwx0gcd	ser ancho/a ==> la anchura	to be wide ==> the width	reference	es:ser|en:wide	lemma facet derived from headword
ln2qxef61a	ser profundo/a ==> la profundidad	to be deep ==> the depth	reference	es:ser|en:deep	lemma facet derived from headword
vbtrrcbmlc	estar cálido/a ==> la calidez	to be warm ==> the warmth	reference	es:estar|en:warm	lemma facet derived from headword
92l9st475w	crecer ==> el crecimiento	to grow ==> the growth	reference	es:crecer|en:grow	lemma facet derived from headword
ho4uj7deui	ser joven ==> la juventud	to be young ==> the youth	reference	es:ser|en:young	lemma facet derived from headword
aoq1h95i85	nacer ==> el nacimiento	to be born ==> the birth	reference	es:nacer|en:born	lemma facet derived from headword
6du2hkieee	estar muerto/a ==> la muerte	to be dead ==> the death	reference	es:estar|en:dead	lemma facet derived from headword
nvj0p68vjx	el norte ==> ser norteño/a	the north ==> to be northern	reference	es:norte|en:north	lemma facet derived from headword
38nqxdz5b8	el sur ==> ser sureño/a	the south ==> to be southern	reference	es:sur|en:south	lemma facet derived from headword
6q3btyto60	el este ==> ser oriental	the east ==> to be eastern	reference	es:este|en:east	lemma facet derived from headword
0fydk7350x	el oeste ==> ser occidental	the west ==> to be western	reference	es:oeste|en:west	lemma facet derived from headword
kksqx3dkat	el noreste ==> ser nororiental	the northeast ==> to be northeastern	reference	es:noreste|en:northeast	lemma facet derived from headword
aii015es8t	el noroeste ==> ser noroccidental	the northwest ==> to be northwestern	reference	es:noroeste|en:northwest	lemma facet derived from headword
9y4b59khkm	el sureste ==> ser suroriental	the southeast ==> to be southeastern	reference	es:sureste|en:southeast	lemma facet derived from headword
4xm3qsk01l	el suroeste ==> ser suroccidental	the southwest ==> to be southwestern	reference	es:suroeste|en:southwest	lemma facet derived from headword
3t1fpmkces	el norte ==> el/la norteño/a	the north ==> the northerner	reference	es:norte|en:north	lemma facet derived from headword
8m3b7j0hv5	el sur ==> el/la sureño/a	the south ==> the southerner	reference	es:sur|en:south	lemma facet derived from headword
s5en2tu6vz	el este ==> el/la oriental	the east ==> the easterner	reference	es:este|en:east	lemma facet derived from headword
9qgyhzacqv	el oeste ==> el/la occidental	the west ==> the westerner	reference	es:oeste|en:west	lemma facet derived from headword
h06ev5xh76	ser superior ==> ser el/la de más arriba	to be upper ==> to be uppermost	reference	es:ser|en:upper	lemma facet derived from headword
wl72zn36ht	ser inferior ==> ser el/la de más abajo	to be lower ==> to be lowermost	reference	es:ser|en:lower	lemma facet derived from headword
9tllzw4mwd	ser interior ==> ser el/la más interior	to be inner ==> to be innermost	reference	es:ser|en:inner	lemma facet derived from headword
6axjf3o9tu	ser exterior ==> ser el/la más exterior	to be outer ==> to be outermost	reference	es:ser|en:outer	lemma facet derived from headword
93jo17rsfv	el norte ==> hacia el norte	the north ==> northward	reference	es:norte|en:north	lemma facet derived from headword
o7zzcogabh	el norte ==> hacia el norte	the north ==> northwards	reference	es:norte|en:north	lemma facet derived from headword
rvexmxrwuv	el sur ==> hacia el sur	the south ==> southward	reference	es:sur|en:south	lemma facet derived from headword
8tfvwwp0g2	el sur ==> hacia el sur	the south ==> southwards	reference	es:sur|en:south	lemma facet derived from headword
878n809a3u	el este ==> hacia el este	the east ==> eastward	reference	es:este|en:east	lemma facet derived from headword
6jnllcbsyk	el este ==> hacia el este	the east ==> eastwards	reference	es:este|en:east	lemma facet derived from headword
03346kd7gz	el oeste ==> hacia el oeste	the west ==> westward	reference	es:oeste|en:west	lemma facet derived from headword
wsmjovc48m	el oeste ==> hacia el oeste	the west ==> westwards	reference	es:oeste|en:west	lemma facet derived from headword
eej8koy7w6	adentro ==> hacia adentro	in ==> inward	reference	es:adentro|en:in	lemma facet derived from headword
2fcirquoxj	adentro ==> hacia adentro	in ==> inwards	reference	es:adentro|en:in	lemma facet derived from headword
h61603cfjd	afuera ==> hacia afuera	out ==> outward	reference	es:afuera|en:out	lemma facet derived from headword
qfyvx7bn4d	afuera ==> hacia afuera	out ==> outwards	reference	es:afuera|en:out	lemma facet derived from headword
v69yiu1jri	arriba ==> hacia arriba	up ==> upward	reference	es:arriba|en:up	lemma facet derived from headword
37k0c4ovpn	arriba ==> hacia arriba	up ==> upwards	reference	es:arriba|en:up	lemma facet derived from headword
0qbirh7hij	abajo ==> hacia abajo	down ==> downward	reference	es:abajo|en:down	lemma facet derived from headword
fpwlpmmgkn	abajo ==> hacia abajo	down ==> downwards	reference	es:abajo|en:down	lemma facet derived from headword
gstyhsgsnm	atrás ==> hacia atrás	back ==> backward	reference	es:atrás|en:back	lemma facet derived from headword
137y0y5wxn	atrás ==> hacia atrás	back ==> backwards	reference	es:atrás|en:back	lemma facet derived from headword
pvox0qk2bu	casa ==> hacia casa	home ==> homeward	reference	es:casa|en:home	lemma facet derived from headword
qlkuoh144r	casa ==> hacia casa	home ==> homewards	reference	es:casa|en:home	lemma facet derived from headword
kgo9vyvmjj	después ==> después	after ==> afterward	reference	es:después|en:after	lemma facet derived from headword
hf7xtyru0d	después ==> después	after ==> afterwards	reference	es:después|en:after	lemma facet derived from headword
zky05afabl	adelante ==> hacia adelante	on ==> onward	reference	es:adelante|en:on	lemma facet derived from headword
w7q4mqmgte	adelante ==> hacia adelante	on ==> onwards	reference	es:adelante|en:on	lemma facet derived from headword
ytr81haq2m	estar de acuerdo ==> estar en desacuerdo	to agree ==> to disagree	supporting	es:estar|en:agree	lemma facet derived from headword
1o0c5wmcm6	conectar [algo] ==> desconectar [algo]	to connect [something] ==> to disconnect [something]	reference	es:conectar|en:connect	lemma facet derived from headword
qxyovmttn5	entender [algo] ==> malinterpretar [algo]	to understand [something] ==> to misunderstand [something]	supporting	es:entender|en:understand	lemma facet derived from headword
nkpg4i354h	informar a [alguien] ==> desinformar a [alguien]	to inform [somebody] ==> to misinform [somebody]	reference	es:informar|en:inform	lemma facet derived from headword
167100t5zr	cocinar [algo] ==> cocinar demasiado [algo]	to cook [something] ==> to overcook [something]	reference	es:cocinar|en:cook	lemma facet derived from headword
iybeebobps	cobrarle a [alguien] ==> cobrarle de más a [alguien]	to charge [somebody] ==> to overcharge [somebody]	reference	es:cobrar|en:charge	lemma facet derived from headword
ig6ju3y5mb	escribir [algo] ==> reescribir [algo]	to write [something] ==> to rewrite [something]	supporting	es:escribir|en:write	lemma facet derived from headword
r3sb4uczgh	ser feliz ==> ser infeliz	to be happy ==> to be unhappy	supporting	es:ser|en:happy	lemma facet derived from headword
mgr9j9xqox	estimar [algo] ==> subestimar [algo]	to estimate [something] ==> to underestimate [something]	reference	es:estimar|en:estimate	lemma facet derived from headword
zghjiilqvy	estar solo/a	to be alone	reference	es:estar|en:alone	lemma facet derived from headword
ut8jfj84nw	permitir [hacer algo]	to allow [doing something]	reference	es:permitir|en:allow	lemma facet derived from headword
elawsjkdck	aunque	although	reference	es:aunque|en:although	lemma facet derived from headword
pnonowj90v	estar bien	to be all right	reference	es:estar|en:all	lemma facet derived from headword
qcjby6hnvc	estar bien	to be alright	reference	es:estar|en:alright	lemma facet derived from headword
oz59uwz6bx	a lo largo de [algo]	along [something]	reference	en:along	lemma facet derived from headword
23teiayo6g	convertirse en [algo]	to become [something]	reference	es:convertir|en:become	lemma facet derived from headword
em6f63veig	al lado de [algo]	beside [something]	supporting	es:lado|en:beside	lemma facet derived from headword
3gfoetx7za	además	besides	reference	es:además|en:besides	lemma facet derived from headword
w3ipgpiocx	debajo de [algo]	below [something]	reference	es:debajo|en:below	lemma facet derived from headword
ik8hj882al	entre [dos cosas]	between [two things]	reference	es:entre|en:between	lemma facet derived from headword
gcuz359xog	entre [varias cosas]	among [several things]	reference	es:entre|en:among	lemma facet derived from headword
asfplpbeje	más allá de [algo]	beyond [something]	reference	es:más|en:beyond	lemma facet derived from headword
qcw724gjde	el brazo ==> el antebrazo	the arm ==> the forearm	reference	es:brazo|en:arm	lemma facet derived from headword
cx8ww15crg	la cabeza ==> la frente	the head ==> the forehead	reference	es:cabeza|en:head	lemma facet derived from headword
rlywxngpzy	ver [algo] ==> prever [algo]	to see [something] ==> to foresee [something]	reference	es:ver|en:see	lemma facet derived from headword
ui5iwqc9ze	decir [algo] ==> predecir [algo]	to tell [something] ==> to foretell [something]	reference	es:decir|en:tell	lemma facet derived from headword
daeb0vslfy	advertirle a [alguien] ==> advertirle de antemano a [alguien]	to warn [somebody] ==> to forewarn [somebody]	reference	es:advertir|en:warn	lemma facet derived from headword
304iqu6b59	la palabra ==> el prólogo	the word ==> the foreword	reference	es:palabra|en:word	lemma facet derived from headword
pho3aq7eru	el padre ==> el antepasado	the father ==> the forefather	reference	es:padre|en:father	lemma facet derived from headword
1w5xpxj8sv	el fondo ==> el primer plano	the ground ==> the foreground	reference	es:fondo|en:ground	lemma facet derived from headword
ptjcpzvqxw	el pronóstico	the forecast	reference	es:pronóstico|en:forecast	lemma facet derived from headword
22w9hcretm	ser el/la principal	to be foremost	reference	es:ser|en:foremost	lemma facet derived from headword
3yi3czgqne	por lo tanto	therefore	reference	es:por|en:therefore	lemma facet derived from headword
e1kkk7zc7e	estar adentro	to be inside	supporting	es:estar|en:inside	lemma facet derived from headword
27pb5p676r	estar afuera	to be outside	supporting	es:estar|en:outside	lemma facet derived from headword
o75m406e73	ser interior	to be inner	reference	es:ser|en:inner	lemma facet derived from headword
whdxi9dk01	ser exterior	to be outer	reference	es:ser|en:outer	lemma facet derived from headword
9uy90z13u9	ser interno/a	to be internal	reference	es:ser|en:internal	lemma facet derived from headword
6ozlz4wrp3	ser externo/a	to be external	reference	es:ser|en:external	lemma facet derived from headword
2mg4cy8xgu	el círculo íntimo	the inner circle	reference	es:círculo|en:inner	lemma facet derived from headword
sfunx9o2ea	el espacio exterior	outer space	reference	es:espacio|en:outer	lemma facet derived from headword
p33186aae6	en mayúsculas	in uppercase	reference	es:en|en:in	lemma facet derived from headword
hi5t96rg3q	en minúsculas	in lowercase	reference	es:en|en:in	lemma facet derived from headword
95yrl4jxn3	hacia [algo]	toward [something]	supporting	es:hacia|en:toward	lemma facet derived from headword
l5hk1zrmge	hacia [algo]	towards [something]	reference	es:hacia|en:towards	lemma facet derived from headword
t18qtn5yuv	hacia adelante	forward	reference	es:hacia|en:forward	lemma facet derived from headword
na9c6zc7g3	hacia adelante	forwards	reference	es:hacia|en:forwards	lemma facet derived from headword
i1wqgc6i2p	directamente hacia adelante	straight ahead	reference	es:directamente|en:straight	lemma facet derived from headword
nglcabemco	directamente hacia adelante	straight forward	reference	es:directamente|en:straight	lemma facet derived from headword
kcwee5uzri	de antemano	beforehand	reference	es:de|en:beforehand	lemma facet derived from headword
gis8rns2at	esperar con ilusión [algo]	to look forward to [something]	reference	es:esperar|en:look	lemma facet derived from headword
6afpob0j51	ser sencillo/a	to be straightforward	reference	es:ser|en:straightforward	lemma facet derived from headword
c48b9qs6fd	ser imprudente	to be reckless	reference	es:ser|en:reckless	lemma facet derived from headword
zv195eq10v	ser insignificante	to be insignificant	reference	es:ser|en:insignificant	lemma facet derived from headword
6ittn2yy6r	estar prevenido/a	to be forearmed	reference	es:estar|en:forearmed	lemma facet derived from headword
qt9aqatj4f	hacer	to do	core	es:hacer|en:do	lemma facet derived from headword
v6srxq2n55	hacer	do	core	es:hacer|en:do	lemma facet derived from headword
dxmrjpsxuk	haciendo	doing	core	es:haciendo|en:doing	lemma facet derived from headword
sgum9oyi5l	hizo	did	core	es:hizo|en:did	lemma facet derived from headword
lxgkm4sg3u	hecho	done	core	es:hecho|en:done	lemma facet derived from headword
c16i76gpbx	hace	does	core	es:hacer|en:does	lemma facet derived from headword
fe4son9mxi	decidir [hacer algo]	to decide [to do something]	supporting	es:decidir|en:decide	lemma facet derived from headword
4mkm6qyxir	elegir [hacer algo]	to choose [to do something]	reference	es:elegir|en:choose	lemma facet derived from headword
uu4qjzuter	intentar [hacer algo]	to try [to do something]	supporting	es:intentar|en:try	lemma facet derived from headword
krnfpdxa43	preferir [hacer algo]	to prefer [to do something]	supporting	es:preferir|en:prefer	lemma facet derived from headword
h4it1wwpn1	empezar a [hacer algo]	to start [to do something]	reference	es:empezar|en:start	lemma facet derived from headword
28wuv5j1dp	comenzar a [hacer algo]	to begin [to do something]	reference	es:comenzar|en:begin	lemma facet derived from headword
wlak5wglp1	continuar [haciendo algo]	to continue [to do something]	reference	es:continuar|en:continue	lemma facet derived from headword
xlujyv5rif	gustaría que [alguien] [hiciera algo]	would like [somebody] to [do something]	supporting	es:gustar|en:like	lemma facet derived from headword
cbhs0k69zd	ser [adjetivo] [hacer algo]	it is [adjective] [to do something]	core	es:ser|en:it	lemma facet derived from headword
zxp06uqig0	para [hacer algo]	to [do something]	core	es:para|en:to	lemma facet derived from headword
z36ytmaalw	encantarle [hacer algo] a [alguien]	[somebody] loves to [do something]	reference	es:encantar|en:loves	lemma facet derived from headword
2pj1u3z7ad	encantarle [hacer algo] a [alguien]	[somebody] loves [doing something]	reference	es:encantar|en:loves	lemma facet derived from headword
kfgyouvdqj	odiar [hacer algo]	to hate [to do something]	supporting	es:odiar|en:hate	lemma facet derived from headword
gzx4e3lkp6	odiar [hacer algo]	to hate [doing something]	supporting	es:odiar|en:hate	lemma facet derived from headword
ext92eedsy	empezar a [hacer algo]	to start [doing something]	reference	es:empezar|en:start	lemma facet derived from headword
te8x9qnkt0	comenzar a [hacer algo]	to begin [doing something]	reference	es:comenzar|en:begin	lemma facet derived from headword
was02kzdys	continuar [haciendo algo]	to continue [doing something]	reference	es:continuar|en:continue	lemma facet derived from headword
dugiwco70z	poder [hacer algo] (pasado)	could [do something]	reference	es:poder|en:could	lemma facet derived from headword
r2y6wfhr6z	podría [hacer algo]	could [do something]	reference	es:poder|en:could	lemma facet derived from headword
uwy1l647pg	es posible que [alguien] [haga algo]	[somebody] may [do something]	reference	es:ser|en:may	lemma facet derived from headword
8jc9z3a7z4	puede que [alguien] [haga algo]	[somebody] might [do something]	reference	es:poder|en:might	lemma facet derived from headword
xsdb1ynvgb	¿[hacemos algo]?	shall we [do something]?	reference	en:we	lemma facet derived from headword
ywf23kyjgw	[hacer algo] (futuro)	will [do something]	core	es:futuro|en:will	lemma facet derived from headword
39u2srbvlk	[hacer algo] (condicional)	would [do something]	core	es:condicional|en:would	lemma facet derived from headword
3f2ohlydl9	obligar a [alguien] a [hacer algo]	to make [somebody] [do something]	supporting	es:obligar|en:make	lemma facet derived from headword
16bgwsuy7m	hacer que [alguien] [haga algo]	to have [somebody] [do something]	reference	es:hacer|en:have	lemma facet derived from headword
0jznmegke5	ayudarle a [alguien] a [hacer algo]	to help [somebody] [do something]	supporting	es:ayudar|en:help	lemma facet derived from headword
am1zzaxcoi	venir a [hacer algo]	to come [do something]	reference	es:venir|en:come	lemma facet derived from headword
8wpdwqvpbe	ir a [hacer algo]	to go [do something]	supporting	es:ir|en:go	lemma facet derived from headword
58sc7ad4dy	ayudarle a [alguien] a [hacer algo]	to help [somebody] [to do something]	reference	es:ayudar|en:help	lemma facet derived from headword
e3tv0u3qze	hazlo	do it	supporting	es:hazlo|en:it	lemma facet derived from headword
ux2hr6u37r	hágalo	do it	reference	es:hágalo|en:it	lemma facet derived from headword
t46e4xr47y	háganlo	do it	reference	es:háganlo|en:it	lemma facet derived from headword
xuna1emcr1	háganoslo	do it for us	reference	es:háganoslo|en:it	lemma facet derived from headword
aojc7un24g	no lo hagas	don't do it	supporting	es:hagas|en:don't	lemma facet derived from headword
8errr3uadz	hagámoslo	let's do it	supporting	es:hagámoslo|en:let	lemma facet derived from headword
9v6o0rhpio	vamos	let's go	supporting	es:vamos|en:let	lemma facet derived from headword
j6ba7pl20y	no lo hagamos	let's not do it	supporting	es:hagamos|en:let	lemma facet derived from headword
s1qoakwebg	¿lo haces?	do you do it?	supporting	es:haces|en:you	lemma facet derived from headword
mk6oc0jtgw	¿ella lo hace?	does she do it?	supporting	es:ella|en:she	lemma facet derived from headword
0krc7ykvx4	¿ellos lo hicieron?	did they do it?	supporting	es:ellos|en:they	lemma facet derived from headword
m5xw7iodne	no lo hago	I don't do it	supporting	es:hago	lemma facet derived from headword
bt7rdzvto5	no lo hicieron	they didn't do it	supporting	es:hicieron|en:they	lemma facet derived from headword
azpvrshi2u	sí lo hago	I do do it	supporting	es:sí	lemma facet derived from headword
nescdc4of4	oír a [alguien] [haciendo algo]	to hear [somebody] [doing something]	reference	es:oír|en:hear	lemma facet derived from headword
5ghn7qdcb9	observar a [alguien] [hacer algo]	to watch [somebody] [do something]	reference	es:observar|en:watch	lemma facet derived from headword
k0xotyudww	observar a [alguien] [haciendo algo]	to watch [somebody] [doing something]	reference	es:observar|en:watch	lemma facet derived from headword
md76l01y42	sentir a [alguien o algo] [hacer algo]	to feel [somebody or something] [do something]	reference	es:sentir|en:feel	lemma facet derived from headword
yxx7sx1wqo	sentir a [alguien o algo] [haciendo algo]	to feel [somebody or something] [doing something]	reference	es:sentir|en:feel	lemma facet derived from headword
irjthpqcky	notar a [alguien] [hacer algo]	to notice [somebody] [do something]	reference	es:notar|en:notice	lemma facet derived from headword
yqvaxktaxf	notar a [alguien] [haciendo algo]	to notice [somebody] [doing something]	reference	es:notar|en:notice	lemma facet derived from headword
rirmatii98	ser visto/a [hacer algo]	to be seen to [do something]	reference	es:ser|en:seen	lemma facet derived from headword
2stpzvud5v	antes de [hacer algo]	before [doing something]	supporting	es:antes|en:before	lemma facet derived from headword
s9f7ordbsq	después de [hacer algo]	after [doing something]	supporting	es:después|en:after	lemma facet derived from headword
9i18xubldv	por [hacer algo]	for [doing something]	supporting	es:por|en:for	lemma facet derived from headword
thb8zts488	sin [hacer algo]	without [doing something]	supporting	es:sin|en:without	lemma facet derived from headword
h16fxi4ub9	en vez de [hacer algo]	instead of [doing something]	reference	es:en|en:instead	lemma facet derived from headword
r6gr6g96nw	esperar con ilusión [hacer algo]	to look forward to [doing something]	reference	es:esperar|en:look	lemma facet derived from headword
3y3hr4u7s0	evitar [hacer algo]	to avoid [doing something]	supporting	es:evitar|en:avoid	lemma facet derived from headword
wikkywcgdf	disfrutar [hacer algo]	to enjoy [doing something]	reference	es:disfrutar|en:enjoy	lemma facet derived from headword
d34gfs3yws	recomendar [hacer algo]	to recommend [doing something]	reference	es:recomendar|en:recommend	lemma facet derived from headword
s56jevo2vw	sugerir [hacer algo]	to suggest [doing something]	reference	es:sugerir|en:suggest	lemma facet derived from headword
kuessz92cm	terminar de [hacer algo]	to finish [doing something]	supporting	es:terminar|en:finish	lemma facet derived from headword
7kvliuznhm	[hacer algo] es [adjetivo]	[doing something] is [adjective]	supporting	es:ser|en:is	lemma facet derived from headword
qldej05yfp	ir a correr	to go running	reference	es:ir|en:go	lemma facet derived from headword
cvw44cpv4h	ir a bailar	to go dancing	reference	es:ir|en:go	lemma facet derived from headword
3jt1svnphb	hacer ==> haciendo	to do ==> doing	reference	es:hacer|en:doing	lemma facet derived from headword
n9rfhc3fi7	hacer ==> haciendo	to make ==> making	reference	es:hacer|en:make	lemma facet derived from headword
ajya630rfu	ver ==> viendo	to see ==> seeing	reference	es:ver|en:see	lemma facet derived from headword
mrx054a60o	correr ==> corriendo	to run ==> running	reference	es:correr|en:run	lemma facet derived from headword
emji2mg22t	ser [hecho] por [alguien]	to be [done] by [somebody]	supporting	es:ser|en:by	lemma facet derived from headword
tw7e8xdtme	quedar [hecho]	to get [done]	supporting	es:quedar|en:get	lemma facet derived from headword
lzbsoi01yv	mandar [hacer algo]	to get [something] [done]	reference	es:mandar|en:get	lemma facet derived from headword
b9jbbszwof	hacer [hacer algo]	to have [something] [done]	supporting	es:hacer|en:have	lemma facet derived from headword
leowvp7a8n	estudiar ==> estudia	to study ==> studies	reference	es:estudiar|en:study	lemma facet derived from headword
qg82ypat4e	tratar ==> trata	to try ==> tries	reference	es:tratar|en:try	lemma facet derived from headword
an6awlzdv1	terminar ==> termina	to finish ==> finishes	reference	es:terminar|en:finish	lemma facet derived from headword
v7ltrzxban	intentar ==> intenta	to try ==> tries	reference	es:intentar|en:try	lemma facet derived from headword
32c7r6jugo	decir ==> dice	to say ==> says	supporting	es:decir|en:say	lemma facet derived from headword
0qlz0zv1z5	tener ==> tiene	to have ==> has	supporting	es:tener|en:has	lemma facet derived from headword
wlbaxqy8wx	ir ==> va	to go ==> goes	supporting	es:ir|en:go	lemma facet derived from headword
sfknobofbx	hacer ==> hace	to do ==> does	supporting	es:hacer|en:does	lemma facet derived from headword
w7w8ly9haz	ser ==> es	to be ==> is	supporting	es:ser|en:is	lemma facet derived from headword
715ron2lud	estar ==> está	to be ==> is	supporting	es:estar|en:is	lemma facet derived from headword
cb15a9bkk6	tener permiso para [hacer algo]	to be permitted to [do something]	reference	es:tener|en:permitted	lemma facet derived from headword
eiiegq2s5o	o	or	core	en:or	lemma facet derived from headword
7d1mtpky92	u	or	reference	en:or	lemma facet derived from headword
ke36yx8rke	que (comparación)	than	core	es:que|en:than	lemma facet derived from headword
9qaylitnlb	que (cláusula)	that	supporting	es:que|en:that	lemma facet derived from headword
71u0miv5rm	cuando (conector)	when	core	es:cuando|en:when	lemma facet derived from headword
o25cdyanrl	mientras	while	supporting	es:mientras|en:while	lemma facet derived from headword
itlvard6gl	antes de que [ocurra algo]	before [something happens]	supporting	es:antes|en:before	lemma facet derived from headword
pdpsz0kldq	después de que [ocurra algo]	after [something happens]	supporting	es:después|en:after	lemma facet derived from headword
6cf8v8movm	aunque [ocurra algo]	although [something happens]	supporting	es:aunque|en:although	lemma facet derived from headword
h1ywemtkj1	a menos que [ocurra algo]	unless [something happens]	reference	en:unless	lemma facet derived from headword
bcqd9ellcw	siempre y cuando [ocurra algo]	as long as [something happens]	reference	es:siempre|en:as	lemma facet derived from headword
p28kckplqm	con tal de que [ocurra algo]	provided that [something happens]	reference	es:con|en:provided	lemma facet derived from headword
ms6nhszap6	incluso si [ocurre algo]	even if [something happens]	reference	es:incluso|en:even	lemma facet derived from headword
tgdih9ksry	por si [ocurre algo]	in case [something happens]	reference	es:por|en:in	lemma facet derived from headword
k5lmf4gy2r	un segundo	a second	supporting	es:segundo|en:second	lemma facet derived from headword
a980sdxliv	un minuto	a minute	supporting	es:minuto|en:minute	lemma facet derived from headword
4uh4nkfock	la hora	the time	supporting	es:hora|en:time	lemma facet derived from headword
h8dt61iqmg	tiempo	time	supporting	es:tiempo|en:time	lemma facet derived from headword
ojgir22avr	¿qué hora es?	what time is it?	supporting	es:qué|en:what	lemma facet derived from headword
05558aoht5	son las [hora]	it's [time]	supporting	es:son|en:it	lemma facet derived from headword
shzp9wzrxq	son las [hora y minutos]	it's [hour and minutes]	reference	es:son|en:it	lemma facet derived from headword
mac4komrt9	ser mediodía	to be noon	supporting	es:ser|en:noon	lemma facet derived from headword
ceyrr3ohg9	ser medianoche	to be midnight	supporting	es:ser|en:midnight	lemma facet derived from headword
isv86hh4tc	a las [hora]	at [time]	supporting	en:at	lemma facet derived from headword
d7uycdog37	nunca	never	core	es:nunca|en:never	lemma facet derived from headword
jv2hb5h14i	casi nunca	almost never	reference	es:casi|en:almost	lemma facet derived from headword
fkw0rhnl5g	a veces	sometimes	supporting	en:sometimes	lemma facet derived from headword
20vcqfxz7x	a menudo	often	supporting	en:often	lemma facet derived from headword
mul6vzbji9	con frecuencia	often	reference	es:con|en:often	lemma facet derived from headword
bsjihcs01e	casi siempre	almost always	reference	es:casi|en:almost	lemma facet derived from headword
ft6li4zkws	ser [adverbio de frecuencia] [estado]	to be [frequency adverb] [state]	supporting	es:ser|en:be	lemma facet derived from headword
ulnbxqnhk3	todos los días	every day	supporting	es:todos|en:every	lemma facet derived from headword
bzq7n9ygg0	todo el día	all day	supporting	es:todo|en:all	lemma facet derived from headword
t5atviywgi	todas las semanas	every week	reference	es:todas|en:every	lemma facet derived from headword
0nfltazrdk	toda la semana	all week	reference	es:toda|en:all	lemma facet derived from headword
eqlnv74cw8	próximo/a	next	supporting	es:próximo|en:next	lemma facet derived from headword
d6zpr2z5kx	siguiente	next	reference	es:siguiente|en:next	lemma facet derived from headword
nuuwniplla	último/a	last	supporting	es:último|en:last	lemma facet derived from headword
7mjxt0orjk	el presente	the present	reference	es:presente|en:present	lemma facet derived from headword
0n9qw60q58	el futuro	the future	reference	es:futuro|en:future	lemma facet derived from headword
qlkvt2tkf2	tiempo pasado	past time	reference	es:tiempo|en:past	lemma facet derived from headword
ucz5g070t5	tiempo presente	present time	reference	es:tiempo|en:present	lemma facet derived from headword
8n1lf1difn	tiempo futuro	future time	reference	es:tiempo|en:future	lemma facet derived from headword
v9yz4wf0xk	tiempo verbal	verb tense	reference	es:tiempo|en:verb	lemma facet derived from headword
cta1wv3rkf	si [ocurre algo], [ocurre un resultado general]	if [something happens], [a general result happens]	supporting	es:si|en:if	lemma facet derived from headword
nibfz58mag	si [ocurre algo], [ocurrirá un resultado]	if [something happens], [a result] will [happen]	supporting	es:si|en:if	lemma facet derived from headword
uzrso1e91g	si [ocurriera algo], [ocurriría un resultado]	if [something happened], [a result] would [happen]	supporting	es:si|en:if	lemma facet derived from headword
asuexbkbn6	si fuera [alguien], [haría algo]	if I were [somebody], I would [do something]	supporting	es:si|en:if	lemma facet derived from headword
st2b3nnbcx	si hubiera [ocurrido algo], habría [ocurrido un resultado]	if [something] had [happened], [a result] would have [happened]	reference	es:si|en:if	lemma facet derived from headword
ne7ucvq1wy	si hubiera [ocurrido algo], ahora [ocurriría un resultado]	if [something] had [happened], [a result] would [happen] now	reference	es:si|en:if	lemma facet derived from headword
3nqtu4wjs9	si [una situación fuera diferente], habría [ocurrido otro resultado]	if [a situation were different], [another result] would have [happened]	reference	es:si|en:if	lemma facet derived from headword
vhmwfhqxmx	ojalá tuviera [algo]	I wish I had [something]	supporting	es:ojalá	lemma facet derived from headword
frpyv8its0	ojalá pudiera [hacer algo]	if only I could [do something]	reference	es:ojalá|en:if	lemma facet derived from headword
8oydioe8vl	ojalá hubiera [hecho algo]	I wish I had [done something]	reference	es:ojalá	lemma facet derived from headword
2xqn998l77	ojalá [alguien] cambiara [una conducta]	I wish [somebody] would change [a behavior]	reference	es:ojalá	lemma facet derived from headword
8hhxabswez	¿[haces algo]?	do you [do something]?	core	en:you	lemma facet derived from headword
jgfakbesvj	¿[alguien] [hace algo]?	does [somebody] [do something]?	core	en:does	lemma facet derived from headword
zctehn9sxz	¿[alguien] [hizo algo]?	did [somebody] [do something]?	core	en:did	lemma facet derived from headword
mrssm64iu9	[alguien] no [hace algo]	[somebody] doesn't [do something]	core	en:doesn't	lemma facet derived from headword
rz2ue36k0f	[alguien] no [hizo algo]	[somebody] didn't [do something]	core	en:didn't	lemma facet derived from headword
c4ekkqs73f	sí [hago algo] (énfasis)	I do [do something]	reference	es:sí	lemma facet derived from headword
xvgmxfgcrd	sí [alguien] [hizo algo] (énfasis)	[somebody] did [do something]	reference	es:sí|en:did	lemma facet derived from headword
lr3gy47etf	querer saber si [alguien] [hace algo]	to want to know if [somebody] [does something]	supporting	es:querer|en:want	lemma facet derived from headword
dy3hauy404	querer saber por qué [alguien] no [hace algo]	to want to know why [somebody] doesn't [do something]	supporting	es:querer|en:want	lemma facet derived from headword
v7y40xtgb3	¿has [hecho algo]?	have you [done something]?	core	es:has|en:you	lemma facet derived from headword
lh84ieti4z	¿[alguien] ha [hecho algo]?	has [somebody] [done something]?	core	es:ha|en:has	lemma facet derived from headword
hufvgyko3z	¿[alguien] había [hecho algo]?	had [somebody] [done something]?	supporting	es:haber|en:had	lemma facet derived from headword
id38r2eakh	no haber [hecho algo]	not to have [done something]	supporting	es:haber|en:have	lemma facet derived from headword
2pvko71bzc	no haber [hecho algo] (hablado)	haven't [done something]	supporting	es:haber|en:haven't	lemma facet derived from headword
5pzoflm3f4	[alguien] estaba [haciendo algo]	[somebody] was [doing something]	supporting	es:estar|en:was	lemma facet derived from headword
qondlt4ahl	[alguien] estará [haciendo algo]	[somebody] will be [doing something]	reference	es:estará|en:be	lemma facet derived from headword
nxcynwooyz	[alguien] estaría [haciendo algo]	[somebody] would be [doing something]	reference	es:estaría|en:be	lemma facet derived from headword
05v29ctfcb	[alguien] había [hecho algo]	[somebody] had [done something]	supporting	es:haber|en:had	lemma facet derived from headword
qeak5scchp	[alguien] habrá [hecho algo]	[somebody] will have [done something]	reference	es:haber|en:have	lemma facet derived from headword
wunmuiqosj	[alguien] habría [hecho algo]	[somebody] would have [done something]	reference	es:haber|en:have	lemma facet derived from headword
yqiin6tdtl	haber estado [haciendo algo]	to have been [doing something]	supporting	es:haber|en:been	lemma facet derived from headword
fu708e83rg	[alguien] había estado [haciendo algo]	[somebody] had been [doing something]	reference	es:haber|en:been	lemma facet derived from headword
4dtd8lj623	[alguien] habrá estado [haciendo algo]	[somebody] will have been [doing something]	reference	es:haber|en:been	lemma facet derived from headword
vn67aoztgf	[alguien] habría estado [haciendo algo]	[somebody] would have been [doing something]	reference	es:haber|en:been	lemma facet derived from headword
8aej7jfu2y	¿tienes que [hacer algo]?	do you have to [do something]?	core	es:tienes|en:you	lemma facet derived from headword
zugopbh0jt	¿[alguien] tiene que [hacer algo]?	does [somebody] have to [do something]?	core	es:tener|en:to	lemma facet derived from headword
dj00e4gi88	¿[alguien] tenía que [hacer algo]?	did [somebody] have to [do something]?	supporting	es:tener|en:to	lemma facet derived from headword
22pjks5vmh	no tener que [hacer algo]	not to have to [do something]	core	es:tener|en:to	lemma facet derived from headword
dtnmnb60nj	tener que [hacer algo] (hablado)	gotta [do something]	reference	es:tener|en:gotta	lemma facet derived from headword
6j9mgb7b17	haber [algo] (presente singular)	there is [something]	supporting	es:haber|en:there	lemma facet derived from headword
7yqanblhbj	haber [cosas] (presente plural)	there are [things]	supporting	es:haber|en:there	lemma facet derived from headword
89ut7cha5j	haber [algo] (pasado singular)	there was [something]	supporting	es:haber|en:there	lemma facet derived from headword
4w8zmnbknt	haber [cosas] (pasado plural)	there were [things]	supporting	es:haber|en:there	lemma facet derived from headword
ttxd6h84lo	¿hay [algo]?	is there [something]?	supporting	es:haber|en:is	lemma facet derived from headword
lxes3mwyig	querer saber si hay [algo]	to want to know if there is [something]	supporting	es:querer|en:want	lemma facet derived from headword
clkjgb2k5m	apagar [algo]	to turn [something] off	supporting	es:apagar|en:turn	lemma facet derived from headword
mfqqgurgok	apagarlo/la	to turn it off	supporting	es:apagarlo|en:turn	lemma facet derived from headword
xuzwzg1iov	apagar [un objeto largo]	to turn off [a long object]	reference	es:apagar|en:turn	lemma facet derived from headword
hux5cpb40q	recogerlo/la	to pick it up	supporting	es:recogerlo|en:pick	lemma facet derived from headword
e4t2bqlckp	cuidarlo/la	to look after it	supporting	es:cuidarlo|en:look	lemma facet derived from headword
sp3ppxsht4	chocar con [algo]	to run into [something]	reference	es:chocar|en:run	lemma facet derived from headword
9kb0lubk35	buscar [algo] en una referencia	to look [something] up	supporting	es:buscar|en:look	lemma facet derived from headword
rnbqgo3fk9	¿[estás haciendo algo]?	are you [doing something]?	core	en:are	lemma facet derived from headword
spnqzmy3g5	¿[alguien] está [haciendo algo]?	is [somebody] [doing something]?	core	es:estar|en:is	lemma facet derived from headword
bvjzllj20d	¿[estabas haciendo algo]?	were you [doing something]?	supporting	en:were	lemma facet derived from headword
jsajob6okd	¿[alguien] estaba [haciendo algo]?	was [somebody] [doing something]?	supporting	es:estar|en:was	lemma facet derived from headword
ihsw7a0ggn	¿vas a [hacer algo]?	are you going to [do something]?	core	es:ir|en:are	lemma facet derived from headword
2g4mul96oa	¿[alguien] va a [hacer algo]?	is [somebody] going to [do something]?	core	es:ir|en:is	lemma facet derived from headword
ob3a6c4swk	¿ibas a [hacer algo]?	were you going to [do something]?	supporting	es:ibas|en:were	lemma facet derived from headword
rzbd2v6ygo	¿[alguien] iba a [hacer algo]?	was [somebody] going to [do something]?	supporting	es:iba|en:was	lemma facet derived from headword
wr8pbzbr3p	iba a [hacer algo]	I/he/she was going to [do something]	supporting	es:iba|en:i/he/she	lemma facet derived from headword
e6mo24dstx	íbamos a [hacer algo]	we were going to [do something]	supporting	es:íbamos|en:we	lemma facet derived from headword
esz763givh	iban a [hacer algo]	they were going to [do something]	supporting	es:iban|en:they	lemma facet derived from headword
r30tfgius4	¿puedes [hacer algo]?	can you [do something]?	core	es:puedes|en:you	lemma facet derived from headword
84arllzyhs	no podría [hacer algo]	couldn't [do something]	supporting	es:poder|en:couldn't	lemma facet derived from headword
78zjjk2mwo	¿debes [hacer algo]?	must you [do something]?	reference	es:debes|en:you	lemma facet derived from headword
5unz3dwyz7	estar prohibido [hacer algo]	must not [do something]	supporting	es:estar|en:not	lemma facet derived from headword
ytzftmquqs	estar prohibido [hacer algo]	mustn't [do something]	supporting	es:estar|en:mustn't	lemma facet derived from headword
dtlxfmo16j	¿deberías [hacer algo]?	should you [do something]?	supporting	es:deberías|en:you	lemma facet derived from headword
m2op0ycc10	¿[harás algo]?	will you [do something]?	core	en:you	lemma facet derived from headword
di2yhfha43	no [haré algo]	won't [do something]	core	en:won't	lemma facet derived from headword
qoxz39dr3t	¿[harías algo]?	would you [do something]?	core	en:you	lemma facet derived from headword
yjkuu2ysaa	no [haría algo]	wouldn't [do something]	supporting	en:wouldn't	lemma facet derived from headword
4ybycrtvck	ser grande ==> ser más grande	to be large ==> to be larger	reference	es:ser|en:large	lemma facet derived from headword
loc2s7jjrm	ser grande ==> ser el/la más grande	to be large ==> to be the largest	reference	es:ser|en:large	lemma facet derived from headword
kbio2z3f6e	ser rápido/a ==> ser más rápido/a	to be quick ==> to be quicker	reference	es:ser|en:quick	lemma facet derived from headword
37d57ewo59	ser rápido/a ==> ser el/la más rápido/a	to be quick ==> to be the quickest	reference	es:ser|en:quick	lemma facet derived from headword
zn504bpbeh	ser rápido/a ==> ser más rápido/a	to be rapid ==> to be more rapid	reference	es:ser|en:rapid	lemma facet derived from headword
8o5wb8b6vo	ser rápido/a ==> ser el/la más rápido/a	to be rapid ==> to be the most rapid	reference	es:ser|en:rapid	lemma facet derived from headword
4yxiqq2u1m	ser difícil ==> ser más difícil	to be difficult ==> to be more difficult	supporting	es:ser|en:difficult	lemma facet derived from headword
ye7rmbmbov	ser difícil ==> ser el/la más difícil	to be difficult ==> to be the most difficult	supporting	es:ser|en:difficult	lemma facet derived from headword
fyshadppn5	ser importante ==> ser más importante	to be important ==> to be more important	supporting	es:ser|en:important	lemma facet derived from headword
2fyfjvb91s	ser importante ==> ser el/la más importante	to be important ==> to be the most important	supporting	es:ser|en:important	lemma facet derived from headword
f62p62zg7o	ser bueno/a ==> ser mejor	to be good ==> to be better	supporting	es:ser|en:good	lemma facet derived from headword
89nkgjqxfi	ser bueno/a ==> ser el/la mejor	to be good ==> to be the best	supporting	es:ser|en:good	lemma facet derived from headword
r4n8t7puv8	ser malo/a ==> ser peor	to be bad ==> to be worse	supporting	es:ser|en:bad	lemma facet derived from headword
8wgwtlo4yb	ser malo/a ==> ser el/la peor	to be bad ==> to be the worst	supporting	es:ser|en:bad	lemma facet derived from headword
46elg5u15i	ser [adjetivo]	to be [adjective]	core	es:ser|en:be	lemma facet derived from headword
neo7bdruvy	muy [adjetivo]	very [adjective]	core	es:muy|en:very	lemma facet derived from headword
ix24rna8om	demasiado/a [adjetivo]	too [adjective]	core	es:demasiado|en:too	lemma facet derived from headword
11lmznqkb7	tan [adjetivo]	so [adjective]	core	es:tan|en:so	lemma facet derived from headword
57a72p21zi	no tan [adjetivo]	not that [adjective]	supporting	es:tan|en:that	lemma facet derived from headword
r9zf5ny811	tan [adjetivo] como	as [adjective] as	supporting	es:tan|en:as	lemma facet derived from headword
mmo03wwxvu	demasiado/a [sustantivo no contable]	too much [uncountable noun]	supporting	es:demasiado|en:too	lemma facet derived from headword
z2ew7nxy61	demasiados/as [sustantivos contables]	too many [countable nouns]	supporting	es:demasiados|en:too	lemma facet derived from headword
iy5z32hskd	tanto/a [sustantivo no contable]	so much [uncountable noun]	supporting	es:tanto|en:so	lemma facet derived from headword
nw6m2yjdpc	tantos/as [sustantivos contables]	so many [countable nouns]	supporting	es:tantos|en:so	lemma facet derived from headword
21t654c1rv	no tanto/a [sustantivo no contable]	not that much [uncountable noun]	reference	es:tanto|en:that	lemma facet derived from headword
z7nw8m8war	no tantos/as [sustantivos contables]	not that many [countable nouns]	reference	es:tantos|en:that	lemma facet derived from headword
p0bgt5s2ty	tanto/a [sustantivo no contable] como	as much [uncountable noun] as	supporting	es:tanto|en:as	lemma facet derived from headword
frpegdhmhi	tantos/as [sustantivos contables] como	as many [countable nouns] as	supporting	es:tantos|en:as	lemma facet derived from headword
v3kumwf8dl	mucho/a [sustantivo no contable]	a lot of [uncountable noun]	core	es:mucho|en:lot	lemma facet derived from headword
w317yrkvug	muchos/as [sustantivos contables]	a lot of [countable nouns]	core	es:muchos|en:lot	lemma facet derived from headword
oedeaeps1f	muchos/as [sustantivos contables]	many [countable nouns]	reference	es:muchos|en:many	lemma facet derived from headword
opdrjw467t	mucho/a [sustantivo no contable] (pregunta o negación)	much [uncountable noun]	supporting	es:mucho|en:much	lemma facet derived from headword
cxyj6z0ff3	muchos/as [sustantivos contables]	lots of [countable nouns]	reference	es:muchos|en:lots	lemma facet derived from headword
g990dbpmx6	más que suficiente [sustantivo]	plenty of [noun]	supporting	es:más|en:plenty	lemma facet derived from headword
f7psdobzu1	suficiente [sustantivo no contable]	enough [uncountable noun]	core	es:suficiente|en:enough	lemma facet derived from headword
1elr0uhict	suficientes [sustantivos contables]	enough [countable nouns]	core	es:suficientes|en:enough	lemma facet derived from headword
uoz9og2i44	un montón de [sustantivo]	a pile of [noun]	reference	es:montón|en:pile	lemma facet derived from headword
r1ltbyo6ue	un poco de [sustantivo no contable]	a little [uncountable noun]	supporting	es:poco|en:little	lemma facet derived from headword
0jyt2yhlip	unos/as pocos/as [sustantivos contables]	a few [countable nouns]	supporting	es:unos|en:few	lemma facet derived from headword
tm1trc4gs0	menos [sustantivo no contable]	less [uncountable noun]	supporting	es:menos|en:less	lemma facet derived from headword
2tusil146c	menos [sustantivos contables]	fewer [countable nouns]	supporting	es:menos|en:fewer	lemma facet derived from headword
umj0jwueww	este/esta	this	core	es:este|en:this	lemma facet derived from headword
5xqlvi8o8k	ese/esa	that	core	es:ese|en:that	lemma facet derived from headword
n7ckq60x6x	estos/estas	these	core	es:estos|en:these	lemma facet derived from headword
cmwi64osep	esos/esas	those	core	es:esos|en:those	lemma facet derived from headword
s06vm98ww1	gustarle los gatos a [alguien] (en general)	[somebody] likes cats	supporting	es:gustar|en:likes	lemma facet derived from headword
a9tdq9f0xr	necesitar información (en general)	to need information	supporting	es:necesitar|en:need	lemma facet derived from headword
j69jaw6dew	gustarle los gatos específicos a [alguien]	[somebody] likes the specific cats	reference	es:gustar|en:likes	lemma facet derived from headword
t0gq5vym7f	necesitar la información específica	to need the specific information	reference	es:necesitar|en:need	lemma facet derived from headword
g1rutwdphd	pasado de arise	arose	reference	es:arise|en:arise	lemma facet derived from headword
onvicr4rrh	participio de arise	arisen	reference	es:arise|en:arise	lemma facet derived from headword
ni742ndzv7	pasado de awake	awoke	reference	es:awake|en:awake	lemma facet derived from headword
4hlh5r63mf	pasado de awake	awakened	reference	es:awake|en:awake	lemma facet derived from headword
bhw9cef29l	participio de awake	awoken	reference	es:awake|en:awake	lemma facet derived from headword
tod3dgfolj	participio de awake	awakened	reference	es:awake|en:awake	lemma facet derived from headword
srl7scbt4x	pasado de be	was	supporting	es:be|en:be	lemma facet derived from headword
gtp0cakjyi	pasado de be	were	supporting	es:be|en:be	lemma facet derived from headword
sia3vl9zuh	participio de be	been	supporting	es:be|en:be	lemma facet derived from headword
284324xwnq	pasado de bear	bore	reference	es:bear|en:bear	lemma facet derived from headword
39d040aumy	participio de bear	borne	reference	es:bear|en:bear	lemma facet derived from headword
wu1iiygwy2	participio de bear	born	reference	es:bear|en:bear	lemma facet derived from headword
dj9dpa1ajh	pasado de beat	beat	reference	es:beat|en:beat	lemma facet derived from headword
3bzk962le1	participio de beat	beaten	reference	es:beat|en:beat	lemma facet derived from headword
r78nprh6tx	pasado de become	became	supporting	es:become|en:become	lemma facet derived from headword
3090ckncp7	participio de become	become	supporting	es:become|en:become	lemma facet derived from headword
j6uswnegvw	pasado de begin	began	supporting	es:begin|en:begin	lemma facet derived from headword
vlkscuc232	participio de begin	begun	supporting	es:begin|en:begin	lemma facet derived from headword
zwehatba0w	pasado de bend	bent	reference	es:bend|en:bend	lemma facet derived from headword
eangpz65s8	participio de bend	bent	reference	es:bend|en:bend	lemma facet derived from headword
mllnyzs7zr	pasado de bet	bet	reference	es:bet|en:bet	lemma facet derived from headword
svtoxcx6b0	participio de bet	bet	reference	es:bet|en:bet	lemma facet derived from headword
4sk3bwdr8h	pasado de bid	bid	reference	es:bid|en:bid	lemma facet derived from headword
0oh5tfeycq	participio de bid	bid	reference	es:bid|en:bid	lemma facet derived from headword
oby9aziqxu	participio de bid	bidden	reference	es:bid|en:bid	lemma facet derived from headword
uf2e7r7bol	pasado de bind	bound	reference	es:bind|en:bind	lemma facet derived from headword
6c0uxx7uu9	participio de bind	bound	reference	es:bind|en:bind	lemma facet derived from headword
pvjomq5jkz	pasado de bite	bit	reference	es:bite|en:bite	lemma facet derived from headword
hqskibtcl1	participio de bite	bitten	reference	es:bite|en:bite	lemma facet derived from headword
kosp2rzf7h	pasado de bleed	bled	reference	es:bleed|en:bleed	lemma facet derived from headword
qn1ohmgeli	participio de bleed	bled	reference	es:bleed|en:bleed	lemma facet derived from headword
yw0r4qe03n	pasado de blow	blew	reference	es:blow|en:blow	lemma facet derived from headword
d1hnk98p24	participio de blow	blown	reference	es:blow|en:blow	lemma facet derived from headword
8xe7hazr9w	pasado de break	broke	supporting	es:break|en:break	lemma facet derived from headword
6ftt9jzrxo	participio de break	broken	supporting	es:break|en:break	lemma facet derived from headword
1w4k9d2e4d	pasado de breed	bred	reference	es:breed|en:breed	lemma facet derived from headword
om096ydns5	participio de breed	bred	reference	es:breed|en:breed	lemma facet derived from headword
45hq45uq4y	pasado de bring	brought	supporting	es:bring|en:bring	lemma facet derived from headword
yktvtrhk80	participio de bring	brought	supporting	es:bring|en:bring	lemma facet derived from headword
p85salreqo	pasado de broadcast	broadcast	reference	es:broadcast|en:broadcast	lemma facet derived from headword
z3kamqz76n	participio de broadcast	broadcast	reference	es:broadcast|en:broadcast	lemma facet derived from headword
4i10zqiqjp	pasado de build	built	supporting	es:build|en:build	lemma facet derived from headword
xkyb2vua4e	participio de build	built	supporting	es:build|en:build	lemma facet derived from headword
4ou8sxbjxk	pasado de burn	burned	reference	es:burn|en:burn	lemma facet derived from headword
q5sk9vcx1o	pasado de burn	burnt	reference	es:burn|en:burn	lemma facet derived from headword
w5jumzobua	participio de burn	burned	reference	es:burn|en:burn	lemma facet derived from headword
f6oadawhhp	participio de burn	burnt	reference	es:burn|en:burn	lemma facet derived from headword
dfzbacmzy5	pasado de burst	burst	reference	es:burst|en:burst	lemma facet derived from headword
pnwix23mmu	participio de burst	burst	reference	es:burst|en:burst	lemma facet derived from headword
rugw6w9oay	pasado de buy	bought	supporting	es:buy|en:buy	lemma facet derived from headword
0j5tjt1o7j	participio de buy	bought	supporting	es:buy|en:buy	lemma facet derived from headword
iiysx4yx7o	pasado de can	could	supporting	es:can|en:can	lemma facet derived from headword
hub84vedvz	pasado de cast	cast	reference	es:cast|en:cast	lemma facet derived from headword
iwllkmo2pg	participio de cast	cast	reference	es:cast|en:cast	lemma facet derived from headword
gl1iyxy3yl	pasado de catch	caught	supporting	es:catch|en:catch	lemma facet derived from headword
tewh0c95pd	participio de catch	caught	supporting	es:catch|en:catch	lemma facet derived from headword
w5f9hb62bj	pasado de choose	chose	supporting	es:choose|en:choose	lemma facet derived from headword
1yx8y3hhk6	participio de choose	chosen	supporting	es:choose|en:choose	lemma facet derived from headword
2gmqjxemef	pasado de cling	clung	reference	es:cling|en:cling	lemma facet derived from headword
xmwndx122c	participio de cling	clung	reference	es:cling|en:cling	lemma facet derived from headword
spsm9r8vyb	pasado de clothe	clothed	reference	es:clothe|en:clothe	lemma facet derived from headword
2ovfvhr2o2	pasado de clothe	clad	reference	es:clothe|en:clothe	lemma facet derived from headword
xpnywfr939	participio de clothe	clothed	reference	es:clothe|en:clothe	lemma facet derived from headword
b1c9f96cqx	participio de clothe	clad	reference	es:clothe|en:clothe	lemma facet derived from headword
lbukbw3o1p	pasado de come	came	supporting	es:come|en:come	lemma facet derived from headword
xdkhmkos1t	participio de come	come	supporting	es:come|en:come	lemma facet derived from headword
zfuqam5zu5	pasado de cost	cost	supporting	es:cost|en:cost	lemma facet derived from headword
i8kazlyawi	participio de cost	cost	supporting	es:cost|en:cost	lemma facet derived from headword
okfppdbnlq	pasado de creep	crept	reference	es:creep|en:creep	lemma facet derived from headword
ptwl0aih6e	participio de creep	crept	reference	es:creep|en:creep	lemma facet derived from headword
no7v9kkvhq	pasado de cut	cut	supporting	es:cut|en:cut	lemma facet derived from headword
5rcenaxbna	participio de cut	cut	supporting	es:cut|en:cut	lemma facet derived from headword
79go7y7jek	pasado de deal	dealt	reference	es:deal|en:deal	lemma facet derived from headword
t0j14amubg	participio de deal	dealt	reference	es:deal|en:deal	lemma facet derived from headword
0nan92o13z	pasado de dig	dug	reference	es:dig|en:dig	lemma facet derived from headword
1yfqckbbl1	participio de dig	dug	reference	es:dig|en:dig	lemma facet derived from headword
msi48xyv0q	pasado de dive	dived	reference	es:dive|en:dive	lemma facet derived from headword
eydd859tgk	pasado de dive	dove	reference	es:dive|en:dive	lemma facet derived from headword
gkinlwurxm	participio de dive	dived	reference	es:dive|en:dive	lemma facet derived from headword
9nyqu8uehx	pasado de do	did	supporting	es:do|en:do	lemma facet derived from headword
m2led45ghj	participio de do	done	supporting	es:do|en:do	lemma facet derived from headword
mll3xsnqqe	pasado de draw	drew	supporting	es:draw|en:draw	lemma facet derived from headword
4dqnbf4tkp	participio de draw	drawn	supporting	es:draw|en:draw	lemma facet derived from headword
y1b6i0a0r9	pasado de dream	dreamed	reference	es:dream|en:dream	lemma facet derived from headword
t6n1a8sts2	pasado de dream	dreamt	reference	es:dream|en:dream	lemma facet derived from headword
in3djophq4	participio de dream	dreamed	reference	es:dream|en:dream	lemma facet derived from headword
1z3vqrnpos	participio de dream	dreamt	reference	es:dream|en:dream	lemma facet derived from headword
r2gyv054my	pasado de drink	drank	supporting	es:drink|en:drink	lemma facet derived from headword
hx302e3tcv	participio de drink	drunk	supporting	es:drink|en:drink	lemma facet derived from headword
vbydhdzdnz	pasado de drive	drove	supporting	es:drive|en:drive	lemma facet derived from headword
63bn9ar4z7	participio de drive	driven	supporting	es:drive|en:drive	lemma facet derived from headword
nds3rzq7f8	pasado de eat	ate	supporting	es:eat|en:eat	lemma facet derived from headword
l6tfbrakge	participio de eat	eaten	supporting	es:eat|en:eat	lemma facet derived from headword
tmxr4tm85t	pasado de fall	fell	supporting	es:fall|en:fall	lemma facet derived from headword
6v3xi2a089	participio de fall	fallen	supporting	es:fall|en:fall	lemma facet derived from headword
lqkjvqvga0	pasado de feed	fed	reference	es:feed|en:feed	lemma facet derived from headword
9khmf2u9eb	participio de feed	fed	reference	es:feed|en:feed	lemma facet derived from headword
x1nx1z1a1p	pasado de feel	felt	supporting	es:feel|en:feel	lemma facet derived from headword
20ehjgbq4l	participio de feel	felt	supporting	es:feel|en:feel	lemma facet derived from headword
d0ezvwcw54	pasado de fight	fought	supporting	es:fight|en:fight	lemma facet derived from headword
ec8kcymom7	participio de fight	fought	supporting	es:fight|en:fight	lemma facet derived from headword
zmnamkbq3b	pasado de find	found	supporting	es:find|en:find	lemma facet derived from headword
nl08qe1e3q	participio de find	found	supporting	es:find|en:find	lemma facet derived from headword
biczrdqgdd	pasado de fit	fit	reference	es:fit|en:fit	lemma facet derived from headword
agoglocbab	pasado de fit	fitted	reference	es:fit|en:fit	lemma facet derived from headword
e6lte4vuoz	participio de fit	fit	reference	es:fit|en:fit	lemma facet derived from headword
tgsgs5lsmk	participio de fit	fitted	reference	es:fit|en:fit	lemma facet derived from headword
dz3lxqyat3	pasado de flee	fled	reference	es:flee|en:flee	lemma facet derived from headword
l2z9k8jtx4	participio de flee	fled	reference	es:flee|en:flee	lemma facet derived from headword
7gvjhcp0jx	pasado de fling	flung	reference	es:fling|en:fling	lemma facet derived from headword
2t02z49kkg	participio de fling	flung	reference	es:fling|en:fling	lemma facet derived from headword
vnrv7qdebw	pasado de fly	flew	supporting	es:fly|en:fly	lemma facet derived from headword
q58n1n7mzx	participio de fly	flown	supporting	es:fly|en:fly	lemma facet derived from headword
1kn03k7sbs	pasado de forbid	forbade	reference	es:forbid|en:forbid	lemma facet derived from headword
eid3y3vjty	participio de forbid	forbidden	reference	es:forbid|en:forbid	lemma facet derived from headword
ahyyzzzoq4	pasado de forget	forgot	supporting	es:forget|en:forget	lemma facet derived from headword
5jivy1ob66	participio de forget	forgotten	supporting	es:forget|en:forget	lemma facet derived from headword
hnih2u3kpa	pasado de forgive	forgave	reference	es:forgive|en:forgive	lemma facet derived from headword
1xuraraznf	participio de forgive	forgiven	reference	es:forgive|en:forgive	lemma facet derived from headword
ghx4osdo9o	pasado de freeze	froze	reference	es:freeze|en:freeze	lemma facet derived from headword
6f3b5muinr	participio de freeze	frozen	reference	es:freeze|en:freeze	lemma facet derived from headword
e61dms0hq3	pasado de get	got	supporting	es:get|en:get	lemma facet derived from headword
8k1ayyt6pc	participio de get	got	supporting	es:get|en:get	lemma facet derived from headword
3r70xx9t9s	participio de get	gotten	supporting	es:get|en:get	lemma facet derived from headword
62spkcg55w	pasado de give	gave	supporting	es:give|en:give	lemma facet derived from headword
iblqv731gx	participio de give	given	supporting	es:give|en:give	lemma facet derived from headword
l3jqtqp7we	pasado de go	went	supporting	es:go|en:go	lemma facet derived from headword
j75hzql7s8	participio de go	gone	supporting	es:go|en:go	lemma facet derived from headword
h8v7gva74y	pasado de grind	ground	reference	es:grind|en:grind	lemma facet derived from headword
iv59zmzpfc	participio de grind	ground	reference	es:grind|en:grind	lemma facet derived from headword
62klhyoaxj	pasado de grow	grew	supporting	es:grow|en:grow	lemma facet derived from headword
8wyni4z4jb	participio de grow	grown	supporting	es:grow|en:grow	lemma facet derived from headword
jwdtzs5t6a	pasado de hang	hung	reference	es:hang|en:hang	lemma facet derived from headword
s72csld91t	pasado de hang	hanged	reference	es:hang|en:hang	lemma facet derived from headword
miby128ryy	participio de hang	hung	reference	es:hang|en:hang	lemma facet derived from headword
5ig0y87gzs	participio de hang	hanged	reference	es:hang|en:hang	lemma facet derived from headword
dyfhan9nwo	pasado de have	had	supporting	es:have|en:have	lemma facet derived from headword
rv6qhto601	participio de have	had	supporting	es:have|en:have	lemma facet derived from headword
9dwskqsjd0	pasado de hear	heard	supporting	es:hear|en:hear	lemma facet derived from headword
51u4l72zq4	participio de hear	heard	supporting	es:hear|en:hear	lemma facet derived from headword
16srcng7up	pasado de hide	hid	supporting	es:hide|en:hide	lemma facet derived from headword
fu3jtwrv5c	participio de hide	hidden	supporting	es:hide|en:hide	lemma facet derived from headword
h89xcjotmg	pasado de hit	hit	supporting	es:hit|en:hit	lemma facet derived from headword
tyke6c3ns2	participio de hit	hit	supporting	es:hit|en:hit	lemma facet derived from headword
frxrx8cy18	pasado de hold	held	supporting	es:hold|en:hold	lemma facet derived from headword
6uheo5toci	participio de hold	held	supporting	es:hold|en:hold	lemma facet derived from headword
ingp6lcqb4	pasado de hurt	hurt	supporting	es:hurt|en:hurt	lemma facet derived from headword
m4t3vxqpl6	participio de hurt	hurt	supporting	es:hurt|en:hurt	lemma facet derived from headword
96jj8crcsn	pasado de keep	kept	supporting	es:keep|en:keep	lemma facet derived from headword
rn03b9v8rd	participio de keep	kept	supporting	es:keep|en:keep	lemma facet derived from headword
32syierhkp	pasado de kneel	kneeled	reference	es:kneel|en:kneel	lemma facet derived from headword
8c3jkl2q3o	pasado de kneel	knelt	reference	es:kneel|en:kneel	lemma facet derived from headword
4lh6kbhnv2	participio de kneel	kneeled	reference	es:kneel|en:kneel	lemma facet derived from headword
7itawft3f4	participio de kneel	knelt	reference	es:kneel|en:kneel	lemma facet derived from headword
4ntxn5h6iz	pasado de knit	knit	reference	es:knit|en:knit	lemma facet derived from headword
lrlhtti1dj	pasado de knit	knitted	reference	es:knit|en:knit	lemma facet derived from headword
udnhjgdfki	participio de knit	knit	reference	es:knit|en:knit	lemma facet derived from headword
t4uldaqtrn	participio de knit	knitted	reference	es:knit|en:knit	lemma facet derived from headword
8w2jqzvm13	pasado de know	knew	supporting	es:know|en:know	lemma facet derived from headword
m31kpazbri	participio de know	known	supporting	es:know|en:know	lemma facet derived from headword
5vg8sjndmp	pasado de lay	laid	reference	es:lay|en:lay	lemma facet derived from headword
w3xwt1is0s	participio de lay	laid	reference	es:lay|en:lay	lemma facet derived from headword
moa509gjfs	pasado de lead	led	reference	es:lead|en:lead	lemma facet derived from headword
yiyb24ixan	participio de lead	led	reference	es:lead|en:lead	lemma facet derived from headword
w0p74y9naa	pasado de lean	leaned	reference	es:lean|en:lean	lemma facet derived from headword
fhpmbsbpaw	participio de lean	leaned	reference	es:lean|en:lean	lemma facet derived from headword
6ybadbgc6g	pasado de leap	leaped	reference	es:leap|en:leap	lemma facet derived from headword
u5bhiwm7ld	participio de leap	leaped	reference	es:leap|en:leap	lemma facet derived from headword
3ykv4stp4a	pasado de learn	learned	reference	es:learn|en:learn	lemma facet derived from headword
04poz5wtji	participio de learn	learned	reference	es:learn|en:learn	lemma facet derived from headword
hrbq6s2j6w	pasado de leave	left	supporting	es:leave|en:leave	lemma facet derived from headword
ypd727s6hq	participio de leave	left	supporting	es:leave|en:leave	lemma facet derived from headword
3n6i16wyag	pasado de lend	lent	supporting	es:lend|en:lend	lemma facet derived from headword
5yfrmfazp0	participio de lend	lent	supporting	es:lend|en:lend	lemma facet derived from headword
92ealprsbd	pasado de let	let	supporting	es:let|en:let	lemma facet derived from headword
dxb9jzinrq	participio de let	let	supporting	es:let|en:let	lemma facet derived from headword
lno5ht42qg	pasado de lie	lay	reference	es:lie|en:lie	lemma facet derived from headword
ejdik4gc6k	participio de lie	lain	reference	es:lie|en:lie	lemma facet derived from headword
lyxzmxkdz8	pasado de light	lit	reference	es:light|en:light	lemma facet derived from headword
xfqmtcs67o	pasado de light	lighted	reference	es:light|en:light	lemma facet derived from headword
jw2dkuzufk	participio de light	lit	reference	es:light|en:light	lemma facet derived from headword
x0fy3ae2fn	participio de light	lighted	reference	es:light|en:light	lemma facet derived from headword
e2vj5fksnk	pasado de lose	lost	supporting	es:lose|en:lose	lemma facet derived from headword
jx4ejh8c5y	participio de lose	lost	supporting	es:lose|en:lose	lemma facet derived from headword
lmc3z7ehft	pasado de make	made	supporting	es:make|en:make	lemma facet derived from headword
pekpg8dy8k	participio de make	made	supporting	es:make|en:make	lemma facet derived from headword
op7475igzu	pasado de mean	meant	supporting	es:mean|en:mean	lemma facet derived from headword
gwo4msr8kw	participio de mean	meant	supporting	es:mean|en:mean	lemma facet derived from headword
ddtalrf2sa	pasado de meet	met	supporting	es:meet|en:meet	lemma facet derived from headword
7j4xptyx41	participio de meet	met	supporting	es:meet|en:meet	lemma facet derived from headword
b1ncaq30tj	pasado de mow	mowed	reference	es:mow|en:mow	lemma facet derived from headword
g3ofkktl63	participio de mow	mown	reference	es:mow|en:mow	lemma facet derived from headword
z0fa35yjx9	participio de mow	mowed	reference	es:mow|en:mow	lemma facet derived from headword
rpgb8mpa5f	pasado de pay	paid	supporting	es:pay|en:pay	lemma facet derived from headword
mrzig8vrnw	participio de pay	paid	supporting	es:pay|en:pay	lemma facet derived from headword
vc6r566gjh	pasado de plead	pleaded	reference	es:plead|en:plead	lemma facet derived from headword
5tgfasmkqp	pasado de plead	pled	reference	es:plead|en:plead	lemma facet derived from headword
k3pvgd3wse	participio de plead	pleaded	reference	es:plead|en:plead	lemma facet derived from headword
yv0rgqk0rr	participio de plead	pled	reference	es:plead|en:plead	lemma facet derived from headword
a52hbmvqbe	pasado de prove	proved	reference	es:prove|en:prove	lemma facet derived from headword
rvqzozxvlv	participio de prove	proven	reference	es:prove|en:prove	lemma facet derived from headword
3vmu206qps	participio de prove	proved	reference	es:prove|en:prove	lemma facet derived from headword
vd3nut7nkt	pasado de put	put	supporting	es:put|en:put	lemma facet derived from headword
smpiiw148l	participio de put	put	supporting	es:put|en:put	lemma facet derived from headword
9pqsf0ud6d	pasado de quit	quit	reference	es:quit|en:quit	lemma facet derived from headword
u6notwo6my	participio de quit	quit	reference	es:quit|en:quit	lemma facet derived from headword
59yagpqbix	pasado de read	read	supporting	es:read|en:read	lemma facet derived from headword
ror87had0q	participio de read	read	supporting	es:read|en:read	lemma facet derived from headword
rexmxhv2ih	pasado de rid	rid	reference	es:rid|en:rid	lemma facet derived from headword
awhxvvklkw	participio de rid	rid	reference	es:rid|en:rid	lemma facet derived from headword
0v2x2ecjqe	pasado de ride	rode	supporting	es:ride|en:ride	lemma facet derived from headword
tgo1val9xh	participio de ride	ridden	supporting	es:ride|en:ride	lemma facet derived from headword
rxho2fn8fn	pasado de ring	rang	reference	es:ring|en:ring	lemma facet derived from headword
3pco7273dr	participio de ring	rung	reference	es:ring|en:ring	lemma facet derived from headword
km1b8rim8n	pasado de rise	rose	reference	es:rise|en:rise	lemma facet derived from headword
d9oxjrwfue	participio de rise	risen	reference	es:rise|en:rise	lemma facet derived from headword
oiferzi4zi	pasado de run	ran	supporting	es:run|en:run	lemma facet derived from headword
ur7p71snqp	participio de run	run	supporting	es:run|en:run	lemma facet derived from headword
cij7k51kqk	pasado de say	said	supporting	es:say|en:say	lemma facet derived from headword
12lrm1b61l	participio de say	said	supporting	es:say|en:say	lemma facet derived from headword
6xhxr8sb7k	pasado de see	saw	supporting	es:see|en:see	lemma facet derived from headword
fu4c8t7dei	participio de see	seen	supporting	es:see|en:see	lemma facet derived from headword
k1zeafjyeu	pasado de seek	sought	reference	es:seek|en:seek	lemma facet derived from headword
z6bg9qle6t	participio de seek	sought	reference	es:seek|en:seek	lemma facet derived from headword
mpfyf2ovqk	pasado de sell	sold	supporting	es:sell|en:sell	lemma facet derived from headword
as3d3fjuw7	participio de sell	sold	supporting	es:sell|en:sell	lemma facet derived from headword
zui5vgopk6	pasado de send	sent	supporting	es:send|en:send	lemma facet derived from headword
mon6vzw35r	participio de send	sent	supporting	es:send|en:send	lemma facet derived from headword
8iwzc12hm2	pasado de set	set	supporting	es:set|en:set	lemma facet derived from headword
9lle2cpep8	participio de set	set	supporting	es:set|en:set	lemma facet derived from headword
yz9g9ykdb9	pasado de sew	sewed	reference	es:sew|en:sew	lemma facet derived from headword
6k127x124p	participio de sew	sewn	reference	es:sew|en:sew	lemma facet derived from headword
lxvwbr6d7x	participio de sew	sewed	reference	es:sew|en:sew	lemma facet derived from headword
42qzrcv99x	pasado de shake	shook	supporting	es:shake|en:shake	lemma facet derived from headword
l2oheg8sdo	participio de shake	shaken	supporting	es:shake|en:shake	lemma facet derived from headword
9mq6n0oaz0	pasado de shave	shaved	reference	es:shave|en:shave	lemma facet derived from headword
b1ssq646sy	participio de shave	shaven	reference	es:shave|en:shave	lemma facet derived from headword
4juijftxrq	participio de shave	shaved	reference	es:shave|en:shave	lemma facet derived from headword
m1ax3ny7qf	pasado de shed	shed	reference	es:shed|en:shed	lemma facet derived from headword
4vr9rm80nf	participio de shed	shed	reference	es:shed|en:shed	lemma facet derived from headword
e4rrbwczr7	pasado de shine	shone	reference	es:shine|en:shine	lemma facet derived from headword
e363thvvnn	participio de shine	shone	reference	es:shine|en:shine	lemma facet derived from headword
i5v8ev923n	pasado de shoot	shot	reference	es:shoot|en:shoot	lemma facet derived from headword
vondbiomh2	participio de shoot	shot	reference	es:shoot|en:shoot	lemma facet derived from headword
qczwgbuzwe	pasado de show	showed	supporting	es:show|en:show	lemma facet derived from headword
denchpjziw	participio de show	shown	supporting	es:show|en:show	lemma facet derived from headword
sgfwcsau8u	participio de show	showed	supporting	es:show|en:show	lemma facet derived from headword
c96ukshr12	pasado de shrink	shrank	reference	es:shrink|en:shrink	lemma facet derived from headword
rol2mcvlrq	pasado de shrink	shrunk	reference	es:shrink|en:shrink	lemma facet derived from headword
c9of0pgjjt	participio de shrink	shrunk	reference	es:shrink|en:shrink	lemma facet derived from headword
fc2clq9pib	pasado de shut	shut	supporting	es:shut|en:shut	lemma facet derived from headword
6x86xzkbvv	participio de shut	shut	supporting	es:shut|en:shut	lemma facet derived from headword
n093iw4nyk	pasado de sing	sang	supporting	es:sing|en:sing	lemma facet derived from headword
jt1vowte8p	participio de sing	sung	supporting	es:sing|en:sing	lemma facet derived from headword
q0in967hnc	pasado de sink	sank	reference	es:sink|en:sink	lemma facet derived from headword
yp8kmo62ix	pasado de sink	sunk	reference	es:sink|en:sink	lemma facet derived from headword
poq5iuw2pj	participio de sink	sunk	reference	es:sink|en:sink	lemma facet derived from headword
nesbuszvq7	pasado de sit	sat	supporting	es:sit|en:sit	lemma facet derived from headword
ijdt2nva2a	participio de sit	sat	supporting	es:sit|en:sit	lemma facet derived from headword
nntgjqr7v0	pasado de sleep	slept	supporting	es:sleep|en:sleep	lemma facet derived from headword
gv0nkhlrgg	participio de sleep	slept	supporting	es:sleep|en:sleep	lemma facet derived from headword
48mt7mqm4p	pasado de slide	slid	reference	es:slide|en:slide	lemma facet derived from headword
0sb6k8lwlg	participio de slide	slid	reference	es:slide|en:slide	lemma facet derived from headword
l64sml5vb4	pasado de smell	smelled	reference	es:smell|en:smell	lemma facet derived from headword
qj21s7e75n	pasado de smell	smelt	reference	es:smell|en:smell	lemma facet derived from headword
9flbcl8ewb	participio de smell	smelled	reference	es:smell|en:smell	lemma facet derived from headword
i7s2dwmv0x	participio de smell	smelt	reference	es:smell|en:smell	lemma facet derived from headword
x7dbibyw8v	pasado de sneak	sneaked	reference	es:sneak|en:sneak	lemma facet derived from headword
bro8xnas57	pasado de sneak	snuck	reference	es:sneak|en:sneak	lemma facet derived from headword
wkyh1rzgay	participio de sneak	sneaked	reference	es:sneak|en:sneak	lemma facet derived from headword
1mv50oka9h	participio de sneak	snuck	reference	es:sneak|en:sneak	lemma facet derived from headword
5oxardz26e	pasado de sow	sowed	reference	es:sow|en:sow	lemma facet derived from headword
5wsjjs5o6u	participio de sow	sown	reference	es:sow|en:sow	lemma facet derived from headword
wh9yw9j5ya	participio de sow	sowed	reference	es:sow|en:sow	lemma facet derived from headword
m1vp7bjw6g	pasado de speak	spoke	supporting	es:speak|en:speak	lemma facet derived from headword
p4y3ag42a9	participio de speak	spoken	supporting	es:speak|en:speak	lemma facet derived from headword
u0upjdj9xz	pasado de speed	sped	reference	es:speed|en:speed	lemma facet derived from headword
er9pgbwvmu	pasado de speed	speeded	reference	es:speed|en:speed	lemma facet derived from headword
tv4q566jil	participio de speed	sped	reference	es:speed|en:speed	lemma facet derived from headword
09nr4ep7eh	participio de speed	speeded	reference	es:speed|en:speed	lemma facet derived from headword
azp87kfl3o	pasado de spell	spelled	reference	es:spell|en:spell	lemma facet derived from headword
c7xhfvg2lc	pasado de spell	spelt	reference	es:spell|en:spell	lemma facet derived from headword
qmy73bs4c3	participio de spell	spelled	reference	es:spell|en:spell	lemma facet derived from headword
308tmfvnvk	participio de spell	spelt	reference	es:spell|en:spell	lemma facet derived from headword
c0tgz8x0rs	pasado de spend	spent	supporting	es:spend|en:spend	lemma facet derived from headword
zj8o7ga6sq	participio de spend	spent	supporting	es:spend|en:spend	lemma facet derived from headword
v3pmktibjc	pasado de spill	spilled	reference	es:spill|en:spill	lemma facet derived from headword
15tjmych75	participio de spill	spilled	reference	es:spill|en:spill	lemma facet derived from headword
3ie6p4mi4t	pasado de spin	spun	reference	es:spin|en:spin	lemma facet derived from headword
r0tmuj75ts	participio de spin	spun	reference	es:spin|en:spin	lemma facet derived from headword
qcqywantdf	pasado de spit	spat	reference	es:spit|en:spit	lemma facet derived from headword
eqf931mh1l	pasado de spit	spit	reference	es:spit|en:spit	lemma facet derived from headword
28134b5k9i	participio de spit	spat	reference	es:spit|en:spit	lemma facet derived from headword
nvu7lwz1kd	participio de spit	spit	reference	es:spit|en:spit	lemma facet derived from headword
ft4yjt47fc	pasado de split	split	reference	es:split|en:split	lemma facet derived from headword
37mg3fllxt	participio de split	split	reference	es:split|en:split	lemma facet derived from headword
nk4kcnfxfj	pasado de spoil	spoiled	reference	es:spoil|en:spoil	lemma facet derived from headword
t89x2qfisn	participio de spoil	spoiled	reference	es:spoil|en:spoil	lemma facet derived from headword
sm75s0jenr	pasado de spread	spread	reference	es:spread|en:spread	lemma facet derived from headword
nwmckpzbms	participio de spread	spread	reference	es:spread|en:spread	lemma facet derived from headword
snq1ha8d7o	pasado de spring	sprang	reference	es:spring|en:spring	lemma facet derived from headword
29y2qd6vwx	pasado de spring	sprung	reference	es:spring|en:spring	lemma facet derived from headword
mn12dzvwpe	participio de spring	sprung	reference	es:spring|en:spring	lemma facet derived from headword
ff26wwceho	pasado de stand	stood	supporting	es:stand|en:stand	lemma facet derived from headword
nor2ipti14	participio de stand	stood	supporting	es:stand|en:stand	lemma facet derived from headword
9epbm61h1n	pasado de steal	stole	supporting	es:steal|en:steal	lemma facet derived from headword
35c23mmb2d	participio de steal	stolen	supporting	es:steal|en:steal	lemma facet derived from headword
m863lmpf46	pasado de stick	stuck	supporting	es:stick|en:stick	lemma facet derived from headword
fw8iz6u8gk	participio de stick	stuck	supporting	es:stick|en:stick	lemma facet derived from headword
4zgjpzcib1	pasado de sting	stung	reference	es:sting|en:sting	lemma facet derived from headword
crrzitua6k	participio de sting	stung	reference	es:sting|en:sting	lemma facet derived from headword
sih56dd7uj	pasado de stink	stank	reference	es:stink|en:stink	lemma facet derived from headword
jf80q4laj8	pasado de stink	stunk	reference	es:stink|en:stink	lemma facet derived from headword
emnewbc2e3	participio de stink	stunk	reference	es:stink|en:stink	lemma facet derived from headword
dn2x9hvejb	pasado de stride	strode	reference	es:stride|en:stride	lemma facet derived from headword
kjvrvxfkqn	participio de stride	stridden	reference	es:stride|en:stride	lemma facet derived from headword
tsz0335ozx	pasado de strike	struck	reference	es:strike|en:strike	lemma facet derived from headword
sdc2jo9nqh	participio de strike	struck	reference	es:strike|en:strike	lemma facet derived from headword
qkeb68iney	pasado de string	strung	reference	es:string|en:string	lemma facet derived from headword
5prswqlzrl	participio de string	strung	reference	es:string|en:string	lemma facet derived from headword
03i2ow38a5	pasado de strive	strove	reference	es:strive|en:strive	lemma facet derived from headword
8t0o3efrk4	pasado de strive	strived	reference	es:strive|en:strive	lemma facet derived from headword
3vijkgw2x4	participio de strive	striven	reference	es:strive|en:strive	lemma facet derived from headword
gv3tsqoq45	participio de strive	strived	reference	es:strive|en:strive	lemma facet derived from headword
74yqz3gffe	pasado de swear	swore	reference	es:swear|en:swear	lemma facet derived from headword
5ypcg469un	participio de swear	sworn	reference	es:swear|en:swear	lemma facet derived from headword
0vtxy7v8ys	pasado de sweat	sweated	reference	es:sweat|en:sweat	lemma facet derived from headword
1swwzn0q0a	pasado de sweat	sweat	reference	es:sweat|en:sweat	lemma facet derived from headword
r5f0ivakc5	participio de sweat	sweated	reference	es:sweat|en:sweat	lemma facet derived from headword
76zr8d5t1t	participio de sweat	sweat	reference	es:sweat|en:sweat	lemma facet derived from headword
j3kykzhfru	pasado de sweep	swept	reference	es:sweep|en:sweep	lemma facet derived from headword
tm3az2k3ko	participio de sweep	swept	reference	es:sweep|en:sweep	lemma facet derived from headword
y6x3jrcw5g	pasado de swell	swelled	reference	es:swell|en:swell	lemma facet derived from headword
bok9wjvhqm	participio de swell	swollen	reference	es:swell|en:swell	lemma facet derived from headword
y64klyxplv	participio de swell	swelled	reference	es:swell|en:swell	lemma facet derived from headword
os9brbkhnw	pasado de swim	swam	supporting	es:swim|en:swim	lemma facet derived from headword
1f7hocq26j	participio de swim	swum	supporting	es:swim|en:swim	lemma facet derived from headword
rgbzp5u6k1	pasado de swing	swung	reference	es:swing|en:swing	lemma facet derived from headword
pn5iblu8kg	participio de swing	swung	reference	es:swing|en:swing	lemma facet derived from headword
s0htompife	pasado de take	took	supporting	es:take|en:take	lemma facet derived from headword
bn0ps9sz3h	participio de take	taken	supporting	es:take|en:take	lemma facet derived from headword
l33gheat0q	pasado de teach	taught	supporting	es:teach|en:teach	lemma facet derived from headword
uxgsk3ka13	participio de teach	taught	supporting	es:teach|en:teach	lemma facet derived from headword
j17yzfti0u	pasado de tear	tore	reference	es:tear|en:tear	lemma facet derived from headword
1itmjjorc8	participio de tear	torn	reference	es:tear|en:tear	lemma facet derived from headword
hwmvhbt7if	pasado de tell	told	supporting	es:tell|en:tell	lemma facet derived from headword
radt5ut6yj	participio de tell	told	supporting	es:tell|en:tell	lemma facet derived from headword
vxo4j1a99j	pasado de think	thought	supporting	es:think|en:think	lemma facet derived from headword
gryg1an0ql	participio de think	thought	supporting	es:think|en:think	lemma facet derived from headword
fpythnuffg	pasado de thrive	thrived	reference	es:thrive|en:thrive	lemma facet derived from headword
01u8liicj7	pasado de thrive	throve	reference	es:thrive|en:thrive	lemma facet derived from headword
v4mlk3ol2y	participio de thrive	thrived	reference	es:thrive|en:thrive	lemma facet derived from headword
lpm4rjsre9	participio de thrive	thriven	reference	es:thrive|en:thrive	lemma facet derived from headword
r471s16bk1	pasado de throw	threw	supporting	es:throw|en:throw	lemma facet derived from headword
2uoub5ekex	participio de throw	thrown	supporting	es:throw|en:throw	lemma facet derived from headword
5j51i47696	pasado de thrust	thrust	reference	es:thrust|en:thrust	lemma facet derived from headword
0vu1ut2tbr	participio de thrust	thrust	reference	es:thrust|en:thrust	lemma facet derived from headword
d90l26ie3b	pasado de tread	trod	reference	es:tread|en:tread	lemma facet derived from headword
z2va6glyle	participio de tread	trodden	reference	es:tread|en:tread	lemma facet derived from headword
e03lq2lawp	participio de tread	trod	reference	es:tread|en:tread	lemma facet derived from headword
vjcpdhjlly	pasado de understand	understood	supporting	es:understand|en:understand	lemma facet derived from headword
2xxvvzpd57	participio de understand	understood	supporting	es:understand|en:understand	lemma facet derived from headword
eianbt0bry	pasado de wake	woke	supporting	es:wake|en:wake	lemma facet derived from headword
4sihxpdhzg	participio de wake	woken	supporting	es:wake|en:wake	lemma facet derived from headword
qwug2xfbtt	pasado de wear	wore	supporting	es:wear|en:wear	lemma facet derived from headword
0wg3chrr3d	participio de wear	worn	supporting	es:wear|en:wear	lemma facet derived from headword
2xpg1fnglt	pasado de weave	wove	reference	es:weave|en:weave	lemma facet derived from headword
7jofu6y1i8	participio de weave	woven	reference	es:weave|en:weave	lemma facet derived from headword
uaxkjxmpdf	pasado de wed	wed	reference	es:wed|en:wed	lemma facet derived from headword
k4ij0txe78	pasado de wed	wedded	reference	es:wed|en:wed	lemma facet derived from headword
ctie5bq9jz	participio de wed	wed	reference	es:wed|en:wed	lemma facet derived from headword
3k38v52r8j	participio de wed	wedded	reference	es:wed|en:wed	lemma facet derived from headword
i8igjuqcsw	pasado de weep	wept	reference	es:weep|en:weep	lemma facet derived from headword
yruzhn6l6s	participio de weep	wept	reference	es:weep|en:weep	lemma facet derived from headword
nblh1qgt26	pasado de wet	wet	reference	es:wet|en:wet	lemma facet derived from headword
fbxh30hccl	participio de wet	wet	reference	es:wet|en:wet	lemma facet derived from headword
9p16t4wp8z	pasado de win	won	supporting	es:win|en:win	lemma facet derived from headword
a0584flbmr	participio de win	won	supporting	es:win|en:win	lemma facet derived from headword
ywshdrwtq9	pasado de wind	wound	reference	es:wind|en:wind	lemma facet derived from headword
4zcbk693q2	participio de wind	wound	reference	es:wind|en:wind	lemma facet derived from headword
k7qkmwozei	pasado de write	wrote	supporting	es:write|en:write	lemma facet derived from headword
nf5qq29oke	participio de write	written	supporting	es:write|en:write	lemma facet derived from headword
