dj00e4gi88	¿[alguien] tenía que [hacer algo]?	did [somebody] have to [do something]?	supporting	topic:enmap-to-1	Subtopic split (size rule): en:to (121) chunked alphabetically.
zugopbh0jt	¿[alguien] tiene que [hacer algo]?	does [somebody] have to [do something]?	core	topic:enmap-to-1	Subtopic split (size rule): en:to (121) chunked alphabetically.
xn3hhqqgv2	¿con quién [ocurre algo]?	who [does something happen] with?	reference	topic:enmap-to-1	Subtopic split (size rule): en:to (121) chunked alphabetically.
rey5kzco3o	¿con quién [ocurre algo]?	to whom [does something happen]?	reference	topic:enmap-to-1	Subtopic split (size rule): en:to (121) chunked alphabetically.
ej7gnt7lbx	a [alguien]	to [somebody]	supporting	topic:enmap-to-1	Subtopic split (size rule): en:to (121) chunked alphabetically.
flwdh3dbk5	a él	to him	supporting	topic:enmap-to-1	Subtopic split (size rule): en:to (121) chunked alphabetically.
45ejuhdox6	a ella	to her	supporting	topic:enmap-to-1	Subtopic split (size rule): en:to (121) chunked alphabetically.
o3buetgjp9	a ellas	to them	supporting	topic:enmap-to-1	Subtopic split (size rule): en:to (121) chunked alphabetically.
unkd514ur0	a ellos	to them	supporting	topic:enmap-to-1	Subtopic split (size rule): en:to (121) chunked alphabetically.
bfer5mn6yu	a mí	to me	supporting	topic:enmap-to-1	Subtopic split (size rule): en:to (121) chunked alphabetically.
9h4yb41inv	a nosotros	to us	supporting	topic:enmap-to-1	Subtopic split (size rule): en:to (121) chunked alphabetically.
2d169mb7ai	a ti	to you	supporting	topic:enmap-to-1|topic:enmap-you-1	Subtopic split (size rule): en:to (121) chunked alphabetically.
fk8uepz3o3	a usted	to you	supporting	topic:enmap-to-1|topic:enmap-you-1	Subtopic split (size rule): en:to (121) chunked alphabetically.
kep0p7nw3e	a ustedes	to you	supporting	topic:enmap-to-1|topic:enmap-you-1	Subtopic split (size rule): en:to (121) chunked alphabetically.
6a0qr8eums	abrirse a [algo]	to open up to [something]	reference	topic:enmap-to-1	Subtopic split (size rule): en:to (121) chunked alphabetically.
0ngr08140i	abrirse con [alguien]	to open up to [somebody]	reference	topic:enmap-to-1	Subtopic split (size rule): en:to (121) chunked alphabetically.
qf9u95fmxk	acabar con [algo]	to put an end to [something]	reference	topic:enmap-to-1|topic:enmap-put-1	Subtopic split (size rule): en:to (121) chunked alphabetically.
ajrzidjskb	aceptar [algo]	to agree to [something]	reference	topic:enmap-to-1	Subtopic split (size rule): en:to (121) chunked alphabetically.
grd35t3yb8	[estar] acostumbrado a [algo]	[to be] used to [something]	supporting	topic:enmap-to-2|topic:enmap-be-1	Subtopic split (size rule): en:to (121) chunked alphabetically.
mfw6hilqre	admitir [algo]	to own up to [something]	reference	topic:enmap-to-2	Subtopic split (size rule): en:to (121) chunked alphabetically.
v7qsq6oet3	alcanzar a [hacer algo]	to have time to [do something]	reference	topic:enmap-to-2	Subtopic split (size rule): en:to (121) chunked alphabetically.
z0627jhc6t	alcanzar a [hacer algo]	to manage to [do something]	supporting	topic:enmap-to-2	Subtopic split (size rule): en:to (121) chunked alphabetically.
hg0fms84jb	apuntar a [algo]	to point to [something]	reference	topic:enmap-to-2	Subtopic split (size rule): en:to (121) chunked alphabetically.
7g9t44368j	apuntar a [hacer algo]	to aim to [do something]	reference	topic:enmap-to-2	Subtopic split (size rule): en:to (121) chunked alphabetically.
elx2dgp3mq	atribuir [algo] a [algo]	to put [something] down to [something]	reference	topic:enmap-to-2|topic:enmap-put-1	Subtopic split (size rule): en:to (121) chunked alphabetically.
6zok4qn7s1	ayudarse de [algo]	to use [something] to help oneself	reference	topic:enmap-to-2	Subtopic split (size rule): en:to (121) chunked alphabetically.
ixtmrjrh95	brindar por [alguien/algo]	to drink to [somebody/something]	reference	topic:enmap-to-2	Subtopic split (size rule): en:to (121) chunked alphabetically.
0v47ifpsxd	[estar] casado con [alguien]	[to be] married to [somebody]	supporting	topic:enmap-to-2|topic:enmap-be-1	Subtopic split (size rule): en:to (121) chunked alphabetically.
66ib6vkhnq	ceder el paso	to give way	reference	topic:enmap-to-2|topic:enmap-give-1	Subtopic split (size rule): en:to (121) chunked alphabetically.
9rl1sd6idk	comunicar a [alguien] por teléfono	to put [somebody] through	reference	topic:enmap-to-2|topic:enmap-put-1	Subtopic split (size rule): en:to (121) chunked alphabetically.
vjb5yapkmy	conocer mejor a [alguien]	to get to know [somebody]	supporting	topic:enmap-to-2|topic:enmap-get-1	Subtopic split (size rule): en:to (121) chunked alphabetically.
hr7gsp7wkj	conseguir [hacer algo]	to manage to [do something]	supporting	topic:enmap-to-2	Subtopic split (size rule): en:to (121) chunked alphabetically.
eeb29dpzj0	conseguir que [alguien] [haga algo]	to get [somebody] to [do something]	supporting	topic:enmap-to-2|topic:enmap-get-1	Subtopic split (size rule): en:to (121) chunked alphabetically.
utfyp7wiro	contestarle mal a [alguien]	to talk back to [somebody]	reference	topic:enmap-to-2	Subtopic split (size rule): en:to (121) chunked alphabetically.
9y6wrrzjfz	costarle a [alguien] [hacer algo]	to struggle to [do something]	reference	topic:enmap-to-2	Subtopic split (size rule): en:to (121) chunked alphabetically.
zkpnfrk8ch	costarle a [alguien] [hacer algo]	to be difficult for [somebody] to [do something]	supporting	topic:enmap-to-2|topic:enmap-for-1	Subtopic split (size rule): en:to (121) chunked alphabetically.
rr5humr251	dar [algo] a [alguien]	to give [something] to [somebody]	core	topic:enmap-to-3|topic:enmap-give-1	Subtopic split (size rule): en:to (121) chunked alphabetically.
3yjxjrevpn	dar a luz a [un bebé]	to give birth to [a baby]	reference	topic:enmap-to-3|topic:enmap-give-1	Subtopic split (size rule): en:to (121) chunked alphabetically.
y78uyi9c5c	dar acceso a [algo]	to give access to [something]	reference	topic:enmap-to-3|topic:enmap-give-1	Subtopic split (size rule): en:to (121) chunked alphabetically.
y4eh6045j1	dar lugar a [algo]	to give rise to [something]	reference	topic:enmap-to-3|topic:enmap-give-1	Subtopic split (size rule): en:to (121) chunked alphabetically.
tc9rpq3ivd	dar lugar a [algo]	to lead to [something]	reference	topic:enmap-to-3	Subtopic split (size rule): en:to (121) chunked alphabetically.
ryokdbzs7y	dar poder a [alguien]	to give power to [somebody]	reference	topic:enmap-to-3|topic:enmap-give-1	Subtopic split (size rule): en:to (121) chunked alphabetically.
3uulufvfpt	darle permiso a [alguien] para [hacer algo]	to allow [somebody] to [do something]	supporting	topic:enmap-to-3	Subtopic split (size rule): en:to (121) chunked alphabetically.
lydbe3sj98	darle poder a [alguien] para [hacer algo]	to authorize [somebody] to [do something]	reference	topic:enmap-to-3	Subtopic split (size rule): en:to (121) chunked alphabetically.
xzcldfjhmu	darle tiempo a [alguien] para [hacer algo]	to give [somebody] time to [do something]	reference	topic:enmap-to-3|topic:enmap-give-1	Subtopic split (size rule): en:to (121) chunked alphabetically.
61gghvt40a	deber [algo] a [alguien]	to owe [something] to [somebody]	reference	topic:enmap-to-3	Subtopic split (size rule): en:to (121) chunked alphabetically.
g8bhd7ipvu	deber [hacer algo]	to have to [do something]	supporting	topic:enmap-to-3	Subtopic split (size rule): en:to (121) chunked alphabetically.
5qa1ueater	deberá [hacer algo]	will have to [do something]	reference	topic:enmap-to-3	Subtopic split (size rule): en:to (121) chunked alphabetically.
q95c3kam4n	debería [hacer algo]	ought to [do something]	reference	topic:enmap-to-3	Subtopic split (size rule): en:to (121) chunked alphabetically.
w4ubw2gv4e	deberse a [algo]	to be due to [something]	reference	topic:enmap-to-3|topic:enmap-be-1	Subtopic split (size rule): en:to (121) chunked alphabetically.
6uhgsiqvvf	debido a [algo]	due to [something]	reference	topic:enmap-to-3	Subtopic split (size rule): en:to (121) chunked alphabetically.
ut05s5dusz	decirle [algo] a [alguien]	to say [something] to [somebody]	core	topic:enmap-to-3	Subtopic split (size rule): en:to (121) chunked alphabetically.
l9xp6c0qlt	decirle a [alguien] que [haga algo]	to tell [somebody] to [do something]	core	topic:enmap-to-3	Subtopic split (size rule): en:to (121) chunked alphabetically.
9ytu1uafba	dejar mucho que desear	to leave much to be desired	reference	topic:enmap-to-3	Subtopic split (size rule): en:to (121) chunked alphabetically.
nbidca94v7	dejar que [alguien] [haga algo]	to allow [somebody] to [do something]	reference	topic:enmap-to-4	Subtopic split (size rule): en:to (121) chunked alphabetically.
1w53owbdde	despedirse de [alguien]	to say goodbye to [somebody]	reference	topic:enmap-to-4	Subtopic split (size rule): en:to (121) chunked alphabetically.
jx30cy0knp	dirigir [algo] a [alguien]	to address [something] to [somebody]	reference	topic:enmap-to-4	Subtopic split (size rule): en:to (121) chunked alphabetically.
cxbxbe3chs	dolerle a [alguien] haber [hecho algo]	to be sorry to have [done something]	reference	topic:enmap-to-4	Subtopic split (size rule): en:to (121) chunked alphabetically.
fds16n18cd	dormir a [alguien]	to put [somebody] to sleep	reference	topic:enmap-to-4|topic:enmap-put-1	Subtopic split (size rule): en:to (121) chunked alphabetically.
ycynxw1m3v	echarle [un ingrediente] a [algo]	to add [an ingredient] to [something]	supporting	topic:enmap-to-4	Subtopic split (size rule): en:to (121) chunked alphabetically.
mnsgd6cvbc	elegir [hacer algo]	to choose to [do something]	reference	topic:enmap-to-4	Subtopic split (size rule): en:to (121) chunked alphabetically.
gl1h3xyxfc	empezar a gustarle [algo] a alguien	to take to [something/somebody]	reference	topic:enmap-to-4|topic:enmap-take-2	Subtopic split (size rule): en:to (121) chunked alphabetically.
yiqjr127ed	encargarle a [alguien] que [haga algo]	to ask [somebody] to [do something]	reference	topic:enmap-to-4	Subtopic split (size rule): en:to (121) chunked alphabetically.
ukhf4ausef	encargarse de [algo]	to see to [something]	reference	topic:enmap-to-4	Subtopic split (size rule): en:to (121) chunked alphabetically.
g3b5forkd3	escuchar [algo o a alguien]	to listen to [something or somebody]	core	topic:enmap-to-4	Subtopic split (size rule): en:to (121) chunked alphabetically.
gis8rns2at	esperar con ilusión [algo]	to look forward to [something]	reference	topic:enmap-to-4	Subtopic split (size rule): en:to (121) chunked alphabetically.
r6gr6g96nw	esperar con ilusión [hacer algo]	to look forward to [doing something]	reference	topic:enmap-to-4	Subtopic split (size rule): en:to (121) chunked alphabetically.
xnti52ho63	hablar con [alguien]	to talk to [somebody]	supporting	topic:enmap-to-4	Subtopic split (size rule): en:to (121) chunked alphabetically.
7x4v7kp0dx	hablar consigo mismo	to talk to oneself	reference	topic:enmap-to-4	Subtopic split (size rule): en:to (121) chunked alphabetically.
tiss70p00o	hablar por teléfono con [alguien]	to talk to [somebody] on the phone	reference	topic:enmap-to-4	Subtopic split (size rule): en:to (121) chunked alphabetically.
im9dazjhez	hablarle a [alguien]	to speak to [somebody]	core	topic:enmap-to-4	Subtopic split (size rule): en:to (121) chunked alphabetically.
obw0unmb5c	hablarle con condescendencia a [alguien]	to talk down to [somebody]	reference	topic:enmap-to-4	Subtopic split (size rule): en:to (121) chunked alphabetically.
qwj72o0pgh	hacerle caso a [alguien]	to pay attention to [somebody]	reference	topic:enmap-to-5	Subtopic split (size rule): en:to (121) chunked alphabetically.
2iiyjrogmc	ir a [un lugar]	to go to [a place]	core	topic:enmap-to-5|topic:enmap-go-1	Subtopic split (size rule): en:to (121) chunked alphabetically.
ryd2rbiwn8	llamar la atención sobre [algo]	to draw attention to [something]	reference	topic:enmap-to-5	Subtopic split (size rule): en:to (121) chunked alphabetically.
bioalll4vj	llegar a [un lugar]	to get to [a place]	core	topic:enmap-to-5|topic:enmap-get-2	Subtopic split (size rule): en:to (121) chunked alphabetically.
3vjeid1zyd	llevar [algo] a [un lugar]	to take [something] to [a place]	supporting	topic:enmap-to-5|topic:enmap-take-2	Subtopic split (size rule): en:to (121) chunked alphabetically.
9o8xleny13	llevar a [un resultado]	to lead to [a result]	reference	topic:enmap-to-5	Subtopic split (size rule): en:to (121) chunked alphabetically.
atwozfqm04	mandarle [algo] a [alguien]	to send [something] to [somebody]	supporting	topic:enmap-to-5	Subtopic split (size rule): en:to (121) chunked alphabetically.
blmsaecd0u	me da pena [hacer algo]	I'm embarrassed to [do something]	reference	topic:enmap-to-5	Subtopic split (size rule): en:to (121) chunked alphabetically.
vrgsv4wzfo	morirse por [hacer algo]	to be dying to [do something]	reference	topic:enmap-to-5	Subtopic split (size rule): en:to (121) chunked alphabetically.
imzixo6ntc	no conseguir [hacer algo]	to fail to [do something]	reference	topic:enmap-to-5	Subtopic split (size rule): en:to (121) chunked alphabetically.
gzfxm4mq6e	no conseguir [hacer algo]	not to seem able to [do something]	reference	topic:enmap-to-5	Subtopic split (size rule): en:to (121) chunked alphabetically.
0x5jkr1aja	no pudo [hacer algo] (oportunidad perdida)	didn't get to [do something]	reference	topic:enmap-to-5|topic:enmap-get-2	Subtopic split (size rule): en:to (121) chunked alphabetically.
22pjks5vmh	no tener que [hacer algo]	not to have to [do something]	core	topic:enmap-to-5	Subtopic split (size rule): en:to (121) chunked alphabetically.
zxp06uqig0	para [hacer algo]	to [do something]	core	topic:enmap-to-5	Subtopic split (size rule): en:to (121) chunked alphabetically.
nhqct1dhzu	[ser] parecido a [algo]	[to be] similar to [something]	reference	topic:enmap-to-5|topic:enmap-be-3	Subtopic split (size rule): en:to (121) chunked alphabetically.
euubcqf5w0	pasar a [otra cosa]	to move on to [something else]	reference	topic:enmap-to-5	Subtopic split (size rule): en:to (121) chunked alphabetically.
komqoyh86l	pasarle [algo] a [alguien]	to hand [something] to [somebody]	reference	topic:enmap-to-5	Subtopic split (size rule): en:to (121) chunked alphabetically.
hhmv0g9xlh	pedir [comida] para llevar	to order [food] to go	reference	topic:enmap-to-5	Subtopic split (size rule): en:to (121) chunked alphabetically.
1g3jfa9eo7	pedir permiso para [hacer algo]	to ask for permission to [do something]	supporting	topic:enmap-to-6|topic:enmap-for-4	Subtopic split (size rule): en:to (121) chunked alphabetically.
r3pecbwlhk	pedirle a [alguien] que [haga algo]	to ask [somebody] to [do something]	core	topic:enmap-to-6	Subtopic split (size rule): en:to (121) chunked alphabetically.
nzqc17mu73	pegarse a [algo]	to get stuck to [something]	reference	topic:enmap-to-6|topic:enmap-get-2	Subtopic split (size rule): en:to (121) chunked alphabetically.
m1opppp4s5	pegarse a [algo/alguien]	to stay close to [something/somebody]	reference	topic:enmap-to-6	Subtopic split (size rule): en:to (121) chunked alphabetically.
irkqfrah8h	perder contra [alguien]	to lose to [somebody]	reference	topic:enmap-to-6	Subtopic split (size rule): en:to (121) chunked alphabetically.
7462tgsu12	poner [algo] junto a [algo]	to put [something] next to [something]	supporting	topic:enmap-to-6|topic:enmap-put-2	Subtopic split (size rule): en:to (121) chunked alphabetically.
6m87utf0dm	poner atención a [algo]	to pay attention to [something]	reference	topic:enmap-to-6	Subtopic split (size rule): en:to (121) chunked alphabetically.
xzd9s8bgpf	poner fin a [algo]	to put an end to [something]	reference	topic:enmap-to-6|topic:enmap-put-3	Subtopic split (size rule): en:to (121) chunked alphabetically.
sga7fa9bp9	ponerse a [hacer algo]	to begin to [do something]	supporting	topic:enmap-to-6	Subtopic split (size rule): en:to (121) chunked alphabetically.
h9qi6jkdmp	por así decirlo	so to speak	reference	topic:enmap-to-6	Subtopic split (size rule): en:to (121) chunked alphabetically.
v6af13c50w	prestar [algo] a [alguien]	to lend [something] to [somebody]	supporting	topic:enmap-to-6	Subtopic split (size rule): en:to (121) chunked alphabetically.
we8gzmevo2	prestar atención a [algo]	to pay attention to [something]	supporting	topic:enmap-to-6	Subtopic split (size rule): en:to (121) chunked alphabetically.
ua4c3n110x	prestarse a [algo]	to lend itself to [something]	reference	topic:enmap-to-6	Subtopic split (size rule): en:to (121) chunked alphabetically.
kdqtl39s0m	pudo [hacer algo] (oportunidad)	got to [do something]	reference	topic:enmap-to-6|topic:enmap-get-3	Subtopic split (size rule): en:to (121) chunked alphabetically.
rhb07wm3u7	puede [hacer algo] (oportunidad)	gets to [do something]	reference	topic:enmap-to-6|topic:enmap-get-3	Subtopic split (size rule): en:to (121) chunked alphabetically.
zl1e6hnb04	quedar en [hacer algo]	to agree to [do something]	reference	topic:enmap-to-6	Subtopic split (size rule): en:to (121) chunked alphabetically.
2m5zc7v18r	reservarse [algo]	to keep [something] to yourself	reference	topic:enmap-to-6|topic:enmap-keep-2	Subtopic split (size rule): en:to (121) chunked alphabetically.
4uwg2evrwf	saludar a [alguien]	to say hello to [somebody]	supporting	topic:enmap-to-6	Subtopic split (size rule): en:to (121) chunked alphabetically.
wbo46b952m	sentirse con ánimo de [hacer algo]	to feel up to [doing something]	reference	topic:enmap-to-7	Subtopic split (size rule): en:to (121) chunked alphabetically.
qbdgh95q4i	ser de [alguien]	to belong to [somebody]	supporting	topic:enmap-to-7	Subtopic split (size rule): en:to (121) chunked alphabetically.
0v6um8pq7g	significar mucho para [alguien]	to mean a lot to [somebody]	reference	topic:enmap-to-7	Subtopic split (size rule): en:to (121) chunked alphabetically.
fywyjd1hm5	sincerarse con [alguien]	to open up to [somebody]	reference	topic:enmap-to-7	Subtopic split (size rule): en:to (121) chunked alphabetically.
7s7vnrgxud	tener que [hacer algo]	to have to [do something]	core	topic:enmap-to-7	Subtopic split (size rule): en:to (121) chunked alphabetically.
6vpv4m0g02	tener que ver con [algo]	to be related to [something]	reference	topic:enmap-to-7|topic:enmap-be-5	Subtopic split (size rule): en:to (121) chunked alphabetically.
yye01uov38	tengo que [hacer algo]	I have to [do something]	core	topic:enmap-to-7|topic:enmap-have-2	Subtopic split (size rule): en:to (121) chunked alphabetically.
ykm7fr9btb	tocarle a [alguien] [hacer algo]	[somebody] has to [do something]	reference	topic:enmap-to-7	Subtopic split (size rule): en:to (121) chunked alphabetically.
v8grg04t9j	tocarle a [alguien] [hacer algo]	it is up to [somebody] to [do something]	reference	topic:enmap-to-7|topic:enmap-be-5	Subtopic split (size rule): en:to (121) chunked alphabetically.
xha8i0ahr5	venir a [un lugar]	to come to [a place]	core	topic:enmap-to-7|topic:enmap-come-1	Subtopic split (size rule): en:to (121) chunked alphabetically.
jmoyai6ki1	venir a la mente	to come to mind	reference	topic:enmap-to-7|topic:enmap-come-1	Subtopic split (size rule): en:to (121) chunked alphabetically.
tly9ldi8kr	volver a [otro lugar]	to go back to [another place]	supporting	topic:enmap-to-7|topic:enmap-go-3	Subtopic split (size rule): en:to (121) chunked alphabetically.
q9clnuhnis	volver a [un lugar]	to return to [a place]	supporting	topic:enmap-to-7	Subtopic split (size rule): en:to (121) chunked alphabetically.
omzzomx3m9	¿cómo le fue a [alguien]?	how did it go for [somebody]?	reference	topic:enmap-for-1|topic:enmap-how-1	Subtopic split (size rule): en:for (76) chunked alphabetically.
4lvhwvih13	¿te gustaría [algo]?	would you care for [something]?	reference	topic:enmap-for-1|topic:enmap-you-1	Subtopic split (size rule): en:for (76) chunked alphabetically.
cur1zfeps2	alojar a [alguien]	to put [somebody] up	reference	topic:enmap-for-1|topic:enmap-put-1	Subtopic split (size rule): en:for (76) chunked alphabetically.
kxzo7hrvsf	andar [un dispositivo]	for [a device] to work	reference	topic:enmap-for-1	Subtopic split (size rule): en:for (76) chunked alphabetically.
p7tqiahqw5	apuntarse a [algo]	to sign up for [something]	reference	topic:enmap-for-1	Subtopic split (size rule): en:for (76) chunked alphabetically.
vzbnervzfr	buscar [algo]	to look for [something]	core	topic:enmap-for-1	Subtopic split (size rule): en:for (76) chunked alphabetically.
ndldiki9y2	buscar [algo]	to search for [something]	reference	topic:enmap-for-1	Subtopic split (size rule): en:for (76) chunked alphabetically.
2h41m9g49b	caber [alguien/algo]	for there to be room for [somebody/something]	reference	topic:enmap-for-1	Subtopic split (size rule): en:for (76) chunked alphabetically.
gltra9r0tv	caber destacar [algo]	for [something] to be worth noting	reference	topic:enmap-for-1	Subtopic split (size rule): en:for (76) chunked alphabetically.
qwu0of4uv5	caber la posibilidad de que [algo]	for it to be possible that [something]	reference	topic:enmap-for-1	Subtopic split (size rule): en:for (76) chunked alphabetically.
vsv7lpalf2	calcular [cantidad de tiempo] para [algo]	to allow [an amount of time] for [something]	reference	topic:enmap-for-1	Subtopic split (size rule): en:for (76) chunked alphabetically.
1rve8jq2rm	cambiar [algo] por [algo]	to exchange [something] for [something]	reference	topic:enmap-for-1	Subtopic split (size rule): en:for (76) chunked alphabetically.
idq8drq64m	cargarle [algo] a [alguien]	to blame [somebody] for [something]	reference	topic:enmap-for-1	Subtopic split (size rule): en:for (76) chunked alphabetically.
cqou51zh8d	compadecerse de [alguien]	to feel for [somebody]	reference	topic:enmap-for-1	Subtopic split (size rule): en:for (76) chunked alphabetically.
sv4xcj3c16	conseguir [algo] para [alguien]	to get [something] for [somebody]	reference	topic:enmap-for-1|topic:enmap-get-1	Subtopic split (size rule): en:for (76) chunked alphabetically.
ar5ze0bqlr	creerse [algo falso]	to fall for [something]	reference	topic:enmap-for-1	Subtopic split (size rule): en:for (76) chunked alphabetically.
xwr40xdiyc	cuidar [alguien]	to care for [somebody]	reference	topic:enmap-for-1	Subtopic split (size rule): en:for (76) chunked alphabetically.
kova6764iw	dolerle [algo] a [alguien]	for [something] to hurt [somebody]	reference	topic:enmap-for-2	Subtopic split (size rule): en:for (76) chunked alphabetically.
4hswrv4rqb	dolerle a [alguien] [algo]	for [something] to hurt [somebody] emotionally	reference	topic:enmap-for-2	Subtopic split (size rule): en:for (76) chunked alphabetically.
c5032rvam7	echarle la culpa de [algo] a [alguien]	to blame [somebody] for [something]	supporting	topic:enmap-for-2	Subtopic split (size rule): en:for (76) chunked alphabetically.
hu185l5pt9	esperar [a alguien o algo]	to wait for [somebody or something]	core	topic:enmap-for-2	Subtopic split (size rule): en:for (76) chunked alphabetically.
t8nz7yo86j	esperar [algo deseado]	to hope for [something]	reference	topic:enmap-for-2	Subtopic split (size rule): en:for (76) chunked alphabetically.
de07i743wz	esperar a que [alguien] [haga algo]	to wait for [somebody] to [do something]	supporting	topic:enmap-for-2	Subtopic split (size rule): en:for (76) chunked alphabetically.
kf0u7n45dt	hablar por [alguien]	to speak for [somebody]	reference	topic:enmap-for-2	Subtopic split (size rule): en:for (76) chunked alphabetically.
5zamvuatdn	hablar por sí solo	to speak for itself	reference	topic:enmap-for-2	Subtopic split (size rule): en:for (76) chunked alphabetically.
smz7y58q4p	hace [tiempo] que [ocurre algo]	[something] has been happening for [time]	supporting	topic:enmap-for-2	Subtopic split (size rule): en:for (76) chunked alphabetically.
fj5mrpoqkv	hacer un llamado a [algo]	to call for [something]	reference	topic:enmap-for-2	Subtopic split (size rule): en:for (76) chunked alphabetically.
u2xyysd9xq	hacerle bien a [alguien]	to be good for [somebody]	reference	topic:enmap-for-2	Subtopic split (size rule): en:for (76) chunked alphabetically.
bnj5p17mrm	irle bien a [alguien]	to go well for [somebody]	reference	topic:enmap-for-2|topic:enmap-go-2	Subtopic split (size rule): en:for (76) chunked alphabetically.
x765otzaij	llevar [tiempo] [en un estado]	to have been [in a state] for [time]	reference	topic:enmap-for-2	Subtopic split (size rule): en:for (76) chunked alphabetically.
d8gypldglm	llevar [tiempo] [haciendo algo]	to have been [doing something] for [time]	supporting	topic:enmap-for-2	Subtopic split (size rule): en:for (76) chunked alphabetically.
tpnbbxdlyr	llevar [tiempo] sin [hacer algo]	not to have [done something] for [a period of time]	reference	topic:enmap-for-2	Subtopic split (size rule): en:for (76) chunked alphabetically.
vg4oykxghk	lucirle bien [algo] a [alguien]	for [something] to look good on [somebody]	reference	topic:enmap-for-2	Subtopic split (size rule): en:for (76) chunked alphabetically.
mo76rkcg2d	mandar a buscar a [alguien]	to send for [somebody]	reference	topic:enmap-for-2	Subtopic split (size rule): en:for (76) chunked alphabetically.
jyvm1fkdq7	morirse [un dispositivo]	for [a device] to die	reference	topic:enmap-for-2	Subtopic split (size rule): en:for (76) chunked alphabetically.
jysogq3l7e	olvidársele [algo] a [alguien]	for [somebody] to forget [something]	reference	topic:enmap-for-3	Subtopic split (size rule): en:for (76) chunked alphabetically.
xe9qmpnpef	pagar por [algo]	to pay for [something]	reference	topic:enmap-for-3	Subtopic split (size rule): en:for (76) chunked alphabetically.
ez2lt2jbq7	para [alguien]	for [somebody]	supporting	topic:enmap-for-3	Subtopic split (size rule): en:for (76) chunked alphabetically.
c35bwq6oiy	[valer] para [hacer algo]	[to be] useful for [doing something]	reference	topic:enmap-for-3|topic:enmap-be-3	Subtopic split (size rule): en:for (76) chunked alphabetically.
8rtzxhe293	para él	for him	supporting	topic:enmap-for-3	Subtopic split (size rule): en:for (76) chunked alphabetically.
ifxzv5eot0	para ella	for her	supporting	topic:enmap-for-3	Subtopic split (size rule): en:for (76) chunked alphabetically.
gp7z4dvb4r	para ellas	for them	supporting	topic:enmap-for-3	Subtopic split (size rule): en:for (76) chunked alphabetically.
hu11wt1cvb	para ellos	for them	supporting	topic:enmap-for-3	Subtopic split (size rule): en:for (76) chunked alphabetically.
dyi2yg06hb	para mí	for me	supporting	topic:enmap-for-3	Subtopic split (size rule): en:for (76) chunked alphabetically.
ztq4ogut83	para nosotros	for us	supporting	topic:enmap-for-3	Subtopic split (size rule): en:for (76) chunked alphabetically.
sqd8xxfwmx	para ti	for you	supporting	topic:enmap-for-3|topic:enmap-you-2	Subtopic split (size rule): en:for (76) chunked alphabetically.
nv7alp7lve	para usted	for you	supporting	topic:enmap-for-3|topic:enmap-you-2	Subtopic split (size rule): en:for (76) chunked alphabetically.
2waliyvy7h	para ustedes	for you	supporting	topic:enmap-for-3|topic:enmap-you-2	Subtopic split (size rule): en:for (76) chunked alphabetically.
lnjk7w9ssw	pedir [algo]	to ask for [something]	core	topic:enmap-for-3	Subtopic split (size rule): en:for (76) chunked alphabetically.
ka5uny00ga	pedir [comida] a domicilio	to order [food] for delivery	reference	topic:enmap-for-3	Subtopic split (size rule): en:for (76) chunked alphabetically.
x71u2ua4d3	pedir [una visa]	to apply for [a visa]	reference	topic:enmap-for-3	Subtopic split (size rule): en:for (76) chunked alphabetically.
chlit99d2v	pedir disculpas por [algo]	to apologize for [something]	reference	topic:enmap-for-3	Subtopic split (size rule): en:for (76) chunked alphabetically.
27fbkeb2et	pedir perdón por [algo]	to ask for forgiveness for [something]	reference	topic:enmap-for-3	Subtopic split (size rule): en:for (76) chunked alphabetically.
0d7663jbyo	pedirle [algo] a [alguien]	to ask [somebody] for [something]	core	topic:enmap-for-4	Subtopic split (size rule): en:for (76) chunked alphabetically.
op2g7f5we1	pegársele [algo] a [alguien]	for [something] to rub off on [somebody]	reference	topic:enmap-for-4	Subtopic split (size rule): en:for (76) chunked alphabetically.
dh16jcovbo	poner una alarma para [una hora]	to set an alarm for [a time]	reference	topic:enmap-for-4|topic:enmap-set-2	Subtopic split (size rule): en:for (76) chunked alphabetically.
r97jh0nzir	poner una fecha para [algo]	to set a date for [something]	reference	topic:enmap-for-4|topic:enmap-set-2	Subtopic split (size rule): en:for (76) chunked alphabetically.
tyej3rsl7u	ponerle un precio a [algo]	to set a price for [something]	reference	topic:enmap-for-4|topic:enmap-set-2	Subtopic split (size rule): en:for (76) chunked alphabetically.
9i18xubldv	por [hacer algo]	for [doing something]	supporting	topic:enmap-for-4	Subtopic split (size rule): en:for (76) chunked alphabetically.
v5b7rf226u	por ahora	for now	reference	topic:enmap-for-4	Subtopic split (size rule): en:for (76) chunked alphabetically.
le4iu71rle	proponer pagar [cantidad] por [algo]	to offer [an amount] for [something]	reference	topic:enmap-for-4	Subtopic split (size rule): en:for (76) chunked alphabetically.
r86rai9777	quedarse en blanco	for one's mind to go blank	reference	topic:enmap-for-4	Subtopic split (size rule): en:for (76) chunked alphabetically.
4t3k0v5chd	sentar las bases de [algo]	to lay the foundation for [something]	reference	topic:enmap-for-4	Subtopic split (size rule): en:for (76) chunked alphabetically.
o6vs3cstlt	sentir algo por [alguien]	to have feelings for [somebody]	reference	topic:enmap-for-4|topic:enmap-have-2	Subtopic split (size rule): en:for (76) chunked alphabetically.
3qtux13rre	sentirlo por [algo]	to be sorry for [something]	reference	topic:enmap-for-4|topic:enmap-be-4	Subtopic split (size rule): en:for (76) chunked alphabetically.
i49be62rpv	ser bueno para [alguien/algo]	to be good for [somebody or something]	supporting	topic:enmap-for-4|topic:enmap-be-4	Subtopic split (size rule): en:for (76) chunked alphabetically.
hpdisj6u7v	ser conocido por [algo]	to be known for [something]	reference	topic:enmap-for-4|topic:enmap-be-4	Subtopic split (size rule): en:for (76) chunked alphabetically.
pdcy6981ld	ser malo para [alguien/algo]	to be bad for [somebody or something]	supporting	topic:enmap-for-4|topic:enmap-be-4	Subtopic split (size rule): en:for (76) chunked alphabetically.
ekxerzzusv	ser para [alguien]	to be for [somebody]	supporting	topic:enmap-for-4|topic:enmap-be-4	Subtopic split (size rule): en:for (76) chunked alphabetically.
nyb1ocmvpw	ser para [un uso]	to be meant for [a use]	reference	topic:enmap-for-4|topic:enmap-be-4	Subtopic split (size rule): en:for (76) chunked alphabetically.
8pzhwaykz8	significar [una forma completa]	to stand for [a full form]	reference	topic:enmap-for-5	Subtopic split (size rule): en:for (76) chunked alphabetically.
55moihfqeu	trabajar para [alguien u organización]	to work for [somebody or an organization]	supporting	topic:enmap-for-5	Subtopic split (size rule): en:for (76) chunked alphabetically.
gebby1bfyk	valer para [un propósito]	to work for [a purpose]	reference	topic:enmap-for-5	Subtopic split (size rule): en:for (76) chunked alphabetically.
kk3nkycmqg	venirle bien a [alguien]	to work for [somebody]	reference	topic:enmap-for-5	Subtopic split (size rule): en:for (76) chunked alphabetically.
kg63snjtds	¿con qué [ocurre algo]?	what [does something happen] with?	reference	topic:enmap-with-1|topic:enmap-what-1	Subtopic split (size rule): en:with (54) chunked alphabetically.
gr9qqtsbbn	acabar con [algo]	to do away with [something]	reference	topic:enmap-with-1	Subtopic split (size rule): en:with (54) chunked alphabetically.
68ly0bl6ba	acabar con [algo]	to use up [something]	reference	topic:enmap-with-1	Subtopic split (size rule): en:with (54) chunked alphabetically.
wcvwv6uubd	aguantar [algo]	to put up with [something]	reference	topic:enmap-with-1|topic:enmap-put-1	Subtopic split (size rule): en:with (54) chunked alphabetically.
204wng99bx	alcanzar a [alguien]	to catch up with [somebody]	reference	topic:enmap-with-1	Subtopic split (size rule): en:with (54) chunked alphabetically.
ei0hj29low	ayudar a [alguien]	to give [somebody] a hand	reference	topic:enmap-with-1|topic:enmap-give-1	Subtopic split (size rule): en:with (54) chunked alphabetically.
zg737wtrp2	ayudar a [alguien] con [algo]	to help [somebody] with [something]	supporting	topic:enmap-with-1	Subtopic split (size rule): en:with (54) chunked alphabetically.
2zhbl574oh	caerle mal a [alguien]	not to agree with [somebody]	reference	topic:enmap-with-1	Subtopic split (size rule): en:with (54) chunked alphabetically.
gx8qvdgggd	casar [algo] con [algo]	to reconcile [something] with [something]	reference	topic:enmap-with-1	Subtopic split (size rule): en:with (54) chunked alphabetically.
itje57f5s3	comunicarse con [alguien]	to reach [somebody]	reference	topic:enmap-with-1	Subtopic split (size rule): en:with (54) chunked alphabetically.
ovnw5edm1p	con	with	reference	topic:enmap-with-1	Subtopic split (size rule): en:with (54) chunked alphabetically.
nrb0thfnst	con [alguien]	with [somebody]	core	topic:enmap-with-1	Subtopic split (size rule): en:with (54) chunked alphabetically.
sxxbfgvhfa	con él	with him	core	topic:enmap-with-1	Subtopic split (size rule): en:with (54) chunked alphabetically.
0h11x77lat	con ella	with her	core	topic:enmap-with-1	Subtopic split (size rule): en:with (54) chunked alphabetically.
796z7mxsvp	con ellas	with them	core	topic:enmap-with-1	Subtopic split (size rule): en:with (54) chunked alphabetically.
k71aaprkfg	con ellos	with them	core	topic:enmap-with-1	Subtopic split (size rule): en:with (54) chunked alphabetically.
0wjnsjpf8s	con nosotros	with us	core	topic:enmap-with-1	Subtopic split (size rule): en:with (54) chunked alphabetically.
0xx4ewk26d	con usted	with you	supporting	topic:enmap-with-1|topic:enmap-you-1	Subtopic split (size rule): en:with (54) chunked alphabetically.
6xhu16fwu6	con ustedes	with you	supporting	topic:enmap-with-2|topic:enmap-you-1	Subtopic split (size rule): en:with (54) chunked alphabetically.
lse8dx7tet	conmigo	with me	core	topic:enmap-with-2	Subtopic split (size rule): en:with (54) chunked alphabetically.
bb7fukdi26	conocer [un tema o sistema]	to be familiar with [a topic or system]	reference	topic:enmap-with-2|topic:enmap-be-1	Subtopic split (size rule): en:with (54) chunked alphabetically.
rnldlhmpop	contigo	with you	core	topic:enmap-with-2|topic:enmap-you-2	Subtopic split (size rule): en:with (54) chunked alphabetically.
21ip23zino	darle [algo] a [alguien]	to provide [somebody] with [something]	reference	topic:enmap-with-2	Subtopic split (size rule): en:with (54) chunked alphabetically.
5rr4zebvp7	[hacer algo] de [una emoción]	to [do something] with [an emotion]	reference	topic:enmap-with-2	Subtopic split (size rule): en:with (54) chunked alphabetically.
afevkeg23w	[estar] enamorado de [alguien]	[to be] in love with [somebody]	reference	topic:enmap-with-2|topic:enmap-in-2|topic:enmap-be-1	Subtopic split (size rule): en:with (54) chunked alphabetically.
oyxzv5jbvk	estar de acuerdo con [alguien]	to agree with [somebody]	reference	topic:enmap-with-2	Subtopic split (size rule): en:with (54) chunked alphabetically.
qgnveu0pox	hablar con [alguien]	to talk with [somebody]	reference	topic:enmap-with-2	Subtopic split (size rule): en:with (54) chunked alphabetically.
xo18pm756n	hablar con [alguien]	to speak with [somebody]	supporting	topic:enmap-with-2	Subtopic split (size rule): en:with (54) chunked alphabetically.
uriamnzen2	hacer las paces con [alguien]	to make up with [somebody]	reference	topic:enmap-with-2|topic:enmap-make-1	Subtopic split (size rule): en:with (54) chunked alphabetically.
v48t8redzw	ir con [algo]	to go with [something]	reference	topic:enmap-with-2|topic:enmap-go-1	Subtopic split (size rule): en:with (54) chunked alphabetically.
krz97g2k8a	jugar con [algo]	to play with [something]	reference	topic:enmap-with-2	Subtopic split (size rule): en:with (54) chunked alphabetically.
dbx7pnzub5	llevarse bien con [alguien]	to get along well with [somebody]	supporting	topic:enmap-with-2|topic:enmap-get-2	Subtopic split (size rule): en:with (54) chunked alphabetically.
5irs9gdyqv	mantenerse al día con [algo]	to keep up with [something]	reference	topic:enmap-with-2|topic:enmap-keep-1	Subtopic split (size rule): en:with (54) chunked alphabetically.
2liqgudpe2	mantenerse en contacto con [alguien]	to keep in touch with [somebody]	reference	topic:enmap-with-2|topic:enmap-keep-1	Subtopic split (size rule): en:with (54) chunked alphabetically.
5awfswdavw	no tener nada que ver con [algo]	to have nothing to do with [something]	reference	topic:enmap-with-2|topic:enmap-have-2	Subtopic split (size rule): en:with (54) chunked alphabetically.
ldj6l0mdep	parecerle bien a [alguien]	to be fine with [somebody]	reference	topic:enmap-with-2|topic:enmap-be-3	Subtopic split (size rule): en:with (54) chunked alphabetically.
6w6meulfin	pasar [tiempo] con [alguien]	to spend [time] with [somebody]	supporting	topic:enmap-with-3	Subtopic split (size rule): en:with (54) chunked alphabetically.
kdt4ocawe0	pedir una cita con [alguien]	to make an appointment with [somebody]	reference	topic:enmap-with-3|topic:enmap-make-2	Subtopic split (size rule): en:with (54) chunked alphabetically.
f8j54x3ds4	pedir una cita con [alguien]	to book an appointment with [somebody]	reference	topic:enmap-with-3	Subtopic split (size rule): en:with (54) chunked alphabetically.
bm5ashr6qu	perder el contacto con [alguien]	to lose touch with [somebody]	reference	topic:enmap-with-3	Subtopic split (size rule): en:with (54) chunked alphabetically.
dq9hw47p1r	ponerse al día con [algo o alguien]	to catch up with [something or somebody]	reference	topic:enmap-with-3	Subtopic split (size rule): en:with (54) chunked alphabetically.
lz3nxrm63o	ponerse de acuerdo con [alguien]	to agree with [somebody]	supporting	topic:enmap-with-3	Subtopic split (size rule): en:with (54) chunked alphabetically.
79080668rq	ponerse en contacto con [alguien]	to get in touch with [somebody]	reference	topic:enmap-with-3|topic:enmap-get-2	Subtopic split (size rule): en:with (54) chunked alphabetically.
op3olm4hh3	quedar con [alguien]	to arrange to meet [somebody]	reference	topic:enmap-with-3	Subtopic split (size rule): en:with (54) chunked alphabetically.
smq8nhlb78	quedarse con [algo]	to keep [something]	supporting	topic:enmap-with-3|topic:enmap-keep-1	Subtopic split (size rule): en:with (54) chunked alphabetically.
bebv5oi2xq	romper con [alguien]	to break up with [somebody]	reference	topic:enmap-with-3	Subtopic split (size rule): en:with (54) chunked alphabetically.
rnznavwcfr	salir con [alguien]	to date [somebody]	supporting	topic:enmap-with-3	Subtopic split (size rule): en:with (54) chunked alphabetically.
ezq7209l2y	salir con [alguien]	to go out with [somebody]	reference	topic:enmap-with-3|topic:enmap-go-2	Subtopic split (size rule): en:with (54) chunked alphabetically.
15khny2b9v	tener que ver con [algo]	to have to do with [something]	reference	topic:enmap-with-3|topic:enmap-have-2	Subtopic split (size rule): en:with (54) chunked alphabetically.
ezz9e68yjj	trabajar con [alguien]	to work with [somebody]	supporting	topic:enmap-with-3	Subtopic split (size rule): en:with (54) chunked alphabetically.
yv532a42h2	traer [algo] consigo	to have [something] with you	reference	topic:enmap-with-3	Subtopic split (size rule): en:with (54) chunked alphabetically.
p3nun0nd0p	traer [algo] consigo	to bring [something] with you	reference	topic:enmap-with-3	Subtopic split (size rule): en:with (54) chunked alphabetically.
2krm0gf62n	venir con [alguien]	to come with [somebody]	reference	topic:enmap-with-3|topic:enmap-come-1	Subtopic split (size rule): en:with (54) chunked alphabetically.
zeloe6s3qo	verse con [alguien]	to see [somebody]	supporting	topic:enmap-with-3	Subtopic split (size rule): en:with (54) chunked alphabetically.
el9irxyl46	¿Qué piensas de [algo]?	What do you think of [something]?	supporting	topic:enmap-of-1|topic:enmap-what-1	Subtopic split (size rule): en:of (47) chunked alphabetically.
05ugh62h83	¿Qué te parece [algo]?	What do you think of [something]?	supporting	topic:enmap-of-1|topic:enmap-what-1	Subtopic split (size rule): en:of (47) chunked alphabetically.
01gzy2c71x	a pesar de [algo]	in spite of [something]	reference	topic:enmap-of-1|topic:enmap-in-1	Subtopic split (size rule): en:of (47) chunked alphabetically.
pfhho20nqb	acabarse [algo]	to run out of [something]	supporting	topic:enmap-of-1	Subtopic split (size rule): en:of (47) chunked alphabetically.
kqlemql5q9	aprovechar [algo]	to take advantage of [something]	reference	topic:enmap-of-1|topic:enmap-take-1	Subtopic split (size rule): en:of (47) chunked alphabetically.
fccjkbxo8e	aprovechar [algo]	to make good use of [something]	reference	topic:enmap-of-1|topic:enmap-make-1	Subtopic split (size rule): en:of (47) chunked alphabetically.
dw6w3t8zih	aprovecharse de [algo/alguien]	to take advantage of [something/somebody]	reference	topic:enmap-of-1|topic:enmap-take-1	Subtopic split (size rule): en:of (47) chunked alphabetically.
pj5xvxa76j	beber de [un recipiente]	to drink out of [a container]	reference	topic:enmap-of-1	Subtopic split (size rule): en:of (47) chunked alphabetically.
lg9p46b73r	[ser] consciente de [algo]	[to be] aware of [something]	reference	topic:enmap-of-1|topic:enmap-be-1	Subtopic split (size rule): en:of (47) chunked alphabetically.
ylgvepe6wi	conseguir [algo]	to get hold of [something]	reference	topic:enmap-of-1|topic:enmap-get-1	Subtopic split (size rule): en:of (47) chunked alphabetically.
n7f05snzv6	convencer a [alguien] de no [hacer algo]	to talk [somebody] out of [doing something]	reference	topic:enmap-of-1	Subtopic split (size rule): en:of (47) chunked alphabetically.
o5cjflzcow	cuidar a [alguien]	to take care of [somebody]	reference	topic:enmap-of-1|topic:enmap-take-1	Subtopic split (size rule): en:of (47) chunked alphabetically.
0k0bl4mcur	cuidar de [alguien/algo]	to take care of [somebody/something]	supporting	topic:enmap-of-1|topic:enmap-take-1	Subtopic split (size rule): en:of (47) chunked alphabetically.
6827l0k1ob	desde luego	of course	reference	topic:enmap-of-1	Subtopic split (size rule): en:of (47) chunked alphabetically.
36riiosdmx	echar a [alguien] de [un lugar]	to throw [somebody] out of [a place]	reference	topic:enmap-of-1	Subtopic split (size rule): en:of (47) chunked alphabetically.
5vfdd7g6pp	echar a [alguien] de [un lugar]	to kick [somebody] out of [a place]	reference	topic:enmap-of-1	Subtopic split (size rule): en:of (47) chunked alphabetically.
7ckfdreaoe	encargarle [algo] a [alguien]	to put [somebody] in charge of [something]	reference	topic:enmap-of-1|topic:enmap-put-1	Subtopic split (size rule): en:of (47) chunked alphabetically.
0mxnpd7krx	encargarse de [algo]	to take care of [something]	reference	topic:enmap-of-1|topic:enmap-take-2	Subtopic split (size rule): en:of (47) chunked alphabetically.
p76va4jmyy	estar a cargo de [algo]	to be in charge of [something]	reference	topic:enmap-of-2|topic:enmap-in-2|topic:enmap-be-2	Subtopic split (size rule): en:of (47) chunked alphabetically.
6ywiv1c0l5	estar a favor de [algo]	to be in favor of [something]	reference	topic:enmap-of-2|topic:enmap-in-2|topic:enmap-be-2	Subtopic split (size rule): en:of (47) chunked alphabetically.
d495hfe6co	estar al tanto de [algo]	to be aware of [something]	reference	topic:enmap-of-2|topic:enmap-be-2	Subtopic split (size rule): en:of (47) chunked alphabetically.
nse7vj3fbs	estar encargado de [algo]	to be in charge of [something]	reference	topic:enmap-of-2|topic:enmap-be-2	Subtopic split (size rule): en:of (47) chunked alphabetically.
177q0zbrgx	[la] falta de [algo]	the lack of [something]	reference	topic:enmap-of-2	Subtopic split (size rule): en:of (47) chunked alphabetically.
yd9u4l5hk8	fuera del alcance de [alguien]	out of [somebody's] reach	reference	topic:enmap-of-2	Subtopic split (size rule): en:of (47) chunked alphabetically.
kb26bvucsb	hablar en nombre de [alguien]	to speak on behalf of [somebody]	reference	topic:enmap-of-2	Subtopic split (size rule): en:of (47) chunked alphabetically.
n46cr84foo	hecho de [un material visible]	made of [a visible material]	supporting	topic:enmap-of-2	Subtopic split (size rule): en:of (47) chunked alphabetically.
kliqfbzr2f	llevar la cuenta de [algo]	to keep track of [something]	reference	topic:enmap-of-2|topic:enmap-keep-1	Subtopic split (size rule): en:of (47) chunked alphabetically.
3t5jjwz0t5	[tener] miedo de [algo]	[to be] afraid of [something]	supporting	topic:enmap-of-2|topic:enmap-be-3	Subtopic split (size rule): en:of (47) chunked alphabetically.
feol8lzuht	muchos de [algo]	many of [something]	reference	topic:enmap-of-2	Subtopic split (size rule): en:of (47) chunked alphabetically.
uujozpaw2h	pensar en [algo]	to think of [something]	reference	topic:enmap-of-2	Subtopic split (size rule): en:of (47) chunked alphabetically.
wtfoq5ttro	perder la noción de [algo]	to lose track of [something]	reference	topic:enmap-of-2	Subtopic split (size rule): en:of (47) chunked alphabetically.
s8zforv9i3	poner a [alguien] a cargo de [algo]	to put [somebody] in charge of [something]	reference	topic:enmap-of-2|topic:enmap-put-3	Subtopic split (size rule): en:of (47) chunked alphabetically.
1vb3s8ps5j	quedarse sin [algo]	to run out of [something]	supporting	topic:enmap-of-2	Subtopic split (size rule): en:of (47) chunked alphabetically.
go9ggtice2	quedarse sin [algo] (estado)	to be out of [something]	reference	topic:enmap-of-2|topic:enmap-be-4	Subtopic split (size rule): en:of (47) chunked alphabetically.
2axlxx1nzw	quitar [algo] del camino	to get [something] out of the way	reference	topic:enmap-of-2|topic:enmap-get-3	Subtopic split (size rule): en:of (47) chunked alphabetically.
r5nc7ng5l9	quitarse [algo no deseado]	to get rid of [something unwanted]	supporting	topic:enmap-of-2|topic:enmap-get-3	Subtopic split (size rule): en:of (47) chunked alphabetically.
a4mugyra2a	quitarse del camino	to get out of the way	reference	topic:enmap-of-3|topic:enmap-get-3	Subtopic split (size rule): en:of (47) chunked alphabetically.
pxkiokdofk	recordarle a [alguien] a [otra persona]	to remind [somebody] of [another person]	reference	topic:enmap-of-3	Subtopic split (size rule): en:of (47) chunked alphabetically.
7ihfylaf0m	sacar a [alguien] de [un lugar]	to get [somebody] out of [a place]	reference	topic:enmap-of-3|topic:enmap-get-3	Subtopic split (size rule): en:of (47) chunked alphabetically.
c38n8crr5a	sacar una foto de [algo]	to take a photo of [something]	supporting	topic:enmap-of-3|topic:enmap-take-2	Subtopic split (size rule): en:of (47) chunked alphabetically.
r68cdfj171	salir de [un lugar]	to get out of [a place]	supporting	topic:enmap-of-3|topic:enmap-get-3	Subtopic split (size rule): en:of (47) chunked alphabetically.
sz0g4jfbie	ser capaz de [hacer algo]	to be able to [do something]	reference	topic:enmap-of-3|topic:enmap-be-4	Subtopic split (size rule): en:of (47) chunked alphabetically.
98gwx9pls1	ser culpa de [alguien]	to be [somebody's] fault	reference	topic:enmap-of-3	Subtopic split (size rule): en:of (47) chunked alphabetically.
cme1al3v5p	ser de [un material]	to be made of [a material]	supporting	topic:enmap-of-3|topic:enmap-be-4	Subtopic split (size rule): en:of (47) chunked alphabetically.
55803pk541	sin costo	free of charge	reference	topic:enmap-of-3	Subtopic split (size rule): en:of (47) chunked alphabetically.
872xfzjuzx	[la] tenencia de [algo]	possession of [something]	reference	topic:enmap-of-3	Subtopic split (size rule): en:of (47) chunked alphabetically.
tc6g9iudcp	tomar una foto de [algo]	to take a photo of [something]	reference	topic:enmap-of-3|topic:enmap-take-3	Subtopic split (size rule): en:of (47) chunked alphabetically.
ge2h3aq8un	asumir [algo]	to take on [something]	reference	topic:enmap-take-1	Subtopic split (size rule): en:take (44) chunked alphabetically.
g1ya205lb7	bajar [algo]	to take down [something]	supporting	topic:enmap-take-1	Subtopic split (size rule): en:take (44) chunked alphabetically.
tztlzyvj4i	cargarse [algo] al hombro	to take on [something]	reference	topic:enmap-take-1	Subtopic split (size rule): en:take (44) chunked alphabetically.
faqcrnung3	coger [algo]	to take [something]	reference	topic:enmap-take-1	Subtopic split (size rule): en:take (44) chunked alphabetically.
zrzt4f88zv	coger [un transporte]	to take [transportation]	reference	topic:enmap-take-1	Subtopic split (size rule): en:take (44) chunked alphabetically.
1wrulf5p6q	correr un riesgo	to take a risk	reference	topic:enmap-take-1	Subtopic split (size rule): en:take (44) chunked alphabetically.
onjiqwdl11	cuídate	take care	supporting	topic:enmap-take-1	Subtopic split (size rule): en:take (44) chunked alphabetically.
yaznk7a47n	darse [un evento]	to take place	reference	topic:enmap-take-1	Subtopic split (size rule): en:take (44) chunked alphabetically.
i2o3tqlac3	desarmar [algo]	to take apart [something]	reference	topic:enmap-take-1	Subtopic split (size rule): en:take (44) chunked alphabetically.
oieith38tf	despegar	to take off	reference	topic:enmap-take-1	Subtopic split (size rule): en:take (44) chunked alphabetically.
ip5b4c26sx	desquitarse con [alguien]	to take it out on [somebody]	reference	topic:enmap-take-1	Subtopic split (size rule): en:take (44) chunked alphabetically.
djoaiftk25	devolver [algo]	to take back [something]	supporting	topic:enmap-take-1	Subtopic split (size rule): en:take (44) chunked alphabetically.
vb2rixy6jn	echar raíces	to take root	reference	topic:enmap-take-1	Subtopic split (size rule): en:take (44) chunked alphabetically.
mhpsjzbw88	echar un vistazo a [algo]	to take a look at [something]	supporting	topic:enmap-take-1|topic:enmap-at-1	Subtopic split (size rule): en:take (44) chunked alphabetically.
tyi7ultt7w	empezar [una actividad]	to take up [something]	reference	topic:enmap-take-2	Subtopic split (size rule): en:take (44) chunked alphabetically.
b9jycma895	engañar [a alguien]	to take in [somebody/something]	reference	topic:enmap-take-2	Subtopic split (size rule): en:take (44) chunked alphabetically.
edcjj9goei	hacer un viaje	to take a trip	reference	topic:enmap-take-2	Subtopic split (size rule): en:take (44) chunked alphabetically.
y3salsw4an	llevarse [algo]	to take away [something]	supporting	topic:enmap-take-2	Subtopic split (size rule): en:take (44) chunked alphabetically.
k3o01kfput	parecerse a [alguien]	to take after [somebody]	reference	topic:enmap-take-2	Subtopic split (size rule): en:take (44) chunked alphabetically.
f70ddup216	participar en [algo]	to take part in [something]	reference	topic:enmap-take-2	Subtopic split (size rule): en:take (44) chunked alphabetically.
sogja55oo0	quitarle [algo] a [alguien]	to take [something] away from [somebody]	supporting	topic:enmap-take-2|topic:enmap-from-2	Subtopic split (size rule): en:take (44) chunked alphabetically.
e7vj7ne6w6	quitarse [algo]	to take off [something]	supporting	topic:enmap-take-2	Subtopic split (size rule): en:take (44) chunked alphabetically.
g8xlqd0im0	recoger [algo]	to take in [something]	reference	topic:enmap-take-2	Subtopic split (size rule): en:take (44) chunked alphabetically.
3lpcerxf58	sacar [algo]	to take out [something]	supporting	topic:enmap-take-2	Subtopic split (size rule): en:take (44) chunked alphabetically.
s0htompife	[pasado] take	took	supporting	topic:enmap-take-2	Subtopic split (size rule): en:take (44) chunked alphabetically.
bn0ps9sz3h	[participio] take	taken	supporting	topic:enmap-take-2	Subtopic split (size rule): en:take (44) chunked alphabetically.
g5nlbifpst	tardar	to take a long time	reference	topic:enmap-take-2	Subtopic split (size rule): en:take (44) chunked alphabetically.
23jqqwk28f	tardar [tiempo] en [hacer algo]	to take [an amount of time] to [do something]	reference	topic:enmap-take-2	Subtopic split (size rule): en:take (44) chunked alphabetically.
7xfrxi3jd5	tener en cuenta [algo]	to take [something] into account	reference	topic:enmap-take-3	Subtopic split (size rule): en:take (44) chunked alphabetically.
3r13e3oa6n	tomar [algo]	to take [something]	core	topic:enmap-take-3	Subtopic split (size rule): en:take (44) chunked alphabetically.
2hxj5syqcm	tomar [tiempo]	to take [time]	supporting	topic:enmap-take-3	Subtopic split (size rule): en:take (44) chunked alphabetically.
ggqsaeyv8u	tomar [transporte]	to take [transport]	supporting	topic:enmap-take-3	Subtopic split (size rule): en:take (44) chunked alphabetically.
icy9w1jbof	tomar [un curso]	to take [a course]	reference	topic:enmap-take-3	Subtopic split (size rule): en:take (44) chunked alphabetically.
0cpl9zogy8	tomar el control de [algo]	to take over [something]	supporting	topic:enmap-take-3	Subtopic split (size rule): en:take (44) chunked alphabetically.
8xc9lgyn8v	tomar notas	to take notes	reference	topic:enmap-take-3	Subtopic split (size rule): en:take (44) chunked alphabetically.
zn5lcx080u	apagar [un incendio]	to put out [a fire]	reference	topic:enmap-put-1	Subtopic split (size rule): en:put (47) chunked alphabetically.
sgssxq75yi	apartar [algo]	to put [something] aside	reference	topic:enmap-put-1	Subtopic split (size rule): en:put (47) chunked alphabetically.
v0h48i7zia	armar [algo]	to put [something] together	reference	topic:enmap-put-1	Subtopic split (size rule): en:put (47) chunked alphabetically.
bb8a9kyess	avisar a [alguien] sobre [algo]	to put [somebody] onto [something]	reference	topic:enmap-put-1	Subtopic split (size rule): en:put (47) chunked alphabetically.
5niiiqvgsg	colgar [algo]	to put [something] up	reference	topic:enmap-put-1	Subtopic split (size rule): en:put (47) chunked alphabetically.
c6s5ipa7sg	comunicar [una idea]	to put [an idea] across	reference	topic:enmap-put-1	Subtopic split (size rule): en:put (47) chunked alphabetically.
3tvyxgaex0	dedicar [tiempo o esfuerzo] a [algo]	to put [time or effort] into [something]	reference	topic:enmap-put-1	Subtopic split (size rule): en:put (47) chunked alphabetically.
meqlrplce4	dejar [algo] sobre [una superficie]	to put [something] down	supporting	topic:enmap-put-1	Subtopic split (size rule): en:put (47) chunked alphabetically.
s6q036agkz	desanimar a [alguien]	to put [somebody] off	reference	topic:enmap-put-1	Subtopic split (size rule): en:put (47) chunked alphabetically.
2kr0ohl0n5	dicho de otra manera	put another way	reference	topic:enmap-put-1	Subtopic split (size rule): en:put (47) chunked alphabetically.
4ifnatwu0r	enfrentar a [alguien] con [alguien]	to put [somebody] against [somebody]	reference	topic:enmap-put-1	Subtopic split (size rule): en:put (47) chunked alphabetically.
klmbnws5k3	expresar [algo] de cierta manera	to put [something] a certain way	reference	topic:enmap-put-2	Subtopic split (size rule): en:put (47) chunked alphabetically.
v1xen0we5r	guardar [algo]	to put away [something]	reference	topic:enmap-put-2	Subtopic split (size rule): en:put (47) chunked alphabetically.
79su3o2kda	guardar [algo]	to put [something] away	supporting	topic:enmap-put-2	Subtopic split (size rule): en:put (47) chunked alphabetically.
3ub96rf8ci	hacer pasar a [alguien] por [algo]	to put [somebody] through [something]	reference	topic:enmap-put-2	Subtopic split (size rule): en:put (47) chunked alphabetically.
jf2aw2elxh	menospreciar a [alguien]	to put [somebody] down	reference	topic:enmap-put-2	Subtopic split (size rule): en:put (47) chunked alphabetically.
8on4ssnvkm	meter [algo] en [algo]	to put [something] into [something]	reference	topic:enmap-put-2	Subtopic split (size rule): en:put (47) chunked alphabetically.
1u1hrquecd	molestar a [alguien]	to put [somebody] out	reference	topic:enmap-put-2	Subtopic split (size rule): en:put (47) chunked alphabetically.
bjms2exzmh	organizar [un evento]	to put on [an event]	reference	topic:enmap-put-2	Subtopic split (size rule): en:put (47) chunked alphabetically.
rtsiqg8t58	poner [algo] [en algún lugar]	to put [something] [somewhere]	core	topic:enmap-put-2	Subtopic split (size rule): en:put (47) chunked alphabetically.
u8ocx1l1ad	poner [algo] debajo de [algo]	to put [something] under [something]	supporting	topic:enmap-put-2	Subtopic split (size rule): en:put (47) chunked alphabetically.
5bq8gctf3g	poner [algo] dentro de [un lugar]	to put [something] into [a place]	supporting	topic:enmap-put-2	Subtopic split (size rule): en:put (47) chunked alphabetically.
dmc4ep05eo	poner [algo] en [un lugar]	to put [something] in [a place]	supporting	topic:enmap-put-2	Subtopic split (size rule): en:put (47) chunked alphabetically.
dtodl04vtu	poner [algo] en práctica	to put [something] into practice	reference	topic:enmap-put-2	Subtopic split (size rule): en:put (47) chunked alphabetically.
lc4ekh76su	poner [algo] en riesgo	to put [something] at risk	reference	topic:enmap-put-2|topic:enmap-at-1	Subtopic split (size rule): en:put (47) chunked alphabetically.
8tlst3bo6o	poner [algo] por escrito	to put [something] in writing	reference	topic:enmap-put-2	Subtopic split (size rule): en:put (47) chunked alphabetically.
zm3v8qtrgj	poner [algo] sobre [una superficie]	to put [something] on [a surface]	supporting	topic:enmap-put-2	Subtopic split (size rule): en:put (47) chunked alphabetically.
4gnnj2lqzl	poner [música o un video]	to put on [music or a video]	reference	topic:enmap-put-2	Subtopic split (size rule): en:put (47) chunked alphabetically.
wsy0zl0ir1	ponerse [una prenda]	to put on [an item of clothing]	supporting	topic:enmap-put-3	Subtopic split (size rule): en:put (47) chunked alphabetically.
yq888yksqh	posponer [algo]	to put [something] off	reference	topic:enmap-put-3	Subtopic split (size rule): en:put (47) chunked alphabetically.
ligtxfh1ka	presentar [una solicitud]	to put in [an application]	reference	topic:enmap-put-3	Subtopic split (size rule): en:put (47) chunked alphabetically.
srdsgbfh59	proponer [una idea]	to put [an idea] forward	reference	topic:enmap-put-3	Subtopic split (size rule): en:put (47) chunked alphabetically.
fefhc4duwl	publicar [algo]	to put [something] out	reference	topic:enmap-put-3	Subtopic split (size rule): en:put (47) chunked alphabetically.
vd3nut7nkt	[pasado] put	put	supporting	topic:enmap-put-3	Subtopic split (size rule): en:put (47) chunked alphabetically.
smpiiw148l	[participio] put	put	supporting	topic:enmap-put-3	Subtopic split (size rule): en:put (47) chunked alphabetically.
uenjlmb8j9	subir de peso	to put on weight	reference	topic:enmap-put-3	Subtopic split (size rule): en:put (47) chunked alphabetically.
o1dt8eusto	volver a poner [algo] en su lugar	to put [something] back	supporting	topic:enmap-put-3	Subtopic split (size rule): en:put (47) chunked alphabetically.
6ljzqgv7vh	[perderse]	[to get] lost	supporting	topic:enmap-get-1	Subtopic split (size rule): en:get (49) chunked alphabetically.
3tecsp0owz	¡Fuera!	Get out!	reference	topic:enmap-get-1	Subtopic split (size rule): en:get (49) chunked alphabetically.
zq5mq3d7ig	[ponerse] [adjetivo]	[to get] [adjective]	supporting	topic:enmap-get-1	Subtopic split (size rule): en:get (49) chunked alphabetically.
dpa3heuq6k	[volverse] [adjetivo]	[to get] [adjective]	reference	topic:enmap-get-1	Subtopic split (size rule): en:get (49) chunked alphabetically.
nk3mx4ovzj	arreglarse	to get ready	reference	topic:enmap-get-1	Subtopic split (size rule): en:get (49) chunked alphabetically.
60j5r1u055	bajarse de [un transporte]	to get off [transportation]	reference	topic:enmap-get-1	Subtopic split (size rule): en:get (49) chunked alphabetically.
1c10sdwf8m	cambiarse	to get changed	reference	topic:enmap-get-1	Subtopic split (size rule): en:get (49) chunked alphabetically.
h4e5zg4qih	casarse	to get married	supporting	topic:enmap-get-1	Subtopic split (size rule): en:get (49) chunked alphabetically.
vb0be6c64h	cobrar	to get paid	reference	topic:enmap-get-1	Subtopic split (size rule): en:get (49) chunked alphabetically.
yztwsyb4p5	conseguir [algo difícil de encontrar]	to get one's hands on [something]	reference	topic:enmap-get-1	Subtopic split (size rule): en:get (49) chunked alphabetically.
rnbbuspsv7	conseguir [algo]	to get [something]	core	topic:enmap-get-1	Subtopic split (size rule): en:get (49) chunked alphabetically.
w03s2v6sq1	conseguir que [algo] quede [hecho]	to get [something] done	reference	topic:enmap-get-1	Subtopic split (size rule): en:get (49) chunked alphabetically.
f2jyvf37n7	conseguir trabajo	to get a job	reference	topic:enmap-get-1	Subtopic split (size rule): en:get (49) chunked alphabetically.
xqrvzbv9iu	conseguirle [algo] a [alguien]	to get [somebody] [something]	supporting	topic:enmap-get-1	Subtopic split (size rule): en:get (49) chunked alphabetically.
goxootramx	dejarse llevar	to get carried away	reference	topic:enmap-get-2	Subtopic split (size rule): en:get (49) chunked alphabetically.
84ubxhmjpj	echar a andar [algo]	to get [something] going	reference	topic:enmap-get-2	Subtopic split (size rule): en:get (49) chunked alphabetically.
q1wk0yi0eo	entender [algo]	to get [something]	reference	topic:enmap-get-2	Subtopic split (size rule): en:get (49) chunked alphabetically.
e61dms0hq3	[pasado] get	got	supporting	topic:enmap-get-2	Subtopic split (size rule): en:get (49) chunked alphabetically.
8k1ayyt6pc	[participio] get	got	supporting	topic:enmap-get-2	Subtopic split (size rule): en:get (49) chunked alphabetically.
3r70xx9t9s	[participio] get	gotten	supporting	topic:enmap-get-2	Subtopic split (size rule): en:get (49) chunked alphabetically.
hk3p7tmczh	hacerse tarde	to get late	reference	topic:enmap-get-2	Subtopic split (size rule): en:get (49) chunked alphabetically.
e4wn19bujr	levantarse	to get up	supporting	topic:enmap-get-2	Subtopic split (size rule): en:get (49) chunked alphabetically.
lzbsoi01yv	mandar [hacer algo]	to get [something] [done]	reference	topic:enmap-get-2	Subtopic split (size rule): en:get (49) chunked alphabetically.
8pin6oau9g	meterse a [hacer algo]	to get into [doing something]	reference	topic:enmap-get-2	Subtopic split (size rule): en:get (49) chunked alphabetically.
8eeezi57j4	meterse en [un lugar]	to get into [a place]	reference	topic:enmap-get-2	Subtopic split (size rule): en:get (49) chunked alphabetically.
4c8iabv3yz	meterse en problemas	to get into trouble	reference	topic:enmap-get-2	Subtopic split (size rule): en:get (49) chunked alphabetically.
nl064twuml	obtener [algo]	to get [something]	reference	topic:enmap-get-2	Subtopic split (size rule): en:get (49) chunked alphabetically.
tw7e8xdtme	quedar [hecho]	to get [done]	supporting	topic:enmap-get-3	Subtopic split (size rule): en:get (49) chunked alphabetically.
snogejtps3	quitarse un peso de encima	to get a weight off [somebody's] mind	reference	topic:enmap-get-3	Subtopic split (size rule): en:get (49) chunked alphabetically.
wefybdb64a	sacar [algo]	to get [something]	supporting	topic:enmap-get-3	Subtopic split (size rule): en:get (49) chunked alphabetically.
w1s5ow6rtn	sacar [una nota]	to get [a grade]	reference	topic:enmap-get-3	Subtopic split (size rule): en:get (49) chunked alphabetically.
sao8m0fmzs	subirse a [un transporte]	to get on [transportation]	reference	topic:enmap-get-3	Subtopic split (size rule): en:get (49) chunked alphabetically.
172vkaz4pw	tener la oportunidad de [hacer algo]	to get a chance to [do something]	reference	topic:enmap-get-3	Subtopic split (size rule): en:get (49) chunked alphabetically.
rh92u94gb4	¡Adelante!	Go ahead!	reference	topic:enmap-go-1	Subtopic split (size rule): en:go (40) chunked alphabetically.
l7ges29sjn	¡Pasa! (dar permiso para continuar)	Go ahead!	reference	topic:enmap-go-1	Subtopic split (size rule): en:go (40) chunked alphabetically.
1m68s37p22	¿Fueron a la fiesta?	Did they go to the party?	supporting	topic:enmap-go-1	Subtopic split (size rule): en:go (40) chunked alphabetically.
362prshjtp	¿No fueron a la fiesta?	Didn't they go to the party?	supporting	topic:enmap-go-1	Subtopic split (size rule): en:go (40) chunked alphabetically.
w8obyhwxnh	andar por [un lugar]	to go around [a place]	reference	topic:enmap-go-1	Subtopic split (size rule): en:go (40) chunked alphabetically.
1fuuisjsfo	bajar	to go down	supporting	topic:enmap-go-1	Subtopic split (size rule): en:go (40) chunked alphabetically.
jggi2296px	faltar [una cantidad]	[an amount] to go	reference	topic:enmap-go-1	Subtopic split (size rule): en:go (40) chunked alphabetically.
j75hzql7s8	[participio] go	gone	supporting	topic:enmap-go-1	Subtopic split (size rule): en:go (40) chunked alphabetically.
l3jqtqp7we	[pasado] go	went	supporting	topic:enmap-go-1	Subtopic split (size rule): en:go (40) chunked alphabetically.
wlbaxqy8wx	ir ==> va	to go ==> goes	supporting	topic:enmap-go-1	Subtopic split (size rule): en:go (40) chunked alphabetically.
8wpdwqvpbe	ir a [hacer algo]	to go [do something]	supporting	topic:enmap-go-1	Subtopic split (size rule): en:go (40) chunked alphabetically.
cvw44cpv4h	ir a bailar	to go dancing	reference	topic:enmap-go-1	Subtopic split (size rule): en:go (40) chunked alphabetically.
k9y5vq9p06	ir a casa	to go home	supporting	topic:enmap-go-1	Subtopic split (size rule): en:go (40) chunked alphabetically.
qldej05yfp	ir a correr	to go running	reference	topic:enmap-go-1	Subtopic split (size rule): en:go (40) chunked alphabetically.
cpwm5oqh8t	ir a pie	to go on foot	reference	topic:enmap-go-1	Subtopic split (size rule): en:go (40) chunked alphabetically.
dv55nncur9	ir de compras	to go shopping	supporting	topic:enmap-go-1	Subtopic split (size rule): en:go (40) chunked alphabetically.
nsdu5c6q9d	ir en [un medio de transporte]	to go by [a means of transport]	supporting	topic:enmap-go-2	Subtopic split (size rule): en:go (40) chunked alphabetically.
nis5rixomq	irse	to go away	reference	topic:enmap-go-2	Subtopic split (size rule): en:go (40) chunked alphabetically.
7n967goat0	llegar a ser [algo]	to go on to become [something]	reference	topic:enmap-go-2	Subtopic split (size rule): en:go (40) chunked alphabetically.
zkkcxirv4g	No fui a la fiesta.	I didn't go to the party.	supporting	topic:enmap-go-2	Subtopic split (size rule): en:go (40) chunked alphabetically.
ag32yiat6v	[algo] no se quita	[something] won't go away	reference	topic:enmap-go-2	Subtopic split (size rule): en:go (40) chunked alphabetically.
q0dipekeiv	pasar frente a [un lugar]	to go past [a place]	reference	topic:enmap-go-2	Subtopic split (size rule): en:go (40) chunked alphabetically.
uuq5sdflxk	pasar por [algo difícil]	to go through [something difficult]	reference	topic:enmap-go-2	Subtopic split (size rule): en:go (40) chunked alphabetically.
5lt6vf4na4	pasar por [un lugar]	to go through [a place]	supporting	topic:enmap-go-2	Subtopic split (size rule): en:go (40) chunked alphabetically.
lptgwusb5o	pasarse	to go too far	reference	topic:enmap-go-2	Subtopic split (size rule): en:go (40) chunked alphabetically.
zxuys2r8q2	regresar	to go back	reference	topic:enmap-go-2	Subtopic split (size rule): en:go (40) chunked alphabetically.
zl1azbv6vk	salir	to go out	core	topic:enmap-go-2	Subtopic split (size rule): en:go (40) chunked alphabetically.
4n3bcm9qjj	salir afuera	to go outside	reference	topic:enmap-go-2	Subtopic split (size rule): en:go (40) chunked alphabetically.
tc4o4z8jnt	salir mal	to go badly	reference	topic:enmap-go-2	Subtopic split (size rule): en:go (40) chunked alphabetically.
9cyb4wa5a3	subir	to go up	supporting	topic:enmap-go-2	Subtopic split (size rule): en:go (40) chunked alphabetically.
v9mrlosy7o	va a [un lugar]	is going to [a place]	core	topic:enmap-go-2	Subtopic split (size rule): en:go (40) chunked alphabetically.
i0ipg114mg	vamos a [un lugar]	we are going to [a place]	supporting	topic:enmap-go-2	Subtopic split (size rule): en:go (40) chunked alphabetically.
m2cu1ggb78	van a [un lugar]	they are going to [a place]	supporting	topic:enmap-go-3	Subtopic split (size rule): en:go (40) chunked alphabetically.
vlfntsr6mm	vas a [un lugar]	you are going to [a place]	supporting	topic:enmap-go-3	Subtopic split (size rule): en:go (40) chunked alphabetically.
opdzad1zrx	voy a [un lugar]	I am going to [a place]	core	topic:enmap-go-3	Subtopic split (size rule): en:go (40) chunked alphabetically.
dzpf9yqfk0	aprovechar [algo]	to benefit from [something]	reference	topic:enmap-from-1	Subtopic split (size rule): en:from (33) chunked alphabetically.
6s0jnfqhv2	caer desde [un lugar]	to fall from [a place]	reference	topic:enmap-from-1	Subtopic split (size rule): en:from (33) chunked alphabetically.
5fylm54n8s	de [un lugar]	from a place	reference	topic:enmap-from-1	Subtopic split (size rule): en:from (33) chunked alphabetically.
zeorvyamau	de ahora en adelante	from now on	reference	topic:enmap-from-1	Subtopic split (size rule): en:from (33) chunked alphabetically.
itbjcq4mo3	de casa	from home	reference	topic:enmap-from-1	Subtopic split (size rule): en:from (33) chunked alphabetically.
eyue78cz5h	de vez en cuando	from time to time	reference	topic:enmap-from-1	Subtopic split (size rule): en:from (33) chunked alphabetically.
n3549z5wwm	desde [un lugar]	from a place	supporting	topic:enmap-from-1	Subtopic split (size rule): en:from (33) chunked alphabetically.
yhh3l4act9	desde mi punto de vista	from my point of view	reference	topic:enmap-from-1	Subtopic split (size rule): en:from (33) chunked alphabetically.
rv2tbtvssk	distinguir [algo] de [algo]	to tell [something] from [something]	reference	topic:enmap-from-1	Subtopic split (size rule): en:from (33) chunked alphabetically.
6zy7d60lhd	eres de [un lugar]	you are from [a place]	core	topic:enmap-from-1	Subtopic split (size rule): en:from (33) chunked alphabetically.
25qdaau47d	es de [un lugar]	is from [a place]	core	topic:enmap-from-1	Subtopic split (size rule): en:from (33) chunked alphabetically.
6wu6m8g0qn	faltar a [un evento]	to be absent from [an event]	reference	topic:enmap-from-1|topic:enmap-be-3	Subtopic split (size rule): en:from (33) chunked alphabetically.
h2zqc61fwq	mantenerse alejado de [algo]	to keep away from [something]	reference	topic:enmap-from-1|topic:enmap-keep-1	Subtopic split (size rule): en:from (33) chunked alphabetically.
05i9h58vk5	oír de [alguien]	to hear from [somebody]	supporting	topic:enmap-from-1	Subtopic split (size rule): en:from (33) chunked alphabetically.
bqha0lt3ra	partir de [algo]	to start from [something]	reference	topic:enmap-from-1	Subtopic split (size rule): en:from (33) chunked alphabetically.
cje0h2p81t	pedir [algo] a [alguien] formalmente	to request [something] from [somebody]	reference	topic:enmap-from-1	Subtopic split (size rule): en:from (33) chunked alphabetically.
0h2i95gmp3	pedir [algo] a [un negocio]	to order [something] from [a business]	reference	topic:enmap-from-1	Subtopic split (size rule): en:from (33) chunked alphabetically.
af25juocs7	pedirle cuentas a [alguien]	to demand an explanation from [somebody]	reference	topic:enmap-from-1	Subtopic split (size rule): en:from (33) chunked alphabetically.
srjl4vz5st	pedirle prestado [algo] a [alguien]	to borrow [something] from [somebody]	supporting	topic:enmap-from-2	Subtopic split (size rule): en:from (33) chunked alphabetically.
m5t33xosbe	quitar [algo] de [un lugar]	to remove [something] from [a place]	supporting	topic:enmap-from-2	Subtopic split (size rule): en:from (33) chunked alphabetically.
1wsmg2vcda	quitarle la concentración a [alguien]	to keep [somebody] from concentrating	reference	topic:enmap-from-2|topic:enmap-keep-1	Subtopic split (size rule): en:from (33) chunked alphabetically.
61rt52kj37	robarle [algo] a [alguien]	to steal [something] from [somebody]	supporting	topic:enmap-from-2	Subtopic split (size rule): en:from (33) chunked alphabetically.
32xfxi2fjv	saber de [alguien]	to hear from [somebody]	reference	topic:enmap-from-2	Subtopic split (size rule): en:from (33) chunked alphabetically.
qcpsrdimh2	sacar [algo] de [un lugar]	to remove [something] from [a place]	supporting	topic:enmap-from-2	Subtopic split (size rule): en:from (33) chunked alphabetically.
2z3yhpg9ve	ser de [un lugar]	to be from [a place]	core	topic:enmap-from-2|topic:enmap-be-4	Subtopic split (size rule): en:from (33) chunked alphabetically.
ht2nxiu107	somos de [un lugar]	we are from [a place]	core	topic:enmap-from-2	Subtopic split (size rule): en:from (33) chunked alphabetically.
w8b4nwsykp	son de [un lugar]	they are from [a place]	core	topic:enmap-from-2	Subtopic split (size rule): en:from (33) chunked alphabetically.
iy31grrg95	soy de [un lugar]	I am from [a place]	core	topic:enmap-from-2	Subtopic split (size rule): en:from (33) chunked alphabetically.
57q3yd0rpd	trabajar desde casa	to work from home	reference	topic:enmap-from-2	Subtopic split (size rule): en:from (33) chunked alphabetically.
nrtrolt1b0	traer [algo] de [un lugar]	to bring [something] from [a place]	supporting	topic:enmap-from-2	Subtopic split (size rule): en:from (33) chunked alphabetically.
fhw00gyy28	venir de [un lugar de origen]	to be from [a place]	core	topic:enmap-from-2|topic:enmap-be-5	Subtopic split (size rule): en:from (33) chunked alphabetically.
6ateoz7xed	venir de [un lugar]	to come from [a place]	supporting	topic:enmap-from-2|topic:enmap-come-2	Subtopic split (size rule): en:from (33) chunked alphabetically.
8hhxabswez	¿[haces algo]?	do you [do something]?	core	topic:enmap-you-1	Subtopic split (size rule): en:you (36) chunked alphabetically.
m2op0ycc10	¿[harás algo]?	will you [do something]?	core	topic:enmap-you-1	Subtopic split (size rule): en:you (36) chunked alphabetically.
qoxz39dr3t	¿[harías algo]?	would you [do something]?	core	topic:enmap-you-1	Subtopic split (size rule): en:you (36) chunked alphabetically.
dtlxfmo16j	¿deberías [hacer algo]?	should you [do something]?	supporting	topic:enmap-you-1	Subtopic split (size rule): en:you (36) chunked alphabetically.
78zjjk2mwo	¿debes [hacer algo]?	must you [do something]?	reference	topic:enmap-you-1	Subtopic split (size rule): en:you (36) chunked alphabetically.
v7y40xtgb3	¿has [hecho algo]?	have you [done something]?	core	topic:enmap-you-1	Subtopic split (size rule): en:you (36) chunked alphabetically.
s1qoakwebg	¿lo haces?	do you do it?	supporting	topic:enmap-you-1	Subtopic split (size rule): en:you (36) chunked alphabetically.
zgny1ugayh	¿Podrías [hacer algo]?	Could you [do something]?	core	topic:enmap-you-1	Subtopic split (size rule): en:you (36) chunked alphabetically.
r30tfgius4	¿puedes [hacer algo]?	can you [do something]?	core	topic:enmap-you-1	Subtopic split (size rule): en:you (36) chunked alphabetically.
43z1s233ya	¿Puedes [hacer algo]? (capacidad)	Can you [do something]?	core	topic:enmap-you-1	Subtopic split (size rule): en:you (36) chunked alphabetically.
7hwvhzgxxt	¿Puedes [hacer algo]? (petición)	Can you [do something]?	supporting	topic:enmap-you-1	Subtopic split (size rule): en:you (36) chunked alphabetically.
8aej7jfu2y	¿tienes que [hacer algo]?	do you have to [do something]?	core	topic:enmap-you-1	Subtopic split (size rule): en:you (36) chunked alphabetically.
4pgifzt26u	hay que [hacer algo]	you have to [do something]	supporting	topic:enmap-you-2	Subtopic split (size rule): en:you (36) chunked alphabetically.
8kfu71csir	la	you	supporting	topic:enmap-you-2	Subtopic split (size rule): en:you (36) chunked alphabetically.
d2156w0qop	las	you	supporting	topic:enmap-you-2	Subtopic split (size rule): en:you (36) chunked alphabetically.
mty4hevjmw	le (a usted)	to you	supporting	topic:enmap-you-2	Subtopic split (size rule): en:you (36) chunked alphabetically.
4nnw28nja8	les	to you	supporting	topic:enmap-you-2	Subtopic split (size rule): en:you (36) chunked alphabetically.
a29elmu22c	lo	you	supporting	topic:enmap-you-2	Subtopic split (size rule): en:you (36) chunked alphabetically.
kz7ntpcrhd	los	you	supporting	topic:enmap-you-2	Subtopic split (size rule): en:you (36) chunked alphabetically.
afcxrbizh3	que tú [hagas algo]	you to [do something]	core	topic:enmap-you-2	Subtopic split (size rule): en:you (36) chunked alphabetically.
a1dht71g4o	te	to you	core	topic:enmap-you-2	Subtopic split (size rule): en:you (36) chunked alphabetically.
5ajqekseb3	te	you	core	topic:enmap-you-2	Subtopic split (size rule): en:you (36) chunked alphabetically.
608c3yq7i6	tú	you	core	topic:enmap-you-2	Subtopic split (size rule): en:you (36) chunked alphabetically.
d6oilpcif8	usted	you	supporting	topic:enmap-you-2	Subtopic split (size rule): en:you (36) chunked alphabetically.
em3gcm8fcl	ustedes	you	supporting	topic:enmap-you-2	Subtopic split (size rule): en:you (36) chunked alphabetically.
9rd5kxnrcp	ya verás	you will see	reference	topic:enmap-you-2	Subtopic split (size rule): en:you (36) chunked alphabetically.
2qn9jrryai	[dejar] [algo] claro	[to make] [something] clear	reference	topic:enmap-make-1	Subtopic split (size rule): en:make (32) chunked alphabetically.
bilb51sumb	[dejar] a [alguien] [en un estado]	[to make] [somebody] [an adjective]	reference	topic:enmap-make-1	Subtopic split (size rule): en:make (32) chunked alphabetically.
gwnpt7pmq9	asegurarse de que [algo]	to make sure [something]	reference	topic:enmap-make-1	Subtopic split (size rule): en:make (32) chunked alphabetically.
e8nzmbgdqf	caer bien	to make a good impression	reference	topic:enmap-make-1	Subtopic split (size rule): en:make (32) chunked alphabetically.
l6c2h7kj9j	darle hambre a [alguien]	to make [somebody] hungry	reference	topic:enmap-make-1	Subtopic split (size rule): en:make (32) chunked alphabetically.
ie6c5rc7ri	darle risa a [alguien]	to make [somebody] laugh	reference	topic:enmap-make-1	Subtopic split (size rule): en:make (32) chunked alphabetically.
b1tjm939pm	darle sed a [alguien]	to make [somebody] thirsty	reference	topic:enmap-make-1	Subtopic split (size rule): en:make (32) chunked alphabetically.
47jjg9x6gu	darle sueño a [alguien]	to make [somebody] sleepy	reference	topic:enmap-make-1	Subtopic split (size rule): en:make (32) chunked alphabetically.
g0guw4apm0	darse a conocer	to make oneself known	reference	topic:enmap-make-1	Subtopic split (size rule): en:make (32) chunked alphabetically.
53ak6stp8u	ganarse la vida	to make a living	reference	topic:enmap-make-1	Subtopic split (size rule): en:make (32) chunked alphabetically.
cycrgcf78l	hacer [adjetivo] a [alguien]	to make [somebody] [adjective]	supporting	topic:enmap-make-1	Subtopic split (size rule): en:make (32) chunked alphabetically.
m9dfm9pbq2	hacer [algo creado o preparado]	to make [something]	core	topic:enmap-make-1	Subtopic split (size rule): en:make (32) chunked alphabetically.
n9rfhc3fi7	hacer ==> haciendo	to make ==> making	reference	topic:enmap-make-1	Subtopic split (size rule): en:make (32) chunked alphabetically.
vuhn72n7gd	hacer amigos	to make friends	supporting	topic:enmap-make-1	Subtopic split (size rule): en:make (32) chunked alphabetically.
yg6xltanht	hacer lucir [adjetivo] a [algo]	to make [something] look [adjective]	reference	topic:enmap-make-1	Subtopic split (size rule): en:make (32) chunked alphabetically.
48tg24dwk2	hacer que [alguien] [haga algo]	to make [somebody] [do something]	supporting	topic:enmap-make-1	Subtopic split (size rule): en:make (32) chunked alphabetically.
mu7bumpulx	hacer un esfuerzo	to make an effort	reference	topic:enmap-make-2	Subtopic split (size rule): en:make (32) chunked alphabetically.
1vzkonyjt2	hacer una llamada	to make a call	reference	topic:enmap-make-2	Subtopic split (size rule): en:make (32) chunked alphabetically.
wlsh5f0c4u	hacer una reserva	to make a reservation	supporting	topic:enmap-make-2	Subtopic split (size rule): en:make (32) chunked alphabetically.
hm7k1xxksu	hacer una sugerencia	to make a suggestion	reference	topic:enmap-make-2	Subtopic split (size rule): en:make (32) chunked alphabetically.
thr50jalym	hacerle creer [algo] a [alguien]	to make [somebody] believe [something]	reference	topic:enmap-make-2	Subtopic split (size rule): en:make (32) chunked alphabetically.
lmc3z7ehft	[pasado] make	made	supporting	topic:enmap-make-2	Subtopic split (size rule): en:make (32) chunked alphabetically.
pekpg8dy8k	[participio] make	made	supporting	topic:enmap-make-2	Subtopic split (size rule): en:make (32) chunked alphabetically.
977cxas6wl	marcar la diferencia	to make a difference	reference	topic:enmap-make-2	Subtopic split (size rule): en:make (32) chunked alphabetically.
3f2ohlydl9	obligar a [alguien] a [hacer algo]	to make [somebody] [do something]	supporting	topic:enmap-make-2	Subtopic split (size rule): en:make (32) chunked alphabetically.
3zg7nxwm6d	obtener [ganancia]	to make [a profit]	reference	topic:enmap-make-2	Subtopic split (size rule): en:make (32) chunked alphabetically.
439x0r7xja	pedir un deseo	to make a wish	reference	topic:enmap-make-2	Subtopic split (size rule): en:make (32) chunked alphabetically.
p80swouyaq	tener sentido	to make sense	supporting	topic:enmap-make-2	Subtopic split (size rule): en:make (32) chunked alphabetically.
gb1zklln37	tomar una decisión	to make a decision	supporting	topic:enmap-make-2	Subtopic split (size rule): en:make (32) chunked alphabetically.
7hhmppjsyi	beber [algo]	to have [a beverage]	reference	topic:enmap-have-1	Subtopic split (size rule): en:have (38) chunked alphabetically.
rihgpnyn52	comer [algo]	to have [something]	supporting	topic:enmap-have-1	Subtopic split (size rule): en:have (38) chunked alphabetically.
0ubq3z55bc	contar con [algo]	to have [something]	reference	topic:enmap-have-1	Subtopic split (size rule): en:have (38) chunked alphabetically.
ayed7fqlj3	deber haber [hecho algo]	must have [done something]	reference	topic:enmap-have-1	Subtopic split (size rule): en:have (38) chunked alphabetically.
eemg8n6ho5	debí haber [hecho algo]	should have [done something]	reference	topic:enmap-have-1	Subtopic split (size rule): en:have (38) chunked alphabetically.
rvo8g5gv94	haber [hecho algo]	to have [done something]	core	topic:enmap-have-1	Subtopic split (size rule): en:have (38) chunked alphabetically.
qeak5scchp	[alguien] habrá [hecho algo]	[somebody] will have [done something]	reference	topic:enmap-have-1	Subtopic split (size rule): en:have (38) chunked alphabetically.
wunmuiqosj	[alguien] habría [hecho algo]	[somebody] would have [done something]	reference	topic:enmap-have-1	Subtopic split (size rule): en:have (38) chunked alphabetically.
3qq5q3d71a	habría podido [hacer algo]	could have [done something]	reference	topic:enmap-have-1	Subtopic split (size rule): en:have (38) chunked alphabetically.
b9jbbszwof	hacer [hacer algo]	to have [something] [done]	supporting	topic:enmap-have-1	Subtopic split (size rule): en:have (38) chunked alphabetically.
16bgwsuy7m	hacer que [alguien] [haga algo]	to have [somebody] [do something]	reference	topic:enmap-have-1	Subtopic split (size rule): en:have (38) chunked alphabetically.
uwzxgiv5od	han [hecho algo]	they have [done something]	supporting	topic:enmap-have-1	Subtopic split (size rule): en:have (38) chunked alphabetically.
xffe82pdpg	has [hecho algo]	you have [done something]	supporting	topic:enmap-have-1	Subtopic split (size rule): en:have (38) chunked alphabetically.
dyfhan9nwo	[pasado] have	had	supporting	topic:enmap-have-1	Subtopic split (size rule): en:have (38) chunked alphabetically.
rv6qhto601	[participio] have	had	supporting	topic:enmap-have-1	Subtopic split (size rule): en:have (38) chunked alphabetically.
b6v2qryb2d	he [hecho algo]	I have [done something]	supporting	topic:enmap-have-1	Subtopic split (size rule): en:have (38) chunked alphabetically.
tei7cfo1k2	hemos [hecho algo]	we have [done something]	supporting	topic:enmap-have-1	Subtopic split (size rule): en:have (38) chunked alphabetically.
8kpshof0nv	mandar [hacer algo]	to have [something done]	reference	topic:enmap-have-1	Subtopic split (size rule): en:have (38) chunked alphabetically.
id38r2eakh	no haber [hecho algo]	not to have [done something]	supporting	topic:enmap-have-2	Subtopic split (size rule): en:have (38) chunked alphabetically.
mwqsbens4h	podría haber [hecho algo]	might have [done something]	reference	topic:enmap-have-2	Subtopic split (size rule): en:have (38) chunked alphabetically.
qzm188rl47	podría haber [hecho algo] (especulación)	could have [done something]	reference	topic:enmap-have-2	Subtopic split (size rule): en:have (38) chunked alphabetically.
jy4xtdl0bz	puede que haya [hecho algo]	could have [done something]	reference	topic:enmap-have-2	Subtopic split (size rule): en:have (38) chunked alphabetically.
qvrmxadrwa	puede que haya [hecho algo]	may have [done something]	reference	topic:enmap-have-2	Subtopic split (size rule): en:have (38) chunked alphabetically.
nr6s42kdwg	puede que haya [hecho algo]	might have [done something]	reference	topic:enmap-have-2	Subtopic split (size rule): en:have (38) chunked alphabetically.
xisncbwr6s	tenemos [algo]	we have [something]	core	topic:enmap-have-2	Subtopic split (size rule): en:have (38) chunked alphabetically.
ny8jxz2s41	tenemos que [hacer algo]	we have to [do something]	core	topic:enmap-have-2	Subtopic split (size rule): en:have (38) chunked alphabetically.
wwwc8jugby	tener [algo]	to have [something]	core	topic:enmap-have-2	Subtopic split (size rule): en:have (38) chunked alphabetically.
5qr32psjlf	tener [algo] puesto	to have [something] on	reference	topic:enmap-have-2	Subtopic split (size rule): en:have (38) chunked alphabetically.
swig6imniy	tener dolor de [algo]	to have an ache in [something]	reference	topic:enmap-have-2	Subtopic split (size rule): en:have (38) chunked alphabetically.
p1ga7e8bhn	tengo [algo]	I have [something]	core	topic:enmap-have-2	Subtopic split (size rule): en:have (38) chunked alphabetically.
rkkkgau83q	tienen [algo]	they have [something]	core	topic:enmap-have-2	Subtopic split (size rule): en:have (38) chunked alphabetically.
x9hss06n9a	tienen que [hacer algo]	they have to [do something]	core	topic:enmap-have-2	Subtopic split (size rule): en:have (38) chunked alphabetically.
mwpgnk4gb9	tienes [algo]	you have [something]	core	topic:enmap-have-3	Subtopic split (size rule): en:have (38) chunked alphabetically.
kjllit1qgt	tienes que [hacer algo]	you have to [do something]	core	topic:enmap-have-3	Subtopic split (size rule): en:have (38) chunked alphabetically.
gb7y8wpma4	activar [una alarma]	to set off [an alarm]	reference	topic:enmap-set-1	Subtopic split (size rule): en:set (29) chunked alphabetically.
4tbjc26h9n	anotar [algo]	to set [something] down	reference	topic:enmap-set-1	Subtopic split (size rule): en:set (29) chunked alphabetically.
jjnf1ruwjg	cuajar	to set	reference	topic:enmap-set-1	Subtopic split (size rule): en:set (29) chunked alphabetically.
txq22yyto3	distinguir a [alguien o algo]	to set [somebody or something] apart	reference	topic:enmap-set-1	Subtopic split (size rule): en:set (29) chunked alphabetically.
roc4s41s10	echarse a andar	to set off	reference	topic:enmap-set-1	Subtopic split (size rule): en:set (29) chunked alphabetically.
xhqmbm1djm	emprender un viaje	to set out	reference	topic:enmap-set-1	Subtopic split (size rule): en:set (29) chunked alphabetically.
usqslj38q0	establecer [una regla o límite]	to set [a rule or limit]	reference	topic:enmap-set-1	Subtopic split (size rule): en:set (29) chunked alphabetically.
bz9j3yr4at	estar ambientado en [un lugar o época]	to be set in [a place or time]	reference	topic:enmap-set-1|topic:enmap-be-2	Subtopic split (size rule): en:set (29) chunked alphabetically.
0cqp4imsbo	exponer [una idea]	to set out [an idea]	reference	topic:enmap-set-1	Subtopic split (size rule): en:set (29) chunked alphabetically.
vuz1ghifyr	fijarse una meta	to set a goal	reference	topic:enmap-set-1	Subtopic split (size rule): en:set (29) chunked alphabetically.
xt2fc8yvaz	fundar [una organización]	to set up [an organization]	reference	topic:enmap-set-1	Subtopic split (size rule): en:set (29) chunked alphabetically.
cuvs1emqwk	instalar [algo]	to set [something] up	reference	topic:enmap-set-1	Subtopic split (size rule): en:set (29) chunked alphabetically.
yn8vqkd99o	instalarse [una condición]	to set in	reference	topic:enmap-set-1	Subtopic split (size rule): en:set (29) chunked alphabetically.
3g6io2gum3	liberar a [alguien]	to set [somebody] free	reference	topic:enmap-set-1	Subtopic split (size rule): en:set (29) chunked alphabetically.
8omp49yd4o	organizar [una reunión]	to set up [a meeting]	reference	topic:enmap-set-1	Subtopic split (size rule): en:set (29) chunked alphabetically.
vk46q1bynf	poner [algo] [en algún lugar]	to set [something] [somewhere]	reference	topic:enmap-set-1	Subtopic split (size rule): en:set (29) chunked alphabetically.
a2i51axsd5	poner [algo] en marcha	to set [something] in motion	reference	topic:enmap-set-1	Subtopic split (size rule): en:set (29) chunked alphabetically.
xy9ovfmmwc	poner la mesa	to set the table	reference	topic:enmap-set-1	Subtopic split (size rule): en:set (29) chunked alphabetically.
amm42otpmw	ponerse a [hacer algo]	to set about [doing something]	reference	topic:enmap-set-2	Subtopic split (size rule): en:set (29) chunked alphabetically.
jgjoy3pa91	reservar [algo]	to set [something] aside	reference	topic:enmap-set-2	Subtopic split (size rule): en:set (29) chunked alphabetically.
r6x05dewcz	retrasar [algo]	to set [something] back	reference	topic:enmap-set-2	Subtopic split (size rule): en:set (29) chunked alphabetically.
468rurvzg1	salir de viaje	to set off	reference	topic:enmap-set-2	Subtopic split (size rule): en:set (29) chunked alphabetically.
ed3n0mj0i5	sentar un precedente	to set a precedent	reference	topic:enmap-set-2	Subtopic split (size rule): en:set (29) chunked alphabetically.
8iwzc12hm2	[pasado] set	set	supporting	topic:enmap-set-2	Subtopic split (size rule): en:set (29) chunked alphabetically.
9lle2cpep8	[participio] set	set	supporting	topic:enmap-set-2	Subtopic split (size rule): en:set (29) chunked alphabetically.
gsjekkk0qa	tenderle una trampa a [alguien]	to set [somebody] up	reference	topic:enmap-set-2	Subtopic split (size rule): en:set (29) chunked alphabetically.
eej8koy7w6	adentro ==> hacia adentro	in ==> inward	reference	topic:enmap-in-1	Subtopic split (size rule): en:in (28) chunked alphabetically.
2fcirquoxj	adentro ==> hacia adentro	in ==> inwards	reference	topic:enmap-in-1	Subtopic split (size rule): en:in (28) chunked alphabetically.
seq1qsjokh	de hecho	in fact	reference	topic:enmap-in-1	Subtopic split (size rule): en:in (28) chunked alphabetically.
20iwl9s0r5	dentro de [un tiempo]	in [an amount of time]	reference	topic:enmap-in-1	Subtopic split (size rule): en:in (28) chunked alphabetically.
0btyqoea32	dentro de un lugar	in a place	reference	topic:enmap-in-1	Subtopic split (size rule): en:in (28) chunked alphabetically.
ri2h5v0twz	en Bogotá	in Bogotá	reference	topic:enmap-in-1	Subtopic split (size rule): en:in (28) chunked alphabetically.
ih376hqi1w	en Colombia	in Colombia	reference	topic:enmap-in-1	Subtopic split (size rule): en:in (28) chunked alphabetically.
9nmv4gc74l	en el apartamento	in the apartment	reference	topic:enmap-in-1	Subtopic split (size rule): en:in (28) chunked alphabetically.
vlo817grkx	en el baño	in the bathroom	reference	topic:enmap-in-1	Subtopic split (size rule): en:in (28) chunked alphabetically.
espvuux5lh	en el barrio	in the neighborhood	reference	topic:enmap-in-1	Subtopic split (size rule): en:in (28) chunked alphabetically.
1pnnl3ovji	en el bolso	in the bag	reference	topic:enmap-in-1	Subtopic split (size rule): en:in (28) chunked alphabetically.
nchk5z9l4b	en el carro	in the car	reference	topic:enmap-in-1	Subtopic split (size rule): en:in (28) chunked alphabetically.
kxv8nlgxdq	en el país	in the country	reference	topic:enmap-in-1	Subtopic split (size rule): en:in (28) chunked alphabetically.
w7xxmnwso7	en la ciudad	in the city	reference	topic:enmap-in-1	Subtopic split (size rule): en:in (28) chunked alphabetically.
p33186aae6	en mayúsculas	in uppercase	reference	topic:enmap-in-1	Subtopic split (size rule): en:in (28) chunked alphabetically.
7nzdyaq2x1	en medio de [algo]	in the middle of [something]	reference	topic:enmap-in-1	Subtopic split (size rule): en:in (28) chunked alphabetically.
hi5t96rg3q	en minúsculas	in lowercase	reference	topic:enmap-in-1	Subtopic split (size rule): en:in (28) chunked alphabetically.
tc6rh28m6b	en Rosales	in Rosales	reference	topic:enmap-in-2	Subtopic split (size rule): en:in (28) chunked alphabetically.
iwv1m9ssf3	en todo caso	in any case	reference	topic:enmap-in-2	Subtopic split (size rule): en:in (28) chunked alphabetically.
6mwi5bt3ax	es decir	in other words	reference	topic:enmap-in-2	Subtopic split (size rule): en:in (28) chunked alphabetically.
0gn1cne1me	mandar (tener autoridad)	to be in charge	reference	topic:enmap-in-2|topic:enmap-be-3	Subtopic split (size rule): en:in (28) chunked alphabetically.
tgdih9ksry	por si [ocurre algo]	in case [something happens]	reference	topic:enmap-in-2	Subtopic split (size rule): en:in (28) chunked alphabetically.
n6hfkj5rh5	tener afán	to be in a rush	reference	topic:enmap-in-2|topic:enmap-be-5	Subtopic split (size rule): en:in (28) chunked alphabetically.
hi6i8bgabk	tener prisa	to be in a hurry	supporting	topic:enmap-in-2|topic:enmap-be-5	Subtopic split (size rule): en:in (28) chunked alphabetically.
6r69ejgtqp	ceder	to give in	reference	topic:enmap-give-1	Subtopic split (size rule): en:give (28) chunked alphabetically.
b11jnq9i7f	dar permiso	to give permission	supporting	topic:enmap-give-1	Subtopic split (size rule): en:give (28) chunked alphabetically.
2qfu76z9es	darle [algo] a [alguien]	to give [somebody] [something]	core	topic:enmap-give-1	Subtopic split (size rule): en:give (28) chunked alphabetically.
24de35h6nw	darse por vencido	to give up	supporting	topic:enmap-give-1	Subtopic split (size rule): en:give (28) chunked alphabetically.
9bd5m6jcab	dejar [un proyecto o actividad]	to give up [a project or activity]	reference	topic:enmap-give-1	Subtopic split (size rule): en:give (28) chunked alphabetically.
ktumc7kivz	dejar de funcionar	to give out	reference	topic:enmap-give-1	Subtopic split (size rule): en:give (28) chunked alphabetically.
keipu2amzu	despedir [algo]	to give off [something]	reference	topic:enmap-give-1	Subtopic split (size rule): en:give (28) chunked alphabetically.
adhp7nfuvc	devolver [algo]	to give [something] back	supporting	topic:enmap-give-1	Subtopic split (size rule): en:give (28) chunked alphabetically.
9bhhgek1hg	echar [humo u olor]	to give off [smoke or a smell]	reference	topic:enmap-give-1	Subtopic split (size rule): en:give (28) chunked alphabetically.
6o8pv6rvtp	echarle una mano a [alguien]	to give [somebody] a hand	reference	topic:enmap-give-1	Subtopic split (size rule): en:give (28) chunked alphabetically.
ngfffkccp9	emitir [algo]	to give off [something]	reference	topic:enmap-give-2	Subtopic split (size rule): en:give (28) chunked alphabetically.
iblqv731gx	[participio] give	given	supporting	topic:enmap-give-2	Subtopic split (size rule): en:give (28) chunked alphabetically.
62spkcg55w	[pasado] give	gave	supporting	topic:enmap-give-2	Subtopic split (size rule): en:give (28) chunked alphabetically.
9ydqb8w1ak	llevar a [alguien] en carro	to give [somebody] a ride	reference	topic:enmap-give-2	Subtopic split (size rule): en:give (28) chunked alphabetically.
bby0sovznk	pegarle [una enfermedad] a [alguien]	to give [somebody] an illness	reference	topic:enmap-give-2	Subtopic split (size rule): en:give (28) chunked alphabetically.
qpudxn2cb2	regalar [algo]	to give [something] away	supporting	topic:enmap-give-2	Subtopic split (size rule): en:give (28) chunked alphabetically.
mdje6aroac	regalarle [algo] a [alguien]	to give [somebody] [something] as a gift	reference	topic:enmap-give-2	Subtopic split (size rule): en:give (28) chunked alphabetically.
hqusqt34k6	rendirse	to give up	reference	topic:enmap-give-2	Subtopic split (size rule): en:give (28) chunked alphabetically.
8k4ud8dmsv	repartir [algo]	to give [something] out	reference	topic:enmap-give-2	Subtopic split (size rule): en:give (28) chunked alphabetically.
sxzbibq8jq	revelar [un secreto]	to give [a secret] away	reference	topic:enmap-give-2	Subtopic split (size rule): en:give (28) chunked alphabetically.
599q8uglac	a pesar de que [ocurrió algo]	despite the fact that [something happened]	reference	topic:enmap-that-1	Subtopic split (size rule): en:that (28) chunked alphabetically.
vx1f4gj9vz	ahí fue cuando [algo]	that was when [something]	reference	topic:enmap-that-1	Subtopic split (size rule): en:that (28) chunked alphabetically.
a3h0h1dazt	aquel	that	reference	topic:enmap-that-1	Subtopic split (size rule): en:that (28) chunked alphabetically.
u7kefn0q1x	aquel	that one	supporting	topic:enmap-that-1	Subtopic split (size rule): en:that (28) chunked alphabetically.
19gmw1bjnf	aquella	that	reference	topic:enmap-that-1	Subtopic split (size rule): en:that (28) chunked alphabetically.
apj21ii1kp	aquella	that one	supporting	topic:enmap-that-1	Subtopic split (size rule): en:that (28) chunked alphabetically.
4w9jfbdl93	aquello	that	reference	topic:enmap-that-1	Subtopic split (size rule): en:that (28) chunked alphabetically.
3c8uaa6qwh	así [ocurre algo]	that is how [something happens]	reference	topic:enmap-that-1	Subtopic split (size rule): en:that (28) chunked alphabetically.
pjr9m3okp5	contarle a [alguien] que [algo sucedió]	to tell [somebody] that [something happened]	reference	topic:enmap-that-1	Subtopic split (size rule): en:that (28) chunked alphabetically.
wd6uku1ojd	creer que [algo es cierto]	to think that [something is true]	core	topic:enmap-that-1	Subtopic split (size rule): en:that (28) chunked alphabetically.
soeo5exlsi	dado que [algo sucede]	given that [something happens]	reference	topic:enmap-that-1	Subtopic split (size rule): en:that (28) chunked alphabetically.
wv4hem1a62	darse cuenta de que [algo sucede]	to be able to tell that [something happens]	reference	topic:enmap-that-1	Subtopic split (size rule): en:that (28) chunked alphabetically.
kx72k02t3e	de ahí viene [algo]	that is where [something] comes from	reference	topic:enmap-that-1	Subtopic split (size rule): en:that (28) chunked alphabetically.
gbsx4jxjdu	decir que [algo sucede]	to say that [something happens]	core	topic:enmap-that-1	Subtopic split (size rule): en:that (28) chunked alphabetically.
1x6wkh4a4p	dicho esto	that said	reference	topic:enmap-that-1	Subtopic split (size rule): en:that (28) chunked alphabetically.
uy518ih9t7	es decir	that is	reference	topic:enmap-that-1	Subtopic split (size rule): en:that (28) chunked alphabetically.
19ebbd6l4z	esa	that	core	topic:enmap-that-1	Subtopic split (size rule): en:that (28) chunked alphabetically.
a145a3y0wu	esa	that one	supporting	topic:enmap-that-1	Subtopic split (size rule): en:that (28) chunked alphabetically.
dt2cwfu58n	ese	that	core	topic:enmap-that-2	Subtopic split (size rule): en:that (28) chunked alphabetically.
ytar943kdr	ese	that one	supporting	topic:enmap-that-2	Subtopic split (size rule): en:that (28) chunked alphabetically.
tvm9cf1n1l	eso	that	core	topic:enmap-that-2	Subtopic split (size rule): en:that (28) chunked alphabetically.
wyjcbhrfe4	establecer que [ocurrió algo]	to provide that [something happened]	reference	topic:enmap-that-2	Subtopic split (size rule): en:that (28) chunked alphabetically.
57a72p21zi	no tan [adjetivo]	not that [adjective]	supporting	topic:enmap-that-2	Subtopic split (size rule): en:that (28) chunked alphabetically.
21t654c1rv	no tanto [sustantivo no contable]	not that much [uncountable noun]	reference	topic:enmap-that-2	Subtopic split (size rule): en:that (28) chunked alphabetically.
z7nw8m8war	no tantos [sustantivos contables]	not that many [countable nouns]	reference	topic:enmap-that-2	Subtopic split (size rule): en:that (28) chunked alphabetically.
9qaylitnlb	que (cláusula)	that	supporting	topic:enmap-that-2	Subtopic split (size rule): en:that (28) chunked alphabetically.
waj2eefdj7	que (relativo, cosa)	that	core	topic:enmap-that-2	Subtopic split (size rule): en:that (28) chunked alphabetically.
5gd7ah01d5	que (relativo, persona)	that	core	topic:enmap-that-2	Subtopic split (size rule): en:that (28) chunked alphabetically.
j6rsrji1gk	[quedarse] callado	[to keep] quiet	reference	topic:enmap-keep-1	Subtopic split (size rule): en:keep (26) chunked alphabetically.
0jgdkhwoy1	callar [algo]	to keep [something] quiet	reference	topic:enmap-keep-1	Subtopic split (size rule): en:keep (26) chunked alphabetically.
3t68o5qzoy	guardar [algo]	to keep [something]	reference	topic:enmap-keep-1	Subtopic split (size rule): en:keep (26) chunked alphabetically.
yqer3iro9h	guardar un secreto	to keep a secret	reference	topic:enmap-keep-1	Subtopic split (size rule): en:keep (26) chunked alphabetically.
96jj8crcsn	[pasado] keep	kept	supporting	topic:enmap-keep-1	Subtopic split (size rule): en:keep (26) chunked alphabetically.
rn03b9v8rd	[participio] keep	kept	supporting	topic:enmap-keep-1	Subtopic split (size rule): en:keep (26) chunked alphabetically.
v72o9g7yjw	mantener [algo]	to keep [something]	supporting	topic:enmap-keep-1	Subtopic split (size rule): en:keep (26) chunked alphabetically.
j7s4nn02ph	mantener [algo] bajo	to keep [something] down	reference	topic:enmap-keep-1	Subtopic split (size rule): en:keep (26) chunked alphabetically.
dzzngcl5ri	no dejar de [hacer algo]	to keep [doing something]	reference	topic:enmap-keep-1	Subtopic split (size rule): en:keep (26) chunked alphabetically.
7505bgiyyc	no entrar	to keep out	reference	topic:enmap-keep-1	Subtopic split (size rule): en:keep (26) chunked alphabetically.
9sc3t5iw76	no parar de [hacer algo]	to keep [doing something]	supporting	topic:enmap-keep-1	Subtopic split (size rule): en:keep (26) chunked alphabetically.
kvedge4aey	no pisar [algo]	to keep off [something]	reference	topic:enmap-keep-1	Subtopic split (size rule): en:keep (26) chunked alphabetically.
6fi09q216i	seguir [haciendo algo]	to keep [doing something]	core	topic:enmap-keep-2	Subtopic split (size rule): en:keep (26) chunked alphabetically.
5qdmpxi8us	seguir [haciendo algo]	to keep on [doing something]	reference	topic:enmap-keep-2	Subtopic split (size rule): en:keep (26) chunked alphabetically.
vupb12qdkr	seguir así	to keep it up	reference	topic:enmap-keep-2	Subtopic split (size rule): en:keep (26) chunked alphabetically.
d5m00zj2i4	seguir intentándolo	to keep at it	reference	topic:enmap-keep-2|topic:enmap-at-2	Subtopic split (size rule): en:keep (26) chunked alphabetically.
89g0nxntpb	seguir recto	to keep going straight	supporting	topic:enmap-keep-2	Subtopic split (size rule): en:keep (26) chunked alphabetically.
fs8u8cu63l	tener a [alguien] [haciendo algo]	to keep [somebody] [doing something]	reference	topic:enmap-keep-2	Subtopic split (size rule): en:keep (26) chunked alphabetically.
86v2tii41j	tener en cuenta [algo]	to keep [something] in mind	reference	topic:enmap-keep-2	Subtopic split (size rule): en:keep (26) chunked alphabetically.
isv86hh4tc	a las [hora]	at [time]	supporting	topic:enmap-at-1	Subtopic split (size rule): en:at (25) chunked alphabetically.
rpxowdshx9	a toda costa	at all costs	reference	topic:enmap-at-1	Subtopic split (size rule): en:at (25) chunked alphabetically.
scx4soq3es	desgastar [algo] poco a poco	to eat away at [something]	reference	topic:enmap-at-1	Subtopic split (size rule): en:at (25) chunked alphabetically.
3z3dcdm7iy	en casa	at home	supporting	topic:enmap-at-1	Subtopic split (size rule): en:at (25) chunked alphabetically.
19blsp2ne3	en el aeropuerto	at the airport	reference	topic:enmap-at-1	Subtopic split (size rule): en:at (25) chunked alphabetically.
almn931bqf	en el apartamento	at the apartment	reference	topic:enmap-at-1	Subtopic split (size rule): en:at (25) chunked alphabetically.
xbx1b5duuw	en el evento	at the event	reference	topic:enmap-at-1	Subtopic split (size rule): en:at (25) chunked alphabetically.
ljeh77mbs7	en el parque	at the park	reference	topic:enmap-at-1	Subtopic split (size rule): en:at (25) chunked alphabetically.
zqynuesp7m	en la oficina	at the office	reference	topic:enmap-at-1	Subtopic split (size rule): en:at (25) chunked alphabetically.
hx0to60nd6	en la tienda	at the store	reference	topic:enmap-at-1	Subtopic split (size rule): en:at (25) chunked alphabetically.
h79dh4z5r9	en un lugar	at a place	reference	topic:enmap-at-1	Subtopic split (size rule): en:at (25) chunked alphabetically.
aqt0wb7fmf	irle bien a [alguien] en [algo]	[somebody] does well at [something]	reference	topic:enmap-at-1	Subtopic split (size rule): en:at (25) chunked alphabetically.
kzc0zugsvr	llegar a [un lugar específico]	to arrive at [a specific place]	supporting	topic:enmap-at-1	Subtopic split (size rule): en:at (25) chunked alphabetically.
69nlpxinr8	mirar [algo]	to look at [something]	core	topic:enmap-at-1	Subtopic split (size rule): en:at (25) chunked alphabetically.
uhk2loskh5	parar en [un hotel]	to stay at [a hotel]	reference	topic:enmap-at-1	Subtopic split (size rule): en:at (25) chunked alphabetically.
6l4jfrb95m	parar en [un lugar]	to stop at [a place]	supporting	topic:enmap-at-1	Subtopic split (size rule): en:at (25) chunked alphabetically.
lbk86bzf4t	por la noche	at night	reference	topic:enmap-at-2	Subtopic split (size rule): en:at (25) chunked alphabetically.
ralwup7tfh	ser bueno para [hacer algo]	to be good at [doing something]	supporting	topic:enmap-at-2|topic:enmap-be-4	Subtopic split (size rule): en:at (25) chunked alphabetically.
obznlhzdxe	ser en [un lugar]	to be at [a place]	supporting	topic:enmap-at-2|topic:enmap-be-4	Subtopic split (size rule): en:at (25) chunked alphabetically.
31la252ocl	siquiera [una cantidad]	at least [an amount]	reference	topic:enmap-at-2	Subtopic split (size rule): en:at (25) chunked alphabetically.
j65dvjawel	tener la culpa	to be at fault	reference	topic:enmap-at-2|topic:enmap-be-5	Subtopic split (size rule): en:at (25) chunked alphabetically.
o8yyqw9k2g	trabajar en [un lugar u organización]	to work at [a place or organization]	supporting	topic:enmap-at-2	Subtopic split (size rule): en:at (25) chunked alphabetically.
dhxw09o9vs	¡qué [adjetivo]!	how [adjective]!	supporting	topic:enmap-how-1	Subtopic split (size rule): en:how (23) chunked alphabetically.
ltag03rg5k	¿cómo [hacer algo]?	how do you [do something]?	reference	topic:enmap-how-1	Subtopic split (size rule): en:how (23) chunked alphabetically.
dnm638drfa	¿cómo estar [alguien]?	how is [somebody] feeling?	supporting	topic:enmap-how-1	Subtopic split (size rule): en:how (23) chunked alphabetically.
b4j9ji5u4s	¿Cómo se dice [algo] en inglés?	How do you say [something] in English?	supporting	topic:enmap-how-1	Subtopic split (size rule): en:how (23) chunked alphabetically.
bqohigg3pm	¿cómo va [algo]?	how is [something] going?	reference	topic:enmap-how-1	Subtopic split (size rule): en:how (23) chunked alphabetically.
l0f7fdzag6	¿cuán [adjetivo]?	how [adjective]?	reference	topic:enmap-how-1	Subtopic split (size rule): en:how (23) chunked alphabetically.
r5ljpq5toy	¿cuánto hace que [ocurre algo]?	how long has [something] been happening?	reference	topic:enmap-how-1	Subtopic split (size rule): en:how (23) chunked alphabetically.
px5me164ly	¿cuánto llevas [haciendo algo]?	how long have you been [doing something]?	reference	topic:enmap-how-1	Subtopic split (size rule): en:how (23) chunked alphabetically.
upotfiz0jx	¿Cuánto queda?	How much is left?	supporting	topic:enmap-how-1	Subtopic split (size rule): en:how (23) chunked alphabetically.
fnszz28inq	¿cuánto tiempo [ocurre algo]?	how long [has something been happening]?	reference	topic:enmap-how-1	Subtopic split (size rule): en:how (23) chunked alphabetically.
wjd0q608lr	¿cuánto vale [algo]?	how much does [something] cost?	supporting	topic:enmap-how-1	Subtopic split (size rule): en:how (23) chunked alphabetically.
824fssdui6	¿Qué te parece si [hacemos algo]?	How about [doing something]?	supporting	topic:enmap-how-1	Subtopic split (size rule): en:how (23) chunked alphabetically.
7lxhk2vc3g	cómo	how	core	topic:enmap-how-1	Subtopic split (size rule): en:how (23) chunked alphabetically.
j6x3otw9pi	como quieras	however you want	supporting	topic:enmap-how-1	Subtopic split (size rule): en:how (23) chunked alphabetically.
iina5o4u5x	cuán grande	how big	reference	topic:enmap-how-1	Subtopic split (size rule): en:how (23) chunked alphabetically.
t6r7hdgwhb	cuánta [sustantivo]	how much [noun]	supporting	topic:enmap-how-1	Subtopic split (size rule): en:how (23) chunked alphabetically.
cd0w4nxkj8	cuántas	how many	core	topic:enmap-how-1	Subtopic split (size rule): en:how (23) chunked alphabetically.
ci48dn458g	cuánto	how much	core	topic:enmap-how-2	Subtopic split (size rule): en:how (23) chunked alphabetically.
alantrg9q4	cuánto	how long	supporting	topic:enmap-how-2	Subtopic split (size rule): en:how (23) chunked alphabetically.
jwh08a61ig	cuánto [sustantivo]	how much [noun]	supporting	topic:enmap-how-2	Subtopic split (size rule): en:how (23) chunked alphabetically.
ynlc19lduf	cuántos	how many	core	topic:enmap-how-2	Subtopic split (size rule): en:how (23) chunked alphabetically.
y1roq1cyk2	qué (exclamativo)	how	supporting	topic:enmap-how-2	Subtopic split (size rule): en:how (23) chunked alphabetically.
b1uohuf8wn	¡qué [adjetivo] [sustantivo]!	what a [adjective] [noun]!	supporting	topic:enmap-what-1	Subtopic split (size rule): en:what (21) chunked alphabetically.
erzbzs0gzc	¿a qué hora [ocurre algo]?	what time [does something happen]?	reference	topic:enmap-what-1	Subtopic split (size rule): en:what (21) chunked alphabetically.
8uhr5m0dkf	¿cómo se llama [alguien]?	what is [somebody's] name?	supporting	topic:enmap-what-1	Subtopic split (size rule): en:what (21) chunked alphabetically.
17mqfzfrq1	¿cuál es [algo]?	what is [something]?	reference	topic:enmap-what-1	Subtopic split (size rule): en:what (21) chunked alphabetically.
n19h8scdqx	¿de qué [ocurre algo]?	what [does something happen] about?	reference	topic:enmap-what-1	Subtopic split (size rule): en:what (21) chunked alphabetically.
m83xfkgld1	¿Qué hay de nuevo?	What is new?	reference	topic:enmap-what-1	Subtopic split (size rule): en:what (21) chunked alphabetically.
ojgir22avr	¿qué hora es?	what time is it?	supporting	topic:enmap-what-1	Subtopic split (size rule): en:what (21) chunked alphabetically.
d8bx694ejf	¿Qué te parece si [hacemos algo]?	What if [we do something]?	reference	topic:enmap-what-1	Subtopic split (size rule): en:what (21) chunked alphabetically.
c4sr1lkkhf	¿Qué te pasa?	What's wrong?	supporting	topic:enmap-what-1	Subtopic split (size rule): en:what (21) chunked alphabetically.
g585r84tc1	cuál	what	core	topic:enmap-what-1	Subtopic split (size rule): en:what (21) chunked alphabetically.
jyx1d6zq9f	lo que	what	supporting	topic:enmap-what-1	Subtopic split (size rule): en:what (21) chunked alphabetically.
7xvappewlv	lo que quieras	whatever you want	supporting	topic:enmap-what-1	Subtopic split (size rule): en:what (21) chunked alphabetically.
u0q10xrgdu	lo que viene	what comes next	reference	topic:enmap-what-1	Subtopic split (size rule): en:what (21) chunked alphabetically.
omyzn9d5h2	para qué	what for	supporting	topic:enmap-what-1	Subtopic split (size rule): en:what (21) chunked alphabetically.
2f7mb9mt9a	qué (exclamativo)	what	supporting	topic:enmap-what-1	Subtopic split (size rule): en:what (21) chunked alphabetically.
hnd0boisxm	qué (interrogativo)	what	core	topic:enmap-what-2	Subtopic split (size rule): en:what (21) chunked alphabetically.
65xbrzcund	qué [sustantivo]	what [noun]	core	topic:enmap-what-2	Subtopic split (size rule): en:what (21) chunked alphabetically.
cwuhjz9zei	qué [sustantivo] (exclamativo)	what a [noun]	supporting	topic:enmap-what-2	Subtopic split (size rule): en:what (21) chunked alphabetically.
46elg5u15i	[ser] [adjetivo]	[to be] [adjective]	core	topic:enmap-be-1	Subtopic split (size rule): en:be (82) chunked alphabetically.
p24fut3n4q	acabarse [un evento]	to be over	supporting	topic:enmap-be-1	Subtopic split (size rule): en:be (82) chunked alphabetically.
hjs9ep6fcx	andar [haciendo algo]	to be [doing something]	reference	topic:enmap-be-1	Subtopic split (size rule): en:be (82) chunked alphabetically.
ta7tkxiwoz	[estar] ausente	[to be] away	reference	topic:enmap-be-1	Subtopic split (size rule): en:be (82) chunked alphabetically.
srl7scbt4x	[pasado] be	was	supporting	topic:enmap-be-1	Subtopic split (size rule): en:be (82) chunked alphabetically.
gtp0cakjyi	[pasado] be	were	supporting	topic:enmap-be-1	Subtopic split (size rule): en:be (82) chunked alphabetically.
sia3vl9zuh	[participio] be	been	supporting	topic:enmap-be-1	Subtopic split (size rule): en:be (82) chunked alphabetically.
grd7p3e7kw	[estar] bien pensado	[to be] well thought out	reference	topic:enmap-be-1	Subtopic split (size rule): en:be (82) chunked alphabetically.
f4kds6r2gr	deber estar [en un estado o lugar]	must be [in a state or place]	supporting	topic:enmap-be-1	Subtopic split (size rule): en:be (82) chunked alphabetically.
87vmd83t1p	deber ser [algo]	must be [something]	reference	topic:enmap-be-1	Subtopic split (size rule): en:be (82) chunked alphabetically.
bmeoatx5uw	encontrarse en [un lugar]	to be located in [a place]	reference	topic:enmap-be-1	Subtopic split (size rule): en:be (82) chunked alphabetically.
hfip8vre8c	eres [adjetivo]	you are [adjective]	supporting	topic:enmap-be-1	Subtopic split (size rule): en:be (82) chunked alphabetically.
9c2am535n8	es [adjetivo]	is [adjective]	core	topic:enmap-be-2	Subtopic split (size rule): en:be (82) chunked alphabetically.
ft6li4zkws	estar [adverbio de frecuencia] [estado]	to be [frequency adverb] [state]	supporting	topic:enmap-be-2	Subtopic split (size rule): en:be (82) chunked alphabetically.
nqyror4j5f	estar [en un estado]	to be [in a state]	core	topic:enmap-be-2	Subtopic split (size rule): en:be (82) chunked alphabetically.
obf74hel79	estar [en un lugar]	to be [in a place]	core	topic:enmap-be-2	Subtopic split (size rule): en:be (82) chunked alphabetically.
f2zryn85p8	estar [haciendo algo]	to be [doing something]	core	topic:enmap-be-2	Subtopic split (size rule): en:be (82) chunked alphabetically.
e6gbegp44a	estar a punto de [hacer algo]	to be about to [do something]	supporting	topic:enmap-be-2	Subtopic split (size rule): en:be (82) chunked alphabetically.
x9rvf35d7y	estar a tiempo	to be on time	supporting	topic:enmap-be-2	Subtopic split (size rule): en:be (82) chunked alphabetically.
fbhhwzgo6j	estar apagado	to be off	supporting	topic:enmap-be-2	Subtopic split (size rule): en:be (82) chunked alphabetically.
ahj6apo9ri	estar de vacaciones	to be on vacation	reference	topic:enmap-be-2	Subtopic split (size rule): en:be (82) chunked alphabetically.
nfursmvnpb	estar en contra de [algo]	to be against [something]	reference	topic:enmap-be-2	Subtopic split (size rule): en:be (82) chunked alphabetically.
vx5dkts0j1	estar encendido	to be on	supporting	topic:enmap-be-2	Subtopic split (size rule): en:be (82) chunked alphabetically.
8g7yjhzzf4	estar entre [personas]	to be among [people]	reference	topic:enmap-be-2	Subtopic split (size rule): en:be (82) chunked alphabetically.
j1gh57080u	estar frente a [algo]	to be across from [something]	reference	topic:enmap-be-2	Subtopic split (size rule): en:be (82) chunked alphabetically.
gha0bijm3j	estar fuera	to be out	reference	topic:enmap-be-3	Subtopic split (size rule): en:be (82) chunked alphabetically.
b2kvvgg1ke	estar por [hacer algo]	to be about to [do something]	reference	topic:enmap-be-3	Subtopic split (size rule): en:be (82) chunked alphabetically.
qondlt4ahl	[alguien] estará [haciendo algo]	[somebody] will be [doing something]	reference	topic:enmap-be-3	Subtopic split (size rule): en:be (82) chunked alphabetically.
nxcynwooyz	[alguien] estaría [haciendo algo]	[somebody] would be [doing something]	reference	topic:enmap-be-3	Subtopic split (size rule): en:be (82) chunked alphabetically.
p71stevmcf	[ser] gratuito	[to be] free of charge	reference	topic:enmap-be-3	Subtopic split (size rule): en:be (82) chunked alphabetically.
mdayqm9som	[estar] interesado en [algo]	[to be] interested in [something]	supporting	topic:enmap-be-3	Subtopic split (size rule): en:be (82) chunked alphabetically.
0ni6dh7b5l	[ser] juntas	[to be] together	reference	topic:enmap-be-3	Subtopic split (size rule): en:be (82) chunked alphabetically.
1ers9if1ue	[estar] juntos	[to be] together	reference	topic:enmap-be-3	Subtopic split (size rule): en:be (82) chunked alphabetically.
a377qba56u	poder ser [algo]	can be [something]	supporting	topic:enmap-be-3	Subtopic split (size rule): en:be (82) chunked alphabetically.
wew9sag3jl	podría estar [en un estado o lugar]	could be [in a state or place]	reference	topic:enmap-be-3	Subtopic split (size rule): en:be (82) chunked alphabetically.
zy6xwkoq5s	puede estar [en un estado o lugar]	may be [in a state or place]	reference	topic:enmap-be-3	Subtopic split (size rule): en:be (82) chunked alphabetically.
h1lszqhdfc	quedar en [un lugar]	to be located in [a place]	supporting	topic:enmap-be-3	Subtopic split (size rule): en:be (82) chunked alphabetically.
sszeanx1ia	quedarse fuera	to be left out	reference	topic:enmap-be-4	Subtopic split (size rule): en:be (82) chunked alphabetically.
i906c8x5c2	[estar] seguro de [algo]	[to be] sure about [something]	supporting	topic:enmap-be-4	Subtopic split (size rule): en:be (82) chunked alphabetically.
othawv9u0f	ser [identidad]	to be [an identity]	core	topic:enmap-be-4	Subtopic split (size rule): en:be (82) chunked alphabetically.
m5wxiwxpo1	ser [una clasificación]	to be [a classification]	core	topic:enmap-be-4	Subtopic split (size rule): en:be (82) chunked alphabetically.
6vgdzpegua	ser [una hora o fecha]	to be [a time or date]	core	topic:enmap-be-4	Subtopic split (size rule): en:be (82) chunked alphabetically.
uhisl4h91k	ser conocido como [algo]	to be known as [something]	reference	topic:enmap-be-4	Subtopic split (size rule): en:be (82) chunked alphabetically.
kqssflfv3m	somos [adjetivo]	we are [adjective]	supporting	topic:enmap-be-5	Subtopic split (size rule): en:be (82) chunked alphabetically.
elhfo7u8o3	son [adjetivo]	they are [adjective]	supporting	topic:enmap-be-5	Subtopic split (size rule): en:be (82) chunked alphabetically.
n8ahr1jble	soy [adjetivo]	I am [adjective]	core	topic:enmap-be-5	Subtopic split (size rule): en:be (82) chunked alphabetically.
c9e47xxxqj	venir en camino	to be on the way	reference	topic:enmap-be-5	Subtopic split (size rule): en:be (82) chunked alphabetically.
5az9lz5ib7	¡Adelante!	Come in!	reference	topic:enmap-come-1	Subtopic split (size rule): en:come (22) chunked alphabetically.
k09413s3pa	¡Pasa!	Come in!	supporting	topic:enmap-come-1	Subtopic split (size rule): en:come (22) chunked alphabetically.
9ievaodr1f	aparecer [una publicación]	to come out	reference	topic:enmap-come-1	Subtopic split (size rule): en:come (22) chunked alphabetically.
ciqmuidd85	bajar	to come down	reference	topic:enmap-come-1	Subtopic split (size rule): en:come (22) chunked alphabetically.
lbukbw3o1p	[pasado] come	came	supporting	topic:enmap-come-1	Subtopic split (size rule): en:come (22) chunked alphabetically.
xdkhmkos1t	[participio] come	come	supporting	topic:enmap-come-1	Subtopic split (size rule): en:come (22) chunked alphabetically.
dtu9mjoclb	ir bien	to come along well	reference	topic:enmap-come-1	Subtopic split (size rule): en:come (22) chunked alphabetically.
dczcf3gaak	regresar	to come back	reference	topic:enmap-come-1	Subtopic split (size rule): en:come (22) chunked alphabetically.
y13ekw81d8	salir	to come out	supporting	topic:enmap-come-1	Subtopic split (size rule): en:come (22) chunked alphabetically.
hbm575ua4b	salir [publicado]	to come out	reference	topic:enmap-come-1	Subtopic split (size rule): en:come (22) chunked alphabetically.
rbub08uirg	subir	to come up	reference	topic:enmap-come-1	Subtopic split (size rule): en:come (22) chunked alphabetically.
b97077wlu1	venir a [hacer algo]	to come to [do something]	reference	topic:enmap-come-1	Subtopic split (size rule): en:come (22) chunked alphabetically.
am1zzaxcoi	venir a [hacer algo]	to come [do something]	reference	topic:enmap-come-1	Subtopic split (size rule): en:come (22) chunked alphabetically.
2xv5qqprqp	venir a [la casa de alguien]	to come over	reference	topic:enmap-come-1	Subtopic split (size rule): en:come (22) chunked alphabetically.
bfvjcgo2if	venir con [un grupo]	to come along	reference	topic:enmap-come-1	Subtopic split (size rule): en:come (22) chunked alphabetically.
w66regabe9	venir en [colores o tamaños]	to come in [colors or sizes]	reference	topic:enmap-come-2	Subtopic split (size rule): en:come (22) chunked alphabetically.
ksg6li9jy7	volver aquí	to come back	supporting	topic:enmap-come-2	Subtopic split (size rule): en:come (22) chunked alphabetically.
j7dljg4amk	volver pronto	to come back soon	reference	topic:enmap-come-2	Subtopic split (size rule): en:come (22) chunked alphabetically.
