5hlohr9z3f	querer a [alguien]	to love [somebody]	supporting	topic:multi-sense	Spanish-to-English Mappings topic: tag rows carrying a >=14-sense es: lemma with topic:multi-sense
lennoglnrf	quiso [hacer algo] (intento no logrado)	tried [to do something]	reference	topic:multi-sense	Spanish-to-English Mappings topic: tag rows carrying a >=14-sense es: lemma with topic:multi-sense
dw6w3t8zih	aprovecharse de [algo/alguien]	to take advantage of [something/somebody]	reference	topic:multi-sense	Spanish-to-English Mappings topic: tag rows carrying a >=14-sense es: lemma with topic:multi-sense
hyz7cpy9fj	hablar sobre [algo]	to speak about [something]	supporting	topic:multi-sense	Spanish-to-English Mappings topic: tag rows carrying a >=14-sense es: lemma with topic:multi-sense
b4j9ji5u4s	¿Cómo se dice [algo] en inglés?	How do you say [something] in English?	supporting	topic:multi-sense	Spanish-to-English Mappings topic: tag rows carrying a >=14-sense es: lemma with topic:multi-sense
24de35h6nw	darse por vencido/a	to give up	supporting	topic:multi-sense	Spanish-to-English Mappings topic: tag rows carrying a >=14-sense es: lemma with topic:multi-sense
0h2i95gmp3	pedir [algo] a [un negocio]	to order [something] from [a business]	reference	topic:multi-sense	Spanish-to-English Mappings topic: tag rows carrying a >=14-sense es: lemma with topic:multi-sense
3ysg9glgjj	poner [algo] [en algún lugar]	to place [something] [somewhere]	reference	topic:multi-sense	Spanish-to-English Mappings topic: tag rows carrying a >=14-sense es: lemma with topic:multi-sense
3tvyxgaex0	dedicar [tiempo o esfuerzo] a [algo]	to put [time or effort] into [something]	reference	topic:multi-sense	Spanish-to-English Mappings topic: tag rows carrying a >=14-sense es: lemma with topic:multi-sense
hk3p7tmczh	hacerse tarde	to get late	reference	topic:multi-sense	Spanish-to-English Mappings topic: tag rows carrying a >=14-sense es: lemma with topic:multi-sense
fk8uepz3o3	a usted	to you	supporting	topic:multi-sense	Spanish-to-English Mappings topic: tag rows carrying a >=14-sense es: lemma with topic:multi-sense
0xx4ewk26d	con usted	with you	supporting	topic:multi-sense	Spanish-to-English Mappings topic: tag rows carrying a >=14-sense es: lemma with topic:multi-sense
kep0p7nw3e	a ustedes	to you	supporting	topic:multi-sense	Spanish-to-English Mappings topic: tag rows carrying a >=14-sense es: lemma with topic:multi-sense
6xhu16fwu6	con ustedes	with you	supporting	topic:multi-sense	Spanish-to-English Mappings topic: tag rows carrying a >=14-sense es: lemma with topic:multi-sense
o3buetgjp9	a ellas	to them	core	topic:multi-sense	Spanish-to-English Mappings topic: tag rows carrying a >=14-sense es: lemma with topic:multi-sense
796z7mxsvp	con ellas	with them	core	topic:multi-sense	Spanish-to-English Mappings topic: tag rows carrying a >=14-sense es: lemma with topic:multi-sense
z3i6f8s1or	querer que [alguien] [haga algo]	to want [somebody] [to do something]	core	topic:multi-sense	Spanish-to-English Mappings topic: tag rows carrying a >=14-sense es: lemma with topic:multi-sense
47i1df0k0i	[ser] necesario	[to be] necessary	supporting	topic:multi-sense	Spanish-to-English Mappings topic: tag rows carrying a >=14-sense es: lemma with topic:multi-sense
take-back	devolver [algo] / retractarse de [algo]	to take back [something]	trash	topic:multi-sense	Spanish-to-English Mappings topic: tag rows carrying a >=14-sense es: lemma with topic:multi-sense
take-down	bajar [algo] / desmontar [algo]	to take down [something]	trash	topic:multi-sense	Spanish-to-English Mappings topic: tag rows carrying a >=14-sense es: lemma with topic:multi-sense
take-away	llevarse [algo] / quitar [algo]	to take away [something]	trash	topic:multi-sense	Spanish-to-English Mappings topic: tag rows carrying a >=14-sense es: lemma with topic:multi-sense
take-up	empezar [una actividad] / ocupar [espacio]	to take up [something]	trash	topic:multi-sense	Spanish-to-English Mappings topic: tag rows carrying a >=14-sense es: lemma with topic:multi-sense
take-in	engañar [a alguien] / absorber [información]	to take in [somebody/something]	trash	topic:multi-sense	Spanish-to-English Mappings topic: tag rows carrying a >=14-sense es: lemma with topic:multi-sense
lqk4xtsbz1	quedarle bien [algo] a [alguien] (talla)	[something] fits [somebody] well	reference	topic:multi-sense	Spanish-to-English Mappings topic: tag rows carrying a >=14-sense es: lemma with topic:multi-sense
1insnlihbx	más vale [hacer algo]	had better [do something]	reference	topic:multi-sense	Spanish-to-English Mappings topic: tag rows carrying a >=14-sense es: lemma with topic:multi-sense
ofyno3pj7o	[ser] fértil	[to be] fertile	reference	topic:multi-sense	Spanish-to-English Mappings topic: tag rows carrying a >=14-sense es: lemma with topic:multi-sense
rzck0llasl	[ser] generoso	[to be] generous	reference	topic:multi-sense	Spanish-to-English Mappings topic: tag rows carrying a >=14-sense es: lemma with topic:multi-sense
k4qa6qb9oa	[ser] poderoso/a (gran fuerza)	[to be] mighty	reference	topic:multi-sense	Spanish-to-English Mappings topic: tag rows carrying a >=14-sense es: lemma with topic:multi-sense
4ybycrtvck	ser grande ==> ser más grande	to be large ==> to be larger	reference	topic:multi-sense	Spanish-to-English Mappings topic: tag rows carrying a >=14-sense es: lemma with topic:multi-sense
4iyr2ixs50	cargarle [una cantidad] a [alguien]	to charge [somebody] [an amount]	reference	topic:multi-sense	Spanish-to-English Mappings topic: tag rows carrying a >=14-sense es: lemma with topic:multi-sense
qyef4ces9y	estar consciente de [algo] ==> la conciencia	to be aware of [something] ==> the awareness	reference	topic:multi-sense	Spanish-to-English Mappings topic: tag rows carrying a >=14-sense es: lemma with topic:multi-sense
lxqyj1kx0z	ser alto/a ==> ser algo alto/a	to be tall ==> to be tallish	reference	topic:multi-sense	Spanish-to-English Mappings topic: tag rows carrying a >=14-sense es: lemma with topic:multi-sense
4t8czsc1e6	ser pequeño/a ==> ser algo pequeño/a	to be small ==> to be smallish	reference	topic:multi-sense	Spanish-to-English Mappings topic: tag rows carrying a >=14-sense es: lemma with topic:multi-sense
wl72zn36ht	ser inferior ==> ser el/la de más abajo	to be lower ==> to be lowermost	reference	topic:multi-sense	Spanish-to-English Mappings topic: tag rows carrying a >=14-sense es: lemma with topic:multi-sense
r2y6wfhr6z	podría [hacer algo]	could [do something]	reference	topic:multi-sense	Spanish-to-English Mappings topic: tag rows carrying a >=14-sense es: lemma with topic:multi-sense
nibfz58mag	si [ocurre algo], [ocurrirá un resultado]	if [something happens], [a result] will [happen]	supporting	topic:multi-sense	Spanish-to-English Mappings topic: tag rows carrying a >=14-sense es: lemma with topic:multi-sense
qgnveu0pox	hablar con [alguien]	to talk with [somebody]	reference	topic:multi-sense	Spanish-to-English Mappings topic: tag rows carrying a >=14-sense es: lemma with topic:multi-sense
5qdmpxi8us	seguir [haciendo algo]	to keep on [doing something]	reference	topic:multi-sense	Spanish-to-English Mappings topic: tag rows carrying a >=14-sense es: lemma with topic:multi-sense
qcjby6hnvc	[estar] bien	[to be] alright	reference	topic:multi-sense	Spanish-to-English Mappings topic: tag rows carrying a >=14-sense es: lemma with topic:multi-sense
sxxbfgvhfa	con él	with him	core	topic:multi-sense	Spanish-to-English Mappings topic: tag rows carrying a >=14-sense es: lemma with topic:multi-sense
0h11x77lat	con ella	with her	core	topic:multi-sense	Spanish-to-English Mappings topic: tag rows carrying a >=14-sense es: lemma with topic:multi-sense
k71aaprkfg	con ellos	with them	core	topic:multi-sense	Spanish-to-English Mappings topic: tag rows carrying a >=14-sense es: lemma with topic:multi-sense
df1fa2p3xy	querer [hacer algo]	to want [to do something]	core	topic:multi-sense	Spanish-to-English Mappings topic: tag rows carrying a >=14-sense es: lemma with topic:multi-sense
6j9mgb7b17	haber [algo] (presente singular)	there is [something]	trash	topic:multi-sense	Spanish-to-English Mappings topic: tag rows carrying a >=14-sense es: lemma with topic:multi-sense
zo168jw53x	decirle a [alguien] algo sobre [algo]	to tell [somebody] about [something]	supporting	topic:multi-sense	Spanish-to-English Mappings topic: tag rows carrying a >=14-sense es: lemma with topic:multi-sense
z3umj7sj0q	digamos que [algo sucede]	let's say [something happens]	supporting	topic:multi-sense	Spanish-to-English Mappings topic: tag rows carrying a >=14-sense es: lemma with topic:multi-sense
x850nhvcaj	preguntar sobre [algo]	to ask about [something]	supporting	topic:multi-sense	Spanish-to-English Mappings topic: tag rows carrying a >=14-sense es: lemma with topic:multi-sense
dmc4ep05eo	poner [algo] en [un lugar]	to put [something] in [a place]	supporting	topic:multi-sense	Spanish-to-English Mappings topic: tag rows carrying a >=14-sense es: lemma with topic:multi-sense
zm3v8qtrgj	poner [algo] sobre [una superficie]	to put [something] on [a surface]	supporting	topic:multi-sense	Spanish-to-English Mappings topic: tag rows carrying a >=14-sense es: lemma with topic:multi-sense
vh56in634m	hace [un período de tiempo]	[a period of time] ago	supporting	topic:multi-sense	Spanish-to-English Mappings topic: tag rows carrying a >=14-sense es: lemma with topic:multi-sense
sopqak93z8	parecerse a [alguien]	to look like [somebody]	supporting	topic:multi-sense	Spanish-to-English Mappings topic: tag rows carrying a >=14-sense es: lemma with topic:multi-sense
c4sr1lkkhf	¿Qué te pasa?	What's wrong?	supporting	topic:multi-sense	Spanish-to-English Mappings topic: tag rows carrying a >=14-sense es: lemma with topic:multi-sense
el9irxyl46	¿Qué piensas de [algo]?	What do you think of [something]?	supporting	topic:multi-sense	Spanish-to-English Mappings topic: tag rows carrying a >=14-sense es: lemma with topic:multi-sense
nk4hb2zaok	poder [hacer algo] (permiso)	can [do something]	supporting	topic:multi-sense	Spanish-to-English Mappings topic: tag rows carrying a >=14-sense es: lemma with topic:multi-sense
rdpiq554g6	no poder [hacer algo]	cannot [do something]	supporting	topic:multi-sense	Spanish-to-English Mappings topic: tag rows carrying a >=14-sense es: lemma with topic:multi-sense
7hwvhzgxxt	¿Puedes [hacer algo]? (petición)	Can you [do something]?	supporting	topic:multi-sense	Spanish-to-English Mappings topic: tag rows carrying a >=14-sense es: lemma with topic:multi-sense
k29o9xq2bp	creer que sí	to think so	supporting	topic:multi-sense	Spanish-to-English Mappings topic: tag rows carrying a >=14-sense es: lemma with topic:multi-sense
dav762mjhb	creer que no	not to think so	supporting	topic:multi-sense	Spanish-to-English Mappings topic: tag rows carrying a >=14-sense es: lemma with topic:multi-sense
g8bhd7ipvu	deber [hacer algo]	to have to [do something]	supporting	topic:multi-sense	Spanish-to-English Mappings topic: tag rows carrying a >=14-sense es: lemma with topic:multi-sense
qj0lhiuc75	dejar en paz a [alguien]	to leave [somebody] alone	supporting	topic:multi-sense	Spanish-to-English Mappings topic: tag rows carrying a >=14-sense es: lemma with topic:multi-sense
g4s8ww83pl	no sé	I don't know	supporting	topic:multi-sense	Spanish-to-English Mappings topic: tag rows carrying a >=14-sense es: lemma with topic:multi-sense
421wv4rocg	lo siento	I'm sorry	supporting	topic:multi-sense	Spanish-to-English Mappings topic: tag rows carrying a >=14-sense es: lemma with topic:multi-sense
ekxerzzusv	ser para [alguien]	to be for [somebody]	supporting	topic:multi-sense	Spanish-to-English Mappings topic: tag rows carrying a >=14-sense es: lemma with topic:multi-sense
p80swouyaq	tener sentido	to make sense	supporting	topic:multi-sense	Spanish-to-English Mappings topic: tag rows carrying a >=14-sense es: lemma with topic:multi-sense
o8yyqw9k2g	trabajar en [un lugar u organización]	to work at [a place or organization]	supporting	topic:multi-sense	Spanish-to-English Mappings topic: tag rows carrying a >=14-sense es: lemma with topic:multi-sense
xrqc4586p2	trabajar en [una tarea o proyecto]	to work on [a task or project]	supporting	topic:multi-sense	Spanish-to-English Mappings topic: tag rows carrying a >=14-sense es: lemma with topic:multi-sense
h2ubrz9hyw	valer [un precio]	to cost [an amount]	supporting	topic:multi-sense	Spanish-to-English Mappings topic: tag rows carrying a >=14-sense es: lemma with topic:multi-sense
zeloe6s3qo	verse con [alguien]	to see [somebody]	supporting	topic:multi-sense	Spanish-to-English Mappings topic: tag rows carrying a >=14-sense es: lemma with topic:multi-sense
ksg6li9jy7	volver aquí	to come back	supporting	topic:multi-sense	Spanish-to-English Mappings topic: tag rows carrying a >=14-sense es: lemma with topic:multi-sense
tly9ldi8kr	volver a [otro lugar]	to go back to [another place]	supporting	topic:multi-sense	Spanish-to-English Mappings topic: tag rows carrying a >=14-sense es: lemma with topic:multi-sense
ab3fpexagc	[la] salida	exit	supporting	topic:multi-sense	Spanish-to-English Mappings topic: tag rows carrying a >=14-sense es: lemma with topic:multi-sense
yy1wmnythy	[el] pedido	the order	reference	topic:multi-sense	Spanish-to-English Mappings topic: tag rows carrying a >=14-sense es: lemma with topic:multi-sense
em4gm5945w	[el] trabajo	work	supporting	topic:multi-sense	Spanish-to-English Mappings topic: tag rows carrying a >=14-sense es: lemma with topic:multi-sense
g6s2hpc2m4	[el] dicho	the saying	reference	topic:multi-sense	Spanish-to-English Mappings topic: tag rows carrying a >=14-sense es: lemma with topic:multi-sense
492gbx234m	[el] trabajo	a job	supporting	topic:multi-sense	Spanish-to-English Mappings topic: tag rows carrying a >=14-sense es: lemma with topic:multi-sense
vnc1p295cf	[el/la] hablante	the speaker	reference	topic:multi-sense	Spanish-to-English Mappings topic: tag rows carrying a >=14-sense es: lemma with topic:multi-sense
ml2usxu7by	[estar] perdido/a	[to be] lost	supporting	topic:multi-sense	Spanish-to-English Mappings topic: tag rows carrying a >=14-sense es: lemma with topic:multi-sense
czjjg08c25	[ser] gratis	[to be] free	supporting	topic:multi-sense	Spanish-to-English Mappings topic: tag rows carrying a >=14-sense es: lemma with topic:multi-sense
yome0dqotg	[ser] pesado/a	[to be] heavy	supporting	topic:multi-sense	Spanish-to-English Mappings topic: tag rows carrying a >=14-sense es: lemma with topic:multi-sense
tiss70p00o	hablar por teléfono con [alguien]	to talk to [somebody] on the phone	reference	topic:multi-sense	Spanish-to-English Mappings topic: tag rows carrying a >=14-sense es: lemma with topic:multi-sense
kf0u7n45dt	hablar por [alguien]	to speak for [somebody]	reference	topic:multi-sense	Spanish-to-English Mappings topic: tag rows carrying a >=14-sense es: lemma with topic:multi-sense
4pmy3sue86	decir [algo] en voz alta	to say [something] out loud	reference	topic:multi-sense	Spanish-to-English Mappings topic: tag rows carrying a >=14-sense es: lemma with topic:multi-sense
uy518ih9t7	es decir	that is	reference	topic:multi-sense	Spanish-to-English Mappings topic: tag rows carrying a >=14-sense es: lemma with topic:multi-sense
6mwi5bt3ax	es decir	in other words	reference	topic:multi-sense	Spanish-to-English Mappings topic: tag rows carrying a >=14-sense es: lemma with topic:multi-sense
xzcldfjhmu	darle tiempo a [alguien] para [hacer algo]	to give [somebody] time to [do something]	reference	topic:multi-sense	Spanish-to-English Mappings topic: tag rows carrying a >=14-sense es: lemma with topic:multi-sense
qrb7i9y47p	darle a [un interruptor]	to flip [a switch]	reference	topic:multi-sense	Spanish-to-English Mappings topic: tag rows carrying a >=14-sense es: lemma with topic:multi-sense
53wi0qwjcm	darle ganas de [hacer algo] a [alguien]	to feel like [doing something]	reference	topic:multi-sense	Spanish-to-English Mappings topic: tag rows carrying a >=14-sense es: lemma with topic:multi-sense
27fbkeb2et	pedir perdón por [algo]	to ask for forgiveness for [something]	reference	topic:multi-sense	Spanish-to-English Mappings topic: tag rows carrying a >=14-sense es: lemma with topic:multi-sense
439x0r7xja	pedir un deseo	to make a wish	reference	topic:multi-sense	Spanish-to-English Mappings topic: tag rows carrying a >=14-sense es: lemma with topic:multi-sense
i0ry42yzcl	pedir [comida] a domicilio	to order in	reference	topic:multi-sense	Spanish-to-English Mappings topic: tag rows carrying a >=14-sense es: lemma with topic:multi-sense
cld2cnhb2w	pasarle [algo] a [alguien]	to pass [somebody] [something]	supporting	topic:multi-sense	Spanish-to-English Mappings topic: tag rows carrying a >=14-sense es: lemma with topic:multi-sense
sjlvvxcwpy	[período] pasado/a	last [period]	supporting	topic:multi-sense	Spanish-to-English Mappings topic: tag rows carrying a >=14-sense es: lemma with topic:multi-sense
2bsn8536de	pensar [hacer algo]	to plan to [do something]	supporting	topic:multi-sense	Spanish-to-English Mappings topic: tag rows carrying a >=14-sense es: lemma with topic:multi-sense
a377qba56u	poder ser [algo]	can be [something]	supporting	topic:multi-sense	Spanish-to-English Mappings topic: tag rows carrying a >=14-sense es: lemma with topic:multi-sense
bwmfe9nhs1	quedar [una cantidad]	there are [an amount] left	supporting	topic:multi-sense	Spanish-to-English Mappings topic: tag rows carrying a >=14-sense es: lemma with topic:multi-sense
upotfiz0jx	¿Cuánto queda?	How much is left?	supporting	topic:multi-sense	Spanish-to-English Mappings topic: tag rows carrying a >=14-sense es: lemma with topic:multi-sense
1vb3s8ps5j	quedarse sin [algo]	to run out of [something]	supporting	topic:multi-sense	Spanish-to-English Mappings topic: tag rows carrying a >=14-sense es: lemma with topic:multi-sense
zmz6t98hlf	déjame [hacer algo]	let me [do something]	supporting	topic:multi-sense	Spanish-to-English Mappings topic: tag rows carrying a >=14-sense es: lemma with topic:multi-sense
kjs3avsme6	supe [algo]	found out [something]	supporting	topic:multi-sense	Spanish-to-English Mappings topic: tag rows carrying a >=14-sense es: lemma with topic:multi-sense
m1asnh0c8n	seguir a [alguien]	to follow [somebody]	supporting	topic:multi-sense	Spanish-to-English Mappings topic: tag rows carrying a >=14-sense es: lemma with topic:multi-sense
f0z126w2cy	seguir [instrucciones]	to follow [instructions]	supporting	topic:multi-sense	Spanish-to-English Mappings topic: tag rows carrying a >=14-sense es: lemma with topic:multi-sense
89g0nxntpb	seguir recto	to keep going straight	supporting	topic:multi-sense	Spanish-to-English Mappings topic: tag rows carrying a >=14-sense es: lemma with topic:multi-sense
qa5k2yvbpz	sentir [una sensación]	to feel [a sensation]	supporting	topic:multi-sense	Spanish-to-English Mappings topic: tag rows carrying a >=14-sense es: lemma with topic:multi-sense
zcsk0uorhv	sentirse bien	to feel well	supporting	topic:multi-sense	Spanish-to-English Mappings topic: tag rows carrying a >=14-sense es: lemma with topic:multi-sense
1jdy99z2dz	tener ganas de [hacer algo]	to feel like [doing something]	supporting	topic:multi-sense	Spanish-to-English Mappings topic: tag rows carrying a >=14-sense es: lemma with topic:multi-sense
wjd0q608lr	¿cuánto vale [algo]?	how much does [something] cost?	supporting	topic:multi-sense	Spanish-to-English Mappings topic: tag rows carrying a >=14-sense es: lemma with topic:multi-sense
emji2mg22t	ser [hecho] por [alguien]	to be [done] by [somebody]	supporting	topic:multi-sense	Spanish-to-English Mappings topic: tag rows carrying a >=14-sense es: lemma with topic:multi-sense
5unz3dwyz7	estar prohibido [hacer algo]	must not [do something]	supporting	topic:multi-sense	Spanish-to-English Mappings topic: tag rows carrying a >=14-sense es: lemma with topic:multi-sense
69iqgmw2nb	[el] hecho	the fact	reference	topic:multi-sense	Spanish-to-English Mappings topic: tag rows carrying a >=14-sense es: lemma with topic:multi-sense
tu44lpd4ms	[el] poder	power	reference	topic:multi-sense	Spanish-to-English Mappings topic: tag rows carrying a >=14-sense es: lemma with topic:multi-sense
zxr6a7pbp5	[ser] poderoso/a	[to be] powerful	reference	topic:multi-sense	Spanish-to-English Mappings topic: tag rows carrying a >=14-sense es: lemma with topic:multi-sense
0iqu22mwnf	puesto que [algo sucede]	since [something happens]	reference	topic:multi-sense	Spanish-to-English Mappings topic: tag rows carrying a >=14-sense es: lemma with topic:multi-sense
ugaflsdk03	con gusto	gladly	reference	topic:multi-sense	Spanish-to-English Mappings topic: tag rows carrying a >=14-sense es: lemma with topic:multi-sense
hswwpga0wq	debe de haber [algo]	there must be [something]	reference	topic:multi-sense	Spanish-to-English Mappings topic: tag rows carrying a >=14-sense es: lemma with topic:multi-sense
lxhfegmolo	hacer falta	to be needed	reference	topic:multi-sense	Spanish-to-English Mappings topic: tag rows carrying a >=14-sense es: lemma with topic:multi-sense
mu7bumpulx	hacer un esfuerzo	to make an effort	reference	topic:multi-sense	Spanish-to-English Mappings topic: tag rows carrying a >=14-sense es: lemma with topic:multi-sense
zcxqshq3iu	[el] pasado	the past	reference	topic:multi-sense	Spanish-to-English Mappings topic: tag rows carrying a >=14-sense es: lemma with topic:multi-sense
bnj5p17mrm	irle bien a [alguien]	to go well for [somebody]	reference	topic:multi-sense	Spanish-to-English Mappings topic: tag rows carrying a >=14-sense es: lemma with topic:multi-sense
omzzomx3m9	¿cómo le fue a [alguien]?	how did it go for [somebody]?	reference	topic:multi-sense	Spanish-to-English Mappings topic: tag rows carrying a >=14-sense es: lemma with topic:multi-sense
fe9o47t8x2	al parecer	apparently	reference	topic:multi-sense	Spanish-to-English Mappings topic: tag rows carrying a >=14-sense es: lemma with topic:multi-sense
uuq5sdflxk	pasar por [algo difícil]	to go through [something difficult]	reference	topic:multi-sense	Spanish-to-English Mappings topic: tag rows carrying a >=14-sense es: lemma with topic:multi-sense
isr1jrl9yx	pensar bien [algo]	to think [something] over	reference	topic:multi-sense	Spanish-to-English Mappings topic: tag rows carrying a >=14-sense es: lemma with topic:multi-sense
xavuiuomaj	pensar detenidamente [algo]	to think [something] through	reference	topic:multi-sense	Spanish-to-English Mappings topic: tag rows carrying a >=14-sense es: lemma with topic:multi-sense
k57gp6u41b	pensar que sí	to think so	reference	topic:multi-sense	Spanish-to-English Mappings topic: tag rows carrying a >=14-sense es: lemma with topic:multi-sense
4ufi7f1zmi	a pesar de [algo]	despite [something]	reference	topic:multi-sense	Spanish-to-English Mappings topic: tag rows carrying a >=14-sense es: lemma with topic:multi-sense
yhchadk82l	no he podido [hacer algo]	haven't been able to [do something]	reference	topic:multi-sense	Spanish-to-English Mappings topic: tag rows carrying a >=14-sense es: lemma with topic:multi-sense
zy6xwkoq5s	puede estar [en un estado o lugar]	may be [in a state or place]	reference	topic:multi-sense	Spanish-to-English Mappings topic: tag rows carrying a >=14-sense es: lemma with topic:multi-sense
op3olm4hh3	quedar con [alguien]	to arrange to meet [somebody]	reference	topic:multi-sense	Spanish-to-English Mappings topic: tag rows carrying a >=14-sense es: lemma with topic:multi-sense
zl1e6hnb04	quedar en [hacer algo]	to agree to [do something]	reference	topic:multi-sense	Spanish-to-English Mappings topic: tag rows carrying a >=14-sense es: lemma with topic:multi-sense
0ubq3z55bc	contar con [algo]	to have [something]	reference	topic:multi-sense	Spanish-to-English Mappings topic: tag rows carrying a >=14-sense es: lemma with topic:multi-sense
2egwnfg7jz	creer en [alguien]	to believe in [somebody]	reference	topic:multi-sense	Spanish-to-English Mappings topic: tag rows carrying a >=14-sense es: lemma with topic:multi-sense
nkzffs81a6	no poder creer [algo]	not to be able to believe [something]	reference	topic:multi-sense	Spanish-to-English Mappings topic: tag rows carrying a >=14-sense es: lemma with topic:multi-sense
87vmd83t1p	deber ser [algo]	must be [something]	reference	topic:multi-sense	Spanish-to-English Mappings topic: tag rows carrying a >=14-sense es: lemma with topic:multi-sense
qj3wvut2bw	debía [hacer algo]	to have been supposed to [do something]	reference	topic:multi-sense	Spanish-to-English Mappings topic: tag rows carrying a >=14-sense es: lemma with topic:multi-sense
w4ubw2gv4e	deberse a [algo]	to be due to [something]	reference	topic:multi-sense	Spanish-to-English Mappings topic: tag rows carrying a >=14-sense es: lemma with topic:multi-sense
6uhgsiqvvf	debido a [algo]	due to [something]	reference	topic:multi-sense	Spanish-to-English Mappings topic: tag rows carrying a >=14-sense es: lemma with topic:multi-sense
egh1emsv3k	dejar [un lugar]	to leave [a place]	reference	topic:multi-sense	Spanish-to-English Mappings topic: tag rows carrying a >=14-sense es: lemma with topic:multi-sense
n27dfso39e	déjame [hacer algo]	lemme [do something]	reference	topic:multi-sense	Spanish-to-English Mappings topic: tag rows carrying a >=14-sense es: lemma with topic:multi-sense
skfxdss0cs	dejar de [hacer algo]	to no longer [do something]	reference	topic:multi-sense	Spanish-to-English Mappings topic: tag rows carrying a >=14-sense es: lemma with topic:multi-sense
od0g56sefd	dejar salir a [alguien o algo]	to let [somebody or something] out	reference	topic:multi-sense	Spanish-to-English Mappings topic: tag rows carrying a >=14-sense es: lemma with topic:multi-sense
1yt28hn07y	echar [un líquido] en [un recipiente]	to pour [a liquid] into [a container]	reference	topic:multi-sense	Spanish-to-English Mappings topic: tag rows carrying a >=14-sense es: lemma with topic:multi-sense
36riiosdmx	echar a [alguien] de [un lugar]	to throw [somebody] out of [a place]	reference	topic:multi-sense	Spanish-to-English Mappings topic: tag rows carrying a >=14-sense es: lemma with topic:multi-sense
wyiru8eg9q	echar a [alguien] del trabajo	to fire [somebody]	reference	topic:multi-sense	Spanish-to-English Mappings topic: tag rows carrying a >=14-sense es: lemma with topic:multi-sense
6o8pv6rvtp	echarle una mano a [alguien]	to give [somebody] a hand	reference	topic:multi-sense	Spanish-to-English Mappings topic: tag rows carrying a >=14-sense es: lemma with topic:multi-sense
5qnuapk321	saber [hacer algo]	can [do something]	reference	topic:multi-sense	Spanish-to-English Mappings topic: tag rows carrying a >=14-sense es: lemma with topic:multi-sense
32xfxi2fjv	saber de [alguien]	to hear from [somebody]	reference	topic:multi-sense	Spanish-to-English Mappings topic: tag rows carrying a >=14-sense es: lemma with topic:multi-sense
y86m7wjo50	saber a [algo]	to taste like [something]	reference	topic:multi-sense	Spanish-to-English Mappings topic: tag rows carrying a >=14-sense es: lemma with topic:multi-sense
o4nv333v8c	que yo sepa	as far as I know	reference	topic:multi-sense	Spanish-to-English Mappings topic: tag rows carrying a >=14-sense es: lemma with topic:multi-sense
4hc7hecq4n	[la] salida	way out	reference	topic:multi-sense	Spanish-to-English Mappings topic: tag rows carrying a >=14-sense es: lemma with topic:multi-sense
5uvtfc7eda	[el] sentimiento	feeling	reference	topic:multi-sense	Spanish-to-English Mappings topic: tag rows carrying a >=14-sense es: lemma with topic:multi-sense
lg9p46b73r	[ser] consciente de [algo]	[to be] aware of [something]	reference	topic:multi-sense	Spanish-to-English Mappings topic: tag rows carrying a >=14-sense es: lemma with topic:multi-sense
592w2y5gz1	querer decir	to mean	supporting	topic:multi-sense	Spanish-to-English Mappings topic: tag rows carrying a >=14-sense es: lemma with topic:multi-sense
kafdnl1n7j	quién sabe	who knows	reference	topic:multi-sense	Spanish-to-English Mappings topic: tag rows carrying a >=14-sense es: lemma with topic:multi-sense
ugu6mryvd1	ya sé	I know	reference	topic:multi-sense	Spanish-to-English Mappings topic: tag rows carrying a >=14-sense es: lemma with topic:multi-sense
tc4o4z8jnt	salir mal	to go badly	reference	topic:multi-sense	Spanish-to-English Mappings topic: tag rows carrying a >=14-sense es: lemma with topic:multi-sense
uxzgvill2p	dar seguimiento a [algo]	to follow up on [something]	reference	topic:multi-sense	Spanish-to-English Mappings topic: tag rows carrying a >=14-sense es: lemma with topic:multi-sense
5irs9gdyqv	mantenerse al día con [algo]	to keep up with [something]	reference	topic:multi-sense	Spanish-to-English Mappings topic: tag rows carrying a >=14-sense es: lemma with topic:multi-sense
ef4ltamqsa	seguir adelante	to carry on	reference	topic:multi-sense	Spanish-to-English Mappings topic: tag rows carrying a >=14-sense es: lemma with topic:multi-sense
vupb12qdkr	seguir así	to keep it up	reference	topic:multi-sense	Spanish-to-English Mappings topic: tag rows carrying a >=14-sense es: lemma with topic:multi-sense
2liqgudpe2	mantenerse en contacto con [alguien]	to keep in touch with [somebody]	reference	topic:multi-sense	Spanish-to-English Mappings topic: tag rows carrying a >=14-sense es: lemma with topic:multi-sense
h2zqc61fwq	mantenerse alejado de [algo]	to keep away from [something]	reference	topic:multi-sense	Spanish-to-English Mappings topic: tag rows carrying a >=14-sense es: lemma with topic:multi-sense
d5m00zj2i4	seguir intentándolo	to keep at it	reference	topic:multi-sense	Spanish-to-English Mappings topic: tag rows carrying a >=14-sense es: lemma with topic:multi-sense
fshhqe3d9f	sentir que [algo]	to sense that [something]	reference	topic:multi-sense	Spanish-to-English Mappings topic: tag rows carrying a >=14-sense es: lemma with topic:multi-sense
3qtux13rre	sentirlo por [algo]	to be sorry for [something]	reference	topic:multi-sense	Spanish-to-English Mappings topic: tag rows carrying a >=14-sense es: lemma with topic:multi-sense
nyb1ocmvpw	ser para [un uso]	to be meant for [a use]	reference	topic:multi-sense	Spanish-to-English Mappings topic: tag rows carrying a >=14-sense es: lemma with topic:multi-sense
sz0g4jfbie	ser capaz de [hacer algo]	to be able to [do something]	reference	topic:multi-sense	Spanish-to-English Mappings topic: tag rows carrying a >=14-sense es: lemma with topic:multi-sense
98gwx9pls1	ser culpa de [alguien]	to be [somebody's] fault	reference	topic:multi-sense	Spanish-to-English Mappings topic: tag rows carrying a >=14-sense es: lemma with topic:multi-sense
jyk96g78cb	no ser para tanto	not to be a big deal	reference	topic:multi-sense	Spanish-to-English Mappings topic: tag rows carrying a >=14-sense es: lemma with topic:multi-sense
2d97zs6np0	es que [explicación]	it's just that [explanation]	reference	topic:multi-sense	Spanish-to-English Mappings topic: tag rows carrying a >=14-sense es: lemma with topic:multi-sense
86v2tii41j	tener en cuenta [algo]	to keep [something] in mind	reference	topic:multi-sense	Spanish-to-English Mappings topic: tag rows carrying a >=14-sense es: lemma with topic:multi-sense
15khny2b9v	tener que ver con [algo]	to have to do with [something]	reference	topic:multi-sense	Spanish-to-English Mappings topic: tag rows carrying a >=14-sense es: lemma with topic:multi-sense
5awfswdavw	no tener nada que ver con [algo]	to have nothing to do with [something]	reference	topic:multi-sense	Spanish-to-English Mappings topic: tag rows carrying a >=14-sense es: lemma with topic:multi-sense
6vpv4m0g02	tener que ver con [algo]	to be related to [something]	reference	topic:multi-sense	Spanish-to-English Mappings topic: tag rows carrying a >=14-sense es: lemma with topic:multi-sense
dtnmnb60nj	tener que [hacer algo] (hablado)	gotta [do something]	reference	topic:multi-sense	Spanish-to-English Mappings topic: tag rows carrying a >=14-sense es: lemma with topic:multi-sense
shzp9wzrxq	son las [hora y minutos]	it's [hour and minutes]	reference	topic:multi-sense	Spanish-to-English Mappings topic: tag rows carrying a >=14-sense es: lemma with topic:multi-sense
dugiwco70z	poder [hacer algo] (pasado)	could [do something]	reference	topic:multi-sense	Spanish-to-English Mappings topic: tag rows carrying a >=14-sense es: lemma with topic:multi-sense
w66regabe9	venir en [colores o tamaños]	to come in [colors or sizes]	reference	topic:multi-sense	Spanish-to-English Mappings topic: tag rows carrying a >=14-sense es: lemma with topic:multi-sense
dvodf0y7wx	quisiera [algo]	would like [something]	supporting	topic:multi-sense	Spanish-to-English Mappings topic: tag rows carrying a >=14-sense es: lemma with topic:multi-sense
kk3nkycmqg	venirle bien a [alguien]	to work for [somebody]	reference	topic:multi-sense	Spanish-to-English Mappings topic: tag rows carrying a >=14-sense es: lemma with topic:multi-sense
c9e47xxxqj	venir en camino	to be on the way	reference	topic:multi-sense	Spanish-to-English Mappings topic: tag rows carrying a >=14-sense es: lemma with topic:multi-sense
r8h281yx98	a ver	let's see	reference	topic:multi-sense	Spanish-to-English Mappings topic: tag rows carrying a >=14-sense es: lemma with topic:multi-sense
tgdih9ksry	por si [ocurre algo]	in case [something happens]	reference	topic:multi-sense	Spanish-to-English Mappings topic: tag rows carrying a >=14-sense es: lemma with topic:multi-sense
0wjnsjpf8s	con nosotros	with us	core	topic:multi-sense	Spanish-to-English Mappings topic: tag rows carrying a >=14-sense es: lemma with topic:multi-sense
seq1qsjokh	de hecho	in fact	reference	topic:multi-sense	Spanish-to-English Mappings topic: tag rows carrying a >=14-sense es: lemma with topic:multi-sense
nrb0thfnst	con [alguien]	with [somebody]	core	topic:multi-sense	Spanish-to-English Mappings topic: tag rows carrying a >=14-sense es: lemma with topic:multi-sense
dnwd7gmll5	quisiera [hacer algo]	would like [to do something]	supporting	topic:multi-sense	Spanish-to-English Mappings topic: tag rows carrying a >=14-sense es: lemma with topic:multi-sense
1vuews27gh	[la] caída	the fall	reference	topic:multi-sense	Spanish-to-English Mappings topic: tag rows carrying a >=14-sense es: lemma with topic:multi-sense
ev6a0etitd	[la] cuenta	the bill	supporting	topic:multi-sense	Spanish-to-English Mappings topic: tag rows carrying a >=14-sense es: lemma with topic:multi-sense
dypln0ds39	[ser] amarillo	[to be] yellow	supporting	topic:multi-sense	Spanish-to-English Mappings topic: tag rows carrying a >=14-sense es: lemma with topic:multi-sense
8kyqh0y19m	[parecer] [adjetivo]	[to seem] [adjective]	supporting	topic:multi-sense	Spanish-to-English Mappings topic: tag rows carrying a >=14-sense es: lemma with topic:multi-sense
hkvahmcgwi	[ser] negro	[to be] black	supporting	topic:multi-sense	Spanish-to-English Mappings topic: tag rows carrying a >=14-sense es: lemma with topic:multi-sense
pe1f869we7	[tener] sueño	[to be] sleepy	supporting	topic:multi-sense	Spanish-to-English Mappings topic: tag rows carrying a >=14-sense es: lemma with topic:multi-sense
6msmcahhki	[ser] barato	[to be] cheap	supporting	topic:multi-sense	Spanish-to-English Mappings topic: tag rows carrying a >=14-sense es: lemma with topic:multi-sense
mxhymxu0dx	[ser] listo/a	[to be] smart	supporting	topic:multi-sense	Spanish-to-English Mappings topic: tag rows carrying a >=14-sense es: lemma with topic:multi-sense
zitwttv8hl	[ser] blanco	[to be] white	supporting	topic:multi-sense	Spanish-to-English Mappings topic: tag rows carrying a >=14-sense es: lemma with topic:multi-sense
il1qcnb04w	[ser] caro	[to be] expensive	supporting	topic:multi-sense	Spanish-to-English Mappings topic: tag rows carrying a >=14-sense es: lemma with topic:multi-sense
d36nx7wrvf	[ser] corto	[to be] short	supporting	topic:multi-sense	Spanish-to-English Mappings topic: tag rows carrying a >=14-sense es: lemma with topic:multi-sense
ij9kh31g9s	[ser] verde	[to be] green	supporting	topic:multi-sense	Spanish-to-English Mappings topic: tag rows carrying a >=14-sense es: lemma with topic:multi-sense
smffkflaqu	[tener] suerte	[to be] lucky	supporting	topic:multi-sense	Spanish-to-English Mappings topic: tag rows carrying a >=14-sense es: lemma with topic:multi-sense
vuhn72n7gd	hacer amigos	to make friends	supporting	topic:multi-sense	Spanish-to-English Mappings topic: tag rows carrying a >=14-sense es: lemma with topic:multi-sense
ccrgp9wvgz	tener [número] años	to be [number] years old	core	topic:multi-sense	Spanish-to-English Mappings topic: tag rows carrying a >=14-sense es: lemma with topic:multi-sense
sjrhmb2fr3	[ser] grande	[to be] big	supporting	topic:multi-sense	Spanish-to-English Mappings topic: tag rows carrying a >=14-sense es: lemma with topic:multi-sense
41sk71d7jq	[ser] rojo	[to be] red	supporting	topic:multi-sense	Spanish-to-English Mappings topic: tag rows carrying a >=14-sense es: lemma with topic:multi-sense
vjesp1jbub	[ser] rápido	[to be] fast	supporting	topic:multi-sense	Spanish-to-English Mappings topic: tag rows carrying a >=14-sense es: lemma with topic:multi-sense
o76acaxaxw	[ser] joven	[to be] young	supporting	topic:multi-sense	Spanish-to-English Mappings topic: tag rows carrying a >=14-sense es: lemma with topic:multi-sense
eqr05lh2tu	[ser] pequeño	[to be] small	supporting	topic:multi-sense	Spanish-to-English Mappings topic: tag rows carrying a >=14-sense es: lemma with topic:multi-sense
3z3dcdm7iy	en casa	at home	supporting	topic:multi-sense	Spanish-to-English Mappings topic: tag rows carrying a >=14-sense es: lemma with topic:multi-sense
9cyb4wa5a3	subir	to go up	supporting	topic:multi-sense	Spanish-to-English Mappings topic: tag rows carrying a >=14-sense es: lemma with topic:multi-sense
e4wn19bujr	levantarse	to get up	supporting	topic:multi-sense	Spanish-to-English Mappings topic: tag rows carrying a >=14-sense es: lemma with topic:multi-sense
mac4komrt9	ser mediodía	to be noon	supporting	topic:multi-sense	Spanish-to-English Mappings topic: tag rows carrying a >=14-sense es: lemma with topic:multi-sense
ceyrr3ohg9	ser medianoche	to be midnight	supporting	topic:multi-sense	Spanish-to-English Mappings topic: tag rows carrying a >=14-sense es: lemma with topic:multi-sense
e1kkk7zc7e	estar adentro	to be inside	supporting	topic:multi-sense	Spanish-to-English Mappings topic: tag rows carrying a >=14-sense es: lemma with topic:multi-sense
27pb5p676r	estar afuera	to be outside	supporting	topic:multi-sense	Spanish-to-English Mappings topic: tag rows carrying a >=14-sense es: lemma with topic:multi-sense
2d169mb7ai	a ti	to you	supporting	topic:multi-sense	Spanish-to-English Mappings topic: tag rows carrying a >=14-sense es: lemma with topic:multi-sense
flwdh3dbk5	a él	to him	supporting	topic:multi-sense	Spanish-to-English Mappings topic: tag rows carrying a >=14-sense es: lemma with topic:multi-sense
45ejuhdox6	a ella	to her	supporting	topic:multi-sense	Spanish-to-English Mappings topic: tag rows carrying a >=14-sense es: lemma with topic:multi-sense
ej7gnt7lbx	a [alguien]	to [somebody]	supporting	topic:multi-sense	Spanish-to-English Mappings topic: tag rows carrying a >=14-sense es: lemma with topic:multi-sense
bfer5mn6yu	a mí	to me	supporting	topic:multi-sense	Spanish-to-English Mappings topic: tag rows carrying a >=14-sense es: lemma with topic:multi-sense
e6kt0s21ap	no quiso [hacer algo]	refused [to do something]	reference	topic:multi-sense	Spanish-to-English Mappings topic: tag rows carrying a >=14-sense es: lemma with topic:multi-sense
y13ekw81d8	salir	to come out	supporting	topic:multi-sense	Spanish-to-English Mappings topic: tag rows carrying a >=14-sense es: lemma with topic:multi-sense
rh4yfb08hn	voy a [hacer algo]	I am going [to do something]	core	topic:multi-sense	Spanish-to-English Mappings topic: tag rows carrying a >=14-sense es: lemma with topic:multi-sense
bxt46dkdag	no quiso [hacer algo]	wouldn't [do something]	reference	topic:multi-sense	Spanish-to-English Mappings topic: tag rows carrying a >=14-sense es: lemma with topic:multi-sense
tbpj623d3b	querer [hacer algo] (tener la intención)	to mean [to do something]	reference	topic:multi-sense	Spanish-to-English Mappings topic: tag rows carrying a >=14-sense es: lemma with topic:multi-sense
n0r0eb7pw1	[ser] improbable	[to be] improbable	reference	topic:multi-sense	Spanish-to-English Mappings topic: tag rows carrying a >=14-sense es: lemma with topic:multi-sense
r2e4av62rk	[ser] maduro	[to be] mature	reference	topic:multi-sense	Spanish-to-English Mappings topic: tag rows carrying a >=14-sense es: lemma with topic:multi-sense
ym5bgyxy1x	van a [hacer algo]	they are going [to do something]	core	topic:multi-sense	Spanish-to-English Mappings topic: tag rows carrying a >=14-sense es: lemma with topic:multi-sense
p1ga7e8bhn	tengo [algo]	I have [something]	core	topic:multi-sense	Spanish-to-English Mappings topic: tag rows carrying a >=14-sense es: lemma with topic:multi-sense
mwpgnk4gb9	tienes [algo]	you have [something]	supporting	topic:multi-sense	Spanish-to-English Mappings topic: tag rows carrying a >=14-sense es: lemma with topic:multi-sense
vea3m3h1kq	tiene [algo]	has [something]	core	topic:multi-sense	Spanish-to-English Mappings topic: tag rows carrying a >=14-sense es: lemma with topic:multi-sense
xisncbwr6s	tenemos [algo]	we have [something]	supporting	topic:multi-sense	Spanish-to-English Mappings topic: tag rows carrying a >=14-sense es: lemma with topic:multi-sense
rkkkgau83q	tienen [algo]	they have [something]	supporting	topic:multi-sense	Spanish-to-English Mappings topic: tag rows carrying a >=14-sense es: lemma with topic:multi-sense
b5c13zo3bg	soy [algo]	I am [something]	core	topic:multi-sense	Spanish-to-English Mappings topic: tag rows carrying a >=14-sense es: lemma with topic:multi-sense
0rv1zmpu5c	eres [algo]	you are [something]	supporting	topic:multi-sense	Spanish-to-English Mappings topic: tag rows carrying a >=14-sense es: lemma with topic:multi-sense
rf1kaz8lmr	es [algo]	is [something]	core	topic:multi-sense	Spanish-to-English Mappings topic: tag rows carrying a >=14-sense es: lemma with topic:multi-sense
d3s5uo0ahx	somos [algo]	we are [something]	supporting	topic:multi-sense	Spanish-to-English Mappings topic: tag rows carrying a >=14-sense es: lemma with topic:multi-sense
0kqlhwpi3i	son [algo]	they are [something]	supporting	topic:multi-sense	Spanish-to-English Mappings topic: tag rows carrying a >=14-sense es: lemma with topic:multi-sense
93wmoiwink	estoy [en un estado o lugar]	I am [somewhere or feeling something]	core	topic:multi-sense	Spanish-to-English Mappings topic: tag rows carrying a >=14-sense es: lemma with topic:multi-sense
0k44vohfn6	estás [en un estado o lugar]	you are [somewhere or feeling something]	supporting	topic:multi-sense	Spanish-to-English Mappings topic: tag rows carrying a >=14-sense es: lemma with topic:multi-sense
zs2vl4oxdq	está [en un estado o lugar]	is [somewhere or feeling something]	core	topic:multi-sense	Spanish-to-English Mappings topic: tag rows carrying a >=14-sense es: lemma with topic:multi-sense
kaq1f0slza	estamos [en un estado o lugar]	we are [somewhere or feeling something]	supporting	topic:multi-sense	Spanish-to-English Mappings topic: tag rows carrying a >=14-sense es: lemma with topic:multi-sense
widbvn1zzj	están [en un estado o lugar]	they are [somewhere or feeling something]	supporting	topic:multi-sense	Spanish-to-English Mappings topic: tag rows carrying a >=14-sense es: lemma with topic:multi-sense
0lbant78ng	vas a [hacer algo]	you are going [to do something]	core	topic:multi-sense	Spanish-to-English Mappings topic: tag rows carrying a >=14-sense es: lemma with topic:multi-sense
0m0vzyyfd9	va a [hacer algo]	is going [to do something]	core	topic:multi-sense	Spanish-to-English Mappings topic: tag rows carrying a >=14-sense es: lemma with topic:multi-sense
ohgxx8621i	vamos a [hacer algo]	we are going [to do something]	core	topic:multi-sense	Spanish-to-English Mappings topic: tag rows carrying a >=14-sense es: lemma with topic:multi-sense
b6v2qryb2d	he [hecho algo]	I have [done something]	supporting	topic:multi-sense	Spanish-to-English Mappings topic: tag rows carrying a >=14-sense es: lemma with topic:multi-sense
xffe82pdpg	has [hecho algo]	you have [done something]	supporting	topic:multi-sense	Spanish-to-English Mappings topic: tag rows carrying a >=14-sense es: lemma with topic:multi-sense
01rpjz02jy	ha [hecho algo]	has [done something]	supporting	topic:multi-sense	Spanish-to-English Mappings topic: tag rows carrying a >=14-sense es: lemma with topic:multi-sense
tei7cfo1k2	hemos [hecho algo]	we have [done something]	supporting	topic:multi-sense	Spanish-to-English Mappings topic: tag rows carrying a >=14-sense es: lemma with topic:multi-sense
uwzxgiv5od	han [hecho algo]	they have [done something]	supporting	topic:multi-sense	Spanish-to-English Mappings topic: tag rows carrying a >=14-sense es: lemma with topic:multi-sense
ufc23a1m04	que yo [haga algo]	me to [do something]	core	topic:multi-sense	Spanish-to-English Mappings topic: tag rows carrying a >=14-sense es: lemma with topic:multi-sense
afcxrbizh3	que tú [hagas algo]	you to [do something]	core	topic:multi-sense	Spanish-to-English Mappings topic: tag rows carrying a >=14-sense es: lemma with topic:multi-sense
t4uaqoddu8	que él [haga algo]	him to [do something]	core	topic:multi-sense	Spanish-to-English Mappings topic: tag rows carrying a >=14-sense es: lemma with topic:multi-sense
zqb7l9x0pq	que ella [haga algo]	her to [do something]	core	topic:multi-sense	Spanish-to-English Mappings topic: tag rows carrying a >=14-sense es: lemma with topic:multi-sense
6gfadlfpkn	que nosotros [hagamos algo]	us to [do something]	supporting	topic:multi-sense	Spanish-to-English Mappings topic: tag rows carrying a >=14-sense es: lemma with topic:multi-sense
s0tvpozw7u	que ellos [hagan algo]	them to [do something]	supporting	topic:multi-sense	Spanish-to-English Mappings topic: tag rows carrying a >=14-sense es: lemma with topic:multi-sense
dv55nncur9	ir de compras	to go shopping	supporting	topic:multi-sense	Spanish-to-English Mappings topic: tag rows carrying a >=14-sense es: lemma with topic:multi-sense
9h3jno3320	quisiera que [alguien] [hiciera algo]	would like [somebody] [to do something]	supporting	topic:multi-sense	Spanish-to-English Mappings topic: tag rows carrying a >=14-sense es: lemma with topic:multi-sense
7yqanblhbj	haber [cosas] (presente plural)	there are [things]	trash	topic:multi-sense	Spanish-to-English Mappings topic: tag rows carrying a >=14-sense es: lemma with topic:multi-sense
p2ddtuwn9m	sin querer	accidentally	reference	topic:multi-sense	Spanish-to-English Mappings topic: tag rows carrying a >=14-sense es: lemma with topic:multi-sense
i0ipg114mg	vamos a [un lugar]	we are going to [a place]	supporting	topic:multi-sense	Spanish-to-English Mappings topic: tag rows carrying a >=14-sense es: lemma with topic:multi-sense
4uptsafx20	estoy [haciendo algo]	I am [doing something]	core	topic:multi-sense	Spanish-to-English Mappings topic: tag rows carrying a >=14-sense es: lemma with topic:multi-sense
g2rq6v6czz	estás [haciendo algo]	you are [doing something]	supporting	topic:multi-sense	Spanish-to-English Mappings topic: tag rows carrying a >=14-sense es: lemma with topic:multi-sense
9yf8jsp2b1	está [haciendo algo]	is [doing something]	core	topic:multi-sense	Spanish-to-English Mappings topic: tag rows carrying a >=14-sense es: lemma with topic:multi-sense
4e3tp75nnw	estamos [haciendo algo]	we are [doing something]	supporting	topic:multi-sense	Spanish-to-English Mappings topic: tag rows carrying a >=14-sense es: lemma with topic:multi-sense
bb48xm25wt	están [haciendo algo]	they are [doing something]	supporting	topic:multi-sense	Spanish-to-English Mappings topic: tag rows carrying a >=14-sense es: lemma with topic:multi-sense
vlfntsr6mm	vas a [un lugar]	you are going to [a place]	supporting	topic:multi-sense	Spanish-to-English Mappings topic: tag rows carrying a >=14-sense es: lemma with topic:multi-sense
m2cu1ggb78	van a [un lugar]	they are going to [a place]	supporting	topic:multi-sense	Spanish-to-English Mappings topic: tag rows carrying a >=14-sense es: lemma with topic:multi-sense
iy31grrg95	soy de [un lugar]	I am from [a place]	core	topic:multi-sense	Spanish-to-English Mappings topic: tag rows carrying a >=14-sense es: lemma with topic:multi-sense
6zy7d60lhd	eres de [un lugar]	you are from [a place]	supporting	topic:multi-sense	Spanish-to-English Mappings topic: tag rows carrying a >=14-sense es: lemma with topic:multi-sense
25qdaau47d	es de [un lugar]	is from [a place]	core	topic:multi-sense	Spanish-to-English Mappings topic: tag rows carrying a >=14-sense es: lemma with topic:multi-sense
ht2nxiu107	somos de [un lugar]	we are from [a place]	supporting	topic:multi-sense	Spanish-to-English Mappings topic: tag rows carrying a >=14-sense es: lemma with topic:multi-sense
w8b4nwsykp	son de [un lugar]	they are from [a place]	supporting	topic:multi-sense	Spanish-to-English Mappings topic: tag rows carrying a >=14-sense es: lemma with topic:multi-sense
8mpe0b3ksv	tengo [número] años	I am [number] years old	core	topic:multi-sense	Spanish-to-English Mappings topic: tag rows carrying a >=14-sense es: lemma with topic:multi-sense
ksjxfltxqk	tienes [número] años	you are [number] years old	supporting	topic:multi-sense	Spanish-to-English Mappings topic: tag rows carrying a >=14-sense es: lemma with topic:multi-sense
a5e2xjebla	tiene [número] años	is [number] years old	core	topic:multi-sense	Spanish-to-English Mappings topic: tag rows carrying a >=14-sense es: lemma with topic:multi-sense
qh9awmasdd	tenemos [número] años	we are [number] years old	supporting	topic:multi-sense	Spanish-to-English Mappings topic: tag rows carrying a >=14-sense es: lemma with topic:multi-sense
680u7m5wn5	tienen [número] años	they are [number] years old	supporting	topic:multi-sense	Spanish-to-English Mappings topic: tag rows carrying a >=14-sense es: lemma with topic:multi-sense
yye01uov38	tengo que [hacer algo]	I have to [do something]	core	topic:multi-sense	Spanish-to-English Mappings topic: tag rows carrying a >=14-sense es: lemma with topic:multi-sense
kjllit1qgt	tienes que [hacer algo]	you have to [do something]	core	topic:multi-sense	Spanish-to-English Mappings topic: tag rows carrying a >=14-sense es: lemma with topic:multi-sense
ogdv00s3cw	tiene que [hacer algo]	has to [do something]	core	topic:multi-sense	Spanish-to-English Mappings topic: tag rows carrying a >=14-sense es: lemma with topic:multi-sense
ny8jxz2s41	tenemos que [hacer algo]	we have to [do something]	supporting	topic:multi-sense	Spanish-to-English Mappings topic: tag rows carrying a >=14-sense es: lemma with topic:multi-sense
x9hss06n9a	tienen que [hacer algo]	they have to [do something]	supporting	topic:multi-sense	Spanish-to-English Mappings topic: tag rows carrying a >=14-sense es: lemma with topic:multi-sense
hfip8vre8c	eres [adjetivo]	you are [adjective]	supporting	topic:multi-sense	Spanish-to-English Mappings topic: tag rows carrying a >=14-sense es: lemma with topic:multi-sense
kqssflfv3m	somos [adjetivo]	we are [adjective]	supporting	topic:multi-sense	Spanish-to-English Mappings topic: tag rows carrying a >=14-sense es: lemma with topic:multi-sense
elhfo7u8o3	son [adjetivo]	they are [adjective]	supporting	topic:multi-sense	Spanish-to-English Mappings topic: tag rows carrying a >=14-sense es: lemma with topic:multi-sense
7irrsf9sy8	es la una	it's one o'clock	supporting	topic:multi-sense	Spanish-to-English Mappings topic: tag rows carrying a >=14-sense es: lemma with topic:multi-sense
n8ahr1jble	soy [adjetivo]	I am [adjective]	core	topic:multi-sense	Spanish-to-English Mappings topic: tag rows carrying a >=14-sense es: lemma with topic:multi-sense
9c2am535n8	es [adjetivo]	is [adjective]	core	topic:multi-sense	Spanish-to-English Mappings topic: tag rows carrying a >=14-sense es: lemma with topic:multi-sense
e2msmadaj6	sin querer	unintentionally	reference	topic:multi-sense	Spanish-to-English Mappings topic: tag rows carrying a >=14-sense es: lemma with topic:multi-sense
9h4yb41inv	a nosotros	to us	supporting	topic:multi-sense	Spanish-to-English Mappings topic: tag rows carrying a >=14-sense es: lemma with topic:multi-sense
unkd514ur0	a ellos	to them	supporting	topic:multi-sense	Spanish-to-English Mappings topic: tag rows carrying a >=14-sense es: lemma with topic:multi-sense
opdzad1zrx	voy a [un lugar]	I am going to [a place]	core	topic:multi-sense	Spanish-to-English Mappings topic: tag rows carrying a >=14-sense es: lemma with topic:multi-sense
v9mrlosy7o	va a [un lugar]	is going to [a place]	core	topic:multi-sense	Spanish-to-English Mappings topic: tag rows carrying a >=14-sense es: lemma with topic:multi-sense
hbcd9ibgfk	a quién	whom	supporting	topic:multi-sense	Spanish-to-English Mappings topic: tag rows carrying a >=14-sense es: lemma with topic:multi-sense
hh9lhwdnn0	hablar sin pronombre de sujeto	to speak (subject dropped)	core	topic:multi-sense	Spanish-to-English Mappings topic: tag rows carrying a >=14-sense es: lemma with topic:multi-sense
u8levmjjk9	[ser] sensato	[to be] sensible	reference	topic:multi-sense	Spanish-to-English Mappings topic: tag rows carrying a >=14-sense es: lemma with topic:multi-sense
ray0xga2me	taza de café	coffee cup	reference	topic:multi-sense	Spanish-to-English Mappings topic: tag rows carrying a >=14-sense es: lemma with topic:multi-sense
etjg9ef1sp	[hacer algo] queriendo	[to do something] on purpose	reference	topic:multi-sense	Spanish-to-English Mappings topic: tag rows carrying a >=14-sense es: lemma with topic:multi-sense
yfd5jg73vc	[hacer algo] queriendo	[to do something] deliberately	reference	topic:multi-sense	Spanish-to-English Mappings topic: tag rows carrying a >=14-sense es: lemma with topic:multi-sense
vk5c4vsrnd	donde quieras	wherever you want	supporting	topic:multi-sense	Spanish-to-English Mappings topic: tag rows carrying a >=14-sense es: lemma with topic:multi-sense
kxitvfhebx	si	whether	reference	topic:multi-sense	Spanish-to-English Mappings topic: tag rows carrying a >=14-sense es: lemma with topic:multi-sense
rr28vy1oq0	cuando quieras	whenever you want	supporting	topic:multi-sense	Spanish-to-English Mappings topic: tag rows carrying a >=14-sense es: lemma with topic:multi-sense
7xvappewlv	lo que quieras	whatever you want	supporting	topic:multi-sense	Spanish-to-English Mappings topic: tag rows carrying a >=14-sense es: lemma with topic:multi-sense
lbk86bzf4t	por la noche	at night	reference	topic:multi-sense	Spanish-to-English Mappings topic: tag rows carrying a >=14-sense es: lemma with topic:multi-sense
8st8uc3ose	quien quiera	whoever wants to	supporting	topic:multi-sense	Spanish-to-English Mappings topic: tag rows carrying a >=14-sense es: lemma with topic:multi-sense
j6x3otw9pi	como quieras	however you want	supporting	topic:multi-sense	Spanish-to-English Mappings topic: tag rows carrying a >=14-sense es: lemma with topic:multi-sense
9tdm1v0loz	como quieras	as you wish	reference	topic:multi-sense	Spanish-to-English Mappings topic: tag rows carrying a >=14-sense es: lemma with topic:multi-sense
qvltvv56qd	necesitar que [alguien] [haga algo]	to need [somebody] [to do something]	core	topic:multi-sense	Spanish-to-English Mappings topic: tag rows carrying a >=14-sense es: lemma with topic:multi-sense
5jgulxtbag	quiera o no	whether [someone] wants to or not	reference	topic:multi-sense	Spanish-to-English Mappings topic: tag rows carrying a >=14-sense es: lemma with topic:multi-sense
18xj8sphod	¿quiere [algo]?	would like [something]	reference	topic:multi-sense	Spanish-to-English Mappings topic: tag rows carrying a >=14-sense es: lemma with topic:multi-sense
5zjqxkzep9	¿quiere [hacer algo]?	would like [to do something]	reference	topic:multi-sense	Spanish-to-English Mappings topic: tag rows carrying a >=14-sense es: lemma with topic:multi-sense
okgrw0eqjz	quiero decir	I mean	supporting	topic:multi-sense	Spanish-to-English Mappings topic: tag rows carrying a >=14-sense es: lemma with topic:multi-sense
2w91gd6yc7	cuando quieras	anytime	reference	topic:multi-sense	Spanish-to-English Mappings topic: tag rows carrying a >=14-sense es: lemma with topic:multi-sense
oysek8zs4j	querido/a [nombre]	Dear [name]	reference	topic:multi-sense	Spanish-to-English Mappings topic: tag rows carrying a >=14-sense es: lemma with topic:multi-sense
tamzftp6b6	querido/a	beloved	reference	topic:multi-sense	Spanish-to-English Mappings topic: tag rows carrying a >=14-sense es: lemma with topic:multi-sense
2dedeo0gb6	querer [hacer algo]	wanna [do something]	supporting	topic:multi-sense	Spanish-to-English Mappings topic: tag rows carrying a >=14-sense es: lemma with topic:multi-sense
3r13e3oa6n	tomar [algo]	to take [something]	core	topic:multi-sense	Spanish-to-English Mappings topic: tag rows carrying a >=14-sense es: lemma with topic:multi-sense
uidyeso1gn	tomar [una bebida]	to drink [a beverage]	supporting	topic:multi-sense	Spanish-to-English Mappings topic: tag rows carrying a >=14-sense es: lemma with topic:multi-sense
ggqsaeyv8u	tomar [transporte]	to take [transport]	supporting	topic:multi-sense	Spanish-to-English Mappings topic: tag rows carrying a >=14-sense es: lemma with topic:multi-sense
gb1zklln37	tomar una decisión	to make a decision	supporting	topic:multi-sense	Spanish-to-English Mappings topic: tag rows carrying a >=14-sense es: lemma with topic:multi-sense
2hxj5syqcm	tomar [tiempo]	to take [time]	supporting	topic:multi-sense	Spanish-to-English Mappings topic: tag rows carrying a >=14-sense es: lemma with topic:multi-sense
0cpl9zogy8	tomar el control de [algo]	to take over [something]	supporting	topic:multi-sense	Spanish-to-English Mappings topic: tag rows carrying a >=14-sense es: lemma with topic:multi-sense
oieith38tf	despegar	to take off	reference	topic:multi-sense	Spanish-to-English Mappings topic: tag rows carrying a >=14-sense es: lemma with topic:multi-sense
e7vj7ne6w6	quitarse [algo]	to take off [something]	supporting	topic:multi-sense	Spanish-to-English Mappings topic: tag rows carrying a >=14-sense es: lemma with topic:multi-sense
ge2h3aq8un	asumir [algo]	to take on [something]	reference	topic:multi-sense	Spanish-to-English Mappings topic: tag rows carrying a >=14-sense es: lemma with topic:multi-sense
jz9ja639wb	[el] habla	speech	reference	topic:multi-sense	Spanish-to-English Mappings topic: tag rows carrying a >=14-sense es: lemma with topic:multi-sense
tyi7ultt7w	empezar [una actividad]	to take up [something]	reference	topic:multi-sense	Spanish-to-English Mappings topic: tag rows carrying a >=14-sense es: lemma with topic:multi-sense
b9jycma895	engañar [a alguien]	to take in [somebody/something]	reference	topic:multi-sense	Spanish-to-English Mappings topic: tag rows carrying a >=14-sense es: lemma with topic:multi-sense
3lpcerxf58	sacar [algo]	to take out [something]	supporting	topic:multi-sense	Spanish-to-English Mappings topic: tag rows carrying a >=14-sense es: lemma with topic:multi-sense
djoaiftk25	devolver [algo]	to take back [something]	supporting	topic:multi-sense	Spanish-to-English Mappings topic: tag rows carrying a >=14-sense es: lemma with topic:multi-sense
g1ya205lb7	bajar [algo]	to take down [something]	supporting	topic:multi-sense	Spanish-to-English Mappings topic: tag rows carrying a >=14-sense es: lemma with topic:multi-sense
zasp2r8vif	[ser] comestible	[to be] edible	reference	topic:multi-sense	Spanish-to-English Mappings topic: tag rows carrying a >=14-sense es: lemma with topic:multi-sense
e1plhjrtby	[ser] hablador/a	[to be] talkative	reference	topic:multi-sense	Spanish-to-English Mappings topic: tag rows carrying a >=14-sense es: lemma with topic:multi-sense
i2o3tqlac3	desarmar [algo]	to take apart [something]	reference	topic:multi-sense	Spanish-to-English Mappings topic: tag rows carrying a >=14-sense es: lemma with topic:multi-sense
y3salsw4an	llevarse [algo]	to take away [something]	supporting	topic:multi-sense	Spanish-to-English Mappings topic: tag rows carrying a >=14-sense es: lemma with topic:multi-sense
gl1h3xyxfc	empezar a gustarle [algo] a alguien	to take to [something/somebody]	reference	topic:multi-sense	Spanish-to-English Mappings topic: tag rows carrying a >=14-sense es: lemma with topic:multi-sense
0k0bl4mcur	cuidar de [alguien/algo]	to take care of [somebody/something]	supporting	topic:multi-sense	Spanish-to-English Mappings topic: tag rows carrying a >=14-sense es: lemma with topic:multi-sense
ldjf9twfn1	[ser] bebible	[to be] drinkable	reference	topic:multi-sense	Spanish-to-English Mappings topic: tag rows carrying a >=14-sense es: lemma with topic:multi-sense
f70ddup216	participar en [algo]	to take part in [something]	reference	topic:multi-sense	Spanish-to-English Mappings topic: tag rows carrying a >=14-sense es: lemma with topic:multi-sense
kb26bvucsb	hablar en nombre de [alguien]	to speak on behalf of [somebody]	reference	topic:multi-sense	Spanish-to-English Mappings topic: tag rows carrying a >=14-sense es: lemma with topic:multi-sense
y2jk0txcur	decirle [algo] a [alguien]	to tell [somebody] [something]	core	topic:multi-sense	Spanish-to-English Mappings topic: tag rows carrying a >=14-sense es: lemma with topic:multi-sense
b7q2nz5b40	hablar	to talk	supporting	topic:multi-sense	Spanish-to-English Mappings topic: tag rows carrying a >=14-sense es: lemma with topic:multi-sense
xnti52ho63	hablar con [alguien]	to talk to [somebody]	supporting	topic:multi-sense	Spanish-to-English Mappings topic: tag rows carrying a >=14-sense es: lemma with topic:multi-sense
4c0v1mewmv	hablar	to speak	core	topic:multi-sense	Spanish-to-English Mappings topic: tag rows carrying a >=14-sense es: lemma with topic:multi-sense
xo18pm756n	hablar con [alguien]	to speak with [somebody]	supporting	topic:multi-sense	Spanish-to-English Mappings topic: tag rows carrying a >=14-sense es: lemma with topic:multi-sense
pfr7szkobd	hablar de [algo]	to talk about [something]	supporting	topic:multi-sense	Spanish-to-English Mappings topic: tag rows carrying a >=14-sense es: lemma with topic:multi-sense
wxukuqznts	hablar más fuerte	to speak up	supporting	topic:multi-sense	Spanish-to-English Mappings topic: tag rows carrying a >=14-sense es: lemma with topic:multi-sense
t817imxlpf	pronunciarse sobre [algo]	to speak out about [something]	reference	topic:multi-sense	Spanish-to-English Mappings topic: tag rows carrying a >=14-sense es: lemma with topic:multi-sense
sgxn0d27nm	hablar de [algo] antes de decidir	to talk [something] over	reference	topic:multi-sense	Spanish-to-English Mappings topic: tag rows carrying a >=14-sense es: lemma with topic:multi-sense
22hirk8mdw	explicarle [algo] paso a paso a [alguien]	to talk [somebody] through [something]	reference	topic:multi-sense	Spanish-to-English Mappings topic: tag rows carrying a >=14-sense es: lemma with topic:multi-sense
sk978mgwus	convencer a [alguien] de [hacer algo]	to talk [somebody] into [doing something]	reference	topic:multi-sense	Spanish-to-English Mappings topic: tag rows carrying a >=14-sense es: lemma with topic:multi-sense
n7f05snzv6	convencer a [alguien] de no [hacer algo]	to talk [somebody] out of [doing something]	reference	topic:multi-sense	Spanish-to-English Mappings topic: tag rows carrying a >=14-sense es: lemma with topic:multi-sense
obw0unmb5c	hablarle con condescendencia a [alguien]	to talk down to [somebody]	reference	topic:multi-sense	Spanish-to-English Mappings topic: tag rows carrying a >=14-sense es: lemma with topic:multi-sense
utfyp7wiro	contestarle mal a [alguien]	to talk back to [somebody]	reference	topic:multi-sense	Spanish-to-English Mappings topic: tag rows carrying a >=14-sense es: lemma with topic:multi-sense
7x4v7kp0dx	hablar consigo mismo/a	to talk to oneself	reference	topic:multi-sense	Spanish-to-English Mappings topic: tag rows carrying a >=14-sense es: lemma with topic:multi-sense
d587f3ftw9	decir [algo]	to say [something]	core	topic:multi-sense	Spanish-to-English Mappings topic: tag rows carrying a >=14-sense es: lemma with topic:multi-sense
im9dazjhez	hablarle a [alguien]	to speak to [somebody]	core	topic:multi-sense	Spanish-to-English Mappings topic: tag rows carrying a >=14-sense es: lemma with topic:multi-sense
gbsx4jxjdu	decir que [algo sucede]	to say that [something happens]	core	topic:multi-sense	Spanish-to-English Mappings topic: tag rows carrying a >=14-sense es: lemma with topic:multi-sense
8ck7889dtr	contradecir a [alguien]	to contradict [somebody]	reference	topic:multi-sense	Spanish-to-English Mappings topic: tag rows carrying a >=14-sense es: lemma with topic:multi-sense
ut05s5dusz	decirle [algo] a [alguien]	to say [something] to [somebody]	core	topic:multi-sense	Spanish-to-English Mappings topic: tag rows carrying a >=14-sense es: lemma with topic:multi-sense
a7tobu5j5o	decir la verdad	to tell the truth	supporting	topic:multi-sense	Spanish-to-English Mappings topic: tag rows carrying a >=14-sense es: lemma with topic:multi-sense
du61aoc74y	decir una mentira	to tell a lie	supporting	topic:multi-sense	Spanish-to-English Mappings topic: tag rows carrying a >=14-sense es: lemma with topic:multi-sense
kwqo05li9i	decir que sí	to say yes	supporting	topic:multi-sense	Spanish-to-English Mappings topic: tag rows carrying a >=14-sense es: lemma with topic:multi-sense
0uwakesgf2	decir que no	to say no	supporting	topic:multi-sense	Spanish-to-English Mappings topic: tag rows carrying a >=14-sense es: lemma with topic:multi-sense
1x6wkh4a4p	dicho esto	that said	reference	topic:multi-sense	Spanish-to-English Mappings topic: tag rows carrying a >=14-sense es: lemma with topic:multi-sense
b7zyzj7ukc	[ser] indecible	[to be] unspeakable	reference	topic:multi-sense	Spanish-to-English Mappings topic: tag rows carrying a >=14-sense es: lemma with topic:multi-sense
2kr0ohl0n5	dicho de otra manera	put another way	reference	topic:multi-sense	Spanish-to-English Mappings topic: tag rows carrying a >=14-sense es: lemma with topic:multi-sense
h9qi6jkdmp	por así decirlo	so to speak	reference	topic:multi-sense	Spanish-to-English Mappings topic: tag rows carrying a >=14-sense es: lemma with topic:multi-sense
mx0rz2zmur	distinguir a [alguien] de [alguien]	to tell [somebody] apart	reference	topic:multi-sense	Spanish-to-English Mappings topic: tag rows carrying a >=14-sense es: lemma with topic:multi-sense
7n09vmo7kn	reprender a [alguien]	to tell [somebody] off	reference	topic:multi-sense	Spanish-to-English Mappings topic: tag rows carrying a >=14-sense es: lemma with topic:multi-sense
0t7sh9pmmo	delatar a [alguien]	to tell on [somebody]	reference	topic:multi-sense	Spanish-to-English Mappings topic: tag rows carrying a >=14-sense es: lemma with topic:multi-sense
rv2tbtvssk	distinguir [algo] de [algo]	to tell [something] from [something]	reference	topic:multi-sense	Spanish-to-English Mappings topic: tag rows carrying a >=14-sense es: lemma with topic:multi-sense
aw96cncl64	bendecir a [alguien]	to bless [somebody]	reference	topic:multi-sense	Spanish-to-English Mappings topic: tag rows carrying a >=14-sense es: lemma with topic:multi-sense
btsojlg7v0	maldecir a [alguien]	to curse [somebody]	reference	topic:multi-sense	Spanish-to-English Mappings topic: tag rows carrying a >=14-sense es: lemma with topic:multi-sense
b11jnq9i7f	dar permiso	to give permission	supporting	topic:multi-sense	Spanish-to-English Mappings topic: tag rows carrying a >=14-sense es: lemma with topic:multi-sense
3uulufvfpt	darle permiso a [alguien] para [hacer algo]	to allow [somebody] to [do something]	supporting	topic:multi-sense	Spanish-to-English Mappings topic: tag rows carrying a >=14-sense es: lemma with topic:multi-sense
cgzwyy7tb0	dar a [una dirección]	to face [a direction]	reference	topic:multi-sense	Spanish-to-English Mappings topic: tag rows carrying a >=14-sense es: lemma with topic:multi-sense
z1hv68g2f4	dar a [un lugar]	to overlook [a place]	reference	topic:multi-sense	Spanish-to-English Mappings topic: tag rows carrying a >=14-sense es: lemma with topic:multi-sense
5zyk11qlrm	darse cuenta de que [algo sucede]	to realize that [something happens]	supporting	topic:multi-sense	Spanish-to-English Mappings topic: tag rows carrying a >=14-sense es: lemma with topic:multi-sense
n79sjn044t	dar igual	not to matter	reference	topic:multi-sense	Spanish-to-English Mappings topic: tag rows carrying a >=14-sense es: lemma with topic:multi-sense
xxwtx8g012	me da igual	I don't mind	reference	topic:multi-sense	Spanish-to-English Mappings topic: tag rows carrying a >=14-sense es: lemma with topic:multi-sense
ukz1l748d8	darle a [un botón]	to press [a button]	reference	topic:multi-sense	Spanish-to-English Mappings topic: tag rows carrying a >=14-sense es: lemma with topic:multi-sense
6oqdoh7ax7	darle a [un video]	to play [a video]	reference	topic:multi-sense	Spanish-to-English Mappings topic: tag rows carrying a >=14-sense es: lemma with topic:multi-sense
yaznk7a47n	darse [un evento]	to take place	reference	topic:multi-sense	Spanish-to-English Mappings topic: tag rows carrying a >=14-sense es: lemma with topic:multi-sense
nx9vadk8zr	darse [un evento]	to happen	reference	topic:multi-sense	Spanish-to-English Mappings topic: tag rows carrying a >=14-sense es: lemma with topic:multi-sense
jpaidkfhw8	dar resultado	to work	reference	topic:multi-sense	Spanish-to-English Mappings topic: tag rows carrying a >=14-sense es: lemma with topic:multi-sense
gbxjc99tyx	dar resultado	to pay off	reference	topic:multi-sense	Spanish-to-English Mappings topic: tag rows carrying a >=14-sense es: lemma with topic:multi-sense
tc9rpq3ivd	dar lugar a [algo]	to lead to [something]	reference	topic:multi-sense	Spanish-to-English Mappings topic: tag rows carrying a >=14-sense es: lemma with topic:multi-sense
y4eh6045j1	dar lugar a [algo]	to give rise to [something]	reference	topic:multi-sense	Spanish-to-English Mappings topic: tag rows carrying a >=14-sense es: lemma with topic:multi-sense
chpomdclwr	darle miedo a [alguien]	to scare [somebody]	reference	topic:multi-sense	Spanish-to-English Mappings topic: tag rows carrying a >=14-sense es: lemma with topic:multi-sense
47jjg9x6gu	darle sueño a [alguien]	to make [somebody] sleepy	reference	topic:multi-sense	Spanish-to-English Mappings topic: tag rows carrying a >=14-sense es: lemma with topic:multi-sense
l6c2h7kj9j	darle hambre a [alguien]	to make [somebody] hungry	reference	topic:multi-sense	Spanish-to-English Mappings topic: tag rows carrying a >=14-sense es: lemma with topic:multi-sense
b1tjm939pm	darle sed a [alguien]	to make [somebody] thirsty	reference	topic:multi-sense	Spanish-to-English Mappings topic: tag rows carrying a >=14-sense es: lemma with topic:multi-sense
xz843dw8lb	darle vergüenza a [alguien]	to embarrass [somebody]	reference	topic:multi-sense	Spanish-to-English Mappings topic: tag rows carrying a >=14-sense es: lemma with topic:multi-sense
blmsaecd0u	me da pena [hacer algo]	I'm embarrassed to [do something]	reference	topic:multi-sense	Spanish-to-English Mappings topic: tag rows carrying a >=14-sense es: lemma with topic:multi-sense
ie6c5rc7ri	darle risa a [alguien]	to make [somebody] laugh	reference	topic:multi-sense	Spanish-to-English Mappings topic: tag rows carrying a >=14-sense es: lemma with topic:multi-sense
2qfu76z9es	darle [algo] a [alguien]	to give [somebody] [something]	core	topic:multi-sense	Spanish-to-English Mappings topic: tag rows carrying a >=14-sense es: lemma with topic:multi-sense
rr5humr251	dar [algo] a [alguien]	to give [something] to [somebody]	core	topic:multi-sense	Spanish-to-English Mappings topic: tag rows carrying a >=14-sense es: lemma with topic:multi-sense
l9xp6c0qlt	decirle a [alguien] que [haga algo]	to tell [somebody] to [do something]	core	topic:multi-sense	Spanish-to-English Mappings topic: tag rows carrying a >=14-sense es: lemma with topic:multi-sense
iuyce294go	predecir [algo]	to predict [something]	reference	topic:multi-sense	Spanish-to-English Mappings topic: tag rows carrying a >=14-sense es: lemma with topic:multi-sense
29l8pgm5cm	darle asco a [alguien]	to disgust [somebody]	reference	topic:multi-sense	Spanish-to-English Mappings topic: tag rows carrying a >=14-sense es: lemma with topic:multi-sense
bd134x1q1x	[la] petición	the request	reference	topic:multi-sense	Spanish-to-English Mappings topic: tag rows carrying a >=14-sense es: lemma with topic:multi-sense
6r69ejgtqp	ceder	to give in	reference	topic:multi-sense	Spanish-to-English Mappings topic: tag rows carrying a >=14-sense es: lemma with topic:multi-sense
qpudxn2cb2	regalar [algo]	to give [something] away	supporting	topic:multi-sense	Spanish-to-English Mappings topic: tag rows carrying a >=14-sense es: lemma with topic:multi-sense
sxzbibq8jq	revelar [un secreto]	to give [a secret] away	reference	topic:multi-sense	Spanish-to-English Mappings topic: tag rows carrying a >=14-sense es: lemma with topic:multi-sense
8k4ud8dmsv	repartir [algo]	to give [something] out	reference	topic:multi-sense	Spanish-to-English Mappings topic: tag rows carrying a >=14-sense es: lemma with topic:multi-sense
ktumc7kivz	dejar de funcionar	to give out	reference	topic:multi-sense	Spanish-to-English Mappings topic: tag rows carrying a >=14-sense es: lemma with topic:multi-sense
ngfffkccp9	emitir [algo]	to give off [something]	reference	topic:multi-sense	Spanish-to-English Mappings topic: tag rows carrying a >=14-sense es: lemma with topic:multi-sense
3oei2t1rkw	[el/la] dador/a	the giver	reference	topic:multi-sense	Spanish-to-English Mappings topic: tag rows carrying a >=14-sense es: lemma with topic:multi-sense
ei0hj29low	ayudar a [alguien]	to give [somebody] a hand	reference	topic:multi-sense	Spanish-to-English Mappings topic: tag rows carrying a >=14-sense es: lemma with topic:multi-sense
3yjxjrevpn	dar a luz a [un bebé]	to give birth to [a baby]	reference	topic:multi-sense	Spanish-to-English Mappings topic: tag rows carrying a >=14-sense es: lemma with topic:multi-sense
ifvh58e7u9	[ser] claro	[to be] light	reference	topic:multi-sense	Spanish-to-English Mappings topic: tag rows carrying a >=14-sense es: lemma with topic:multi-sense
7o1ka5pyoo	dar poder a [alguien]	to empower [somebody]	reference	topic:multi-sense	Spanish-to-English Mappings topic: tag rows carrying a >=14-sense es: lemma with topic:multi-sense
ryokdbzs7y	dar poder a [alguien]	to give power to [somebody]	reference	topic:multi-sense	Spanish-to-English Mappings topic: tag rows carrying a >=14-sense es: lemma with topic:multi-sense
lydbe3sj98	darle poder a [alguien] para [hacer algo]	to authorize [somebody] to [do something]	reference	topic:multi-sense	Spanish-to-English Mappings topic: tag rows carrying a >=14-sense es: lemma with topic:multi-sense
soeo5exlsi	dado que [algo sucede]	given that [something happens]	reference	topic:multi-sense	Spanish-to-English Mappings topic: tag rows carrying a >=14-sense es: lemma with topic:multi-sense
r3pecbwlhk	pedirle a [alguien] que [haga algo]	to ask [somebody] to [do something]	core	topic:multi-sense	Spanish-to-English Mappings topic: tag rows carrying a >=14-sense es: lemma with topic:multi-sense
rtsiqg8t58	poner [algo] [en algún lugar]	to put [something] [somewhere]	core	topic:multi-sense	Spanish-to-English Mappings topic: tag rows carrying a >=14-sense es: lemma with topic:multi-sense
lnjk7w9ssw	pedir [algo]	to ask for [something]	core	topic:multi-sense	Spanish-to-English Mappings topic: tag rows carrying a >=14-sense es: lemma with topic:multi-sense
fjv6xhktcy	pedir [comida o bebida]	to order [food or a drink]	supporting	topic:multi-sense	Spanish-to-English Mappings topic: tag rows carrying a >=14-sense es: lemma with topic:multi-sense
akiq3fgnfg	pedir [un producto]	to order [a product]	supporting	topic:multi-sense	Spanish-to-English Mappings topic: tag rows carrying a >=14-sense es: lemma with topic:multi-sense
srjl4vz5st	pedirle prestado [algo] a [alguien]	to borrow [something] from [somebody]	supporting	topic:multi-sense	Spanish-to-English Mappings topic: tag rows carrying a >=14-sense es: lemma with topic:multi-sense
1g3jfa9eo7	pedir permiso para [hacer algo]	to ask for permission to [do something]	supporting	topic:multi-sense	Spanish-to-English Mappings topic: tag rows carrying a >=14-sense es: lemma with topic:multi-sense
kdt4ocawe0	pedir una cita con [alguien]	to make an appointment with [somebody]	reference	topic:multi-sense	Spanish-to-English Mappings topic: tag rows carrying a >=14-sense es: lemma with topic:multi-sense
f8j54x3ds4	pedir una cita con [alguien]	to book an appointment with [somebody]	reference	topic:multi-sense	Spanish-to-English Mappings topic: tag rows carrying a >=14-sense es: lemma with topic:multi-sense
x71u2ua4d3	pedir [una visa]	to apply for [a visa]	reference	topic:multi-sense	Spanish-to-English Mappings topic: tag rows carrying a >=14-sense es: lemma with topic:multi-sense
2j339tyd27	pedir formalmente [algo]	to request [something]	reference	topic:multi-sense	Spanish-to-English Mappings topic: tag rows carrying a >=14-sense es: lemma with topic:multi-sense
chlit99d2v	pedir disculpas por [algo]	to apologize for [something]	reference	topic:multi-sense	Spanish-to-English Mappings topic: tag rows carrying a >=14-sense es: lemma with topic:multi-sense
070rfgth5n	pedir limosna	to beg	reference	topic:multi-sense	Spanish-to-English Mappings topic: tag rows carrying a >=14-sense es: lemma with topic:multi-sense
ka5uny00ga	pedir [comida] a domicilio	to order [food] for delivery	reference	topic:multi-sense	Spanish-to-English Mappings topic: tag rows carrying a >=14-sense es: lemma with topic:multi-sense
hhmv0g9xlh	pedir [comida] para llevar	to order [food] to go	reference	topic:multi-sense	Spanish-to-English Mappings topic: tag rows carrying a >=14-sense es: lemma with topic:multi-sense
af25juocs7	pedirle cuentas a [alguien]	to demand an explanation from [somebody]	reference	topic:multi-sense	Spanish-to-English Mappings topic: tag rows carrying a >=14-sense es: lemma with topic:multi-sense
sfix1omn3j	preguntarles a varias personas	to ask around	reference	topic:multi-sense	Spanish-to-English Mappings topic: tag rows carrying a >=14-sense es: lemma with topic:multi-sense
el36dqux2e	invitar a salir a [alguien]	to ask [somebody] out	reference	topic:multi-sense	Spanish-to-English Mappings topic: tag rows carrying a >=14-sense es: lemma with topic:multi-sense
o7o4ftsalw	preguntar por [alguien]	to ask after [somebody]	reference	topic:multi-sense	Spanish-to-English Mappings topic: tag rows carrying a >=14-sense es: lemma with topic:multi-sense
x2fc6shlo3	invitar a [alguien] a casa	to ask [somebody] over	reference	topic:multi-sense	Spanish-to-English Mappings topic: tag rows carrying a >=14-sense es: lemma with topic:multi-sense
ixbwufuza6	invitar a entrar a [alguien]	to ask [somebody] in	reference	topic:multi-sense	Spanish-to-English Mappings topic: tag rows carrying a >=14-sense es: lemma with topic:multi-sense
cje0h2p81t	pedir [algo] a [alguien] formalmente	to request [something] from [somebody]	reference	topic:multi-sense	Spanish-to-English Mappings topic: tag rows carrying a >=14-sense es: lemma with topic:multi-sense
f03pn31r0v	mandar a [alguien] de un lado a otro	to order [somebody] around	reference	topic:multi-sense	Spanish-to-English Mappings topic: tag rows carrying a >=14-sense es: lemma with topic:multi-sense
15fzbnc0u4	ordenarle salir a [alguien]	to order [somebody] out	reference	topic:multi-sense	Spanish-to-English Mappings topic: tag rows carrying a >=14-sense es: lemma with topic:multi-sense
5bq8gctf3g	poner [algo] dentro de [un lugar]	to put [something] into [a place]	supporting	topic:multi-sense	Spanish-to-English Mappings topic: tag rows carrying a >=14-sense es: lemma with topic:multi-sense
fefhc4duwl	publicar [algo]	to put [something] out	reference	topic:multi-sense	Spanish-to-English Mappings topic: tag rows carrying a >=14-sense es: lemma with topic:multi-sense
0d7663jbyo	pedirle [algo] a [alguien]	to ask [somebody] for [something]	core	topic:multi-sense	Spanish-to-English Mappings topic: tag rows carrying a >=14-sense es: lemma with topic:multi-sense
u8ocx1l1ad	poner [algo] debajo de [algo]	to put [something] under [something]	supporting	topic:multi-sense	Spanish-to-English Mappings topic: tag rows carrying a >=14-sense es: lemma with topic:multi-sense
3az2z3o8xh	[el] puesto	the stand	reference	topic:multi-sense	Spanish-to-English Mappings topic: tag rows carrying a >=14-sense es: lemma with topic:multi-sense
tr18eklsol	[la] puesta de sol	the sunset	reference	topic:multi-sense	Spanish-to-English Mappings topic: tag rows carrying a >=14-sense es: lemma with topic:multi-sense
fiwt4lp6h7	[el] puesto	the job position	reference	topic:multi-sense	Spanish-to-English Mappings topic: tag rows carrying a >=14-sense es: lemma with topic:multi-sense
8j8l76vwci	[ponerse] [adjetivo]	[to become] [adjective]	supporting	topic:multi-sense	Spanish-to-English Mappings topic: tag rows carrying a >=14-sense es: lemma with topic:multi-sense
7462tgsu12	poner [algo] junto a [algo]	to put [something] next to [something]	supporting	topic:multi-sense	Spanish-to-English Mappings topic: tag rows carrying a >=14-sense es: lemma with topic:multi-sense
zq5mq3d7ig	[ponerse] [adjetivo]	[to get] [adjective]	supporting	topic:multi-sense	Spanish-to-English Mappings topic: tag rows carrying a >=14-sense es: lemma with topic:multi-sense
xy9ovfmmwc	poner la mesa	to set the table	reference	topic:multi-sense	Spanish-to-English Mappings topic: tag rows carrying a >=14-sense es: lemma with topic:multi-sense
dh16jcovbo	poner una alarma para [una hora]	to set an alarm for [a time]	reference	topic:multi-sense	Spanish-to-English Mappings topic: tag rows carrying a >=14-sense es: lemma with topic:multi-sense
r97jh0nzir	poner una fecha para [algo]	to set a date for [something]	reference	topic:multi-sense	Spanish-to-English Mappings topic: tag rows carrying a >=14-sense es: lemma with topic:multi-sense
tyej3rsl7u	ponerle un precio a [algo]	to set a price for [something]	reference	topic:multi-sense	Spanish-to-English Mappings topic: tag rows carrying a >=14-sense es: lemma with topic:multi-sense
icqfdrme98	poner [una luz o un aparato]	to turn on [a light or device]	supporting	topic:multi-sense	Spanish-to-English Mappings topic: tag rows carrying a >=14-sense es: lemma with topic:multi-sense
4gnnj2lqzl	poner [música o un video]	to put on [music or a video]	reference	topic:multi-sense	Spanish-to-English Mappings topic: tag rows carrying a >=14-sense es: lemma with topic:multi-sense
aq5xocbm7o	poner [música o un video]	to play [music or a video]	supporting	topic:multi-sense	Spanish-to-English Mappings topic: tag rows carrying a >=14-sense es: lemma with topic:multi-sense
wsy0zl0ir1	ponerse [una prenda]	to put on [an item of clothing]	supporting	topic:multi-sense	Spanish-to-English Mappings topic: tag rows carrying a >=14-sense es: lemma with topic:multi-sense
wpfrk73j3o	llevar puesto/a [una prenda]	to wear [an item of clothing]	supporting	topic:multi-sense	Spanish-to-English Mappings topic: tag rows carrying a >=14-sense es: lemma with topic:multi-sense
a1p4uhtcxu	ponerse a [hacer algo]	to start [doing something]	supporting	topic:multi-sense	Spanish-to-English Mappings topic: tag rows carrying a >=14-sense es: lemma with topic:multi-sense
sga7fa9bp9	ponerse a [hacer algo]	to begin to [do something]	supporting	topic:multi-sense	Spanish-to-English Mappings topic: tag rows carrying a >=14-sense es: lemma with topic:multi-sense
fvn3ipywv9	ponerse de pie	to stand up	supporting	topic:multi-sense	Spanish-to-English Mappings topic: tag rows carrying a >=14-sense es: lemma with topic:multi-sense
79080668rq	ponerse en contacto con [alguien]	to get in touch with [somebody]	reference	topic:multi-sense	Spanish-to-English Mappings topic: tag rows carrying a >=14-sense es: lemma with topic:multi-sense
lz3nxrm63o	ponerse de acuerdo con [alguien]	to agree with [somebody]	supporting	topic:multi-sense	Spanish-to-English Mappings topic: tag rows carrying a >=14-sense es: lemma with topic:multi-sense
lc4ekh76su	poner [algo] en riesgo	to put [something] at risk	reference	topic:multi-sense	Spanish-to-English Mappings topic: tag rows carrying a >=14-sense es: lemma with topic:multi-sense
xzd9s8bgpf	poner fin a [algo]	to put an end to [something]	reference	topic:multi-sense	Spanish-to-English Mappings topic: tag rows carrying a >=14-sense es: lemma with topic:multi-sense
8tlst3bo6o	poner [algo] por escrito	to put [something] in writing	reference	topic:multi-sense	Spanish-to-English Mappings topic: tag rows carrying a >=14-sense es: lemma with topic:multi-sense
s8zforv9i3	poner a [alguien] a cargo de [algo]	to put [somebody] in charge of [something]	reference	topic:multi-sense	Spanish-to-English Mappings topic: tag rows carrying a >=14-sense es: lemma with topic:multi-sense
dtodl04vtu	poner [algo] en práctica	to put [something] into practice	reference	topic:multi-sense	Spanish-to-English Mappings topic: tag rows carrying a >=14-sense es: lemma with topic:multi-sense
dq9hw47p1r	ponerse al día con [algo o alguien]	to catch up with [something or somebody]	reference	topic:multi-sense	Spanish-to-English Mappings topic: tag rows carrying a >=14-sense es: lemma with topic:multi-sense
6m87utf0dm	poner atención a [algo]	to pay attention to [something]	reference	topic:multi-sense	Spanish-to-English Mappings topic: tag rows carrying a >=14-sense es: lemma with topic:multi-sense
jwap9vw9gm	ponerle nombre a [algo]	to name [something]	reference	topic:multi-sense	Spanish-to-English Mappings topic: tag rows carrying a >=14-sense es: lemma with topic:multi-sense
yq888yksqh	posponer [algo]	to put [something] off	reference	topic:multi-sense	Spanish-to-English Mappings topic: tag rows carrying a >=14-sense es: lemma with topic:multi-sense
s6q036agkz	desanimar a [alguien]	to put [somebody] off	reference	topic:multi-sense	Spanish-to-English Mappings topic: tag rows carrying a >=14-sense es: lemma with topic:multi-sense
79su3o2kda	guardar [algo]	to put [something] away	supporting	topic:multi-sense	Spanish-to-English Mappings topic: tag rows carrying a >=14-sense es: lemma with topic:multi-sense
meqlrplce4	dejar [algo] sobre [una superficie]	to put [something] down	supporting	topic:multi-sense	Spanish-to-English Mappings topic: tag rows carrying a >=14-sense es: lemma with topic:multi-sense
jf2aw2elxh	menospreciar a [alguien]	to put [somebody] down	reference	topic:multi-sense	Spanish-to-English Mappings topic: tag rows carrying a >=14-sense es: lemma with topic:multi-sense
o1dt8eusto	volver a poner [algo] en su lugar	to put [something] back	supporting	topic:multi-sense	Spanish-to-English Mappings topic: tag rows carrying a >=14-sense es: lemma with topic:multi-sense
zn5lcx080u	apagar [un incendio]	to put out [a fire]	reference	topic:multi-sense	Spanish-to-English Mappings topic: tag rows carrying a >=14-sense es: lemma with topic:multi-sense
1u1hrquecd	molestar a [alguien]	to put [somebody] out	reference	topic:multi-sense	Spanish-to-English Mappings topic: tag rows carrying a >=14-sense es: lemma with topic:multi-sense
5niiiqvgsg	colgar [algo]	to put [something] up	reference	topic:multi-sense	Spanish-to-English Mappings topic: tag rows carrying a >=14-sense es: lemma with topic:multi-sense
cur1zfeps2	alojar a [alguien]	to put [somebody] up	reference	topic:multi-sense	Spanish-to-English Mappings topic: tag rows carrying a >=14-sense es: lemma with topic:multi-sense
wcvwv6uubd	aguantar [algo]	to put up with [something]	reference	topic:multi-sense	Spanish-to-English Mappings topic: tag rows carrying a >=14-sense es: lemma with topic:multi-sense
9rl1sd6idk	comunicar a [alguien] por teléfono	to put [somebody] through	reference	topic:multi-sense	Spanish-to-English Mappings topic: tag rows carrying a >=14-sense es: lemma with topic:multi-sense
3ub96rf8ci	hacer pasar a [alguien] por [algo]	to put [somebody] through [something]	reference	topic:multi-sense	Spanish-to-English Mappings topic: tag rows carrying a >=14-sense es: lemma with topic:multi-sense
c6s5ipa7sg	comunicar [una idea]	to put [an idea] across	reference	topic:multi-sense	Spanish-to-English Mappings topic: tag rows carrying a >=14-sense es: lemma with topic:multi-sense
sgssxq75yi	apartar [algo]	to put [something] aside	reference	topic:multi-sense	Spanish-to-English Mappings topic: tag rows carrying a >=14-sense es: lemma with topic:multi-sense
srdsgbfh59	proponer [una idea]	to put [an idea] forward	reference	topic:multi-sense	Spanish-to-English Mappings topic: tag rows carrying a >=14-sense es: lemma with topic:multi-sense
v0h48i7zia	armar [algo]	to put [something] together	reference	topic:multi-sense	Spanish-to-English Mappings topic: tag rows carrying a >=14-sense es: lemma with topic:multi-sense
ligtxfh1ka	presentar [una solicitud]	to put in [an application]	reference	topic:multi-sense	Spanish-to-English Mappings topic: tag rows carrying a >=14-sense es: lemma with topic:multi-sense
elx2dgp3mq	atribuir [algo] a [algo]	to put [something] down to [something]	reference	topic:multi-sense	Spanish-to-English Mappings topic: tag rows carrying a >=14-sense es: lemma with topic:multi-sense
b8k9avr7st	hacerse [algo]	to become [something]	reference	topic:multi-sense	Spanish-to-English Mappings topic: tag rows carrying a >=14-sense es: lemma with topic:multi-sense
8zcb6q4a6k	[ser] claro	[to be] clear	reference	topic:multi-sense	Spanish-to-English Mappings topic: tag rows carrying a >=14-sense es: lemma with topic:multi-sense
hwb7sf71t7	[ser] duro	[to be] hard	reference	topic:multi-sense	Spanish-to-English Mappings topic: tag rows carrying a >=14-sense es: lemma with topic:multi-sense
nq399jkhun	[ser] duro	[to be] tough	reference	topic:multi-sense	Spanish-to-English Mappings topic: tag rows carrying a >=14-sense es: lemma with topic:multi-sense
66ib6vkhnq	ceder el paso	to give way	reference	topic:multi-sense	Spanish-to-English Mappings topic: tag rows carrying a >=14-sense es: lemma with topic:multi-sense
bb8a9kyess	avisar a [alguien] sobre [algo]	to put [somebody] onto [something]	reference	topic:multi-sense	Spanish-to-English Mappings topic: tag rows carrying a >=14-sense es: lemma with topic:multi-sense
4ifnatwu0r	enfrentar a [alguien] con [alguien]	to put [somebody] against [somebody]	reference	topic:multi-sense	Spanish-to-English Mappings topic: tag rows carrying a >=14-sense es: lemma with topic:multi-sense
bjms2exzmh	organizar [un evento]	to put on [an event]	reference	topic:multi-sense	Spanish-to-English Mappings topic: tag rows carrying a >=14-sense es: lemma with topic:multi-sense
uenjlmb8j9	subir de peso	to put on weight	reference	topic:multi-sense	Spanish-to-English Mappings topic: tag rows carrying a >=14-sense es: lemma with topic:multi-sense
cuvs1emqwk	instalar [algo]	to set [something] up	reference	topic:multi-sense	Spanish-to-English Mappings topic: tag rows carrying a >=14-sense es: lemma with topic:multi-sense
8omp49yd4o	organizar [una reunión]	to set up [a meeting]	reference	topic:multi-sense	Spanish-to-English Mappings topic: tag rows carrying a >=14-sense es: lemma with topic:multi-sense
xt2fc8yvaz	fundar [una organización]	to set up [an organization]	reference	topic:multi-sense	Spanish-to-English Mappings topic: tag rows carrying a >=14-sense es: lemma with topic:multi-sense
gsjekkk0qa	tenderle una trampa a [alguien]	to set [somebody] up	reference	topic:multi-sense	Spanish-to-English Mappings topic: tag rows carrying a >=14-sense es: lemma with topic:multi-sense
468rurvzg1	salir de viaje	to set off	reference	topic:multi-sense	Spanish-to-English Mappings topic: tag rows carrying a >=14-sense es: lemma with topic:multi-sense
gb7y8wpma4	activar [una alarma]	to set off [an alarm]	reference	topic:multi-sense	Spanish-to-English Mappings topic: tag rows carrying a >=14-sense es: lemma with topic:multi-sense
xhqmbm1djm	emprender un viaje	to set out	reference	topic:multi-sense	Spanish-to-English Mappings topic: tag rows carrying a >=14-sense es: lemma with topic:multi-sense
0cqp4imsbo	exponer [una idea]	to set out [an idea]	reference	topic:multi-sense	Spanish-to-English Mappings topic: tag rows carrying a >=14-sense es: lemma with topic:multi-sense
jgjoy3pa91	reservar [algo]	to set [something] aside	reference	topic:multi-sense	Spanish-to-English Mappings topic: tag rows carrying a >=14-sense es: lemma with topic:multi-sense
r6x05dewcz	retrasar [algo]	to set [something] back	reference	topic:multi-sense	Spanish-to-English Mappings topic: tag rows carrying a >=14-sense es: lemma with topic:multi-sense
yn8vqkd99o	instalarse [una condición]	to set in	reference	topic:multi-sense	Spanish-to-English Mappings topic: tag rows carrying a >=14-sense es: lemma with topic:multi-sense
txq22yyto3	distinguir a [alguien o algo]	to set [somebody or something] apart	reference	topic:multi-sense	Spanish-to-English Mappings topic: tag rows carrying a >=14-sense es: lemma with topic:multi-sense
amm42otpmw	ponerse a [hacer algo]	to set about [doing something]	reference	topic:multi-sense	Spanish-to-English Mappings topic: tag rows carrying a >=14-sense es: lemma with topic:multi-sense
2ej97sbza7	[ser] duro	[to be] harsh	reference	topic:multi-sense	Spanish-to-English Mappings topic: tag rows carrying a >=14-sense es: lemma with topic:multi-sense
4tbjc26h9n	anotar [algo]	to set [something] down	reference	topic:multi-sense	Spanish-to-English Mappings topic: tag rows carrying a >=14-sense es: lemma with topic:multi-sense
5zamvuatdn	hablar por sí solo/a	to speak for itself	reference	topic:multi-sense	Spanish-to-English Mappings topic: tag rows carrying a >=14-sense es: lemma with topic:multi-sense
4uwg2evrwf	saludar a [alguien]	to say hello to [somebody]	supporting	topic:multi-sense	Spanish-to-English Mappings topic: tag rows carrying a >=14-sense es: lemma with topic:multi-sense
ehmy6i5qti	rezar [una oración]	to say [a prayer]	reference	topic:multi-sense	Spanish-to-English Mappings topic: tag rows carrying a >=14-sense es: lemma with topic:multi-sense
oi3ndfk0qf	contarle [una historia] a [alguien]	to tell [somebody] [a story]	supporting	topic:multi-sense	Spanish-to-English Mappings topic: tag rows carrying a >=14-sense es: lemma with topic:multi-sense
wv4hem1a62	darse cuenta de que [algo sucede]	to be able to tell that [something happens]	reference	topic:multi-sense	Spanish-to-English Mappings topic: tag rows carrying a >=14-sense es: lemma with topic:multi-sense
klmbnws5k3	expresar [algo] de cierta manera	to put [something] a certain way	reference	topic:multi-sense	Spanish-to-English Mappings topic: tag rows carrying a >=14-sense es: lemma with topic:multi-sense
bz9j3yr4at	estar ambientado/a en [un lugar o época]	to be set in [a place or time]	reference	topic:multi-sense	Spanish-to-English Mappings topic: tag rows carrying a >=14-sense es: lemma with topic:multi-sense
pnonowj90v	[estar] bien	[to be] all right	reference	topic:multi-sense	Spanish-to-English Mappings topic: tag rows carrying a >=14-sense es: lemma with topic:multi-sense
jjnf1ruwjg	cuajar	to set	reference	topic:multi-sense	Spanish-to-English Mappings topic: tag rows carrying a >=14-sense es: lemma with topic:multi-sense
usqslj38q0	establecer [una regla o límite]	to set [a rule or limit]	reference	topic:multi-sense	Spanish-to-English Mappings topic: tag rows carrying a >=14-sense es: lemma with topic:multi-sense
vuz1ghifyr	fijarse una meta	to set a goal	reference	topic:multi-sense	Spanish-to-English Mappings topic: tag rows carrying a >=14-sense es: lemma with topic:multi-sense
3g6io2gum3	liberar a [alguien]	to set [somebody] free	reference	topic:multi-sense	Spanish-to-English Mappings topic: tag rows carrying a >=14-sense es: lemma with topic:multi-sense
a2i51axsd5	poner [algo] en marcha	to set [something] in motion	reference	topic:multi-sense	Spanish-to-English Mappings topic: tag rows carrying a >=14-sense es: lemma with topic:multi-sense
mdje6aroac	regalarle [algo] a [alguien]	to give [somebody] [something] as a gift	reference	topic:multi-sense	Spanish-to-English Mappings topic: tag rows carrying a >=14-sense es: lemma with topic:multi-sense
vk46q1bynf	poner [algo] [en algún lugar]	to set [something] [somewhere]	reference	topic:multi-sense	Spanish-to-English Mappings topic: tag rows carrying a >=14-sense es: lemma with topic:multi-sense
tc6g9iudcp	tomar una foto de [algo]	to take a photo of [something]	reference	topic:multi-sense	Spanish-to-English Mappings topic: tag rows carrying a >=14-sense es: lemma with topic:multi-sense
icy9w1jbof	tomar [un curso]	to take [a course]	reference	topic:multi-sense	Spanish-to-English Mappings topic: tag rows carrying a >=14-sense es: lemma with topic:multi-sense
0b3lh44wbd	esperar	to wait	core	topic:multi-sense	Spanish-to-English Mappings topic: tag rows carrying a >=14-sense es: lemma with topic:multi-sense
de07i743wz	esperar a que [alguien] [haga algo]	to wait for [somebody] to [do something]	supporting	topic:multi-sense	Spanish-to-English Mappings topic: tag rows carrying a >=14-sense es: lemma with topic:multi-sense
t8a1fhkjvh	esperar hasta que [ocurra algo]	to wait until [something happens]	supporting	topic:multi-sense	Spanish-to-English Mappings topic: tag rows carrying a >=14-sense es: lemma with topic:multi-sense
hu185l5pt9	esperar [a alguien o algo]	to wait for [somebody or something]	core	topic:multi-sense	Spanish-to-English Mappings topic: tag rows carrying a >=14-sense es: lemma with topic:multi-sense
v6srxq2n55	hacer	do	core	topic:multi-sense	Spanish-to-English Mappings topic: tag rows carrying a >=14-sense es: lemma with topic:multi-sense
4lo9q0j4yd	[estar] libre	[to be] available	reference	topic:multi-sense	Spanish-to-English Mappings topic: tag rows carrying a >=14-sense es: lemma with topic:multi-sense
01fx4rdiv4	[la] espera	the wait	reference	topic:multi-sense	Spanish-to-English Mappings topic: tag rows carrying a >=14-sense es: lemma with topic:multi-sense
r6zqq82nx9	[la] esperanza	hope	reference	topic:multi-sense	Spanish-to-English Mappings topic: tag rows carrying a >=14-sense es: lemma with topic:multi-sense
nqyror4j5f	estar [en un estado]	to be [in a state]	core	topic:multi-sense	Spanish-to-English Mappings topic: tag rows carrying a >=14-sense es: lemma with topic:multi-sense
4fpkte1t8z	esperar que [ocurra algo]	to hope [something happens]	supporting	topic:multi-sense	Spanish-to-English Mappings topic: tag rows carrying a >=14-sense es: lemma with topic:multi-sense
0h3qydzurd	esperar [hacer algo]	to hope to [do something]	supporting	topic:multi-sense	Spanish-to-English Mappings topic: tag rows carrying a >=14-sense es: lemma with topic:multi-sense
t8nz7yo86j	esperar [algo deseado]	to hope for [something]	reference	topic:multi-sense	Spanish-to-English Mappings topic: tag rows carrying a >=14-sense es: lemma with topic:multi-sense
xe14ng4ctb	esperar [algo probable]	to expect [something]	supporting	topic:multi-sense	Spanish-to-English Mappings topic: tag rows carrying a >=14-sense es: lemma with topic:multi-sense
1jnwnfapfk	[la] expectativa	an expectation	reference	topic:multi-sense	Spanish-to-English Mappings topic: tag rows carrying a >=14-sense es: lemma with topic:multi-sense
q9ob63pkzh	se espera que [ocurra algo]	[something] is expected to [happen]	reference	topic:multi-sense	Spanish-to-English Mappings topic: tag rows carrying a >=14-sense es: lemma with topic:multi-sense
grd35t3yb8	[estar] acostumbrado/a a [algo]	[to be] used to [something]	supporting	topic:multi-sense	Spanish-to-English Mappings topic: tag rows carrying a >=14-sense es: lemma with topic:multi-sense
5lspctsw4y	[ser] esperado/a	[to be] expected	reference	topic:multi-sense	Spanish-to-English Mappings topic: tag rows carrying a >=14-sense es: lemma with topic:multi-sense
pl1kwzxv0a	[ser] inesperado/a	[to be] unexpected	reference	topic:multi-sense	Spanish-to-English Mappings topic: tag rows carrying a >=14-sense es: lemma with topic:multi-sense
dnm638drfa	¿cómo estar [alguien]?	how is [somebody] feeling?	supporting	topic:multi-sense	Spanish-to-English Mappings topic: tag rows carrying a >=14-sense es: lemma with topic:multi-sense
b2kvvgg1ke	estar por [hacer algo]	to be about to [do something]	reference	topic:multi-sense	Spanish-to-English Mappings topic: tag rows carrying a >=14-sense es: lemma with topic:multi-sense
4x7v5qc7de	esperar que [alguien] [haga algo]	to expect [somebody] to [do something]	supporting	topic:multi-sense	Spanish-to-English Mappings topic: tag rows carrying a >=14-sense es: lemma with topic:multi-sense
f5h0hvcv1d	estar de acuerdo	to agree	supporting	topic:multi-sense	Spanish-to-English Mappings topic: tag rows carrying a >=14-sense es: lemma with topic:multi-sense
e6gbegp44a	estar a punto de [hacer algo]	to be about to [do something]	supporting	topic:multi-sense	Spanish-to-English Mappings topic: tag rows carrying a >=14-sense es: lemma with topic:multi-sense
obf74hel79	estar [en un lugar]	to be [in a place]	core	topic:multi-sense	Spanish-to-English Mappings topic: tag rows carrying a >=14-sense es: lemma with topic:multi-sense
3kvxnmbfe5	[estar] listo	[to be] ready	reference	topic:multi-sense	Spanish-to-English Mappings topic: tag rows carrying a >=14-sense es: lemma with topic:multi-sense
mdayqm9som	[estar] interesado/a en [algo]	[to be] interested in [something]	supporting	topic:multi-sense	Spanish-to-English Mappings topic: tag rows carrying a >=14-sense es: lemma with topic:multi-sense
d495hfe6co	estar al tanto de [algo]	to be aware of [something]	reference	topic:multi-sense	Spanish-to-English Mappings topic: tag rows carrying a >=14-sense es: lemma with topic:multi-sense
aka9qxppt2	[ser] listo	[to be] clever	reference	topic:multi-sense	Spanish-to-English Mappings topic: tag rows carrying a >=14-sense es: lemma with topic:multi-sense
0v47ifpsxd	[estar] casado/a con [alguien]	[to be] married to [somebody]	supporting	topic:multi-sense	Spanish-to-English Mappings topic: tag rows carrying a >=14-sense es: lemma with topic:multi-sense
afevkeg23w	[estar] enamorado/a de [alguien]	[to be] in love with [somebody]	reference	topic:multi-sense	Spanish-to-English Mappings topic: tag rows carrying a >=14-sense es: lemma with topic:multi-sense
97xjph1sfx	[estar] equivocado/a	[to be] wrong	supporting	topic:multi-sense	Spanish-to-English Mappings topic: tag rows carrying a >=14-sense es: lemma with topic:multi-sense
8pa5w8lhu0	estar bien	to be okay	core	topic:multi-sense	Spanish-to-English Mappings topic: tag rows carrying a >=14-sense es: lemma with topic:multi-sense
zgccmkmabz	[estar] listo/a	[to be] ready	core	topic:multi-sense	Spanish-to-English Mappings topic: tag rows carrying a >=14-sense es: lemma with topic:multi-sense
i906c8x5c2	[estar] seguro/a de [algo]	[to be] sure about [something]	supporting	topic:multi-sense	Spanish-to-English Mappings topic: tag rows carrying a >=14-sense es: lemma with topic:multi-sense
p76va4jmyy	estar a cargo de [algo]	to be in charge of [something]	reference	topic:multi-sense	Spanish-to-English Mappings topic: tag rows carrying a >=14-sense es: lemma with topic:multi-sense
bvwjgfiqzf	estar mal	to be unwell	reference	topic:multi-sense	Spanish-to-English Mappings topic: tag rows carrying a >=14-sense es: lemma with topic:multi-sense
vx5dkts0j1	estar encendido/a	to be on	supporting	topic:multi-sense	Spanish-to-English Mappings topic: tag rows carrying a >=14-sense es: lemma with topic:multi-sense
fbhhwzgo6j	estar apagado/a	to be off	supporting	topic:multi-sense	Spanish-to-English Mappings topic: tag rows carrying a >=14-sense es: lemma with topic:multi-sense
gha0bijm3j	estar fuera	to be out	reference	topic:multi-sense	Spanish-to-English Mappings topic: tag rows carrying a >=14-sense es: lemma with topic:multi-sense
x9rvf35d7y	estar a tiempo	to be on time	supporting	topic:multi-sense	Spanish-to-English Mappings topic: tag rows carrying a >=14-sense es: lemma with topic:multi-sense
ahj6apo9ri	estar de vacaciones	to be on vacation	reference	topic:multi-sense	Spanish-to-English Mappings topic: tag rows carrying a >=14-sense es: lemma with topic:multi-sense
6ywiv1c0l5	estar a favor de [algo]	to be in favor of [something]	reference	topic:multi-sense	Spanish-to-English Mappings topic: tag rows carrying a >=14-sense es: lemma with topic:multi-sense
nfursmvnpb	estar en contra de [algo]	to be against [something]	reference	topic:multi-sense	Spanish-to-English Mappings topic: tag rows carrying a >=14-sense es: lemma with topic:multi-sense
f2zryn85p8	estar [haciendo algo]	to be [doing something]	core	topic:multi-sense	Spanish-to-English Mappings topic: tag rows carrying a >=14-sense es: lemma with topic:multi-sense
vfjhy0rgs4	[estar] aburrido/a	[to be] bored	supporting	topic:multi-sense	Spanish-to-English Mappings topic: tag rows carrying a >=14-sense es: lemma with topic:multi-sense
ta7tkxiwoz	[estar] ausente	[to be] away	reference	topic:multi-sense	Spanish-to-English Mappings topic: tag rows carrying a >=14-sense es: lemma with topic:multi-sense
8ayvn6jpi6	estar hecho/a de [un material]	to be made of [a material]	reference	topic:multi-sense	Spanish-to-English Mappings topic: tag rows carrying a >=14-sense es: lemma with topic:multi-sense
dppdignekp	estar hecho/a a partir de [un material]	to be made from [a material]	reference	topic:multi-sense	Spanish-to-English Mappings topic: tag rows carrying a >=14-sense es: lemma with topic:multi-sense
lc0faais7l	[estar] libre	[to be] free	reference	topic:multi-sense	Spanish-to-English Mappings topic: tag rows carrying a >=14-sense es: lemma with topic:multi-sense
sk7qkjn915	[estar] previsto/a	[to be] due	reference	topic:multi-sense	Spanish-to-English Mappings topic: tag rows carrying a >=14-sense es: lemma with topic:multi-sense
xc8k68t746	[estar] retrasado/a	[to be] late	supporting	topic:multi-sense	Spanish-to-English Mappings topic: tag rows carrying a >=14-sense es: lemma with topic:multi-sense
km539emf2l	[estar] terminado/a	[to be] done	supporting	topic:multi-sense	Spanish-to-English Mappings topic: tag rows carrying a >=14-sense es: lemma with topic:multi-sense
160kt5bnxh	[sentirse] extraño/a	[to feel] weird	reference	topic:multi-sense	Spanish-to-English Mappings topic: tag rows carrying a >=14-sense es: lemma with topic:multi-sense
myuguvt6ul	estar de pie	to be standing	reference	topic:multi-sense	Spanish-to-English Mappings topic: tag rows carrying a >=14-sense es: lemma with topic:multi-sense
vf8v3tcztr	estar sentado/a	to be sitting	reference	topic:multi-sense	Spanish-to-English Mappings topic: tag rows carrying a >=14-sense es: lemma with topic:multi-sense
i2sih4q1lh	estar en lo cierto	to be right	reference	topic:multi-sense	Spanish-to-English Mappings topic: tag rows carrying a >=14-sense es: lemma with topic:multi-sense
9qzgymygsa	estar mal	to be wrong	reference	topic:multi-sense	Spanish-to-English Mappings topic: tag rows carrying a >=14-sense es: lemma with topic:multi-sense
871apuo78w	[ser] extraño/a	[to be] strange	supporting	topic:multi-sense	Spanish-to-English Mappings topic: tag rows carrying a >=14-sense es: lemma with topic:multi-sense
02s3tysyuj	[hace] sol	[it is] sunny	reference	topic:multi-sense	Spanish-to-English Mappings topic: tag rows carrying a >=14-sense es: lemma with topic:multi-sense
c0zsrdafq1	[hace] viento	[it is] windy	reference	topic:multi-sense	Spanish-to-English Mappings topic: tag rows carrying a >=14-sense es: lemma with topic:multi-sense
cp5hmttaq2	hay [algo singular]	there's [something singular]	supporting	topic:multi-sense	Spanish-to-English Mappings topic: tag rows carrying a >=14-sense es: lemma with topic:multi-sense
esf7i85ozv	¿hay [algo singular]?	is there [something singular]?	core	topic:multi-sense	Spanish-to-English Mappings topic: tag rows carrying a >=14-sense es: lemma with topic:multi-sense
g7zuuumnig	¿hay [cosas plurales]?	are there [plural things]?	core	topic:multi-sense	Spanish-to-English Mappings topic: tag rows carrying a >=14-sense es: lemma with topic:multi-sense
ker7jy3lyb	no hay [cosas plurales]	there aren't [plural things]	core	topic:multi-sense	Spanish-to-English Mappings topic: tag rows carrying a >=14-sense es: lemma with topic:multi-sense
laom4z3bwd	hay que [hacer algo]	we need to [do something]	supporting	topic:multi-sense	Spanish-to-English Mappings topic: tag rows carrying a >=14-sense es: lemma with topic:multi-sense
1qz4qeh9oi	hacer [una tarea o actividad]	to do [a task or activity]	core	topic:multi-sense	Spanish-to-English Mappings topic: tag rows carrying a >=14-sense es: lemma with topic:multi-sense
m9dfm9pbq2	hacer [algo creado o preparado]	to make [something]	core	topic:multi-sense	Spanish-to-English Mappings topic: tag rows carrying a >=14-sense es: lemma with topic:multi-sense
zqul6ydgwq	había [algo singular]	there was [something singular]	supporting	topic:multi-sense	Spanish-to-English Mappings topic: tag rows carrying a >=14-sense es: lemma with topic:multi-sense
ok7p2o1dce	había [cosas plurales]	there were [plural things]	supporting	topic:multi-sense	Spanish-to-English Mappings topic: tag rows carrying a >=14-sense es: lemma with topic:multi-sense
v8ez2mbu1u	hubo [algo]	there was [something]	reference	topic:multi-sense	Spanish-to-English Mappings topic: tag rows carrying a >=14-sense es: lemma with topic:multi-sense
c9mgqdsqvo	habrá [algo]	there will be [something]	supporting	topic:multi-sense	Spanish-to-English Mappings topic: tag rows carrying a >=14-sense es: lemma with topic:multi-sense
be5damq4by	habría [algo]	there would be [something]	reference	topic:multi-sense	Spanish-to-English Mappings topic: tag rows carrying a >=14-sense es: lemma with topic:multi-sense
4pgifzt26u	hay que [hacer algo]	you have to [do something]	supporting	topic:multi-sense	Spanish-to-English Mappings topic: tag rows carrying a >=14-sense es: lemma with topic:multi-sense
ofxncx6grm	puede haber [algo]	there may be [something]	reference	topic:multi-sense	Spanish-to-English Mappings topic: tag rows carrying a >=14-sense es: lemma with topic:multi-sense
hx7cadgvj9	va a haber [algo singular]	there is going to be [something singular]	supporting	topic:multi-sense	Spanish-to-English Mappings topic: tag rows carrying a >=14-sense es: lemma with topic:multi-sense
2ml5xgxl0t	va a haber [cosas plurales]	there are going to be [plural things]	reference	topic:multi-sense	Spanish-to-English Mappings topic: tag rows carrying a >=14-sense es: lemma with topic:multi-sense
nuo847x66j	hay [algo singular]	there is [something singular]	core	topic:multi-sense	Spanish-to-English Mappings topic: tag rows carrying a >=14-sense es: lemma with topic:multi-sense
54mbh87vk1	hay [cosas plurales]	there are [plural things]	core	topic:multi-sense	Spanish-to-English Mappings topic: tag rows carrying a >=14-sense es: lemma with topic:multi-sense
qhznzi6ug8	no hay [algo singular]	there isn't [something singular]	core	topic:multi-sense	Spanish-to-English Mappings topic: tag rows carrying a >=14-sense es: lemma with topic:multi-sense
cycrgcf78l	hacer [adjetivo] a [alguien]	to make [somebody] [adjective]	supporting	topic:multi-sense	Spanish-to-English Mappings topic: tag rows carrying a >=14-sense es: lemma with topic:multi-sense
y19rhj9ey3	hacer [reparar algo]	to have [something] repaired	reference	topic:multi-sense	Spanish-to-English Mappings topic: tag rows carrying a >=14-sense es: lemma with topic:multi-sense
smz7y58q4p	hace [tiempo] que [ocurre algo]	[something] has been happening for [time]	supporting	topic:multi-sense	Spanish-to-English Mappings topic: tag rows carrying a >=14-sense es: lemma with topic:multi-sense
r5ljpq5toy	¿cuánto hace que [ocurre algo]?	how long has [something] been happening?	reference	topic:multi-sense	Spanish-to-English Mappings topic: tag rows carrying a >=14-sense es: lemma with topic:multi-sense
b2xfmu99oe	hace frío	it is cold	supporting	topic:multi-sense	Spanish-to-English Mappings topic: tag rows carrying a >=14-sense es: lemma with topic:multi-sense
1xa5alb94l	hace calor	it is hot	supporting	topic:multi-sense	Spanish-to-English Mappings topic: tag rows carrying a >=14-sense es: lemma with topic:multi-sense
ej9dspwxv3	hacerle falta a [alguien]	[somebody] misses [someone or something]	reference	topic:multi-sense	Spanish-to-English Mappings topic: tag rows carrying a >=14-sense es: lemma with topic:multi-sense
u2xyysd9xq	hacerle bien a [alguien]	to be good for [somebody]	reference	topic:multi-sense	Spanish-to-English Mappings topic: tag rows carrying a >=14-sense es: lemma with topic:multi-sense
o6ai5zj4rm	hacerle daño a [alguien]	to hurt [somebody]	reference	topic:multi-sense	Spanish-to-English Mappings topic: tag rows carrying a >=14-sense es: lemma with topic:multi-sense
48tg24dwk2	hacer que [alguien] [haga algo]	to make [somebody] [do something]	supporting	topic:multi-sense	Spanish-to-English Mappings topic: tag rows carrying a >=14-sense es: lemma with topic:multi-sense
qwp1msjfsn	hacer ejercicio	to work out	reference	topic:multi-sense	Spanish-to-English Mappings topic: tag rows carrying a >=14-sense es: lemma with topic:multi-sense
uriamnzen2	hacer las paces con [alguien]	to make up with [somebody]	reference	topic:multi-sense	Spanish-to-English Mappings topic: tag rows carrying a >=14-sense es: lemma with topic:multi-sense
qwj72o0pgh	hacerle caso a [alguien]	to pay attention to [somebody]	reference	topic:multi-sense	Spanish-to-English Mappings topic: tag rows carrying a >=14-sense es: lemma with topic:multi-sense
pu6juowymn	hacerle un favor a [alguien]	to do [somebody] a favor	supporting	topic:multi-sense	Spanish-to-English Mappings topic: tag rows carrying a >=14-sense es: lemma with topic:multi-sense
irvw3l9fwm	hacer una pregunta	to ask a question	supporting	topic:multi-sense	Spanish-to-English Mappings topic: tag rows carrying a >=14-sense es: lemma with topic:multi-sense
1vzkonyjt2	hacer una llamada	to make a call	reference	topic:multi-sense	Spanish-to-English Mappings topic: tag rows carrying a >=14-sense es: lemma with topic:multi-sense
wlsh5f0c4u	hacer una reserva	to make a reservation	supporting	topic:multi-sense	Spanish-to-English Mappings topic: tag rows carrying a >=14-sense es: lemma with topic:multi-sense
hm7k1xxksu	hacer una sugerencia	to make a suggestion	reference	topic:multi-sense	Spanish-to-English Mappings topic: tag rows carrying a >=14-sense es: lemma with topic:multi-sense
edcjj9goei	hacer un viaje	to take a trip	reference	topic:multi-sense	Spanish-to-English Mappings topic: tag rows carrying a >=14-sense es: lemma with topic:multi-sense
fj5mrpoqkv	hacer un llamado a [algo]	to call for [something]	reference	topic:multi-sense	Spanish-to-English Mappings topic: tag rows carrying a >=14-sense es: lemma with topic:multi-sense
w43ib0sqsf	hacer tiempo	to kill time	reference	topic:multi-sense	Spanish-to-English Mappings topic: tag rows carrying a >=14-sense es: lemma with topic:multi-sense
vuq3vxf107	hacerse el tonto	to pretend not to understand	reference	topic:multi-sense	Spanish-to-English Mappings topic: tag rows carrying a >=14-sense es: lemma with topic:multi-sense
n46cr84foo	hecho/a de [un material visible]	made of [a visible material]	supporting	topic:multi-sense	Spanish-to-English Mappings topic: tag rows carrying a >=14-sense es: lemma with topic:multi-sense
itj86iyuab	hecho/a a partir de [un material transformado]	made from [a transformed material]	reference	topic:multi-sense	Spanish-to-English Mappings topic: tag rows carrying a >=14-sense es: lemma with topic:multi-sense
1fr5z9ndcf	hecho/a por [alguien]	made by [somebody]	reference	topic:multi-sense	Spanish-to-English Mappings topic: tag rows carrying a >=14-sense es: lemma with topic:multi-sense
6rym81cqq5	hacer cola	to stand in line	reference	topic:multi-sense	Spanish-to-English Mappings topic: tag rows carrying a >=14-sense es: lemma with topic:multi-sense
1gru886lce	hacer las maletas	to pack	reference	topic:multi-sense	Spanish-to-English Mappings topic: tag rows carrying a >=14-sense es: lemma with topic:multi-sense
38d1kfif1b	ir a [hacer algo]	to be going [to do something]	core	topic:multi-sense	Spanish-to-English Mappings topic: tag rows carrying a >=14-sense es: lemma with topic:multi-sense
64xccqphml	ir a [hacer algo]	gonna [do something]	supporting	topic:multi-sense	Spanish-to-English Mappings topic: tag rows carrying a >=14-sense es: lemma with topic:multi-sense
bqohigg3pm	¿cómo va [algo]?	how is [something] going?	reference	topic:multi-sense	Spanish-to-English Mappings topic: tag rows carrying a >=14-sense es: lemma with topic:multi-sense
v48t8redzw	ir con [algo]	to go with [something]	reference	topic:multi-sense	Spanish-to-English Mappings topic: tag rows carrying a >=14-sense es: lemma with topic:multi-sense
k9y5vq9p06	ir a casa	to go home	supporting	topic:multi-sense	Spanish-to-English Mappings topic: tag rows carrying a >=14-sense es: lemma with topic:multi-sense
cpwm5oqh8t	ir a pie	to go on foot	reference	topic:multi-sense	Spanish-to-English Mappings topic: tag rows carrying a >=14-sense es: lemma with topic:multi-sense
2iiyjrogmc	ir a [un lugar]	to go to [a place]	core	topic:multi-sense	Spanish-to-English Mappings topic: tag rows carrying a >=14-sense es: lemma with topic:multi-sense
tpmllm0cqq	llamarle la atención a [alguien]	to tell [somebody] off	reference	topic:multi-sense	Spanish-to-English Mappings topic: tag rows carrying a >=14-sense es: lemma with topic:multi-sense
u7wvzyhnyh	volver a llamar a [alguien]	to call [somebody] back	supporting	topic:multi-sense	Spanish-to-English Mappings topic: tag rows carrying a >=14-sense es: lemma with topic:multi-sense
gmw4l9fuma	hecho/a	made	reference	topic:multi-sense	Spanish-to-English Mappings topic: tag rows carrying a >=14-sense es: lemma with topic:multi-sense
sqk4k5as8g	hecho/a	done	reference	topic:multi-sense	Spanish-to-English Mappings topic: tag rows carrying a >=14-sense es: lemma with topic:multi-sense
nsdu5c6q9d	ir en [un medio de transporte]	to go by [a means of transport]	supporting	topic:multi-sense	Spanish-to-English Mappings topic: tag rows carrying a >=14-sense es: lemma with topic:multi-sense
sx2usy0kyp	parecer [un sustantivo]	to seem like [a noun]	supporting	topic:multi-sense	Spanish-to-English Mappings topic: tag rows carrying a >=14-sense es: lemma with topic:multi-sense
nhqct1dhzu	[ser] parecido/a a [algo]	[to be] similar to [something]	reference	topic:multi-sense	Spanish-to-English Mappings topic: tag rows carrying a >=14-sense es: lemma with topic:multi-sense
vydnn6gthe	[parecer] [adjetivo] (apariencia visible)	[to look] [adjective]	core	topic:multi-sense	Spanish-to-English Mappings topic: tag rows carrying a >=14-sense es: lemma with topic:multi-sense
kliqfbzr2f	llevar la cuenta de [algo]	to keep track of [something]	reference	topic:multi-sense	Spanish-to-English Mappings topic: tag rows carrying a >=14-sense es: lemma with topic:multi-sense
4vmjcs20a5	[ser] mandón/mandona	[to be] bossy	reference	topic:multi-sense	Spanish-to-English Mappings topic: tag rows carrying a >=14-sense es: lemma with topic:multi-sense
9q3ezcaa3k	parar de [hacer algo]	to stop [doing something]	supporting	topic:multi-sense	Spanish-to-English Mappings topic: tag rows carrying a >=14-sense es: lemma with topic:multi-sense
id2e6gz2kt	parecer [hacer algo]	to seem to [do something]	reference	topic:multi-sense	Spanish-to-English Mappings topic: tag rows carrying a >=14-sense es: lemma with topic:multi-sense
drxskvbtr6	parece que [ocurre algo]	it seems that [something is happening]	supporting	topic:multi-sense	Spanish-to-English Mappings topic: tag rows carrying a >=14-sense es: lemma with topic:multi-sense
80jaaa2rlj	parecer [hacer algo] (formal)	to appear to [do something]	reference	topic:multi-sense	Spanish-to-English Mappings topic: tag rows carrying a >=14-sense es: lemma with topic:multi-sense
05ugh62h83	¿Qué te parece [algo]?	What do you think of [something]?	supporting	topic:multi-sense	Spanish-to-English Mappings topic: tag rows carrying a >=14-sense es: lemma with topic:multi-sense
824fssdui6	¿Qué te parece si [hacemos algo]?	How about [doing something]?	supporting	topic:multi-sense	Spanish-to-English Mappings topic: tag rows carrying a >=14-sense es: lemma with topic:multi-sense
d8bx694ejf	¿Qué te parece si [hacemos algo]?	What if [we do something]?	reference	topic:multi-sense	Spanish-to-English Mappings topic: tag rows carrying a >=14-sense es: lemma with topic:multi-sense
t5kcjkgoio	parecerse entre sí	to look alike	reference	topic:multi-sense	Spanish-to-English Mappings topic: tag rows carrying a >=14-sense es: lemma with topic:multi-sense
5lt6vf4na4	pasar por [un lugar]	to go through [a place]	supporting	topic:multi-sense	Spanish-to-English Mappings topic: tag rows carrying a >=14-sense es: lemma with topic:multi-sense
pwxlw3xx2t	pasar por [un lugar]	to pass by [a place]	reference	topic:multi-sense	Spanish-to-English Mappings topic: tag rows carrying a >=14-sense es: lemma with topic:multi-sense
q0dipekeiv	pasar frente a [un lugar]	to go past [a place]	reference	topic:multi-sense	Spanish-to-English Mappings topic: tag rows carrying a >=14-sense es: lemma with topic:multi-sense
2wa96n35mw	pasar por [un puente]	to cross [a bridge]	reference	topic:multi-sense	Spanish-to-English Mappings topic: tag rows carrying a >=14-sense es: lemma with topic:multi-sense
6w6meulfin	pasar [tiempo] con [alguien]	to spend [time] with [somebody]	supporting	topic:multi-sense	Spanish-to-English Mappings topic: tag rows carrying a >=14-sense es: lemma with topic:multi-sense
k09413s3pa	¡Pasa!	Come in!	supporting	topic:multi-sense	Spanish-to-English Mappings topic: tag rows carrying a >=14-sense es: lemma with topic:multi-sense
zm2w4r32ri	pasar (ocurrir)	to happen	core	topic:multi-sense	Spanish-to-English Mappings topic: tag rows carrying a >=14-sense es: lemma with topic:multi-sense
l7ges29sjn	¡Pasa! (dar permiso para continuar)	Go ahead!	reference	topic:multi-sense	Spanish-to-English Mappings topic: tag rows carrying a >=14-sense es: lemma with topic:multi-sense
komqoyh86l	pasarle [algo] a [alguien]	to hand [something] to [somebody]	reference	topic:multi-sense	Spanish-to-English Mappings topic: tag rows carrying a >=14-sense es: lemma with topic:multi-sense
szfqmpo1uv	pasarla bien	to have a good time	supporting	topic:multi-sense	Spanish-to-English Mappings topic: tag rows carrying a >=14-sense es: lemma with topic:multi-sense
subaw4lf2e	pasarla mal	to have a bad time	reference	topic:multi-sense	Spanish-to-English Mappings topic: tag rows carrying a >=14-sense es: lemma with topic:multi-sense
euubcqf5w0	pasar a [otra cosa]	to move on to [something else]	reference	topic:multi-sense	Spanish-to-English Mappings topic: tag rows carrying a >=14-sense es: lemma with topic:multi-sense
h92pv2aho7	pasar por alto [algo]	to overlook [something]	reference	topic:multi-sense	Spanish-to-English Mappings topic: tag rows carrying a >=14-sense es: lemma with topic:multi-sense
lptgwusb5o	pasarse	to go too far	reference	topic:multi-sense	Spanish-to-English Mappings topic: tag rows carrying a >=14-sense es: lemma with topic:multi-sense
4vuklzq5ed	[el] pensamiento	the thought	reference	topic:multi-sense	Spanish-to-English Mappings topic: tag rows carrying a >=14-sense es: lemma with topic:multi-sense
uujozpaw2h	pensar en [algo]	to think of [something]	reference	topic:multi-sense	Spanish-to-English Mappings topic: tag rows carrying a >=14-sense es: lemma with topic:multi-sense
spqggf97ma	pensar [hacer algo]	to intend to [do something]	reference	topic:multi-sense	Spanish-to-English Mappings topic: tag rows carrying a >=14-sense es: lemma with topic:multi-sense
ery1618u7t	pensar en [hacer algo]	to consider [doing something]	supporting	topic:multi-sense	Spanish-to-English Mappings topic: tag rows carrying a >=14-sense es: lemma with topic:multi-sense
nb4w5o0cgc	[estar] pensativo/a	[to be] pensive	reference	topic:multi-sense	Spanish-to-English Mappings topic: tag rows carrying a >=14-sense es: lemma with topic:multi-sense
grd7p3e7kw	[estar] bien pensado/a	[to be] well thought out	reference	topic:multi-sense	Spanish-to-English Mappings topic: tag rows carrying a >=14-sense es: lemma with topic:multi-sense
bwknkus97g	a pesar de que [ocurrió algo]	even though [something happened]	supporting	topic:multi-sense	Spanish-to-English Mappings topic: tag rows carrying a >=14-sense es: lemma with topic:multi-sense
a1eubfzyp5	poder [hacer algo] (tener permiso)	to be allowed to [do something]	supporting	topic:multi-sense	Spanish-to-English Mappings topic: tag rows carrying a >=14-sense es: lemma with topic:multi-sense
mjncmw1m8b	puede [hacer algo] (permiso formal)	may [do something]	reference	topic:multi-sense	Spanish-to-English Mappings topic: tag rows carrying a >=14-sense es: lemma with topic:multi-sense
ltn1qfc1r6	no puede [hacer algo] (prohibición formal)	may not [do something]	reference	topic:multi-sense	Spanish-to-English Mappings topic: tag rows carrying a >=14-sense es: lemma with topic:multi-sense
7a3ugond7f	[alguien] caerle mal a [alguien]	[somebody] not to like [somebody]	supporting	topic:multi-sense	Spanish-to-English Mappings topic: tag rows carrying a >=14-sense es: lemma with topic:multi-sense
9jo5861xgs	pensar que [ocurre algo]	to think [that something is happening]	core	topic:multi-sense	Spanish-to-English Mappings topic: tag rows carrying a >=14-sense es: lemma with topic:multi-sense
r94x2zhkl9	pensar en [algo]	to think about [something]	core	topic:multi-sense	Spanish-to-English Mappings topic: tag rows carrying a >=14-sense es: lemma with topic:multi-sense
0zuw37lnfv	poder [hacer algo] (capacidad)	can [do something]	core	topic:multi-sense	Spanish-to-English Mappings topic: tag rows carrying a >=14-sense es: lemma with topic:multi-sense
mxguwwzrxk	poder [hacer algo]	to be able [to do something]	core	topic:multi-sense	Spanish-to-English Mappings topic: tag rows carrying a >=14-sense es: lemma with topic:multi-sense
rhb07wm3u7	puede [hacer algo] (oportunidad)	gets to [do something]	reference	topic:multi-sense	Spanish-to-English Mappings topic: tag rows carrying a >=14-sense es: lemma with topic:multi-sense
kdqtl39s0m	pudo [hacer algo] (oportunidad)	got to [do something]	reference	topic:multi-sense	Spanish-to-English Mappings topic: tag rows carrying a >=14-sense es: lemma with topic:multi-sense
0x5jkr1aja	no pudo [hacer algo] (oportunidad perdida)	didn't get to [do something]	reference	topic:multi-sense	Spanish-to-English Mappings topic: tag rows carrying a >=14-sense es: lemma with topic:multi-sense
cl4hfx7beh	podía [hacer algo] (capacidad general)	could [do something]	supporting	topic:multi-sense	Spanish-to-English Mappings topic: tag rows carrying a >=14-sense es: lemma with topic:multi-sense
4onwfj2pow	pudo [hacer algo] (éxito específico)	managed to [do something]	supporting	topic:multi-sense	Spanish-to-English Mappings topic: tag rows carrying a >=14-sense es: lemma with topic:multi-sense
pxrkuoz9om	[el] poder notarial	power of attorney	reference	topic:multi-sense	Spanish-to-English Mappings topic: tag rows carrying a >=14-sense es: lemma with topic:multi-sense
savje2u82z	[la] impotencia (falta de poder)	powerlessness	reference	topic:multi-sense	Spanish-to-English Mappings topic: tag rows carrying a >=14-sense es: lemma with topic:multi-sense
al22a3sck3	pudo [hacer algo] (éxito específico)	was able to [do something]	reference	topic:multi-sense	Spanish-to-English Mappings topic: tag rows carrying a >=14-sense es: lemma with topic:multi-sense
n5gllks2an	[el] poder (capacidad oficial)	authority	reference	topic:multi-sense	Spanish-to-English Mappings topic: tag rows carrying a >=14-sense es: lemma with topic:multi-sense
b7js6hk28a	[ser] todopoderoso/a	[to be] all-powerful	reference	topic:multi-sense	Spanish-to-English Mappings topic: tag rows carrying a >=14-sense es: lemma with topic:multi-sense
j89bqvhlm0	[ser] poderoso/a (tener influencia)	[to be] influential	reference	topic:multi-sense	Spanish-to-English Mappings topic: tag rows carrying a >=14-sense es: lemma with topic:multi-sense
3m5g5fxdnu	[sentirse] impotente (sin poder)	[to feel] powerless	reference	topic:multi-sense	Spanish-to-English Mappings topic: tag rows carrying a >=14-sense es: lemma with topic:multi-sense
s2fkpkgyh0	[sentirse] impotente (sin poder ayudar)	[to feel] helpless	reference	topic:multi-sense	Spanish-to-English Mappings topic: tag rows carrying a >=14-sense es: lemma with topic:multi-sense
1vp9cxf3e2	[ser] todopoderoso/a (formal)	[to be] omnipotent	reference	topic:multi-sense	Spanish-to-English Mappings topic: tag rows carrying a >=14-sense es: lemma with topic:multi-sense
8mhghrw0y0	[ser] todopoderoso/a (religioso)	[to be] almighty	reference	topic:multi-sense	Spanish-to-English Mappings topic: tag rows carrying a >=14-sense es: lemma with topic:multi-sense
v2jinicnwh	no pudo [hacer algo] (intento fallido)	couldn't [do something]	supporting	topic:multi-sense	Spanish-to-English Mappings topic: tag rows carrying a >=14-sense es: lemma with topic:multi-sense
o9amfhzn7k	podrá [hacer algo]	will be able to [do something]	supporting	topic:multi-sense	Spanish-to-English Mappings topic: tag rows carrying a >=14-sense es: lemma with topic:multi-sense
ipa706hrsh	podría [hacer algo] (condición)	could [do something]	supporting	topic:multi-sense	Spanish-to-English Mappings topic: tag rows carrying a >=14-sense es: lemma with topic:multi-sense
rblsgxrrm1	he podido [hacer algo]	have been able to [do something]	reference	topic:multi-sense	Spanish-to-English Mappings topic: tag rows carrying a >=14-sense es: lemma with topic:multi-sense
3qq5q3d71a	habría podido [hacer algo]	could have [done something]	reference	topic:multi-sense	Spanish-to-English Mappings topic: tag rows carrying a >=14-sense es: lemma with topic:multi-sense
93vebts2ml	habría podido [hacer algo] (hablado)	could've [done something]	reference	topic:multi-sense	Spanish-to-English Mappings topic: tag rows carrying a >=14-sense es: lemma with topic:multi-sense
q0xx0fzsx3	pueda [hacer algo] (cláusula subordinada)	can [do something]	reference	topic:multi-sense	Spanish-to-English Mappings topic: tag rows carrying a >=14-sense es: lemma with topic:multi-sense
dq62rzd2ga	si pudiera [hacer algo]	if [somebody] could [do something]	reference	topic:multi-sense	Spanish-to-English Mappings topic: tag rows carrying a >=14-sense es: lemma with topic:multi-sense
jdd2lebx6x	¿Puedo [hacer algo]?	Can I [do something]?	core	topic:multi-sense	Spanish-to-English Mappings topic: tag rows carrying a >=14-sense es: lemma with topic:multi-sense
rvx9hh6oh0	poderosamente	powerfully	reference	topic:multi-sense	Spanish-to-English Mappings topic: tag rows carrying a >=14-sense es: lemma with topic:multi-sense
g06ovsd470	¿Puedo [hacer algo]? (formal)	May I [do something]?	reference	topic:multi-sense	Spanish-to-English Mappings topic: tag rows carrying a >=14-sense es: lemma with topic:multi-sense
oy4fp397cg	¿Podría [hacer algo]?	Could I [do something]?	supporting	topic:multi-sense	Spanish-to-English Mappings topic: tag rows carrying a >=14-sense es: lemma with topic:multi-sense
wgqppszkg9	puede que [ocurra algo]	[something] may happen	supporting	topic:multi-sense	Spanish-to-English Mappings topic: tag rows carrying a >=14-sense es: lemma with topic:multi-sense
rhfali1n6u	puede que [ocurra algo]	[something] might happen	supporting	topic:multi-sense	Spanish-to-English Mappings topic: tag rows carrying a >=14-sense es: lemma with topic:multi-sense
wew9sag3jl	podría estar [en un estado o lugar]	could be [in a state or place]	reference	topic:multi-sense	Spanish-to-English Mappings topic: tag rows carrying a >=14-sense es: lemma with topic:multi-sense
mwqsbens4h	podría haber [hecho algo]	might have [done something]	reference	topic:multi-sense	Spanish-to-English Mappings topic: tag rows carrying a >=14-sense es: lemma with topic:multi-sense
wbadwkrywg	¿No puedes [hacer algo]? (capacidad)	Can't you [do something]?	reference	topic:multi-sense	Spanish-to-English Mappings topic: tag rows carrying a >=14-sense es: lemma with topic:multi-sense
3lk22b2pth	podía [hacer algo] (permiso habitual)	could [do something]	reference	topic:multi-sense	Spanish-to-English Mappings topic: tag rows carrying a >=14-sense es: lemma with topic:multi-sense
tlwmwkpfcj	podía [hacer algo] (permiso habitual)	was allowed to [do something]	reference	topic:multi-sense	Spanish-to-English Mappings topic: tag rows carrying a >=14-sense es: lemma with topic:multi-sense
278hopgdpm	había podido [hacer algo]	had been able to [do something]	reference	topic:multi-sense	Spanish-to-English Mappings topic: tag rows carrying a >=14-sense es: lemma with topic:multi-sense
gtr8psda9i	podría [hacer algo] (capacidad condicional explícita)	would be able to [do something]	reference	topic:multi-sense	Spanish-to-English Mappings topic: tag rows carrying a >=14-sense es: lemma with topic:multi-sense
12340xb2xp	podría [ocurrir algo] (posibilidad incierta)	[something] might happen	reference	topic:multi-sense	Spanish-to-English Mappings topic: tag rows carrying a >=14-sense es: lemma with topic:multi-sense
9az16vn9mo	puede que [ocurra algo]	[something] could happen	reference	topic:multi-sense	Spanish-to-English Mappings topic: tag rows carrying a >=14-sense es: lemma with topic:multi-sense
qvrmxadrwa	puede que haya [hecho algo]	may have [done something]	reference	topic:multi-sense	Spanish-to-English Mappings topic: tag rows carrying a >=14-sense es: lemma with topic:multi-sense
nr6s42kdwg	puede que haya [hecho algo]	might have [done something]	reference	topic:multi-sense	Spanish-to-English Mappings topic: tag rows carrying a >=14-sense es: lemma with topic:multi-sense
jy4xtdl0bz	puede que haya [hecho algo]	could have [done something]	reference	topic:multi-sense	Spanish-to-English Mappings topic: tag rows carrying a >=14-sense es: lemma with topic:multi-sense
qzm188rl47	podría haber [hecho algo] (especulación)	could have [done something]	reference	topic:multi-sense	Spanish-to-English Mappings topic: tag rows carrying a >=14-sense es: lemma with topic:multi-sense
7r5w8ljmzc	quizá pueda [hacer algo]	might be able to [do something]	reference	topic:multi-sense	Spanish-to-English Mappings topic: tag rows carrying a >=14-sense es: lemma with topic:multi-sense
43z1s233ya	¿Puedes [hacer algo]? (capacidad)	Can you [do something]?	core	topic:multi-sense	Spanish-to-English Mappings topic: tag rows carrying a >=14-sense es: lemma with topic:multi-sense
lv3d9lcju3	[estar] abierto/a	[to be] open	supporting	topic:multi-sense	Spanish-to-English Mappings topic: tag rows carrying a >=14-sense es: lemma with topic:multi-sense
j6rsrji1gk	[quedarse] callado/a	[to keep] quiet	reference	topic:multi-sense	Spanish-to-English Mappings topic: tag rows carrying a >=14-sense es: lemma with topic:multi-sense
nwxm8j7bvp	[quedarse] dormido/a	[to fall] asleep	supporting	topic:multi-sense	Spanish-to-English Mappings topic: tag rows carrying a >=14-sense es: lemma with topic:multi-sense
398l0y1m6b	quedar [algo]	[something] remains	reference	topic:multi-sense	Spanish-to-English Mappings topic: tag rows carrying a >=14-sense es: lemma with topic:multi-sense
qbsolsmmo9	quedarle bien [algo] a [alguien] (apariencia)	[something] looks good on [somebody]	reference	topic:multi-sense	Spanish-to-English Mappings topic: tag rows carrying a >=14-sense es: lemma with topic:multi-sense
h1lszqhdfc	quedar en [un lugar]	to be located in [a place]	supporting	topic:multi-sense	Spanish-to-English Mappings topic: tag rows carrying a >=14-sense es: lemma with topic:multi-sense
7xazjpfhbp	[algo] quedar bien	[something] turns out well	reference	topic:multi-sense	Spanish-to-English Mappings topic: tag rows carrying a >=14-sense es: lemma with topic:multi-sense
smq8nhlb78	quedarse con [algo]	to keep [something]	supporting	topic:multi-sense	Spanish-to-English Mappings topic: tag rows carrying a >=14-sense es: lemma with topic:multi-sense
go9ggtice2	quedarse sin [algo] (estado)	to be out of [something]	reference	topic:multi-sense	Spanish-to-English Mappings topic: tag rows carrying a >=14-sense es: lemma with topic:multi-sense
8m3dkw2zpm	quedarse atrás	to fall behind	reference	topic:multi-sense	Spanish-to-English Mappings topic: tag rows carrying a >=14-sense es: lemma with topic:multi-sense
sszeanx1ia	quedarse fuera	to be left out	reference	topic:multi-sense	Spanish-to-English Mappings topic: tag rows carrying a >=14-sense es: lemma with topic:multi-sense
hkptgj59vp	no quedar más remedio que [hacer algo]	to have no choice but to [do something]	reference	topic:multi-sense	Spanish-to-English Mappings topic: tag rows carrying a >=14-sense es: lemma with topic:multi-sense
hbyr6b4vte	quitar importancia a [algo]	to downplay [something]	reference	topic:multi-sense	Spanish-to-English Mappings topic: tag rows carrying a >=14-sense es: lemma with topic:multi-sense
e8nzmbgdqf	caer bien	to make a good impression	reference	topic:multi-sense	Spanish-to-English Mappings topic: tag rows carrying a >=14-sense es: lemma with topic:multi-sense
lzwwxzjt9z	quedarse en [un lugar]	to stay in [a place]	core	topic:multi-sense	Spanish-to-English Mappings topic: tag rows carrying a >=14-sense es: lemma with topic:multi-sense
tef3nelk2n	acabar de [hacer algo]	to finish [doing something]	supporting	topic:multi-sense	Spanish-to-English Mappings topic: tag rows carrying a >=14-sense es: lemma with topic:multi-sense
vm27w6wl2u	acabar de [hacer algo]	to have just [done something]	supporting	topic:multi-sense	Spanish-to-English Mappings topic: tag rows carrying a >=14-sense es: lemma with topic:multi-sense
jx3qdoooew	acababa de [hacer algo]	to have just [done something]	reference	topic:multi-sense	Spanish-to-English Mappings topic: tag rows carrying a >=14-sense es: lemma with topic:multi-sense
c7ptjv43wf	acabar por [hacer algo]	to end up [doing something]	reference	topic:multi-sense	Spanish-to-English Mappings topic: tag rows carrying a >=14-sense es: lemma with topic:multi-sense
ttxd6h84lo	¿hay [algo]?	is there [something]?	supporting	topic:multi-sense	Spanish-to-English Mappings topic: tag rows carrying a >=14-sense es: lemma with topic:multi-sense
897t46ipdb	[estar] acabado/a	[to be] finished	reference	topic:multi-sense	Spanish-to-English Mappings topic: tag rows carrying a >=14-sense es: lemma with topic:multi-sense
wof9vipshg	[ser] azul	[to be] blue	supporting	topic:multi-sense	Spanish-to-English Mappings topic: tag rows carrying a >=14-sense es: lemma with topic:multi-sense
yd9u4l5hk8	fuera del alcance de [alguien]	out of [somebody's] reach	reference	topic:multi-sense	Spanish-to-English Mappings topic: tag rows carrying a >=14-sense es: lemma with topic:multi-sense
gff4ny55ob	caerse	to fall	supporting	topic:multi-sense	Spanish-to-English Mappings topic: tag rows carrying a >=14-sense es: lemma with topic:multi-sense
kz0e1id4s4	caerse de [algo]	to fall off [something]	reference	topic:multi-sense	Spanish-to-English Mappings topic: tag rows carrying a >=14-sense es: lemma with topic:multi-sense
v3wnwpk0qj	si	if	core	topic:multi-sense	Spanish-to-English Mappings topic: tag rows carrying a >=14-sense es: lemma with topic:multi-sense
61km55vsoh	[estar] ocupado	[to be] busy	supporting	topic:multi-sense	Spanish-to-English Mappings topic: tag rows carrying a >=14-sense es: lemma with topic:multi-sense
ltyh3i8eqd	[estar] ocupado	[to be] occupied	reference	topic:multi-sense	Spanish-to-English Mappings topic: tag rows carrying a >=14-sense es: lemma with topic:multi-sense
uzeqfh2cbl	[ser] viejo	[to be] old	reference	topic:multi-sense	Spanish-to-English Mappings topic: tag rows carrying a >=14-sense es: lemma with topic:multi-sense
pjr9m3okp5	contarle a [alguien] que [algo sucedió]	to tell [somebody] that [something happened]	reference	topic:multi-sense	Spanish-to-English Mappings topic: tag rows carrying a >=14-sense es: lemma with topic:multi-sense
u9mhk0r7wd	contarle [algo] a [alguien]	to tell [somebody] [something]	supporting	topic:multi-sense	Spanish-to-English Mappings topic: tag rows carrying a >=14-sense es: lemma with topic:multi-sense
cnqk3msdez	[alguien] caerle bien a [alguien]	[somebody] to like [somebody]	supporting	topic:multi-sense	Spanish-to-English Mappings topic: tag rows carrying a >=14-sense es: lemma with topic:multi-sense
ty4a0kmfe9	conocer de vista a [alguien]	to know [somebody] by sight	reference	topic:multi-sense	Spanish-to-English Mappings topic: tag rows carrying a >=14-sense es: lemma with topic:multi-sense
u40vouf4og	[un] conocido / [una] conocida	an acquaintance	reference	topic:multi-sense	Spanish-to-English Mappings topic: tag rows carrying a >=14-sense es: lemma with topic:multi-sense
drrg6rj7ry	[la] caída	the decline	reference	topic:multi-sense	Spanish-to-English Mappings topic: tag rows carrying a >=14-sense es: lemma with topic:multi-sense
7onkppih6a	[el] conocimiento	the knowledge	reference	topic:multi-sense	Spanish-to-English Mappings topic: tag rows carrying a >=14-sense es: lemma with topic:multi-sense
7grhjsaoa0	[ser] conocido/a	[to be] well-known	reference	topic:multi-sense	Spanish-to-English Mappings topic: tag rows carrying a >=14-sense es: lemma with topic:multi-sense
6s0jnfqhv2	caer desde [un lugar]	to fall from [a place]	reference	topic:multi-sense	Spanish-to-English Mappings topic: tag rows carrying a >=14-sense es: lemma with topic:multi-sense
z4vwfqlj0b	caérsele [algo] a [alguien]	to drop [something]	supporting	topic:multi-sense	Spanish-to-English Mappings topic: tag rows carrying a >=14-sense es: lemma with topic:multi-sense
jkb4nwb6qj	caer en [un día o una fecha]	to fall on [a day or date]	reference	topic:multi-sense	Spanish-to-English Mappings topic: tag rows carrying a >=14-sense es: lemma with topic:multi-sense
rgpsxhe7h3	caer en cuenta de que [algo sucede]	to realize that [something happens]	reference	topic:multi-sense	Spanish-to-English Mappings topic: tag rows carrying a >=14-sense es: lemma with topic:multi-sense
2zhbl574oh	caerle mal a [alguien]	not to agree with [somebody]	reference	topic:multi-sense	Spanish-to-English Mappings topic: tag rows carrying a >=14-sense es: lemma with topic:multi-sense
v3arwl0pds	caer enfermo/a	to fall ill	reference	topic:multi-sense	Spanish-to-English Mappings topic: tag rows carrying a >=14-sense es: lemma with topic:multi-sense
t7h2p8595v	caer dormido/a	to fall asleep	reference	topic:multi-sense	Spanish-to-English Mappings topic: tag rows carrying a >=14-sense es: lemma with topic:multi-sense
jv7jdxmfpj	caer en [una trampa]	to fall into [a trap]	reference	topic:multi-sense	Spanish-to-English Mappings topic: tag rows carrying a >=14-sense es: lemma with topic:multi-sense
9y9odv6gw9	caerse a pedazos	to fall apart	reference	topic:multi-sense	Spanish-to-English Mappings topic: tag rows carrying a >=14-sense es: lemma with topic:multi-sense
2bpm3xi7ft	caer por debajo de [un nivel]	to fall below [a level]	reference	topic:multi-sense	Spanish-to-English Mappings topic: tag rows carrying a >=14-sense es: lemma with topic:multi-sense
lmbu8msbkt	conocer a [alguien] por primera vez	to meet [somebody]	core	topic:multi-sense	Spanish-to-English Mappings topic: tag rows carrying a >=14-sense es: lemma with topic:multi-sense
awrlr9z7v4	haber conocido a [alguien]	to have met [somebody]	reference	topic:multi-sense	Spanish-to-English Mappings topic: tag rows carrying a >=14-sense es: lemma with topic:multi-sense
vjb5yapkmy	conocer mejor a [alguien]	to get to know [somebody]	supporting	topic:multi-sense	Spanish-to-English Mappings topic: tag rows carrying a >=14-sense es: lemma with topic:multi-sense
uh84kdr8vi	conocer [un lugar]	to know [a place]	supporting	topic:multi-sense	Spanish-to-English Mappings topic: tag rows carrying a >=14-sense es: lemma with topic:multi-sense
2y3nvlpqwe	conocer [un lugar] por primera vez	to visit [a place] for the first time	reference	topic:multi-sense	Spanish-to-English Mappings topic: tag rows carrying a >=14-sense es: lemma with topic:multi-sense
bb7fukdi26	conocer [un tema o sistema]	to be familiar with [a topic or system]	reference	topic:multi-sense	Spanish-to-English Mappings topic: tag rows carrying a >=14-sense es: lemma with topic:multi-sense
c5hr8odlxd	desconocido/a	unknown	reference	topic:multi-sense	Spanish-to-English Mappings topic: tag rows carrying a >=14-sense es: lemma with topic:multi-sense
hpdisj6u7v	ser conocido/a por [algo]	to be known for [something]	reference	topic:multi-sense	Spanish-to-English Mappings topic: tag rows carrying a >=14-sense es: lemma with topic:multi-sense
uhisl4h91k	ser conocido/a como [algo]	to be known as [something]	reference	topic:multi-sense	Spanish-to-English Mappings topic: tag rows carrying a >=14-sense es: lemma with topic:multi-sense
vgflpedkcj	darse a conocer	to become known	reference	topic:multi-sense	Spanish-to-English Mappings topic: tag rows carrying a >=14-sense es: lemma with topic:multi-sense
g0guw4apm0	darse a conocer	to make oneself known	reference	topic:multi-sense	Spanish-to-English Mappings topic: tag rows carrying a >=14-sense es: lemma with topic:multi-sense
lu5wncr0kf	conocer a [alguien]	to know [somebody]	core	topic:multi-sense	Spanish-to-English Mappings topic: tag rows carrying a >=14-sense es: lemma with topic:multi-sense
eb73rheyc0	contar [algo]	to count [something]	supporting	topic:multi-sense	Spanish-to-English Mappings topic: tag rows carrying a >=14-sense es: lemma with topic:multi-sense
ic3fla1k1p	contar [algo] dentro de [un total]	to include [something] in [a total]	reference	topic:multi-sense	Spanish-to-English Mappings topic: tag rows carrying a >=14-sense es: lemma with topic:multi-sense
0kj5wrzna7	contar [algo] como [algo]	to count [something] as [something]	reference	topic:multi-sense	Spanish-to-English Mappings topic: tag rows carrying a >=14-sense es: lemma with topic:multi-sense
2rfxpupyvg	contar con [alguien]	to count on [somebody]	supporting	topic:multi-sense	Spanish-to-English Mappings topic: tag rows carrying a >=14-sense es: lemma with topic:multi-sense
556o2u50np	contar con [alguien]	to rely on [somebody]	reference	topic:multi-sense	Spanish-to-English Mappings topic: tag rows carrying a >=14-sense es: lemma with topic:multi-sense
vjzoqo7829	contar con [algo]	to have [something] available	reference	topic:multi-sense	Spanish-to-English Mappings topic: tag rows carrying a >=14-sense es: lemma with topic:multi-sense
16jugpou1c	[la] cuenta	the account	reference	topic:multi-sense	Spanish-to-English Mappings topic: tag rows carrying a >=14-sense es: lemma with topic:multi-sense
lfvxv89s5p	[el] contador / la contadora	the accountant	reference	topic:multi-sense	Spanish-to-English Mappings topic: tag rows carrying a >=14-sense es: lemma with topic:multi-sense
55k48ap3p8	contar hacia atrás	to count down	reference	topic:multi-sense	Spanish-to-English Mappings topic: tag rows carrying a >=14-sense es: lemma with topic:multi-sense
y239ieja7n	contar [un total]	to count up [a total]	reference	topic:multi-sense	Spanish-to-English Mappings topic: tag rows carrying a >=14-sense es: lemma with topic:multi-sense
hwcvqf6jnh	contar a [alguien] entre [un grupo]	to count [somebody] among [a group]	reference	topic:multi-sense	Spanish-to-English Mappings topic: tag rows carrying a >=14-sense es: lemma with topic:multi-sense
1kr3gizb9y	sin contar [algo]	not counting [something]	reference	topic:multi-sense	Spanish-to-English Mappings topic: tag rows carrying a >=14-sense es: lemma with topic:multi-sense
7b45x2pc78	[la] creencia	the belief	reference	topic:multi-sense	Spanish-to-English Mappings topic: tag rows carrying a >=14-sense es: lemma with topic:multi-sense
inwwluj4ug	[ser] creíble	[to be] believable	reference	topic:multi-sense	Spanish-to-English Mappings topic: tag rows carrying a >=14-sense es: lemma with topic:multi-sense
1cgmo681z0	creer [algo]	to believe [something]	supporting	topic:multi-sense	Spanish-to-English Mappings topic: tag rows carrying a >=14-sense es: lemma with topic:multi-sense
axqcb6ldni	creerle a [alguien]	to believe [somebody]	supporting	topic:multi-sense	Spanish-to-English Mappings topic: tag rows carrying a >=14-sense es: lemma with topic:multi-sense
8wzfds4amd	creer en [algo]	to believe in [something]	supporting	topic:multi-sense	Spanish-to-English Mappings topic: tag rows carrying a >=14-sense es: lemma with topic:multi-sense
ar5ze0bqlr	creerse [algo falso]	to fall for [something]	reference	topic:multi-sense	Spanish-to-English Mappings topic: tag rows carrying a >=14-sense es: lemma with topic:multi-sense
p99yu0ey1y	creerse [adjetivo o sustantivo]	to think one is [an adjective or noun]	reference	topic:multi-sense	Spanish-to-English Mappings topic: tag rows carrying a >=14-sense es: lemma with topic:multi-sense
thr50jalym	hacerle creer [algo] a [alguien]	to make [somebody] believe [something]	reference	topic:multi-sense	Spanish-to-English Mappings topic: tag rows carrying a >=14-sense es: lemma with topic:multi-sense
v2kt4g9974	aunque no lo creas	believe it or not	reference	topic:multi-sense	Spanish-to-English Mappings topic: tag rows carrying a >=14-sense es: lemma with topic:multi-sense
8o5i8xvu89	increíblemente	incredibly	reference	topic:multi-sense	Spanish-to-English Mappings topic: tag rows carrying a >=14-sense es: lemma with topic:multi-sense
d1bjmwehz9	deberle [algo] a [alguien]	to owe [somebody] [something]	supporting	topic:multi-sense	Spanish-to-English Mappings topic: tag rows carrying a >=14-sense es: lemma with topic:multi-sense
61gghvt40a	deber [algo] a [alguien]	to owe [something] to [somebody]	reference	topic:multi-sense	Spanish-to-English Mappings topic: tag rows carrying a >=14-sense es: lemma with topic:multi-sense
uekbgu9nsq	deber [hacer algo]	must [do something]	supporting	topic:multi-sense	Spanish-to-English Mappings topic: tag rows carrying a >=14-sense es: lemma with topic:multi-sense
q95c3kam4n	debería [hacer algo]	ought to [do something]	reference	topic:multi-sense	Spanish-to-English Mappings topic: tag rows carrying a >=14-sense es: lemma with topic:multi-sense
qe4q40qzw2	deber [hacer algo]	to be supposed to [do something]	supporting	topic:multi-sense	Spanish-to-English Mappings topic: tag rows carrying a >=14-sense es: lemma with topic:multi-sense
1vu2pjhl3v	deber [hacer algo]	to be expected to [do something]	reference	topic:multi-sense	Spanish-to-English Mappings topic: tag rows carrying a >=14-sense es: lemma with topic:multi-sense
f4kds6r2gr	deber estar [en un estado o lugar]	must be [in a state or place]	supporting	topic:multi-sense	Spanish-to-English Mappings topic: tag rows carrying a >=14-sense es: lemma with topic:multi-sense
i4siv85tf9	no deber [hacer algo]	must not [do something]	supporting	topic:multi-sense	Spanish-to-English Mappings topic: tag rows carrying a >=14-sense es: lemma with topic:multi-sense
nyjodxeo12	no deber [hacer algo]	mustn't [do something]	supporting	topic:multi-sense	Spanish-to-English Mappings topic: tag rows carrying a >=14-sense es: lemma with topic:multi-sense
shtk95phvk	no debería [hacer algo]	should not [do something]	supporting	topic:multi-sense	Spanish-to-English Mappings topic: tag rows carrying a >=14-sense es: lemma with topic:multi-sense
7uxwcm2q2o	no debería [hacer algo]	shouldn't [do something]	supporting	topic:multi-sense	Spanish-to-English Mappings topic: tag rows carrying a >=14-sense es: lemma with topic:multi-sense
eemg8n6ho5	debí haber [hecho algo]	should have [done something]	reference	topic:multi-sense	Spanish-to-English Mappings topic: tag rows carrying a >=14-sense es: lemma with topic:multi-sense
ayed7fqlj3	deber haber [hecho algo]	must have [done something]	reference	topic:multi-sense	Spanish-to-English Mappings topic: tag rows carrying a >=14-sense es: lemma with topic:multi-sense
9bhhgek1hg	echar [humo u olor]	to give off [smoke or a smell]	reference	topic:multi-sense	Spanish-to-English Mappings topic: tag rows carrying a >=14-sense es: lemma with topic:multi-sense
wd6uku1ojd	creer que [algo es cierto]	to think that [something is true]	core	topic:multi-sense	Spanish-to-English Mappings topic: tag rows carrying a >=14-sense es: lemma with topic:multi-sense
yrb2jzggm4	debería [hacer algo]	should [do something]	core	topic:multi-sense	Spanish-to-English Mappings topic: tag rows carrying a >=14-sense es: lemma with topic:multi-sense
5qa1ueater	deberá [hacer algo]	will have to [do something]	reference	topic:multi-sense	Spanish-to-English Mappings topic: tag rows carrying a >=14-sense es: lemma with topic:multi-sense
gxnygskyt7	debido a que [algo sucede]	because [something happens]	reference	topic:multi-sense	Spanish-to-English Mappings topic: tag rows carrying a >=14-sense es: lemma with topic:multi-sense
psh0c11c73	[el] deber	the duty	reference	topic:multi-sense	Spanish-to-English Mappings topic: tag rows carrying a >=14-sense es: lemma with topic:multi-sense
z34w2rwul0	[los] deberes	the duties	reference	topic:multi-sense	Spanish-to-English Mappings topic: tag rows carrying a >=14-sense es: lemma with topic:multi-sense
dbgr3k3yq5	debido a que [algo sucede]	since [something happens]	reference	topic:multi-sense	Spanish-to-English Mappings topic: tag rows carrying a >=14-sense es: lemma with topic:multi-sense
bhh5lkxsvd	deberle una a [alguien]	to owe [somebody] one	reference	topic:multi-sense	Spanish-to-English Mappings topic: tag rows carrying a >=14-sense es: lemma with topic:multi-sense
bilb51sumb	[dejar] a [alguien] [en un estado]	[to make] [somebody] [an adjective]	reference	topic:multi-sense	Spanish-to-English Mappings topic: tag rows carrying a >=14-sense es: lemma with topic:multi-sense
tzy94y3hmu	[dejar] a [alguien] [en un estado]	[to leave] [somebody] [in a state]	reference	topic:multi-sense	Spanish-to-English Mappings topic: tag rows carrying a >=14-sense es: lemma with topic:multi-sense
l71xfacivn	[ser] viejo	[to be] elderly	reference	topic:multi-sense	Spanish-to-English Mappings topic: tag rows carrying a >=14-sense es: lemma with topic:multi-sense
zxbk3kr77z	dejar [algo] [en algún lugar]	to forget [something] [somewhere]	reference	topic:multi-sense	Spanish-to-English Mappings topic: tag rows carrying a >=14-sense es: lemma with topic:multi-sense
yxm2eedy90	dejar [algo] [en algún lugar]	to leave [something] [somewhere]	core	topic:multi-sense	Spanish-to-English Mappings topic: tag rows carrying a >=14-sense es: lemma with topic:multi-sense
nbidca94v7	dejar que [alguien] [haga algo]	to allow [somebody] to [do something]	reference	topic:multi-sense	Spanish-to-English Mappings topic: tag rows carrying a >=14-sense es: lemma with topic:multi-sense
2qn9jrryai	[dejar] [algo] claro	[to make] [something] clear	reference	topic:multi-sense	Spanish-to-English Mappings topic: tag rows carrying a >=14-sense es: lemma with topic:multi-sense
cz1u7ybmyj	dejarle [algo] a [alguien]	to lend [somebody] [something]	reference	topic:multi-sense	Spanish-to-English Mappings topic: tag rows carrying a >=14-sense es: lemma with topic:multi-sense
jwc22mmcyd	dejarle [algo] a [alguien]	to let [somebody] use [something]	reference	topic:multi-sense	Spanish-to-English Mappings topic: tag rows carrying a >=14-sense es: lemma with topic:multi-sense
czlzxhiz8y	dejar [un proyecto o responsabilidad]	to abandon [a project or responsibility]	reference	topic:multi-sense	Spanish-to-English Mappings topic: tag rows carrying a >=14-sense es: lemma with topic:multi-sense
9bd5m6jcab	dejar [un proyecto o actividad]	to give up [a project or activity]	reference	topic:multi-sense	Spanish-to-English Mappings topic: tag rows carrying a >=14-sense es: lemma with topic:multi-sense
scirzjermw	dejar [algo] atrás	to leave [something] behind	reference	topic:multi-sense	Spanish-to-English Mappings topic: tag rows carrying a >=14-sense es: lemma with topic:multi-sense
xf3bu4p3qr	dejar plantado/a a [alguien]	to stand [somebody] up	reference	topic:multi-sense	Spanish-to-English Mappings topic: tag rows carrying a >=14-sense es: lemma with topic:multi-sense
fzsfzh2mfr	dejar pasar [una oportunidad]	to let [an opportunity] pass	reference	topic:multi-sense	Spanish-to-English Mappings topic: tag rows carrying a >=14-sense es: lemma with topic:multi-sense
qk02mephc9	dejar pasar [una oportunidad]	to pass up [an opportunity]	reference	topic:multi-sense	Spanish-to-English Mappings topic: tag rows carrying a >=14-sense es: lemma with topic:multi-sense
hyx4uupf61	dejar [algo] encendido	to leave [something] on	reference	topic:multi-sense	Spanish-to-English Mappings topic: tag rows carrying a >=14-sense es: lemma with topic:multi-sense
zu4n3xn4x8	dejar [algo o alguien] por fuera	to leave [something or somebody] out	supporting	topic:multi-sense	Spanish-to-English Mappings topic: tag rows carrying a >=14-sense es: lemma with topic:multi-sense
goxootramx	dejarse llevar	to get carried away	reference	topic:multi-sense	Spanish-to-English Mappings topic: tag rows carrying a >=14-sense es: lemma with topic:multi-sense
j5psxk7lpd	dejar [algo o alguien] encargado con [alguien]	to leave [something or somebody] in [somebody's] care	reference	topic:multi-sense	Spanish-to-English Mappings topic: tag rows carrying a >=14-sense es: lemma with topic:multi-sense
9ytu1uafba	dejar mucho que desear	to leave much to be desired	reference	topic:multi-sense	Spanish-to-English Mappings topic: tag rows carrying a >=14-sense es: lemma with topic:multi-sense
iuscz9in74	echar [algo]	to throw [something]	supporting	topic:multi-sense	Spanish-to-English Mappings topic: tag rows carrying a >=14-sense es: lemma with topic:multi-sense
5q4eehz3vn	echar [algo]	to toss [something]	reference	topic:multi-sense	Spanish-to-English Mappings topic: tag rows carrying a >=14-sense es: lemma with topic:multi-sense
ycynxw1m3v	echarle [un ingrediente] a [algo]	to add [an ingredient] to [something]	supporting	topic:multi-sense	Spanish-to-English Mappings topic: tag rows carrying a >=14-sense es: lemma with topic:multi-sense
5vfdd7g6pp	echar a [alguien] de [un lugar]	to kick [somebody] out of [a place]	reference	topic:multi-sense	Spanish-to-English Mappings topic: tag rows carrying a >=14-sense es: lemma with topic:multi-sense
0yil0wwbgv	echar de menos a [alguien]	to miss [somebody]	reference	topic:multi-sense	Spanish-to-English Mappings topic: tag rows carrying a >=14-sense es: lemma with topic:multi-sense
15xrsrpy46	echarse a reír	to burst out laughing	reference	topic:multi-sense	Spanish-to-English Mappings topic: tag rows carrying a >=14-sense es: lemma with topic:multi-sense
cf5552jy9p	echarse a [hacer algo]	to start [doing something]	reference	topic:multi-sense	Spanish-to-English Mappings topic: tag rows carrying a >=14-sense es: lemma with topic:multi-sense
kpe00fplij	echar a perder [algo]	to ruin [something]	reference	topic:multi-sense	Spanish-to-English Mappings topic: tag rows carrying a >=14-sense es: lemma with topic:multi-sense
ve8mmxlgrz	echar a perder [algo]	to spoil [something]	reference	topic:multi-sense	Spanish-to-English Mappings topic: tag rows carrying a >=14-sense es: lemma with topic:multi-sense
vb2rixy6jn	echar raíces	to take root	reference	topic:multi-sense	Spanish-to-English Mappings topic: tag rows carrying a >=14-sense es: lemma with topic:multi-sense
84y1p0do9w	echar [algo] a la basura	to throw [something] away	reference	topic:multi-sense	Spanish-to-English Mappings topic: tag rows carrying a >=14-sense es: lemma with topic:multi-sense
xfgzv2w5ro	echarse atrás	to back out	reference	topic:multi-sense	Spanish-to-English Mappings topic: tag rows carrying a >=14-sense es: lemma with topic:multi-sense
mhpsjzbw88	echar un vistazo a [algo]	to take a look at [something]	supporting	topic:multi-sense	Spanish-to-English Mappings topic: tag rows carrying a >=14-sense es: lemma with topic:multi-sense
yfjyb31b9b	dejar de [hacer algo]	to stop [doing something]	core	topic:multi-sense	Spanish-to-English Mappings topic: tag rows carrying a >=14-sense es: lemma with topic:multi-sense
e7nedtjuof	dejar que [alguien] [haga algo]	to let [somebody] [do something]	core	topic:multi-sense	Spanish-to-English Mappings topic: tag rows carrying a >=14-sense es: lemma with topic:multi-sense
c5032rvam7	echarle la culpa de [algo] a [alguien]	to blame [somebody] for [something]	supporting	topic:multi-sense	Spanish-to-English Mappings topic: tag rows carrying a >=14-sense es: lemma with topic:multi-sense
84ubxhmjpj	echar a andar [algo]	to get [something] going	reference	topic:multi-sense	Spanish-to-English Mappings topic: tag rows carrying a >=14-sense es: lemma with topic:multi-sense
roc4s41s10	echarse a andar	to set off	reference	topic:multi-sense	Spanish-to-English Mappings topic: tag rows carrying a >=14-sense es: lemma with topic:multi-sense
we4uinxfyx	[la] sabiduría	wisdom	reference	topic:multi-sense	Spanish-to-English Mappings topic: tag rows carrying a >=14-sense es: lemma with topic:multi-sense
0f8859fdfq	echar abajo [algo]	to knock [something] down	reference	topic:multi-sense	Spanish-to-English Mappings topic: tag rows carrying a >=14-sense es: lemma with topic:multi-sense
wn89ieh7zn	echar cuentas	to work [something] out	reference	topic:multi-sense	Spanish-to-English Mappings topic: tag rows carrying a >=14-sense es: lemma with topic:multi-sense
2afxzimfwm	[ser] memorable	[to be] memorable	reference	topic:multi-sense	Spanish-to-English Mappings topic: tag rows carrying a >=14-sense es: lemma with topic:multi-sense
9dj6rqtp3w	[ser] sabio/a	[to be] wise	reference	topic:multi-sense	Spanish-to-English Mappings topic: tag rows carrying a >=14-sense es: lemma with topic:multi-sense
othawv9u0f	ser [identidad]	to be [an identity]	core	topic:multi-sense	Spanish-to-English Mappings topic: tag rows carrying a >=14-sense es: lemma with topic:multi-sense
ahq54carab	saber si [algo]	to know whether [something]	supporting	topic:multi-sense	Spanish-to-English Mappings topic: tag rows carrying a >=14-sense es: lemma with topic:multi-sense
tb9cpc7ypj	saber de [un tema]	to know about [a subject]	supporting	topic:multi-sense	Spanish-to-English Mappings topic: tag rows carrying a >=14-sense es: lemma with topic:multi-sense
bjifboq9ja	saberse [algo] de memoria	to know [something] by heart	reference	topic:multi-sense	Spanish-to-English Mappings topic: tag rows carrying a >=14-sense es: lemma with topic:multi-sense
4n3bcm9qjj	salir afuera	to go outside	reference	topic:multi-sense	Spanish-to-English Mappings topic: tag rows carrying a >=14-sense es: lemma with topic:multi-sense
r68cdfj171	salir de [un lugar]	to get out of [a place]	supporting	topic:multi-sense	Spanish-to-English Mappings topic: tag rows carrying a >=14-sense es: lemma with topic:multi-sense
nd8kf3g80o	salir bien	to turn out well	supporting	topic:multi-sense	Spanish-to-English Mappings topic: tag rows carrying a >=14-sense es: lemma with topic:multi-sense
3wtzllym25	saber [algo]	to know [something]	core	topic:multi-sense	Spanish-to-English Mappings topic: tag rows carrying a >=14-sense es: lemma with topic:multi-sense
manx93glfl	saber que [algo]	to know that [something]	core	topic:multi-sense	Spanish-to-English Mappings topic: tag rows carrying a >=14-sense es: lemma with topic:multi-sense
z5glfbp5sq	saber [qué/dónde/cuándo/por qué]	to know [what, where, when, or why]	core	topic:multi-sense	Spanish-to-English Mappings topic: tag rows carrying a >=14-sense es: lemma with topic:multi-sense
kwh31erumh	saber [hacer algo]	to know how to [do something]	core	topic:multi-sense	Spanish-to-English Mappings topic: tag rows carrying a >=14-sense es: lemma with topic:multi-sense
3q9231a8nt	salir de [un lugar]	to leave [a place]	core	topic:multi-sense	Spanish-to-English Mappings topic: tag rows carrying a >=14-sense es: lemma with topic:multi-sense
zl1azbv6vk	salir	to go out	core	topic:multi-sense	Spanish-to-English Mappings topic: tag rows carrying a >=14-sense es: lemma with topic:multi-sense
gn6wgqx5vo	salir [caro/barato]	to cost [a lot or a little]	reference	topic:multi-sense	Spanish-to-English Mappings topic: tag rows carrying a >=14-sense es: lemma with topic:multi-sense
hbm575ua4b	salir [publicado]	to come out	reference	topic:multi-sense	Spanish-to-English Mappings topic: tag rows carrying a >=14-sense es: lemma with topic:multi-sense
rnznavwcfr	salir con [alguien]	to date [somebody]	supporting	topic:multi-sense	Spanish-to-English Mappings topic: tag rows carrying a >=14-sense es: lemma with topic:multi-sense
ezq7209l2y	salir con [alguien]	to go out with [somebody]	reference	topic:multi-sense	Spanish-to-English Mappings topic: tag rows carrying a >=14-sense es: lemma with topic:multi-sense
ro9nxfyi16	dejar [algo] fuera	to leave [something] out	reference	topic:multi-sense	Spanish-to-English Mappings topic: tag rows carrying a >=14-sense es: lemma with topic:multi-sense
74tgefagq1	[el] seguidor / la seguidora	follower	reference	topic:multi-sense	Spanish-to-English Mappings topic: tag rows carrying a >=14-sense es: lemma with topic:multi-sense
odnmr4o3xv	seguir [haciendo algo]	to continue [doing something]	supporting	topic:multi-sense	Spanish-to-English Mappings topic: tag rows carrying a >=14-sense es: lemma with topic:multi-sense
ukd87mv2pz	seguir [haciendo algo]	to still be [doing something]	supporting	topic:multi-sense	Spanish-to-English Mappings topic: tag rows carrying a >=14-sense es: lemma with topic:multi-sense
na5kdv5rje	seguir [en un estado]	to still be [in a state]	supporting	topic:multi-sense	Spanish-to-English Mappings topic: tag rows carrying a >=14-sense es: lemma with topic:multi-sense
fhohvsakmg	seguir a [alguien] en redes	to follow [somebody] online	reference	topic:multi-sense	Spanish-to-English Mappings topic: tag rows carrying a >=14-sense es: lemma with topic:multi-sense
snuyccf6qe	cumplir con [algo]	to follow through on [something]	reference	topic:multi-sense	Spanish-to-English Mappings topic: tag rows carrying a >=14-sense es: lemma with topic:multi-sense
7505bgiyyc	no entrar	to keep out	reference	topic:multi-sense	Spanish-to-English Mappings topic: tag rows carrying a >=14-sense es: lemma with topic:multi-sense
kvedge4aey	no pisar [algo]	to keep off [something]	reference	topic:multi-sense	Spanish-to-English Mappings topic: tag rows carrying a >=14-sense es: lemma with topic:multi-sense
j7s4nn02ph	mantener [algo] bajo	to keep [something] down	reference	topic:multi-sense	Spanish-to-English Mappings topic: tag rows carrying a >=14-sense es: lemma with topic:multi-sense
p1ln5nyupv	[el] seguimiento	follow-up	reference	topic:multi-sense	Spanish-to-English Mappings topic: tag rows carrying a >=14-sense es: lemma with topic:multi-sense
64zpt713l1	[ser] sentimental	[to be] sentimental	reference	topic:multi-sense	Spanish-to-English Mappings topic: tag rows carrying a >=14-sense es: lemma with topic:multi-sense
2m5zc7v18r	reservarse [algo]	to keep [something] to yourself	reference	topic:multi-sense	Spanish-to-English Mappings topic: tag rows carrying a >=14-sense es: lemma with topic:multi-sense
wtwbsaolgx	sentir que [algo]	to feel that [something]	supporting	topic:multi-sense	Spanish-to-English Mappings topic: tag rows carrying a >=14-sense es: lemma with topic:multi-sense
b0zp4e4wz9	sentirse mal	to feel bad	supporting	topic:multi-sense	Spanish-to-English Mappings topic: tag rows carrying a >=14-sense es: lemma with topic:multi-sense
o6vs3cstlt	sentir algo por [alguien]	to have feelings for [somebody]	reference	topic:multi-sense	Spanish-to-English Mappings topic: tag rows carrying a >=14-sense es: lemma with topic:multi-sense
wbo46b952m	sentirse con ánimo de [hacer algo]	to feel up to [doing something]	reference	topic:multi-sense	Spanish-to-English Mappings topic: tag rows carrying a >=14-sense es: lemma with topic:multi-sense
cqou51zh8d	compadecerse de [alguien]	to feel for [somebody]	reference	topic:multi-sense	Spanish-to-English Mappings topic: tag rows carrying a >=14-sense es: lemma with topic:multi-sense
6fi09q216i	seguir [haciendo algo]	to keep [doing something]	core	topic:multi-sense	Spanish-to-English Mappings topic: tag rows carrying a >=14-sense es: lemma with topic:multi-sense
ralwup7tfh	ser bueno/a para [hacer algo]	to be good at [doing something]	supporting	topic:multi-sense	Spanish-to-English Mappings topic: tag rows carrying a >=14-sense es: lemma with topic:multi-sense
i49be62rpv	ser bueno para [alguien/algo]	to be good for [somebody or something]	supporting	topic:multi-sense	Spanish-to-English Mappings topic: tag rows carrying a >=14-sense es: lemma with topic:multi-sense
pdcy6981ld	ser malo para [alguien/algo]	to be bad for [somebody or something]	supporting	topic:multi-sense	Spanish-to-English Mappings topic: tag rows carrying a >=14-sense es: lemma with topic:multi-sense
z2n8811v62	ser [una característica]	to be [a characteristic]	trash	topic:multi-sense	Spanish-to-English Mappings topic: tag rows carrying a >=14-sense es: lemma with topic:multi-sense
m5wxiwxpo1	ser [una clasificación]	to be [a classification]	core	topic:multi-sense	Spanish-to-English Mappings topic: tag rows carrying a >=14-sense es: lemma with topic:multi-sense
2z3yhpg9ve	ser de [un lugar]	to be from [a place]	core	topic:multi-sense	Spanish-to-English Mappings topic: tag rows carrying a >=14-sense es: lemma with topic:multi-sense
obznlhzdxe	ser en [un lugar]	to be at [a place]	supporting	topic:multi-sense	Spanish-to-English Mappings topic: tag rows carrying a >=14-sense es: lemma with topic:multi-sense
cme1al3v5p	ser de [un material]	to be made of [a material]	supporting	topic:multi-sense	Spanish-to-English Mappings topic: tag rows carrying a >=14-sense es: lemma with topic:multi-sense
qbdgh95q4i	ser de [alguien]	to belong to [somebody]	supporting	topic:multi-sense	Spanish-to-English Mappings topic: tag rows carrying a >=14-sense es: lemma with topic:multi-sense
6vgdzpegua	ser [una hora o fecha]	to be [a time or date]	core	topic:multi-sense	Spanish-to-English Mappings topic: tag rows carrying a >=14-sense es: lemma with topic:multi-sense
ihr1107fvl	[el] ser	being	reference	topic:multi-sense	Spanish-to-English Mappings topic: tag rows carrying a >=14-sense es: lemma with topic:multi-sense
3l1rvkd3vh	[tener] hambre	[to be] hungry	core	topic:multi-sense	Spanish-to-English Mappings topic: tag rows carrying a >=14-sense es: lemma with topic:multi-sense
3t5jjwz0t5	[tener] miedo de [algo]	[to be] afraid of [something]	supporting	topic:multi-sense	Spanish-to-English Mappings topic: tag rows carrying a >=14-sense es: lemma with topic:multi-sense
vhzosajtoy	[tener] paciencia	[to be] patient	reference	topic:multi-sense	Spanish-to-English Mappings topic: tag rows carrying a >=14-sense es: lemma with topic:multi-sense
76ls07neza	[tener] razón	[to be] right	core	topic:multi-sense	Spanish-to-English Mappings topic: tag rows carrying a >=14-sense es: lemma with topic:multi-sense
0pj00hx6vk	sea como sea	anyway	reference	topic:multi-sense	Spanish-to-English Mappings topic: tag rows carrying a >=14-sense es: lemma with topic:multi-sense
3bdg1oyv39	[tener] sed	[to be] thirsty	core	topic:multi-sense	Spanish-to-English Mappings topic: tag rows carrying a >=14-sense es: lemma with topic:multi-sense
3h3r7eqbfi	[tener] significado	[to be] meaningful	reference	topic:multi-sense	Spanish-to-English Mappings topic: tag rows carrying a >=14-sense es: lemma with topic:multi-sense
22weg7i165	no [tener] significado	[to be] meaningless	reference	topic:multi-sense	Spanish-to-English Mappings topic: tag rows carrying a >=14-sense es: lemma with topic:multi-sense
y4kn1xzqxy	[ser] aburrido/a	[to be] boring	supporting	topic:multi-sense	Spanish-to-English Mappings topic: tag rows carrying a >=14-sense es: lemma with topic:multi-sense
cpp3wx8ltt	[ser] chistoso/a	[to be] funny	reference	topic:multi-sense	Spanish-to-English Mappings topic: tag rows carrying a >=14-sense es: lemma with topic:multi-sense
f601zyn02o	[ser] divertido	[to be] fun	supporting	topic:multi-sense	Spanish-to-English Mappings topic: tag rows carrying a >=14-sense es: lemma with topic:multi-sense
5uh9uw98kl	[ser] interesante	[to be] interesting	supporting	topic:multi-sense	Spanish-to-English Mappings topic: tag rows carrying a >=14-sense es: lemma with topic:multi-sense
yft1hv038t	[ser] probable que [algo]	[to be] likely that [something]	reference	topic:multi-sense	Spanish-to-English Mappings topic: tag rows carrying a >=14-sense es: lemma with topic:multi-sense
ka80affc74	[ser] significativo/a	[to be] significant	reference	topic:multi-sense	Spanish-to-English Mappings topic: tag rows carrying a >=14-sense es: lemma with topic:multi-sense
izmas5gq0m	[tener] calor	[to be] hot	core	topic:multi-sense	Spanish-to-English Mappings topic: tag rows carrying a >=14-sense es: lemma with topic:multi-sense
o0zirvikcg	[tener] confianza	[to be] confident	reference	topic:multi-sense	Spanish-to-English Mappings topic: tag rows carrying a >=14-sense es: lemma with topic:multi-sense
o4ei6afgu0	[tener] cuidado	[to be] careful	core	topic:multi-sense	Spanish-to-English Mappings topic: tag rows carrying a >=14-sense es: lemma with topic:multi-sense
pvwpfoq4zb	[tener] frío	[to be] cold	core	topic:multi-sense	Spanish-to-English Mappings topic: tag rows carrying a >=14-sense es: lemma with topic:multi-sense
hi6i8bgabk	tener prisa	to be in a hurry	supporting	topic:multi-sense	Spanish-to-English Mappings topic: tag rows carrying a >=14-sense es: lemma with topic:multi-sense
n6hfkj5rh5	tener afán	to be in a rush	reference	topic:multi-sense	Spanish-to-English Mappings topic: tag rows carrying a >=14-sense es: lemma with topic:multi-sense
960sk4aws1	tener éxito	to succeed	supporting	topic:multi-sense	Spanish-to-English Mappings topic: tag rows carrying a >=14-sense es: lemma with topic:multi-sense
j65dvjawel	tener la culpa	to be at fault	reference	topic:multi-sense	Spanish-to-English Mappings topic: tag rows carrying a >=14-sense es: lemma with topic:multi-sense
7xfrxi3jd5	tener en cuenta [algo]	to take [something] into account	reference	topic:multi-sense	Spanish-to-English Mappings topic: tag rows carrying a >=14-sense es: lemma with topic:multi-sense
nkqygp49l4	tener dificultad para [hacer algo]	to have trouble [doing something]	supporting	topic:multi-sense	Spanish-to-English Mappings topic: tag rows carrying a >=14-sense es: lemma with topic:multi-sense
172vkaz4pw	tener la oportunidad de [hacer algo]	to get a chance to [do something]	reference	topic:multi-sense	Spanish-to-English Mappings topic: tag rows carrying a >=14-sense es: lemma with topic:multi-sense
ooz5w92kjm	tener que [hacer algo]	gotta [do something]	trash	topic:multi-sense	Spanish-to-English Mappings topic: tag rows carrying a >=14-sense es: lemma with topic:multi-sense
8zgoedsnqi	tener que [hacer algo]	to have got to [do something]	supporting	topic:multi-sense	Spanish-to-English Mappings topic: tag rows carrying a >=14-sense es: lemma with topic:multi-sense
z9prfddx9z	tener permiso para [hacer algo]	to be allowed to [do something]	reference	topic:multi-sense	Spanish-to-English Mappings topic: tag rows carrying a >=14-sense es: lemma with topic:multi-sense
5qr32psjlf	tener [algo] puesto	to have [something] on	reference	topic:multi-sense	Spanish-to-English Mappings topic: tag rows carrying a >=14-sense es: lemma with topic:multi-sense
fs8u8cu63l	tener a [alguien] [haciendo algo]	to keep [somebody] [doing something]	reference	topic:multi-sense	Spanish-to-English Mappings topic: tag rows carrying a >=14-sense es: lemma with topic:multi-sense
ekmtzz5ms0	[el] trabajador o la trabajadora	a worker	reference	topic:multi-sense	Spanish-to-English Mappings topic: tag rows carrying a >=14-sense es: lemma with topic:multi-sense
872xfzjuzx	[la] tenencia de [algo]	possession of [something]	reference	topic:multi-sense	Spanish-to-English Mappings topic: tag rows carrying a >=14-sense es: lemma with topic:multi-sense
c35bwq6oiy	[valer] para [hacer algo]	[to be] useful for [doing something]	reference	topic:multi-sense	Spanish-to-English Mappings topic: tag rows carrying a >=14-sense es: lemma with topic:multi-sense
6rgyh7ngls	[ser] laboral	[to be] work-related	reference	topic:multi-sense	Spanish-to-English Mappings topic: tag rows carrying a >=14-sense es: lemma with topic:multi-sense
ue1j1fbu66	[ser] trabajador/a	[to be] hardworking	reference	topic:multi-sense	Spanish-to-English Mappings topic: tag rows carrying a >=14-sense es: lemma with topic:multi-sense
16pwsfcg7n	[valer] hasta [una fecha]	[to be] valid until [a date]	reference	topic:multi-sense	Spanish-to-English Mappings topic: tag rows carrying a >=14-sense es: lemma with topic:multi-sense
edf5jy4zrf	trabajar en [un sector]	to work in [a field]	reference	topic:multi-sense	Spanish-to-English Mappings topic: tag rows carrying a >=14-sense es: lemma with topic:multi-sense
55moihfqeu	trabajar para [alguien u organización]	to work for [somebody or an organization]	supporting	topic:multi-sense	Spanish-to-English Mappings topic: tag rows carrying a >=14-sense es: lemma with topic:multi-sense
ezz9e68yjj	trabajar con [alguien]	to work with [somebody]	supporting	topic:multi-sense	Spanish-to-English Mappings topic: tag rows carrying a >=14-sense es: lemma with topic:multi-sense
zgwnnnusii	trabajar como [profesión]	to work as [a profession]	supporting	topic:multi-sense	Spanish-to-English Mappings topic: tag rows carrying a >=14-sense es: lemma with topic:multi-sense
57q3yd0rpd	trabajar desde casa	to work from home	reference	topic:multi-sense	Spanish-to-English Mappings topic: tag rows carrying a >=14-sense es: lemma with topic:multi-sense
3f40un1zgj	trabajar para [lograr algo]	to work toward [a goal]	reference	topic:multi-sense	Spanish-to-English Mappings topic: tag rows carrying a >=14-sense es: lemma with topic:multi-sense
pg7ymescs5	trabajar paso a paso en [un problema]	to work through [a problem]	reference	topic:multi-sense	Spanish-to-English Mappings topic: tag rows carrying a >=14-sense es: lemma with topic:multi-sense
abw14te962	trabajar [un material]	to work [a material]	reference	topic:multi-sense	Spanish-to-English Mappings topic: tag rows carrying a >=14-sense es: lemma with topic:multi-sense
im138izvv7	valer [una cantidad]	to be worth [an amount]	supporting	topic:multi-sense	Spanish-to-English Mappings topic: tag rows carrying a >=14-sense es: lemma with topic:multi-sense
gebby1bfyk	valer para [un propósito]	to work for [a purpose]	reference	topic:multi-sense	Spanish-to-English Mappings topic: tag rows carrying a >=14-sense es: lemma with topic:multi-sense
ah2eaia09w	vale	okay	reference	topic:multi-sense	Spanish-to-English Mappings topic: tag rows carrying a >=14-sense es: lemma with topic:multi-sense
s2wih9tkp4	trabajar	to work	core	topic:multi-sense	Spanish-to-English Mappings topic: tag rows carrying a >=14-sense es: lemma with topic:multi-sense
lqnox1evi8	[la] vista	a view	reference	topic:multi-sense	Spanish-to-English Mappings topic: tag rows carrying a >=14-sense es: lemma with topic:multi-sense
jgm4rn50k0	[la] vuelta	the return	reference	topic:multi-sense	Spanish-to-English Mappings topic: tag rows carrying a >=14-sense es: lemma with topic:multi-sense
j0l3pcqdr1	[el] valor	value	reference	topic:multi-sense	Spanish-to-English Mappings topic: tag rows carrying a >=14-sense es: lemma with topic:multi-sense
y2yln6q4sp	ver a [alguien]	to see [somebody]	core	topic:multi-sense	Spanish-to-English Mappings topic: tag rows carrying a >=14-sense es: lemma with topic:multi-sense
ivhec4s22m	valer la pena [hacer algo]	to be worth [doing something]	supporting	topic:multi-sense	Spanish-to-English Mappings topic: tag rows carrying a >=14-sense es: lemma with topic:multi-sense
lfya25oahw	valer la pena	to be worth it	supporting	topic:multi-sense	Spanish-to-English Mappings topic: tag rows carrying a >=14-sense es: lemma with topic:multi-sense
6i8zzmxcp2	[el] valor	courage	reference	topic:multi-sense	Spanish-to-English Mappings topic: tag rows carrying a >=14-sense es: lemma with topic:multi-sense
4u372gr66c	no valer	not to count	reference	topic:multi-sense	Spanish-to-English Mappings topic: tag rows carrying a >=14-sense es: lemma with topic:multi-sense
r1xmdoudgw	[la] venida	the coming	reference	topic:multi-sense	Spanish-to-English Mappings topic: tag rows carrying a >=14-sense es: lemma with topic:multi-sense
98z915a6a3	[la] vista	sight	reference	topic:multi-sense	Spanish-to-English Mappings topic: tag rows carrying a >=14-sense es: lemma with topic:multi-sense
0utix246nk	[ser] visual	[to be] visual	reference	topic:multi-sense	Spanish-to-English Mappings topic: tag rows carrying a >=14-sense es: lemma with topic:multi-sense
pft3m3975v	[volverse] [adjetivo]	[to become] [adjective]	supporting	topic:multi-sense	Spanish-to-English Mappings topic: tag rows carrying a >=14-sense es: lemma with topic:multi-sense
jthckb9ofh	no [valer]	not [to be] fair	reference	topic:multi-sense	Spanish-to-English Mappings topic: tag rows carrying a >=14-sense es: lemma with topic:multi-sense
5wxhecilm0	[verse] [adjetivo]	[to look] [adjective]	supporting	topic:multi-sense	Spanish-to-English Mappings topic: tag rows carrying a >=14-sense es: lemma with topic:multi-sense
dpa3heuq6k	[volverse] [adjetivo]	[to get] [adjective]	reference	topic:multi-sense	Spanish-to-English Mappings topic: tag rows carrying a >=14-sense es: lemma with topic:multi-sense
vqbg70cy5y	[ser] invaluable	[to be] invaluable	reference	topic:multi-sense	Spanish-to-English Mappings topic: tag rows carrying a >=14-sense es: lemma with topic:multi-sense
xefbpao3le	[ser] valioso/a	[to be] valuable	reference	topic:multi-sense	Spanish-to-English Mappings topic: tag rows carrying a >=14-sense es: lemma with topic:multi-sense
6ateoz7xed	venir de [un lugar]	to come from [a place]	supporting	topic:multi-sense	Spanish-to-English Mappings topic: tag rows carrying a >=14-sense es: lemma with topic:multi-sense
2krm0gf62n	venir con [alguien]	to come with [somebody]	reference	topic:multi-sense	Spanish-to-English Mappings topic: tag rows carrying a >=14-sense es: lemma with topic:multi-sense
b97077wlu1	venir a [hacer algo]	to come to [do something]	reference	topic:multi-sense	Spanish-to-English Mappings topic: tag rows carrying a >=14-sense es: lemma with topic:multi-sense
2xv5qqprqp	venir a [la casa de alguien]	to come over	reference	topic:multi-sense	Spanish-to-English Mappings topic: tag rows carrying a >=14-sense es: lemma with topic:multi-sense
bfvjcgo2if	venir con [un grupo]	to come along	reference	topic:multi-sense	Spanish-to-English Mappings topic: tag rows carrying a >=14-sense es: lemma with topic:multi-sense
jmoyai6ki1	venir a la mente	to come to mind	reference	topic:multi-sense	Spanish-to-English Mappings topic: tag rows carrying a >=14-sense es: lemma with topic:multi-sense
u0q10xrgdu	lo que viene	what comes next	reference	topic:multi-sense	Spanish-to-English Mappings topic: tag rows carrying a >=14-sense es: lemma with topic:multi-sense
kfx1lzc2a8	bienvenido/a	welcome	supporting	topic:multi-sense	Spanish-to-English Mappings topic: tag rows carrying a >=14-sense es: lemma with topic:multi-sense
1uefa34zyp	ver [una película o programa]	to watch [a movie or program]	supporting	topic:multi-sense	Spanish-to-English Mappings topic: tag rows carrying a >=14-sense es: lemma with topic:multi-sense
ugyd134ue3	ver a [alguien] [hacer algo]	to see [somebody] [do something]	supporting	topic:multi-sense	Spanish-to-English Mappings topic: tag rows carrying a >=14-sense es: lemma with topic:multi-sense
4l5ip3gcjx	ver a [alguien] [haciendo algo]	to see [somebody] [doing something]	reference	topic:multi-sense	Spanish-to-English Mappings topic: tag rows carrying a >=14-sense es: lemma with topic:multi-sense
p7wbkj3kbp	verse bien	to look good	reference	topic:multi-sense	Spanish-to-English Mappings topic: tag rows carrying a >=14-sense es: lemma with topic:multi-sense
kxen1brnbt	vamos a ver	we will see	reference	topic:multi-sense	Spanish-to-English Mappings topic: tag rows carrying a >=14-sense es: lemma with topic:multi-sense
9rd5kxnrcp	ya verás	you will see	reference	topic:multi-sense	Spanish-to-English Mappings topic: tag rows carrying a >=14-sense es: lemma with topic:multi-sense
ei20exbswc	despedir a [alguien]	to see [somebody] off	reference	topic:multi-sense	Spanish-to-English Mappings topic: tag rows carrying a >=14-sense es: lemma with topic:multi-sense
rn5bfzc47d	darse cuenta del engaño de [alguien]	to see through [somebody]	reference	topic:multi-sense	Spanish-to-English Mappings topic: tag rows carrying a >=14-sense es: lemma with topic:multi-sense
ukhf4ausef	encargarse de [algo]	to see to [something]	reference	topic:multi-sense	Spanish-to-English Mappings topic: tag rows carrying a >=14-sense es: lemma with topic:multi-sense
r8bvxs4y48	visualmente	visually	reference	topic:multi-sense	Spanish-to-English Mappings topic: tag rows carrying a >=14-sense es: lemma with topic:multi-sense
q9clnuhnis	volver a [un lugar]	to return to [a place]	supporting	topic:multi-sense	Spanish-to-English Mappings topic: tag rows carrying a >=14-sense es: lemma with topic:multi-sense
8zwhpsdgt7	volver a [hacer algo]	to [do something] again	reference	topic:multi-sense	Spanish-to-English Mappings topic: tag rows carrying a >=14-sense es: lemma with topic:multi-sense
ygutauf9ji	no volver a [hacer algo]	not to [do something] again	reference	topic:multi-sense	Spanish-to-English Mappings topic: tag rows carrying a >=14-sense es: lemma with topic:multi-sense
ic3jjkgfi7	volverse [algo]	to turn into [something]	reference	topic:multi-sense	Spanish-to-English Mappings topic: tag rows carrying a >=14-sense es: lemma with topic:multi-sense
g1m78v9491	volverse para [hacer algo]	to turn around to [do something]	reference	topic:multi-sense	Spanish-to-English Mappings topic: tag rows carrying a >=14-sense es: lemma with topic:multi-sense
sxospymxsu	volverse atrás	to turn back	reference	topic:multi-sense	Spanish-to-English Mappings topic: tag rows carrying a >=14-sense es: lemma with topic:multi-sense
0c32ojw5vj	de vuelta	back	supporting	topic:multi-sense	Spanish-to-English Mappings topic: tag rows carrying a >=14-sense es: lemma with topic:multi-sense
xmp7uc93ba	dar la vuelta	to turn around	reference	topic:multi-sense	Spanish-to-English Mappings topic: tag rows carrying a >=14-sense es: lemma with topic:multi-sense
rawqer01p0	al volver	upon returning	reference	topic:multi-sense	Spanish-to-English Mappings topic: tag rows carrying a >=14-sense es: lemma with topic:multi-sense
xha8i0ahr5	venir a [un lugar]	to come to [a place]	core	topic:multi-sense	Spanish-to-English Mappings topic: tag rows carrying a >=14-sense es: lemma with topic:multi-sense
fhw00gyy28	venir de [un lugar de origen]	to be from [a place]	core	topic:multi-sense	Spanish-to-English Mappings topic: tag rows carrying a >=14-sense es: lemma with topic:multi-sense
xm8mzt42ci	ver [algo]	to see [something]	core	topic:multi-sense	Spanish-to-English Mappings topic: tag rows carrying a >=14-sense es: lemma with topic:multi-sense
w7bu9jslac	querer [algo]	to want [something]	core	topic:multi-sense	Spanish-to-English Mappings topic: tag rows carrying a >=14-sense es: lemma with topic:multi-sense
o6fe83ho4h	hacer acordar	to remind	reference	topic:multi-sense	Spanish-to-English Mappings topic: tag rows carrying a >=14-sense es: lemma with topic:multi-sense
gmjqldx7xe	a / hacia un lugar	to a place	trash	topic:multi-sense	Spanish-to-English Mappings topic: tag rows carrying a >=14-sense es: lemma with topic:multi-sense
wsttz3une0	a un lugar	to a place	reference	topic:multi-sense	Spanish-to-English Mappings topic: tag rows carrying a >=14-sense es: lemma with topic:multi-sense
gk4t4kddz0	hacia un lugar	toward a place	reference	topic:multi-sense	Spanish-to-English Mappings topic: tag rows carrying a >=14-sense es: lemma with topic:multi-sense
zeorvyamau	de ahora en adelante	from now on	reference	topic:multi-sense	Spanish-to-English Mappings topic: tag rows carrying a >=14-sense es: lemma with topic:multi-sense
2w0dzl1mvl	ser alto/a	to be tall	reference	topic:multi-sense	Spanish-to-English Mappings topic: tag rows carrying a >=14-sense es: lemma with topic:multi-sense
45izdwmxbd	estar ansioso/a por que [ocurra algo]	can hardly wait for [something] to happen	reference	topic:multi-sense	Spanish-to-English Mappings topic: tag rows carrying a >=14-sense es: lemma with topic:multi-sense
2s5vxvtzad	ser bajo/a	to be low	reference	topic:multi-sense	Spanish-to-English Mappings topic: tag rows carrying a >=14-sense es: lemma with topic:multi-sense
jl3egs4efk	hablar en voz baja	to speak quietly/in a low voice	reference	topic:multi-sense	Spanish-to-English Mappings topic: tag rows carrying a >=14-sense es: lemma with topic:multi-sense
5oksfbyy9k	trabajar bastante	to work a lot	reference	topic:multi-sense	Spanish-to-English Mappings topic: tag rows carrying a >=14-sense es: lemma with topic:multi-sense
jo1ruoxv9h	estar aquí	to be here	supporting	topic:multi-sense	Spanish-to-English Mappings topic: tag rows carrying a >=14-sense es: lemma with topic:multi-sense
g9lxdgb2ld	si bien [ocurre algo]	although [something happens]	reference	topic:multi-sense	Spanish-to-English Mappings topic: tag rows carrying a >=14-sense es: lemma with topic:multi-sense
c78n36azdg	[ser] viejo	[to be] old-fashioned	reference	topic:multi-sense	Spanish-to-English Mappings topic: tag rows carrying a >=14-sense es: lemma with topic:multi-sense
r2a8013xq8	ser una buena idea	to be a good idea	reference	topic:multi-sense	Spanish-to-English Mappings topic: tag rows carrying a >=14-sense es: lemma with topic:multi-sense
gss6t797jr	sentirse mejor	to feel better	reference	topic:multi-sense	Spanish-to-English Mappings topic: tag rows carrying a >=14-sense es: lemma with topic:multi-sense
9zwpouaz61	ser mejor [hacer algo]	had better [do something]	reference	topic:multi-sense	Spanish-to-English Mappings topic: tag rows carrying a >=14-sense es: lemma with topic:multi-sense
rqwcklpzgf	ser cierto	to be true	reference	topic:multi-sense	Spanish-to-English Mappings topic: tag rows carrying a >=14-sense es: lemma with topic:multi-sense
gaw97ecxke	por cierto	by the way	reference	topic:multi-sense	Spanish-to-English Mappings topic: tag rows carrying a >=14-sense es: lemma with topic:multi-sense
ovnw5edm1p	con	with	reference	topic:multi-sense	Spanish-to-English Mappings topic: tag rows carrying a >=14-sense es: lemma with topic:multi-sense
o4unfsl9d0	La taza de café no es una taza para café.	The cup of coffee isn't a coffee cup.	trash	topic:multi-sense	Spanish-to-English Mappings topic: tag rows carrying a >=14-sense es: lemma with topic:multi-sense
m2oepphsrg	La taza de café está llena, pero la taza para café está rota.	The cup of coffee is full, but the coffee cup is broken.	trash	topic:multi-sense	Spanish-to-English Mappings topic: tag rows carrying a >=14-sense es: lemma with topic:multi-sense
4icl1zhexf	La taza de café está vacía, pero la taza para café está limpia.	The cup of coffee is empty, but the coffee cup is clean.	trash	topic:multi-sense	Spanish-to-English Mappings topic: tag rows carrying a >=14-sense es: lemma with topic:multi-sense
5o20evhiuo	una taza de café	a cup of coffee	reference	topic:multi-sense	Spanish-to-English Mappings topic: tag rows carrying a >=14-sense es: lemma with topic:multi-sense
cl9enr8dnn	el nombre de la tienda	the name of the store	reference	topic:multi-sense	Spanish-to-English Mappings topic: tag rows carrying a >=14-sense es: lemma with topic:multi-sense
5jt6lj2ulg	leche de chocolate	chocolate milk	reference	topic:multi-sense	Spanish-to-English Mappings topic: tag rows carrying a >=14-sense es: lemma with topic:multi-sense
gn8k8hwnce	chocolate de leche	milk chocolate	reference	topic:multi-sense	Spanish-to-English Mappings topic: tag rows carrying a >=14-sense es: lemma with topic:multi-sense
h85lbubyqe	taza de café	cup of coffee	reference	topic:multi-sense	Spanish-to-English Mappings topic: tag rows carrying a >=14-sense es: lemma with topic:multi-sense
5fylm54n8s	de [un lugar]	from a place	reference	topic:multi-sense	Spanish-to-English Mappings topic: tag rows carrying a >=14-sense es: lemma with topic:multi-sense
eyue78cz5h	de vez en cuando	from time to time	reference	topic:multi-sense	Spanish-to-English Mappings topic: tag rows carrying a >=14-sense es: lemma with topic:multi-sense
5rr4zebvp7	[hacer algo] de [una emoción]	to [do something] with [an emotion]	reference	topic:multi-sense	Spanish-to-English Mappings topic: tag rows carrying a >=14-sense es: lemma with topic:multi-sense
wine5n6gd9	depender de que [ocurra algo]	to depend on [something] happening	reference	topic:multi-sense	Spanish-to-English Mappings topic: tag rows carrying a >=14-sense es: lemma with topic:multi-sense
27gxfb0ajj	depender de [alguien/algo]	to depend on [somebody/something]	reference	topic:multi-sense	Spanish-to-English Mappings topic: tag rows carrying a >=14-sense es: lemma with topic:multi-sense
3nytgzkkim	trabajar demasiado	to work too much	reference	topic:multi-sense	Spanish-to-English Mappings topic: tag rows carrying a >=14-sense es: lemma with topic:multi-sense
lyttcoaldo	en el cuarto / la habitación	in the room	trash	topic:multi-sense	Spanish-to-English Mappings topic: tag rows carrying a >=14-sense es: lemma with topic:multi-sense
0v2r7ohznv	hablar después	to talk later	reference	topic:multi-sense	Spanish-to-English Mappings topic: tag rows carrying a >=14-sense es: lemma with topic:multi-sense
h79dh4z5r9	en un lugar	at a place	reference	topic:multi-sense	Spanish-to-English Mappings topic: tag rows carrying a >=14-sense es: lemma with topic:multi-sense
hx0to60nd6	en la tienda	at the store	reference	topic:multi-sense	Spanish-to-English Mappings topic: tag rows carrying a >=14-sense es: lemma with topic:multi-sense
zqynuesp7m	en la oficina	at the office	reference	topic:multi-sense	Spanish-to-English Mappings topic: tag rows carrying a >=14-sense es: lemma with topic:multi-sense
almn931bqf	en el apartamento	at the apartment	reference	topic:multi-sense	Spanish-to-English Mappings topic: tag rows carrying a >=14-sense es: lemma with topic:multi-sense
ljeh77mbs7	en el parque	at the park	reference	topic:multi-sense	Spanish-to-English Mappings topic: tag rows carrying a >=14-sense es: lemma with topic:multi-sense
19blsp2ne3	en el aeropuerto	at the airport	reference	topic:multi-sense	Spanish-to-English Mappings topic: tag rows carrying a >=14-sense es: lemma with topic:multi-sense
xbx1b5duuw	en el evento	at the event	reference	topic:multi-sense	Spanish-to-English Mappings topic: tag rows carrying a >=14-sense es: lemma with topic:multi-sense
ih376hqi1w	en Colombia	in Colombia	reference	topic:multi-sense	Spanish-to-English Mappings topic: tag rows carrying a >=14-sense es: lemma with topic:multi-sense
ri2h5v0twz	en Bogotá	in Bogotá	reference	topic:multi-sense	Spanish-to-English Mappings topic: tag rows carrying a >=14-sense es: lemma with topic:multi-sense
tc6rh28m6b	en Rosales	in Rosales	reference	topic:multi-sense	Spanish-to-English Mappings topic: tag rows carrying a >=14-sense es: lemma with topic:multi-sense
kxv8nlgxdq	en el país	in the country	reference	topic:multi-sense	Spanish-to-English Mappings topic: tag rows carrying a >=14-sense es: lemma with topic:multi-sense
w7xxmnwso7	en la ciudad	in the city	reference	topic:multi-sense	Spanish-to-English Mappings topic: tag rows carrying a >=14-sense es: lemma with topic:multi-sense
espvuux5lh	en el barrio	in the neighborhood	reference	topic:multi-sense	Spanish-to-English Mappings topic: tag rows carrying a >=14-sense es: lemma with topic:multi-sense
0btyqoea32	dentro de un lugar	in a place	reference	topic:multi-sense	Spanish-to-English Mappings topic: tag rows carrying a >=14-sense es: lemma with topic:multi-sense
9nmv4gc74l	en el apartamento	in the apartment	reference	topic:multi-sense	Spanish-to-English Mappings topic: tag rows carrying a >=14-sense es: lemma with topic:multi-sense
vlo817grkx	en el baño	in the bathroom	reference	topic:multi-sense	Spanish-to-English Mappings topic: tag rows carrying a >=14-sense es: lemma with topic:multi-sense
nchk5z9l4b	en el carro	in the car	reference	topic:multi-sense	Spanish-to-English Mappings topic: tag rows carrying a >=14-sense es: lemma with topic:multi-sense
1pnnl3ovji	en el bolso	in the bag	reference	topic:multi-sense	Spanish-to-English Mappings topic: tag rows carrying a >=14-sense es: lemma with topic:multi-sense
mlegy7ee73	en el piso	on the floor	reference	topic:multi-sense	Spanish-to-English Mappings topic: tag rows carrying a >=14-sense es: lemma with topic:multi-sense
n9t5c2brnx	en una superficie	on a surface	reference	topic:multi-sense	Spanish-to-English Mappings topic: tag rows carrying a >=14-sense es: lemma with topic:multi-sense
jfphg18mwh	sobre la mesa	on the table	reference	topic:multi-sense	Spanish-to-English Mappings topic: tag rows carrying a >=14-sense es: lemma with topic:multi-sense
bpf1cuta59	en una página web	on a webpage	reference	topic:multi-sense	Spanish-to-English Mappings topic: tag rows carrying a >=14-sense es: lemma with topic:multi-sense
8g7yjhzzf4	estar entre [personas]	to be among [people]	reference	topic:multi-sense	Spanish-to-English Mappings topic: tag rows carrying a >=14-sense es: lemma with topic:multi-sense
3tecsp0owz	¡Fuera!	Get out!	reference	topic:multi-sense	Spanish-to-English Mappings topic: tag rows carrying a >=14-sense es: lemma with topic:multi-sense
ws6aqyp5xd	hablar fuerte	to speak loudly	reference	topic:multi-sense	Spanish-to-English Mappings topic: tag rows carrying a >=14-sense es: lemma with topic:multi-sense
fyziw2rb12	ser fuerte	to be strong	reference	topic:multi-sense	Spanish-to-English Mappings topic: tag rows carrying a >=14-sense es: lemma with topic:multi-sense
6rm2kx5c4o	ser una mala idea	to be a bad idea	reference	topic:multi-sense	Spanish-to-English Mappings topic: tag rows carrying a >=14-sense es: lemma with topic:multi-sense
g2cfgdbyi3	ser malo/a	to be bad/evil	reference	topic:multi-sense	Spanish-to-English Mappings topic: tag rows carrying a >=14-sense es: lemma with topic:multi-sense
2xrg55t6l0	sentirse peor	to feel worse	reference	topic:multi-sense	Spanish-to-English Mappings topic: tag rows carrying a >=14-sense es: lemma with topic:multi-sense
sdjzwrjzji	ser útil ==> ser el/la más útil	to be useful ==> to be the most useful	reference	topic:multi-sense	Spanish-to-English Mappings topic: tag rows carrying a >=14-sense es: lemma with topic:multi-sense
7nzdyaq2x1	en medio de [algo]	in the middle of [something]	reference	topic:multi-sense	Spanish-to-English Mappings topic: tag rows carrying a >=14-sense es: lemma with topic:multi-sense
5r4vw18q4o	por sí mismo/a	by oneself	reference	topic:multi-sense	Spanish-to-English Mappings topic: tag rows carrying a >=14-sense es: lemma with topic:multi-sense
8xc9lgyn8v	tomar notas	to take notes	reference	topic:multi-sense	Spanish-to-English Mappings topic: tag rows carrying a >=14-sense es: lemma with topic:multi-sense
eupe6m3e72	[tener] éxito	[to be] successful	reference	topic:multi-sense	Spanish-to-English Mappings topic: tag rows carrying a >=14-sense es: lemma with topic:multi-sense
j7dljg4amk	volver pronto	to come back soon	reference	topic:multi-sense	Spanish-to-English Mappings topic: tag rows carrying a >=14-sense es: lemma with topic:multi-sense
lcz2539dyj	de pronto	suddenly	reference	topic:multi-sense	Spanish-to-English Mappings topic: tag rows carrying a >=14-sense es: lemma with topic:multi-sense
0jle9bry8q	de pronto	maybe	reference	topic:multi-sense	Spanish-to-English Mappings topic: tag rows carrying a >=14-sense es: lemma with topic:multi-sense
7izjvheben	lo cual	which	reference	topic:multi-sense	Spanish-to-English Mappings topic: tag rows carrying a >=14-sense es: lemma with topic:multi-sense
skmppmerju	¡Qué temprano!	How early!	trash	topic:multi-sense	Spanish-to-English Mappings topic: tag rows carrying a >=14-sense es: lemma with topic:multi-sense
oa7zov8vyl	¿Qué necesitas?	What do you need?	trash	topic:multi-sense	Spanish-to-English Mappings topic: tag rows carrying a >=14-sense es: lemma with topic:multi-sense
9sl36wwkry	porque	since	reference	topic:multi-sense	Spanish-to-English Mappings topic: tag rows carrying a >=14-sense es: lemma with topic:multi-sense
8sisf9u6zt	porque	as	reference	topic:multi-sense	Spanish-to-English Mappings topic: tag rows carrying a >=14-sense es: lemma with topic:multi-sense
4lsz5atrxx	si...o no	whether...or not	reference	topic:multi-sense	Spanish-to-English Mappings topic: tag rows carrying a >=14-sense es: lemma with topic:multi-sense
aqt0wb7fmf	irle bien a [alguien] en [algo]	[somebody] does well at [something]	reference	topic:multi-sense	Spanish-to-English Mappings topic: tag rows carrying a >=14-sense es: lemma with topic:multi-sense
2c2lwpddfw	verb structure	no separate word	trash	topic:multi-sense	Spanish-to-English Mappings topic: tag rows carrying a >=14-sense es: lemma with topic:multi-sense
7h7vii1lbc	idea connector que	that or no separate word	trash	topic:multi-sense	Spanish-to-English Mappings topic: tag rows carrying a >=14-sense es: lemma with topic:multi-sense
juf9q9vio8	que (relativo, persona)	who	supporting	topic:multi-sense	Spanish-to-English Mappings topic: tag rows carrying a >=14-sense es: lemma with topic:multi-sense
5gd7ah01d5	que (relativo, persona)	that	supporting	topic:multi-sense	Spanish-to-English Mappings topic: tag rows carrying a >=14-sense es: lemma with topic:multi-sense
waj2eefdj7	que (relativo, cosa)	that	supporting	topic:multi-sense	Spanish-to-English Mappings topic: tag rows carrying a >=14-sense es: lemma with topic:multi-sense
4z2b5kkbjr	que (relativo, cosa)	which	supporting	topic:multi-sense	Spanish-to-English Mappings topic: tag rows carrying a >=14-sense es: lemma with topic:multi-sense
jyx1d6zq9f	lo que	what	supporting	topic:multi-sense	Spanish-to-English Mappings topic: tag rows carrying a >=14-sense es: lemma with topic:multi-sense
ap3fcdf0yn	[ser] barato	[to be] inexpensive	reference	topic:multi-sense	Spanish-to-English Mappings topic: tag rows carrying a >=14-sense es: lemma with topic:multi-sense
etyzwht0ts	no solo [algo]	not only [something]	reference	topic:multi-sense	Spanish-to-English Mappings topic: tag rows carrying a >=14-sense es: lemma with topic:multi-sense
ksf8aynt7s	no [hacer nada] sino [hacer algo]	to do nothing but [do something]	reference	topic:multi-sense	Spanish-to-English Mappings topic: tag rows carrying a >=14-sense es: lemma with topic:multi-sense
iahuklv24k	de acuerdo con [algo]	according to [something]	reference	topic:multi-sense	Spanish-to-English Mappings topic: tag rows carrying a >=14-sense es: lemma with topic:multi-sense
i4lcwbw8pd	nos vemos luego	see you later	reference	topic:multi-sense	Spanish-to-English Mappings topic: tag rows carrying a >=14-sense es: lemma with topic:multi-sense
jyt07gvckk	en aquel entonces	back then	reference	topic:multi-sense	Spanish-to-English Mappings topic: tag rows carrying a >=14-sense es: lemma with topic:multi-sense
j1gh57080u	estar frente a [algo]	to be across from [something]	reference	topic:multi-sense	Spanish-to-English Mappings topic: tag rows carrying a >=14-sense es: lemma with topic:multi-sense
6tux1k5wdo	por todo [un lugar]	across [a place]	reference	topic:multi-sense	Spanish-to-English Mappings topic: tag rows carrying a >=14-sense es: lemma with topic:multi-sense
y78uyi9c5c	dar acceso a [algo]	to give access to [something]	reference	topic:multi-sense	Spanish-to-English Mappings topic: tag rows carrying a >=14-sense es: lemma with topic:multi-sense
oyxzv5jbvk	estar de acuerdo con [alguien]	to agree with [somebody]	reference	topic:multi-sense	Spanish-to-English Mappings topic: tag rows carrying a >=14-sense es: lemma with topic:multi-sense
mklavcovyq	por poco	almost	reference	topic:multi-sense	Spanish-to-English Mappings topic: tag rows carrying a >=14-sense es: lemma with topic:multi-sense
dzzngcl5ri	no dejar de [hacer algo]	to keep [doing something]	reference	topic:multi-sense	Spanish-to-English Mappings topic: tag rows carrying a >=14-sense es: lemma with topic:multi-sense
iwv1m9ssf3	en todo caso	in any case	reference	topic:multi-sense	Spanish-to-English Mappings topic: tag rows carrying a >=14-sense es: lemma with topic:multi-sense
36avddqr7m	salir en [una publicación]	to appear in [a publication]	reference	topic:multi-sense	Spanish-to-English Mappings topic: tag rows carrying a >=14-sense es: lemma with topic:multi-sense
k3o01kfput	parecerse a [alguien]	to take after [somebody]	reference	topic:multi-sense	Spanish-to-English Mappings topic: tag rows carrying a >=14-sense es: lemma with topic:multi-sense
9kggcuh0hp	de nuevo	again	reference	topic:multi-sense	Spanish-to-English Mappings topic: tag rows carrying a >=14-sense es: lemma with topic:multi-sense
eqv8kq4bxf	pensándolo bien	then again	reference	topic:multi-sense	Spanish-to-English Mappings topic: tag rows carrying a >=14-sense es: lemma with topic:multi-sense
v5my8rdbnu	por [una calle]	along [a street]	reference	topic:multi-sense	Spanish-to-English Mappings topic: tag rows carrying a >=14-sense es: lemma with topic:multi-sense
dtu9mjoclb	ir bien	to come along well	reference	topic:multi-sense	Spanish-to-English Mappings topic: tag rows carrying a >=14-sense es: lemma with topic:multi-sense
b9c6haxeit	[ser] misterioso	[to be] mysterious	reference	topic:multi-sense	Spanish-to-English Mappings topic: tag rows carrying a >=14-sense es: lemma with topic:multi-sense
e3c7jcskou	[estar] intacto	[to be] intact	reference	topic:multi-sense	Spanish-to-English Mappings topic: tag rows carrying a >=14-sense es: lemma with topic:multi-sense
5u6aa3gj9v	[ser] positivo	[to be] positive	reference	topic:multi-sense	Spanish-to-English Mappings topic: tag rows carrying a >=14-sense es: lemma with topic:multi-sense
6qecsmji7w	[ser] relativo	[to be] relative	reference	topic:multi-sense	Spanish-to-English Mappings topic: tag rows carrying a >=14-sense es: lemma with topic:multi-sense
urvm83k2kp	[ser] pasivo	[to be] passive	reference	topic:multi-sense	Spanish-to-English Mappings topic: tag rows carrying a >=14-sense es: lemma with topic:multi-sense
i326501obr	[ser] delicioso	[to be] delicious	reference	topic:multi-sense	Spanish-to-English Mappings topic: tag rows carrying a >=14-sense es: lemma with topic:multi-sense
4fpgdvwxzu	ser muy aficionado/a a [un equipo]	to be a big fan of [a team]	reference	topic:multi-sense	Spanish-to-English Mappings topic: tag rows carrying a >=14-sense es: lemma with topic:multi-sense
p8wunl60xz	[ser] estricto	[to be] strict	reference	topic:multi-sense	Spanish-to-English Mappings topic: tag rows carrying a >=14-sense es: lemma with topic:multi-sense
owhh6ipxn8	[ser] curioso	[to be] curious	reference	topic:multi-sense	Spanish-to-English Mappings topic: tag rows carrying a >=14-sense es: lemma with topic:multi-sense
rnoqipnfol	[ser] visible	[to be] visible	reference	topic:multi-sense	Spanish-to-English Mappings topic: tag rows carrying a >=14-sense es: lemma with topic:multi-sense
143rr1eeol	[ser] creativo	[to be] creative	reference	topic:multi-sense	Spanish-to-English Mappings topic: tag rows carrying a >=14-sense es: lemma with topic:multi-sense
6zq4o0fq8k	[ser] compacto	[to be] compact	reference	topic:multi-sense	Spanish-to-English Mappings topic: tag rows carrying a >=14-sense es: lemma with topic:multi-sense
v4yi7lkme9	[ser] ambicioso	[to be] ambitious	reference	topic:multi-sense	Spanish-to-English Mappings topic: tag rows carrying a >=14-sense es: lemma with topic:multi-sense
msy50nmgrd	[ser] famoso	[to be] famous	reference	topic:multi-sense	Spanish-to-English Mappings topic: tag rows carrying a >=14-sense es: lemma with topic:multi-sense
9gv9fylzrg	[ser] exclusivo	[to be] exclusive	reference	topic:multi-sense	Spanish-to-English Mappings topic: tag rows carrying a >=14-sense es: lemma with topic:multi-sense
43d2th257b	[ser] agresivo	[to be] aggressive	reference	topic:multi-sense	Spanish-to-English Mappings topic: tag rows carrying a >=14-sense es: lemma with topic:multi-sense
0emhxycjtj	[ser] competitivo	[to be] competitive	reference	topic:multi-sense	Spanish-to-English Mappings topic: tag rows carrying a >=14-sense es: lemma with topic:multi-sense
347wmzzklo	[ser] abstracto	[to be] abstract	reference	topic:multi-sense	Spanish-to-English Mappings topic: tag rows carrying a >=14-sense es: lemma with topic:multi-sense
yhd56i910e	[ser] exacto	[to be] exact	reference	topic:multi-sense	Spanish-to-English Mappings topic: tag rows carrying a >=14-sense es: lemma with topic:multi-sense
du3ux0alee	[ser] atractivo	[to be] attractive	reference	topic:multi-sense	Spanish-to-English Mappings topic: tag rows carrying a >=14-sense es: lemma with topic:multi-sense
8d827bd6xs	[ser] decisivo	[to be] decisive	reference	topic:multi-sense	Spanish-to-English Mappings topic: tag rows carrying a >=14-sense es: lemma with topic:multi-sense
iqsip03gt7	[ser] económico	[to be] inexpensive	reference	topic:multi-sense	Spanish-to-English Mappings topic: tag rows carrying a >=14-sense es: lemma with topic:multi-sense
6w10sj4xqg	[ser] invisible	[to be] invisible	reference	topic:multi-sense	Spanish-to-English Mappings topic: tag rows carrying a >=14-sense es: lemma with topic:multi-sense
k72ybidwuu	[ser] negativo	[to be] negative	reference	topic:multi-sense	Spanish-to-English Mappings topic: tag rows carrying a >=14-sense es: lemma with topic:multi-sense
xfvz8hc2n8	[estar] activo	[to be] active	reference	topic:multi-sense	Spanish-to-English Mappings topic: tag rows carrying a >=14-sense es: lemma with topic:multi-sense
ae8tffr7z6	[ser] efectivo	[to be] effective	reference	topic:multi-sense	Spanish-to-English Mappings topic: tag rows carrying a >=14-sense es: lemma with topic:multi-sense
9vkg3r79l9	[ser] económico	[to be] cheap	reference	topic:multi-sense	Spanish-to-English Mappings topic: tag rows carrying a >=14-sense es: lemma with topic:multi-sense
z15w4qnu5h	[estar] estable	[to be] stable	reference	topic:multi-sense	Spanish-to-English Mappings topic: tag rows carrying a >=14-sense es: lemma with topic:multi-sense
ssutiy77xr	[estar] presente	[to be] present	reference	topic:multi-sense	Spanish-to-English Mappings topic: tag rows carrying a >=14-sense es: lemma with topic:multi-sense
j01jlzf7hp	[ser] republicano	[to be] republican	reference	topic:multi-sense	Spanish-to-English Mappings topic: tag rows carrying a >=14-sense es: lemma with topic:multi-sense
zdz3qzzhev	[ser] parecido	[to be] similar	reference	topic:multi-sense	Spanish-to-English Mappings topic: tag rows carrying a >=14-sense es: lemma with topic:multi-sense
2efxip9shx	[ser] puro	[to be] pure	reference	topic:multi-sense	Spanish-to-English Mappings topic: tag rows carrying a >=14-sense es: lemma with topic:multi-sense
rdb7zojd1h	[ser] especial	[to be] special	reference	topic:multi-sense	Spanish-to-English Mappings topic: tag rows carrying a >=14-sense es: lemma with topic:multi-sense
fdeqgbcts4	creer [algo]	to buy [something]	reference	topic:multi-sense	Spanish-to-English Mappings topic: tag rows carrying a >=14-sense es: lemma with topic:multi-sense
zg49xgovha	[ser] numeroso	[to be] numerous	reference	topic:multi-sense	Spanish-to-English Mappings topic: tag rows carrying a >=14-sense es: lemma with topic:multi-sense
tjfjo5aq4q	[ser] circular	[to be] circular	reference	topic:multi-sense	Spanish-to-English Mappings topic: tag rows carrying a >=14-sense es: lemma with topic:multi-sense
njm6razd2i	[ser] humano	[to be] human	reference	topic:multi-sense	Spanish-to-English Mappings topic: tag rows carrying a >=14-sense es: lemma with topic:multi-sense
5hvo5dc978	[ser] excelente	[to be] excellent	reference	topic:multi-sense	Spanish-to-English Mappings topic: tag rows carrying a >=14-sense es: lemma with topic:multi-sense
irqaxf155b	[ser] popular	[to be] popular	reference	topic:multi-sense	Spanish-to-English Mappings topic: tag rows carrying a >=14-sense es: lemma with topic:multi-sense
6c6nf7bge8	[ser] religioso	[to be] religious	reference	topic:multi-sense	Spanish-to-English Mappings topic: tag rows carrying a >=14-sense es: lemma with topic:multi-sense
tqwjc1v3va	[ser] precioso	[to be] precious	reference	topic:multi-sense	Spanish-to-English Mappings topic: tag rows carrying a >=14-sense es: lemma with topic:multi-sense
8hjai212pn	[ser] urbano	[to be] urban	reference	topic:multi-sense	Spanish-to-English Mappings topic: tag rows carrying a >=14-sense es: lemma with topic:multi-sense
g3u25v902o	[ser] evidente	[to be] evident	reference	topic:multi-sense	Spanish-to-English Mappings topic: tag rows carrying a >=14-sense es: lemma with topic:multi-sense
4zm43974xk	[ser] cruel	[to be] cruel	reference	topic:multi-sense	Spanish-to-English Mappings topic: tag rows carrying a >=14-sense es: lemma with topic:multi-sense
58lmgjinrg	[ser] permanente	[to be] permanent	reference	topic:multi-sense	Spanish-to-English Mappings topic: tag rows carrying a >=14-sense es: lemma with topic:multi-sense
j4qagowky8	[ser] espectacular	[to be] spectacular	reference	topic:multi-sense	Spanish-to-English Mappings topic: tag rows carrying a >=14-sense es: lemma with topic:multi-sense
mwj16sct56	[estar] nervioso	[to be] nervous	reference	topic:multi-sense	Spanish-to-English Mappings topic: tag rows carrying a >=14-sense es: lemma with topic:multi-sense
w4r0u8dyfd	[ser] regular	[to be] regular	reference	topic:multi-sense	Spanish-to-English Mappings topic: tag rows carrying a >=14-sense es: lemma with topic:multi-sense
e5d7j5ung7	[ser] inmaduro	[to be] immature	reference	topic:multi-sense	Spanish-to-English Mappings topic: tag rows carrying a >=14-sense es: lemma with topic:multi-sense
2mmszukp13	[ser] particular	[to be] particular	reference	topic:multi-sense	Spanish-to-English Mappings topic: tag rows carrying a >=14-sense es: lemma with topic:multi-sense
jd3ghlvthp	[ser] inteligente	[to be] intelligent	reference	topic:multi-sense	Spanish-to-English Mappings topic: tag rows carrying a >=14-sense es: lemma with topic:multi-sense
c3t870d60r	[ser] diferente	[to be] different	reference	topic:multi-sense	Spanish-to-English Mappings topic: tag rows carrying a >=14-sense es: lemma with topic:multi-sense
3nqecw7v9o	[ser] impuro	[to be] impure	reference	topic:multi-sense	Spanish-to-English Mappings topic: tag rows carrying a >=14-sense es: lemma with topic:multi-sense
zdnyj2otwv	[ser] urgente	[to be] urgent	reference	topic:multi-sense	Spanish-to-English Mappings topic: tag rows carrying a >=14-sense es: lemma with topic:multi-sense
m0lef4525u	[ser] similar	[to be] similar	reference	topic:multi-sense	Spanish-to-English Mappings topic: tag rows carrying a >=14-sense es: lemma with topic:multi-sense
eff9tjrydf	darle tiempo a [alguien]	to buy [somebody] time	reference	topic:multi-sense	Spanish-to-English Mappings topic: tag rows carrying a >=14-sense es: lemma with topic:multi-sense
t9r1fus19d	hacer transbordo	to change [transport]	reference	topic:multi-sense	Spanish-to-English Mappings topic: tag rows carrying a >=14-sense es: lemma with topic:multi-sense
me7opeedkf	[estar] bien	[to be] fine	reference	topic:multi-sense	Spanish-to-English Mappings topic: tag rows carrying a >=14-sense es: lemma with topic:multi-sense
x9b39jxzcj	[estar] lleno/a	[to be] full	reference	topic:multi-sense	Spanish-to-English Mappings topic: tag rows carrying a >=14-sense es: lemma with topic:multi-sense
rbql1uhr3o	[ser] abundante	[to be] abundant	reference	topic:multi-sense	Spanish-to-English Mappings topic: tag rows carrying a >=14-sense es: lemma with topic:multi-sense
fyvjibhkek	[ser] africano	[to be] African	reference	topic:multi-sense	Spanish-to-English Mappings topic: tag rows carrying a >=14-sense es: lemma with topic:multi-sense
5op38mdcjt	[ser] americano	[to be] American	reference	topic:multi-sense	Spanish-to-English Mappings topic: tag rows carrying a >=14-sense es: lemma with topic:multi-sense
9nn2ezspjo	[ser] distante	[to be] distant	reference	topic:multi-sense	Spanish-to-English Mappings topic: tag rows carrying a >=14-sense es: lemma with topic:multi-sense
u3t3siau09	[ser] arrogante	[to be] arrogant	reference	topic:multi-sense	Spanish-to-English Mappings topic: tag rows carrying a >=14-sense es: lemma with topic:multi-sense
8lwxklvlox	[ser] astronómico	[to be] astronomical	reference	topic:multi-sense	Spanish-to-English Mappings topic: tag rows carrying a >=14-sense es: lemma with topic:multi-sense
cqg6rkqv81	[ser] constante	[to be] constant	reference	topic:multi-sense	Spanish-to-English Mappings topic: tag rows carrying a >=14-sense es: lemma with topic:multi-sense
egfhp0pogp	[ser] lógico	[to be] logical	reference	topic:multi-sense	Spanish-to-English Mappings topic: tag rows carrying a >=14-sense es: lemma with topic:multi-sense
noaqpx4pgb	[ser] difícil	[to be] hard	reference	topic:multi-sense	Spanish-to-English Mappings topic: tag rows carrying a >=14-sense es: lemma with topic:multi-sense
pzwlgwqlj8	[ser] italiano	[to be] Italian	reference	topic:multi-sense	Spanish-to-English Mappings topic: tag rows carrying a >=14-sense es: lemma with topic:multi-sense
2gys1beboz	[ser] dominante	[to be] dominant	reference	topic:multi-sense	Spanish-to-English Mappings topic: tag rows carrying a >=14-sense es: lemma with topic:multi-sense
rkyuwye6j0	[ser] tolerante	[to be] tolerant	reference	topic:multi-sense	Spanish-to-English Mappings topic: tag rows carrying a >=14-sense es: lemma with topic:multi-sense
qxaqglea0l	[ser] caro	[to be] dear	reference	topic:multi-sense	Spanish-to-English Mappings topic: tag rows carrying a >=14-sense es: lemma with topic:multi-sense
ivgg9evica	[ser] importante	[to be] important	reference	topic:multi-sense	Spanish-to-English Mappings topic: tag rows carrying a >=14-sense es: lemma with topic:multi-sense
cw25uiqi25	[ser] colombiano	[to be] Colombian	reference	topic:multi-sense	Spanish-to-English Mappings topic: tag rows carrying a >=14-sense es: lemma with topic:multi-sense
pqrq0blgqm	[ser] filosófico	[to be] philosophical	reference	topic:multi-sense	Spanish-to-English Mappings topic: tag rows carrying a >=14-sense es: lemma with topic:multi-sense
j1o6zzb447	[ser] tropical	[to be] tropical	reference	topic:multi-sense	Spanish-to-English Mappings topic: tag rows carrying a >=14-sense es: lemma with topic:multi-sense
4es4xow5j6	[ser] cristiano	[to be] Christian	reference	topic:multi-sense	Spanish-to-English Mappings topic: tag rows carrying a >=14-sense es: lemma with topic:multi-sense
37mwxw6ctd	[ser] dócil	[to be] docile	reference	topic:multi-sense	Spanish-to-English Mappings topic: tag rows carrying a >=14-sense es: lemma with topic:multi-sense
f8ibc1tkv8	[ser] hostil	[to be] hostile	reference	topic:multi-sense	Spanish-to-English Mappings topic: tag rows carrying a >=14-sense es: lemma with topic:multi-sense
om7i40mm1h	[ser] frágil	[to be] fragile	reference	topic:multi-sense	Spanish-to-English Mappings topic: tag rows carrying a >=14-sense es: lemma with topic:multi-sense
m7msmm6idr	[ser] elegante	[to be] elegant	reference	topic:multi-sense	Spanish-to-English Mappings topic: tag rows carrying a >=14-sense es: lemma with topic:multi-sense
ldj6l0mdep	parecerle bien a [alguien]	to be fine with [somebody]	reference	topic:multi-sense	Spanish-to-English Mappings topic: tag rows carrying a >=14-sense es: lemma with topic:multi-sense
i4p7p3uuv3	[ser] ágil	[to be] agile	reference	topic:multi-sense	Spanish-to-English Mappings topic: tag rows carrying a >=14-sense es: lemma with topic:multi-sense
r3asilg271	[ser] móvil	[to be] mobile	reference	topic:multi-sense	Spanish-to-English Mappings topic: tag rows carrying a >=14-sense es: lemma with topic:multi-sense
lll54skgy9	[ser] relevante	[to be] relevant	reference	topic:multi-sense	Spanish-to-English Mappings topic: tag rows carrying a >=14-sense es: lemma with topic:multi-sense
ccv1nte27w	[ser] práctico	[to be] practical	reference	topic:multi-sense	Spanish-to-English Mappings topic: tag rows carrying a >=14-sense es: lemma with topic:multi-sense
8w5qasxh42	pasarla muy bien	to have a great time	reference	topic:multi-sense	Spanish-to-English Mappings topic: tag rows carrying a >=14-sense es: lemma with topic:multi-sense
fp17uyuvne	ya no [tener] hambre	[to be] full	reference	topic:multi-sense	Spanish-to-English Mappings topic: tag rows carrying a >=14-sense es: lemma with topic:multi-sense
czbta5pgta	[ser] físico	[to be] physical	reference	topic:multi-sense	Spanish-to-English Mappings topic: tag rows carrying a >=14-sense es: lemma with topic:multi-sense
iharvjn1av	[ser] ignorante	[to be] ignorant	reference	topic:multi-sense	Spanish-to-English Mappings topic: tag rows carrying a >=14-sense es: lemma with topic:multi-sense
8qkzde6rm4	con esfuerzo	hard	reference	topic:multi-sense	Spanish-to-English Mappings topic: tag rows carrying a >=14-sense es: lemma with topic:multi-sense
j689z4o98x	[ser] nacional	[to be] national	reference	topic:multi-sense	Spanish-to-English Mappings topic: tag rows carrying a >=14-sense es: lemma with topic:multi-sense
o74dwi1uyi	[ser] secundario	[to be] secondary	reference	topic:multi-sense	Spanish-to-English Mappings topic: tag rows carrying a >=14-sense es: lemma with topic:multi-sense
h9waqlqv7g	[ser] central	[to be] central	reference	topic:multi-sense	Spanish-to-English Mappings topic: tag rows carrying a >=14-sense es: lemma with topic:multi-sense
crw3ztzb94	[sentirse] solo/a	[to feel] lonely	reference	topic:multi-sense	Spanish-to-English Mappings topic: tag rows carrying a >=14-sense es: lemma with topic:multi-sense
a81b38vc82	[ser] compatible	[to be] compatible	reference	topic:multi-sense	Spanish-to-English Mappings topic: tag rows carrying a >=14-sense es: lemma with topic:multi-sense
ahs4zjjduw	[ser] correcto	[to be] correct	reference	topic:multi-sense	Spanish-to-English Mappings topic: tag rows carrying a >=14-sense es: lemma with topic:multi-sense
qaybrv5r08	[ser] cultural	[to be] cultural	reference	topic:multi-sense	Spanish-to-English Mappings topic: tag rows carrying a >=14-sense es: lemma with topic:multi-sense
fbqyznc4nd	[ser] flexible	[to be] flexible	reference	topic:multi-sense	Spanish-to-English Mappings topic: tag rows carrying a >=14-sense es: lemma with topic:multi-sense
avrrauxv1v	[ser] voluntario	[to be] voluntary	reference	topic:multi-sense	Spanish-to-English Mappings topic: tag rows carrying a >=14-sense es: lemma with topic:multi-sense
7wsae6ohqh	[ser] original	[to be] original	reference	topic:multi-sense	Spanish-to-English Mappings topic: tag rows carrying a >=14-sense es: lemma with topic:multi-sense
507mhrp8ij	[ser] probable	[to be] probable	reference	topic:multi-sense	Spanish-to-English Mappings topic: tag rows carrying a >=14-sense es: lemma with topic:multi-sense
lpp235wcy8	[ser] directo	[to be] direct	reference	topic:multi-sense	Spanish-to-English Mappings topic: tag rows carrying a >=14-sense es: lemma with topic:multi-sense
wn2nlx3pr4	[ser] terrible	[to be] terrible	reference	topic:multi-sense	Spanish-to-English Mappings topic: tag rows carrying a >=14-sense es: lemma with topic:multi-sense
8myaw330m4	[ser] volátil	[to be] volatile	reference	topic:multi-sense	Spanish-to-English Mappings topic: tag rows carrying a >=14-sense es: lemma with topic:multi-sense
3ghllp87eh	[ser] imposible	[to be] impossible	reference	topic:multi-sense	Spanish-to-English Mappings topic: tag rows carrying a >=14-sense es: lemma with topic:multi-sense
2b1o95ucrf	[ser] ordinario	[to be] ordinary	reference	topic:multi-sense	Spanish-to-English Mappings topic: tag rows carrying a >=14-sense es: lemma with topic:multi-sense
44vve9o82w	[ser] usual	[to be] usual	reference	topic:multi-sense	Spanish-to-English Mappings topic: tag rows carrying a >=14-sense es: lemma with topic:multi-sense
sfhkidja4j	[ser] versátil	[to be] versatile	reference	topic:multi-sense	Spanish-to-English Mappings topic: tag rows carrying a >=14-sense es: lemma with topic:multi-sense
4j667r55mx	[ser] militar	[to be] military	reference	topic:multi-sense	Spanish-to-English Mappings topic: tag rows carrying a >=14-sense es: lemma with topic:multi-sense
kkjx3vhw8g	[ser] normal	[to be] normal	reference	topic:multi-sense	Spanish-to-English Mappings topic: tag rows carrying a >=14-sense es: lemma with topic:multi-sense
gs18hac0wc	[ser] local	[to be] local	reference	topic:multi-sense	Spanish-to-English Mappings topic: tag rows carrying a >=14-sense es: lemma with topic:multi-sense
i6lgjlsx9i	[ser] estéril	[to be] sterile	reference	topic:multi-sense	Spanish-to-English Mappings topic: tag rows carrying a >=14-sense es: lemma with topic:multi-sense
wq5dv3uyh9	[ser] global	[to be] global	reference	topic:multi-sense	Spanish-to-English Mappings topic: tag rows carrying a >=14-sense es: lemma with topic:multi-sense
bh9ac38fba	[ser] horrible	[to be] horrible	reference	topic:multi-sense	Spanish-to-English Mappings topic: tag rows carrying a >=14-sense es: lemma with topic:multi-sense
x3v3e10qch	[ser] perfecto	[to be] perfect	reference	topic:multi-sense	Spanish-to-English Mappings topic: tag rows carrying a >=14-sense es: lemma with topic:multi-sense
muzi1uasqh	[ser] posible	[to be] possible	reference	topic:multi-sense	Spanish-to-English Mappings topic: tag rows carrying a >=14-sense es: lemma with topic:multi-sense
nh051geds0	[ser] responsable	[to be] responsible	reference	topic:multi-sense	Spanish-to-English Mappings topic: tag rows carrying a >=14-sense es: lemma with topic:multi-sense
n67zgsqzmg	[ser] personal	[to be] personal	reference	topic:multi-sense	Spanish-to-English Mappings topic: tag rows carrying a >=14-sense es: lemma with topic:multi-sense
wn1qursjo6	[ser] imaginario	[to be] imaginary	reference	topic:multi-sense	Spanish-to-English Mappings topic: tag rows carrying a >=14-sense es: lemma with topic:multi-sense
acxwq7xjm9	tener que [hacer algo]	must [do something]	reference	topic:multi-sense	Spanish-to-English Mappings topic: tag rows carrying a >=14-sense es: lemma with topic:multi-sense
kumzijcead	[ser] inflexible	[to be] inflexible	reference	topic:multi-sense	Spanish-to-English Mappings topic: tag rows carrying a >=14-sense es: lemma with topic:multi-sense
bbisoqgg8n	[ser] primario	[to be] primary	reference	topic:multi-sense	Spanish-to-English Mappings topic: tag rows carrying a >=14-sense es: lemma with topic:multi-sense
kh64q1xdfp	ser nuevo/a aquí	to be new here	reference	topic:multi-sense	Spanish-to-English Mappings topic: tag rows carrying a >=14-sense es: lemma with topic:multi-sense
axde5caopx	[ser] internacional	[to be] international	reference	topic:multi-sense	Spanish-to-English Mappings topic: tag rows carrying a >=14-sense es: lemma with topic:multi-sense
cyv6rdzmdl	[ser] profesional	[to be] professional	reference	topic:multi-sense	Spanish-to-English Mappings topic: tag rows carrying a >=14-sense es: lemma with topic:multi-sense
v5b7rf226u	por ahora	for now	reference	topic:multi-sense	Spanish-to-English Mappings topic: tag rows carrying a >=14-sense es: lemma with topic:multi-sense
9tefge6hdf	[ser] total	[to be] total	reference	topic:multi-sense	Spanish-to-English Mappings topic: tag rows carrying a >=14-sense es: lemma with topic:multi-sense
9cdw0xvul9	[ser] sólido	[to be] solid	reference	topic:multi-sense	Spanish-to-English Mappings topic: tag rows carrying a >=14-sense es: lemma with topic:multi-sense
lhyo4c7kq5	[estar] rígido	[to be] rigid	reference	topic:multi-sense	Spanish-to-English Mappings topic: tag rows carrying a >=14-sense es: lemma with topic:multi-sense
svclr45ucg	[ser] inevitable	[to be] inevitable	reference	topic:multi-sense	Spanish-to-English Mappings topic: tag rows carrying a >=14-sense es: lemma with topic:multi-sense
tqam8pmq34	[ser] rápido	[to be] rapid	reference	topic:multi-sense	Spanish-to-English Mappings topic: tag rows carrying a >=14-sense es: lemma with topic:multi-sense
3d0679vask	[ser] admirable	[to be] admirable	reference	topic:multi-sense	Spanish-to-English Mappings topic: tag rows carrying a >=14-sense es: lemma with topic:multi-sense
l63676rkny	[ser] básico	[to be] basic	reference	topic:multi-sense	Spanish-to-English Mappings topic: tag rows carrying a >=14-sense es: lemma with topic:multi-sense
jg09lmjqgp	[ser] ilegal	[to be] illegal	reference	topic:multi-sense	Spanish-to-English Mappings topic: tag rows carrying a >=14-sense es: lemma with topic:multi-sense
fx314322k9	[ser] contradictorio	[to be] contradictory	reference	topic:multi-sense	Spanish-to-English Mappings topic: tag rows carrying a >=14-sense es: lemma with topic:multi-sense
pts3pt4ij8	[ser] inocente	[to be] innocent	reference	topic:multi-sense	Spanish-to-English Mappings topic: tag rows carrying a >=14-sense es: lemma with topic:multi-sense
ujefp33bzw	[ser] mórbido	[to be] morbid	reference	topic:multi-sense	Spanish-to-English Mappings topic: tag rows carrying a >=14-sense es: lemma with topic:multi-sense
ngnaxgltch	[ser] obligatorio	[to be] obligatory	reference	topic:multi-sense	Spanish-to-English Mappings topic: tag rows carrying a >=14-sense es: lemma with topic:multi-sense
ah4jp71f6u	[ser] tímido	[to be] timid	reference	topic:multi-sense	Spanish-to-English Mappings topic: tag rows carrying a >=14-sense es: lemma with topic:multi-sense
fq2spprggy	[ser] vívido	[to be] vivid	reference	topic:multi-sense	Spanish-to-English Mappings topic: tag rows carrying a >=14-sense es: lemma with topic:multi-sense
nnudjc6b5v	[ser] exótico	[to be] exotic	reference	topic:multi-sense	Spanish-to-English Mappings topic: tag rows carrying a >=14-sense es: lemma with topic:multi-sense
npdgmfs94y	[ser] académico	[to be] academic	reference	topic:multi-sense	Spanish-to-English Mappings topic: tag rows carrying a >=14-sense es: lemma with topic:multi-sense
7xvxjkvr3p	[ser] válido	[to be] valid	reference	topic:multi-sense	Spanish-to-English Mappings topic: tag rows carrying a >=14-sense es: lemma with topic:multi-sense
x6fnix25ej	[ser] satisfactorio	[to be] satisfactory	reference	topic:multi-sense	Spanish-to-English Mappings topic: tag rows carrying a >=14-sense es: lemma with topic:multi-sense
x8gwkzxwfb	[ser] estúpido	[to be] stupid	reference	topic:multi-sense	Spanish-to-English Mappings topic: tag rows carrying a >=14-sense es: lemma with topic:multi-sense
dd1vvakb0b	[ser] orgánico	[to be] organic	reference	topic:multi-sense	Spanish-to-English Mappings topic: tag rows carrying a >=14-sense es: lemma with topic:multi-sense
sbwkyg3r6z	[ser] preparatorio	[to be] preparatory	reference	topic:multi-sense	Spanish-to-English Mappings topic: tag rows carrying a >=14-sense es: lemma with topic:multi-sense
or5vrih2lk	[ser] sensible	[to be] sensitive	reference	topic:multi-sense	Spanish-to-English Mappings topic: tag rows carrying a >=14-sense es: lemma with topic:multi-sense
xxux8bre3d	[ser] específico	[to be] specific	reference	topic:multi-sense	Spanish-to-English Mappings topic: tag rows carrying a >=14-sense es: lemma with topic:multi-sense
rxikqikf7p	[ser] razonable	[to be] reasonable	reference	topic:multi-sense	Spanish-to-English Mappings topic: tag rows carrying a >=14-sense es: lemma with topic:multi-sense
wrfnwhtk1u	[ser] científico	[to be] scientific	reference	topic:multi-sense	Spanish-to-English Mappings topic: tag rows carrying a >=14-sense es: lemma with topic:multi-sense
5y2p6uljkt	[ser] espléndido	[to be] splendid	reference	topic:multi-sense	Spanish-to-English Mappings topic: tag rows carrying a >=14-sense es: lemma with topic:multi-sense
roypbmol7h	[ser] favorable	[to be] favorable	reference	topic:multi-sense	Spanish-to-English Mappings topic: tag rows carrying a >=14-sense es: lemma with topic:multi-sense
45o3rne3ve	[ser] considerable	[to be] considerable	reference	topic:multi-sense	Spanish-to-English Mappings topic: tag rows carrying a >=14-sense es: lemma with topic:multi-sense
ptb517s9gj	[ser] aceptable	[to be] acceptable	reference	topic:multi-sense	Spanish-to-English Mappings topic: tag rows carrying a >=14-sense es: lemma with topic:multi-sense
9mvkkm6znw	ser dueño/a de [algo]	to own [something]	reference	topic:multi-sense	Spanish-to-English Mappings topic: tag rows carrying a >=14-sense es: lemma with topic:multi-sense
thf9jt8qp9	ser propietario/a de [algo]	to own [something]	reference	topic:multi-sense	Spanish-to-English Mappings topic: tag rows carrying a >=14-sense es: lemma with topic:multi-sense
21ip23zino	darle [algo] a [alguien]	to provide [somebody] with [something]	reference	topic:multi-sense	Spanish-to-English Mappings topic: tag rows carrying a >=14-sense es: lemma with topic:multi-sense
kloirpjzvx	[ser] contable	[to be] countable	reference	topic:multi-sense	Spanish-to-English Mappings topic: tag rows carrying a >=14-sense es: lemma with topic:multi-sense
7ew1qah5mw	[ser] largo	[to be] lengthy	reference	topic:multi-sense	Spanish-to-English Mappings topic: tag rows carrying a >=14-sense es: lemma with topic:multi-sense
sxsp9okeyb	[ser] corto	[to be] brief	reference	topic:multi-sense	Spanish-to-English Mappings topic: tag rows carrying a >=14-sense es: lemma with topic:multi-sense
eumyulu0a5	[ser] juvenil	[to be] youthful	reference	topic:multi-sense	Spanish-to-English Mappings topic: tag rows carrying a >=14-sense es: lemma with topic:multi-sense
inefeucgpz	[seguir] sin [algo]	[to remain] [adjective]	reference	topic:multi-sense	Spanish-to-English Mappings topic: tag rows carrying a >=14-sense es: lemma with topic:multi-sense
du2i421xic	[ser] oscuro	[to be] dark	supporting	topic:multi-sense	Spanish-to-English Mappings topic: tag rows carrying a >=14-sense es: lemma with topic:multi-sense
p71stevmcf	[ser] gratuito	[to be] free of charge	reference	topic:multi-sense	Spanish-to-English Mappings topic: tag rows carrying a >=14-sense es: lemma with topic:multi-sense
jo5vgnadhf	[ser] importante	[to be] major	reference	topic:multi-sense	Spanish-to-English Mappings topic: tag rows carrying a >=14-sense es: lemma with topic:multi-sense
9sfglbvskv	[ser] incorrecto	[to be] incorrect	reference	topic:multi-sense	Spanish-to-English Mappings topic: tag rows carrying a >=14-sense es: lemma with topic:multi-sense
0m5xag1eng	[ser] incorrecto	[to be] wrong	reference	topic:multi-sense	Spanish-to-English Mappings topic: tag rows carrying a >=14-sense es: lemma with topic:multi-sense
lsy4p641mo	[ser] alcanzable	[to be] reachable	reference	topic:multi-sense	Spanish-to-English Mappings topic: tag rows carrying a >=14-sense es: lemma with topic:multi-sense
eb8k6jseu7	[ser] automático	[to be] automatic	reference	topic:multi-sense	Spanish-to-English Mappings topic: tag rows carrying a >=14-sense es: lemma with topic:multi-sense
rscmsn8wgt	[ser] correcto	[to be] right	reference	topic:multi-sense	Spanish-to-English Mappings topic: tag rows carrying a >=14-sense es: lemma with topic:multi-sense
xq3smx6et4	[ser] fácil	[to be] simple	reference	topic:multi-sense	Spanish-to-English Mappings topic: tag rows carrying a >=14-sense es: lemma with topic:multi-sense
zogyll26ke	[ser] fácil	[to be] easy	supporting	topic:multi-sense	Spanish-to-English Mappings topic: tag rows carrying a >=14-sense es: lemma with topic:multi-sense
xi0bobj4sj	[ser] inalcanzable	[to be] unattainable	reference	topic:multi-sense	Spanish-to-English Mappings topic: tag rows carrying a >=14-sense es: lemma with topic:multi-sense
sjbeb14kqn	[ser] rápido	[to be] quick	reference	topic:multi-sense	Spanish-to-English Mappings topic: tag rows carrying a >=14-sense es: lemma with topic:multi-sense
554b3zw97r	[ser] electrónico	[to be] electronic	reference	topic:multi-sense	Spanish-to-English Mappings topic: tag rows carrying a >=14-sense es: lemma with topic:multi-sense
a6rp7lkscp	[ser] increíble	[to be] incredible	reference	topic:multi-sense	Spanish-to-English Mappings topic: tag rows carrying a >=14-sense es: lemma with topic:multi-sense
825356svvc	[ser] económico	[to be] economic	reference	topic:multi-sense	Spanish-to-English Mappings topic: tag rows carrying a >=14-sense es: lemma with topic:multi-sense
90cs3915m5	[seguir] [adjetivo]	[to remain] [adjective]	reference	topic:multi-sense	Spanish-to-English Mappings topic: tag rows carrying a >=14-sense es: lemma with topic:multi-sense
s5rh58dybq	[ser] menor de edad	[to be] a minor	reference	topic:multi-sense	Spanish-to-English Mappings topic: tag rows carrying a >=14-sense es: lemma with topic:multi-sense
5r6yy0jg6s	[ser] pequeño	[to be] little	reference	topic:multi-sense	Spanish-to-English Mappings topic: tag rows carrying a >=14-sense es: lemma with topic:multi-sense
cfov50zfzj	[ser] grande	[to be] large	reference	topic:multi-sense	Spanish-to-English Mappings topic: tag rows carrying a >=14-sense es: lemma with topic:multi-sense
0ni6dh7b5l	[ser] juntas	[to be] together	reference	topic:multi-sense	Spanish-to-English Mappings topic: tag rows carrying a >=14-sense es: lemma with topic:multi-sense
tn4zxjyp3o	[ser] lento	[to be] slow	supporting	topic:multi-sense	Spanish-to-English Mappings topic: tag rows carrying a >=14-sense es: lemma with topic:multi-sense
5ozjq6uxr0	[ser] político	[to be] political	reference	topic:multi-sense	Spanish-to-English Mappings topic: tag rows carrying a >=14-sense es: lemma with topic:multi-sense
ksmdrxloop	[ser] difícil	[to be] difficult	supporting	topic:multi-sense	Spanish-to-English Mappings topic: tag rows carrying a >=14-sense es: lemma with topic:multi-sense
xcso0u447l	[ser] histórico	[to be] historic	reference	topic:multi-sense	Spanish-to-English Mappings topic: tag rows carrying a >=14-sense es: lemma with topic:multi-sense
v1a7c89j32	[ser] largo	[to be] long	supporting	topic:multi-sense	Spanish-to-English Mappings topic: tag rows carrying a >=14-sense es: lemma with topic:multi-sense
itbjcq4mo3	de casa	from home	reference	topic:multi-sense	Spanish-to-English Mappings topic: tag rows carrying a >=14-sense es: lemma with topic:multi-sense
0wx9x5ccnb	por favor	please	supporting	topic:multi-sense	Spanish-to-English Mappings topic: tag rows carrying a >=14-sense es: lemma with topic:multi-sense
tpnkufeuit	con gusto	you're welcome	supporting	topic:multi-sense	Spanish-to-English Mappings topic: tag rows carrying a >=14-sense es: lemma with topic:multi-sense
hwdyiqf0pm	de nada	you're welcome	supporting	topic:multi-sense	Spanish-to-English Mappings topic: tag rows carrying a >=14-sense es: lemma with topic:multi-sense
b1nubjxiqh	no hay problema	no problem	supporting	topic:multi-sense	Spanish-to-English Mappings topic: tag rows carrying a >=14-sense es: lemma with topic:multi-sense
t40gce06y2	cargar [algo]	to carry [something]	reference	topic:multi-sense	Spanish-to-English Mappings topic: tag rows carrying a >=14-sense es: lemma with topic:multi-sense
t8qj2utyn9	cargar [algo]	to load [something]	reference	topic:multi-sense	Spanish-to-English Mappings topic: tag rows carrying a >=14-sense es: lemma with topic:multi-sense
d5wk0wunlt	cargar [un dispositivo]	to charge [a device]	reference	topic:multi-sense	Spanish-to-English Mappings topic: tag rows carrying a >=14-sense es: lemma with topic:multi-sense
jjln6naurj	cargar con [algo]	to bear [something]	reference	topic:multi-sense	Spanish-to-English Mappings topic: tag rows carrying a >=14-sense es: lemma with topic:multi-sense
idq8drq64m	cargarle [algo] a [alguien]	to blame [somebody] for [something]	reference	topic:multi-sense	Spanish-to-English Mappings topic: tag rows carrying a >=14-sense es: lemma with topic:multi-sense
tztlzyvj4i	cargarse [algo] al hombro	to take on [something]	reference	topic:multi-sense	Spanish-to-English Mappings topic: tag rows carrying a >=14-sense es: lemma with topic:multi-sense
bk7v369c35	cargarse [algo]	to wreck [something]	reference	topic:multi-sense	Spanish-to-English Mappings topic: tag rows carrying a >=14-sense es: lemma with topic:multi-sense
ekfnmwolxk	cargarse a [alguien]	to kill [somebody]	reference	topic:multi-sense	Spanish-to-English Mappings topic: tag rows carrying a >=14-sense es: lemma with topic:multi-sense
258notkgdg	encargar [algo]	to order [something]	reference	topic:multi-sense	Spanish-to-English Mappings topic: tag rows carrying a >=14-sense es: lemma with topic:multi-sense
aglyv4d8zx	encargar [algo]	to commission [something]	reference	topic:multi-sense	Spanish-to-English Mappings topic: tag rows carrying a >=14-sense es: lemma with topic:multi-sense
7ckfdreaoe	encargarle [algo] a [alguien]	to put [somebody] in charge of [something]	reference	topic:multi-sense	Spanish-to-English Mappings topic: tag rows carrying a >=14-sense es: lemma with topic:multi-sense
yiqjr127ed	encargarle a [alguien] que [haga algo]	to ask [somebody] to [do something]	reference	topic:multi-sense	Spanish-to-English Mappings topic: tag rows carrying a >=14-sense es: lemma with topic:multi-sense
0mxnpd7krx	encargarse de [algo]	to take care of [something]	reference	topic:multi-sense	Spanish-to-English Mappings topic: tag rows carrying a >=14-sense es: lemma with topic:multi-sense
nse7vj3fbs	estar encargado de [algo]	to be in charge of [something]	reference	topic:multi-sense	Spanish-to-English Mappings topic: tag rows carrying a >=14-sense es: lemma with topic:multi-sense
bldd0u1kcp	dejar [algo] encargado a [alguien]	to leave [something] in [somebody's] care	reference	topic:multi-sense	Spanish-to-English Mappings topic: tag rows carrying a >=14-sense es: lemma with topic:multi-sense
swig6imniy	tener dolor de [algo]	to have an ache in [something]	reference	topic:multi-sense	Spanish-to-English Mappings topic: tag rows carrying a >=14-sense es: lemma with topic:multi-sense
rbub08uirg	subir	to come up	reference	topic:multi-sense	Spanish-to-English Mappings topic: tag rows carrying a >=14-sense es: lemma with topic:multi-sense
pzy17gtc2h	subir [algo]	to raise [something]	reference	topic:multi-sense	Spanish-to-English Mappings topic: tag rows carrying a >=14-sense es: lemma with topic:multi-sense
sao8m0fmzs	subirse a [un transporte]	to get on [transportation]	reference	topic:multi-sense	Spanish-to-English Mappings topic: tag rows carrying a >=14-sense es: lemma with topic:multi-sense
y7vpfl2o2f	subir [un archivo]	to upload [a file]	reference	topic:multi-sense	Spanish-to-English Mappings topic: tag rows carrying a >=14-sense es: lemma with topic:multi-sense
5b4zdy92e4	subir [un ajuste]	to turn up [a setting]	reference	topic:multi-sense	Spanish-to-English Mappings topic: tag rows carrying a >=14-sense es: lemma with topic:multi-sense
l4v9bkfwpa	subir	to rise	reference	topic:multi-sense	Spanish-to-English Mappings topic: tag rows carrying a >=14-sense es: lemma with topic:multi-sense
i4yza7s44d	subir [algo]	to bring up [something]	reference	topic:multi-sense	Spanish-to-English Mappings topic: tag rows carrying a >=14-sense es: lemma with topic:multi-sense
bsy2e9mwlo	subir de peso	to gain weight	reference	topic:multi-sense	Spanish-to-English Mappings topic: tag rows carrying a >=14-sense es: lemma with topic:multi-sense
h1hgpmfjqn	levantar [algo]	to lift [something]	reference	topic:multi-sense	Spanish-to-English Mappings topic: tag rows carrying a >=14-sense es: lemma with topic:multi-sense
evssaeefeq	levantar [algo]	to raise [something]	reference	topic:multi-sense	Spanish-to-English Mappings topic: tag rows carrying a >=14-sense es: lemma with topic:multi-sense
i0nrqvquwp	levantar [algo]	to pick up [something]	reference	topic:multi-sense	Spanish-to-English Mappings topic: tag rows carrying a >=14-sense es: lemma with topic:multi-sense
6ts6qcxven	levantar [algo]	to remove [something]	reference	topic:multi-sense	Spanish-to-English Mappings topic: tag rows carrying a >=14-sense es: lemma with topic:multi-sense
8et9s26o6q	hacer callar a [alguien]	to silence [somebody]	reference	topic:multi-sense	Spanish-to-English Mappings topic: tag rows carrying a >=14-sense es: lemma with topic:multi-sense
yg6xltanht	hacer lucir [adjetivo] a [algo]	to make [something] look [adjective]	reference	topic:multi-sense	Spanish-to-English Mappings topic: tag rows carrying a >=14-sense es: lemma with topic:multi-sense
wwclre1oia	se fue la luz	the power went out	reference	topic:multi-sense	Spanish-to-English Mappings topic: tag rows carrying a >=14-sense es: lemma with topic:multi-sense
wlwwmr6d11	se fue la luz	the power was out	reference	topic:multi-sense	Spanish-to-English Mappings topic: tag rows carrying a >=14-sense es: lemma with topic:multi-sense
7wxq9lkzoj	que aproveche	enjoy your meal	reference	topic:multi-sense	Spanish-to-English Mappings topic: tag rows carrying a >=14-sense es: lemma with topic:multi-sense
4q0ysfswb4	por ahí	somewhere around there	reference	topic:multi-sense	Spanish-to-English Mappings topic: tag rows carrying a >=14-sense es: lemma with topic:multi-sense
kx72k02t3e	de ahí viene [algo]	that is where [something] comes from	reference	topic:multi-sense	Spanish-to-English Mappings topic: tag rows carrying a >=14-sense es: lemma with topic:multi-sense
19tcjg4oul	ser libre ==> la libertad	to be free ==> the freedom	reference	topic:multi-sense	Spanish-to-English Mappings topic: tag rows carrying a >=14-sense es: lemma with topic:multi-sense
r2sms8158b	estar aburrido/a ==> el aburrimiento	to be bored ==> the boredom	reference	topic:multi-sense	Spanish-to-English Mappings topic: tag rows carrying a >=14-sense es: lemma with topic:multi-sense
4ybur9lrx9	ser sabio/a ==> la sabiduría	to be wise ==> the wisdom	reference	topic:multi-sense	Spanish-to-English Mappings topic: tag rows carrying a >=14-sense es: lemma with topic:multi-sense
49xkqukh7q	ser posible ==> la posibilidad	to be possible ==> the possibility	reference	topic:multi-sense	Spanish-to-English Mappings topic: tag rows carrying a >=14-sense es: lemma with topic:multi-sense
bvc9f4ew19	estar activo/a ==> la actividad	to be active ==> the activity	reference	topic:multi-sense	Spanish-to-English Mappings topic: tag rows carrying a >=14-sense es: lemma with topic:multi-sense
t96lih4h1i	ser seguro/a ==> la seguridad	to be secure ==> the security	reference	topic:multi-sense	Spanish-to-English Mappings topic: tag rows carrying a >=14-sense es: lemma with topic:multi-sense
sy6a2d6cjl	ser responsable ==> la responsabilidad	to be responsible ==> the responsibility	reference	topic:multi-sense	Spanish-to-English Mappings topic: tag rows carrying a >=14-sense es: lemma with topic:multi-sense
f7rmsxmy11	ser curioso/a ==> la curiosidad	to be curious ==> the curiosity	reference	topic:multi-sense	Spanish-to-English Mappings topic: tag rows carrying a >=14-sense es: lemma with topic:multi-sense
xowf19voa3	ser igual ==> la igualdad	to be equal ==> the equality	reference	topic:multi-sense	Spanish-to-English Mappings topic: tag rows carrying a >=14-sense es: lemma with topic:multi-sense
tdrc2wk9l8	ser flexible ==> la flexibilidad	to be flexible ==> the flexibility	reference	topic:multi-sense	Spanish-to-English Mappings topic: tag rows carrying a >=14-sense es: lemma with topic:multi-sense
43l3giqx0c	estar disponible ==> la disponibilidad	to be available ==> the availability	reference	topic:multi-sense	Spanish-to-English Mappings topic: tag rows carrying a >=14-sense es: lemma with topic:multi-sense
zjixrrmhoh	estar de acuerdo ==> el acuerdo	to agree ==> the agreement	reference	topic:multi-sense	Spanish-to-English Mappings topic: tag rows carrying a >=14-sense es: lemma with topic:multi-sense
g6oc9u02od	[estar] dispuesto a [hacer algo]	[to be] willing to [do something]	reference	topic:multi-sense	Spanish-to-English Mappings topic: tag rows carrying a >=14-sense es: lemma with topic:multi-sense
c5f9nw0nq0	[estar] junto a [alguien/algo]	[to be] next to [somebody/something]	reference	topic:multi-sense	Spanish-to-English Mappings topic: tag rows carrying a >=14-sense es: lemma with topic:multi-sense
q8bc2trq23	[estar] lleno de [algo]	[to be] full of [something]	reference	topic:multi-sense	Spanish-to-English Mappings topic: tag rows carrying a >=14-sense es: lemma with topic:multi-sense
1ers9if1ue	[estar] juntos	[to be] together	reference	topic:multi-sense	Spanish-to-English Mappings topic: tag rows carrying a >=14-sense es: lemma with topic:multi-sense
p83sgqivs1	[estar] dispuesto a [hacer algo]	[to be] ready to [do something]	reference	topic:multi-sense	Spanish-to-English Mappings topic: tag rows carrying a >=14-sense es: lemma with topic:multi-sense
9v5e2r6rkb	[estar] en blanco	[to be] blank	reference	topic:multi-sense	Spanish-to-English Mappings topic: tag rows carrying a >=14-sense es: lemma with topic:multi-sense
fvrw94ns16	[estar] muerto	[to be] dead	reference	topic:multi-sense	Spanish-to-English Mappings topic: tag rows carrying a >=14-sense es: lemma with topic:multi-sense
4z8q6xymuc	[estar] muerto de cansancio	[to be] exhausted	reference	topic:multi-sense	Spanish-to-English Mappings topic: tag rows carrying a >=14-sense es: lemma with topic:multi-sense
jqzuvvlrry	[ser] marcado	[to be] pronounced	reference	topic:multi-sense	Spanish-to-English Mappings topic: tag rows carrying a >=14-sense es: lemma with topic:multi-sense
ikbozl8fdl	[ser] nuevo en [un lugar]	[to be] new to [a place]	reference	topic:multi-sense	Spanish-to-English Mappings topic: tag rows carrying a >=14-sense es: lemma with topic:multi-sense
zjoxpuz3cv	ser el blanco de [algo]	to be the target of [something]	reference	topic:multi-sense	Spanish-to-English Mappings topic: tag rows carrying a >=14-sense es: lemma with topic:multi-sense
r86rai9777	quedarse en blanco	for one's mind to go blank	reference	topic:multi-sense	Spanish-to-English Mappings topic: tag rows carrying a >=14-sense es: lemma with topic:multi-sense
py3amhoaz5	[estar] lleno	[to be] crowded	reference	topic:multi-sense	Spanish-to-English Mappings topic: tag rows carrying a >=14-sense es: lemma with topic:multi-sense
2agxq175ul	ser probable ==> la probabilidad	to be likely ==> the likelihood	reference	topic:multi-sense	Spanish-to-English Mappings topic: tag rows carrying a >=14-sense es: lemma with topic:multi-sense
6d9398hmpa	ser débil ==> debilitar(se)	to be weak ==> to weaken	reference	topic:multi-sense	Spanish-to-English Mappings topic: tag rows carrying a >=14-sense es: lemma with topic:multi-sense
y61pnn77bq	ser corto/a ==> acortar(se)	to be short ==> to shorten	reference	topic:multi-sense	Spanish-to-English Mappings topic: tag rows carrying a >=14-sense es: lemma with topic:multi-sense
6hviwt29i3	ser oscuro/a ==> oscurecer(se)	to be dark ==> to darken	reference	topic:multi-sense	Spanish-to-English Mappings topic: tag rows carrying a >=14-sense es: lemma with topic:multi-sense
2hn0qjgou0	ser ancho/a ==> ensanchar(se)	to be wide ==> to widen	reference	topic:multi-sense	Spanish-to-English Mappings topic: tag rows carrying a >=14-sense es: lemma with topic:multi-sense
4y9gvi2fpq	ser profundo/a ==> profundizar(se)	to be deep ==> to deepen	reference	topic:multi-sense	Spanish-to-English Mappings topic: tag rows carrying a >=14-sense es: lemma with topic:multi-sense
ce3auojfy9	ser blanco/a ==> blanquear(se)	to be white ==> to whiten	reference	topic:multi-sense	Spanish-to-English Mappings topic: tag rows carrying a >=14-sense es: lemma with topic:multi-sense
0jje3nlbiy	ser negro/a ==> ennegrecer(se)	to be black ==> to blacken	reference	topic:multi-sense	Spanish-to-English Mappings topic: tag rows carrying a >=14-sense es: lemma with topic:multi-sense
a12miruf57	[estar] disponible	[to be] available	supporting	topic:multi-sense	Spanish-to-English Mappings topic: tag rows carrying a >=14-sense es: lemma with topic:multi-sense
dz340ho4gf	ser débil ==> la debilidad	to be weak ==> the weakness	reference	topic:multi-sense	Spanish-to-English Mappings topic: tag rows carrying a >=14-sense es: lemma with topic:multi-sense
a1sa4nhcb4	ser corto/a ==> la brevedad	to be short ==> the shortness	reference	topic:multi-sense	Spanish-to-English Mappings topic: tag rows carrying a >=14-sense es: lemma with topic:multi-sense
tnwlnfg2vy	ser blanco/a ==> ser blanquecino/a	to be white ==> to be whitish	reference	topic:multi-sense	Spanish-to-English Mappings topic: tag rows carrying a >=14-sense es: lemma with topic:multi-sense
7d2jip4ahu	ser blanco/a ==> la blancura	to be white ==> the whiteness	reference	topic:multi-sense	Spanish-to-English Mappings topic: tag rows carrying a >=14-sense es: lemma with topic:multi-sense
iylt35s2f7	ser largo/a ==> la longitud	to be long ==> the length	reference	topic:multi-sense	Spanish-to-English Mappings topic: tag rows carrying a >=14-sense es: lemma with topic:multi-sense
mzb69e4loz	ser fuerte ==> la fuerza	to be strong ==> the strength	reference	topic:multi-sense	Spanish-to-English Mappings topic: tag rows carrying a >=14-sense es: lemma with topic:multi-sense
p4jf3voka2	el poder ==> ser poderoso/a	the power ==> to be powerful	supporting	topic:multi-sense	Spanish-to-English Mappings topic: tag rows carrying a >=14-sense es: lemma with topic:multi-sense
rfob016mlk	el poder ==> ser impotente	the power ==> to be powerless	reference	topic:multi-sense	Spanish-to-English Mappings topic: tag rows carrying a >=14-sense es: lemma with topic:multi-sense
8yyro9imuk	ser feliz ==> la felicidad	to be happy ==> the happiness	reference	topic:multi-sense	Spanish-to-English Mappings topic: tag rows carrying a >=14-sense es: lemma with topic:multi-sense
qq9hn3gsqz	ser amable ==> la amabilidad	to be kind ==> the kindness	reference	topic:multi-sense	Spanish-to-English Mappings topic: tag rows carrying a >=14-sense es: lemma with topic:multi-sense
h9wrpukinh	ser oscuro/a ==> la oscuridad	to be dark ==> the darkness	reference	topic:multi-sense	Spanish-to-English Mappings topic: tag rows carrying a >=14-sense es: lemma with topic:multi-sense
yx2twx4lyf	estar enfermo/a ==> la enfermedad	to be ill ==> the illness	reference	topic:multi-sense	Spanish-to-English Mappings topic: tag rows carrying a >=14-sense es: lemma with topic:multi-sense
uaw2eapfmi	sentirse solo/a ==> la soledad	to be lonely ==> the loneliness	reference	topic:multi-sense	Spanish-to-English Mappings topic: tag rows carrying a >=14-sense es: lemma with topic:multi-sense
c0ycs4sr3d	estar listo/a ==> la preparación	to be ready ==> the readiness	reference	topic:multi-sense	Spanish-to-English Mappings topic: tag rows carrying a >=14-sense es: lemma with topic:multi-sense
4ay6y8jvwp	ser bueno/a ==> la bondad	to be good ==> the goodness	reference	topic:multi-sense	Spanish-to-English Mappings topic: tag rows carrying a >=14-sense es: lemma with topic:multi-sense
j2yt5d2eh2	ser útil ==> la utilidad	to be useful ==> the usefulness	reference	topic:multi-sense	Spanish-to-English Mappings topic: tag rows carrying a >=14-sense es: lemma with topic:multi-sense
91khjw0sgk	ser inútil ==> la inutilidad	to be useless ==> the uselessness	reference	topic:multi-sense	Spanish-to-English Mappings topic: tag rows carrying a >=14-sense es: lemma with topic:multi-sense
5r9qo4q9nv	ser significativo/a ==> lo significativo	to be meaningful ==> the meaningfulness	reference	topic:multi-sense	Spanish-to-English Mappings topic: tag rows carrying a >=14-sense es: lemma with topic:multi-sense
7c4b95syn2	no tener sentido ==> la falta de sentido	to be meaningless ==> the meaninglessness	reference	topic:multi-sense	Spanish-to-English Mappings topic: tag rows carrying a >=14-sense es: lemma with topic:multi-sense
cokw84ud9i	ser impotente ==> la impotencia	to be powerless ==> the powerlessness	reference	topic:multi-sense	Spanish-to-English Mappings topic: tag rows carrying a >=14-sense es: lemma with topic:multi-sense
ucs7ft1nsf	ser descuidado/a ==> el descuido	to be careless ==> the carelessness	reference	topic:multi-sense	Spanish-to-English Mappings topic: tag rows carrying a >=14-sense es: lemma with topic:multi-sense
tozoznqlli	estar sin esperanza ==> la desesperanza	to be hopeless ==> the hopelessness	reference	topic:multi-sense	Spanish-to-English Mappings topic: tag rows carrying a >=14-sense es: lemma with topic:multi-sense
hcgacqlfv9	ser rápido/a ==> rápidamente	to be quick ==> quickly	supporting	topic:multi-sense	Spanish-to-English Mappings topic: tag rows carrying a >=14-sense es: lemma with topic:multi-sense
a1lq9l1vf6	ser normal ==> normalmente	to be normal ==> normally	reference	topic:multi-sense	Spanish-to-English Mappings topic: tag rows carrying a >=14-sense es: lemma with topic:multi-sense
dbaw5g5xep	ser cuidadoso/a ==> cuidadosamente	to be careful ==> carefully	reference	topic:multi-sense	Spanish-to-English Mappings topic: tag rows carrying a >=14-sense es: lemma with topic:multi-sense
i4dsmvl6mo	ser probable ==> probablemente	to be probable ==> probably	reference	topic:multi-sense	Spanish-to-English Mappings topic: tag rows carrying a >=14-sense es: lemma with topic:multi-sense
3a98t443ht	ser fácil ==> fácilmente	to be easy ==> easily	reference	topic:multi-sense	Spanish-to-English Mappings topic: tag rows carrying a >=14-sense es: lemma with topic:multi-sense
q0ld7z98sr	ser lento/a ==> lentamente	to be slow ==> slowly	supporting	topic:multi-sense	Spanish-to-English Mappings topic: tag rows carrying a >=14-sense es: lemma with topic:multi-sense
ds2ffdqwke	ser lógico/a ==> lógicamente	to be logical ==> logically	reference	topic:multi-sense	Spanish-to-English Mappings topic: tag rows carrying a >=14-sense es: lemma with topic:multi-sense
2j63ja0xbj	ser práctico/a ==> prácticamente	to be practical ==> practically	reference	topic:multi-sense	Spanish-to-English Mappings topic: tag rows carrying a >=14-sense es: lemma with topic:multi-sense
7xyds447rs	ser rojo/a ==> ser rojizo/a	to be red ==> to be reddish	reference	topic:multi-sense	Spanish-to-English Mappings topic: tag rows carrying a >=14-sense es: lemma with topic:multi-sense
vbyvw1ar60	estar frío/a ==> estar algo frío/a	to be cold ==> to be coldish	reference	topic:multi-sense	Spanish-to-English Mappings topic: tag rows carrying a >=14-sense es: lemma with topic:multi-sense
q603v2185b	estar bien ==> estar más o menos bien	to be okay ==> to be okay-ish	reference	topic:multi-sense	Spanish-to-English Mappings topic: tag rows carrying a >=14-sense es: lemma with topic:multi-sense
z5nq5xkxnd	estar listo/a ==> estar más o menos listo/a	to be ready ==> to be ready-ish	reference	topic:multi-sense	Spanish-to-English Mappings topic: tag rows carrying a >=14-sense es: lemma with topic:multi-sense
rkqe2lip8p	ser verdadero/a ==> la verdad	to be true ==> the truth	reference	topic:multi-sense	Spanish-to-English Mappings topic: tag rows carrying a >=14-sense es: lemma with topic:multi-sense
0h2pwx0gcd	ser ancho/a ==> la anchura	to be wide ==> the width	reference	topic:multi-sense	Spanish-to-English Mappings topic: tag rows carrying a >=14-sense es: lemma with topic:multi-sense
ln2qxef61a	ser profundo/a ==> la profundidad	to be deep ==> the depth	reference	topic:multi-sense	Spanish-to-English Mappings topic: tag rows carrying a >=14-sense es: lemma with topic:multi-sense
vbtrrcbmlc	estar cálido/a ==> la calidez	to be warm ==> the warmth	reference	topic:multi-sense	Spanish-to-English Mappings topic: tag rows carrying a >=14-sense es: lemma with topic:multi-sense
ho4uj7deui	ser joven ==> la juventud	to be young ==> the youth	reference	topic:multi-sense	Spanish-to-English Mappings topic: tag rows carrying a >=14-sense es: lemma with topic:multi-sense
6du2hkieee	estar muerto/a ==> la muerte	to be dead ==> the death	reference	topic:multi-sense	Spanish-to-English Mappings topic: tag rows carrying a >=14-sense es: lemma with topic:multi-sense
h06ev5xh76	ser superior ==> ser el/la de más arriba	to be upper ==> to be uppermost	reference	topic:multi-sense	Spanish-to-English Mappings topic: tag rows carrying a >=14-sense es: lemma with topic:multi-sense
9tllzw4mwd	ser interior ==> ser el/la más interior	to be inner ==> to be innermost	reference	topic:multi-sense	Spanish-to-English Mappings topic: tag rows carrying a >=14-sense es: lemma with topic:multi-sense
6axjf3o9tu	ser exterior ==> ser el/la más exterior	to be outer ==> to be outermost	reference	topic:multi-sense	Spanish-to-English Mappings topic: tag rows carrying a >=14-sense es: lemma with topic:multi-sense
zghjiilqvy	[estar] solo/a	[to be] alone	reference	topic:multi-sense	Spanish-to-English Mappings topic: tag rows carrying a >=14-sense es: lemma with topic:multi-sense
22w9hcretm	[ser] el/la principal	[to be] foremost	reference	topic:multi-sense	Spanish-to-English Mappings topic: tag rows carrying a >=14-sense es: lemma with topic:multi-sense
whdxi9dk01	[ser] exterior	[to be] outer	reference	topic:multi-sense	Spanish-to-English Mappings topic: tag rows carrying a >=14-sense es: lemma with topic:multi-sense
9uy90z13u9	[ser] interno/a	[to be] internal	reference	topic:multi-sense	Spanish-to-English Mappings topic: tag rows carrying a >=14-sense es: lemma with topic:multi-sense
6ozlz4wrp3	[ser] externo/a	[to be] external	reference	topic:multi-sense	Spanish-to-English Mappings topic: tag rows carrying a >=14-sense es: lemma with topic:multi-sense
o75m406e73	[ser] interior	[to be] inner	reference	topic:multi-sense	Spanish-to-English Mappings topic: tag rows carrying a >=14-sense es: lemma with topic:multi-sense
ytr81haq2m	estar de acuerdo ==> estar en desacuerdo	to agree ==> to disagree	supporting	topic:multi-sense	Spanish-to-English Mappings topic: tag rows carrying a >=14-sense es: lemma with topic:multi-sense
r3sb4uczgh	ser feliz ==> ser infeliz	to be happy ==> to be unhappy	supporting	topic:multi-sense	Spanish-to-English Mappings topic: tag rows carrying a >=14-sense es: lemma with topic:multi-sense
rlywxngpzy	ver [algo] ==> prever [algo]	to see [something] ==> to foresee [something]	reference	topic:multi-sense	Spanish-to-English Mappings topic: tag rows carrying a >=14-sense es: lemma with topic:multi-sense
ui5iwqc9ze	decir [algo] ==> predecir [algo]	to tell [something] ==> to foretell [something]	reference	topic:multi-sense	Spanish-to-English Mappings topic: tag rows carrying a >=14-sense es: lemma with topic:multi-sense
3yi3czgqne	por lo tanto	therefore	reference	topic:multi-sense	Spanish-to-English Mappings topic: tag rows carrying a >=14-sense es: lemma with topic:multi-sense
6afpob0j51	[ser] sencillo/a	[to be] straightforward	reference	topic:multi-sense	Spanish-to-English Mappings topic: tag rows carrying a >=14-sense es: lemma with topic:multi-sense
c48b9qs6fd	[ser] imprudente	[to be] reckless	reference	topic:multi-sense	Spanish-to-English Mappings topic: tag rows carrying a >=14-sense es: lemma with topic:multi-sense
zv195eq10v	[ser] insignificante	[to be] insignificant	reference	topic:multi-sense	Spanish-to-English Mappings topic: tag rows carrying a >=14-sense es: lemma with topic:multi-sense
6ittn2yy6r	[estar] prevenido/a	[to be] forearmed	reference	topic:multi-sense	Spanish-to-English Mappings topic: tag rows carrying a >=14-sense es: lemma with topic:multi-sense
p33186aae6	en mayúsculas	in uppercase	reference	topic:multi-sense	Spanish-to-English Mappings topic: tag rows carrying a >=14-sense es: lemma with topic:multi-sense
hi5t96rg3q	en minúsculas	in lowercase	reference	topic:multi-sense	Spanish-to-English Mappings topic: tag rows carrying a >=14-sense es: lemma with topic:multi-sense
kcwee5uzri	de antemano	beforehand	reference	topic:multi-sense	Spanish-to-English Mappings topic: tag rows carrying a >=14-sense es: lemma with topic:multi-sense
gis8rns2at	esperar con ilusión [algo]	to look forward to [something]	reference	topic:multi-sense	Spanish-to-English Mappings topic: tag rows carrying a >=14-sense es: lemma with topic:multi-sense
cbhs0k69zd	ser [adjetivo] [hacer algo]	it is [adjective] [to do something]	core	topic:multi-sense	Spanish-to-English Mappings topic: tag rows carrying a >=14-sense es: lemma with topic:multi-sense
8wpdwqvpbe	ir a [hacer algo]	to go [do something]	supporting	topic:multi-sense	Spanish-to-English Mappings topic: tag rows carrying a >=14-sense es: lemma with topic:multi-sense
uwy1l647pg	es posible que [alguien] [haga algo]	[somebody] may [do something]	reference	topic:multi-sense	Spanish-to-English Mappings topic: tag rows carrying a >=14-sense es: lemma with topic:multi-sense
8jc9z3a7z4	puede que [alguien] [haga algo]	[somebody] might [do something]	reference	topic:multi-sense	Spanish-to-English Mappings topic: tag rows carrying a >=14-sense es: lemma with topic:multi-sense
16bgwsuy7m	hacer que [alguien] [haga algo]	to have [somebody] [do something]	reference	topic:multi-sense	Spanish-to-English Mappings topic: tag rows carrying a >=14-sense es: lemma with topic:multi-sense
am1zzaxcoi	venir a [hacer algo]	to come [do something]	reference	topic:multi-sense	Spanish-to-English Mappings topic: tag rows carrying a >=14-sense es: lemma with topic:multi-sense
qt9aqatj4f	hacer	to do	core	topic:multi-sense	Spanish-to-English Mappings topic: tag rows carrying a >=14-sense es: lemma with topic:multi-sense
sgum9oyi5l	hizo	did	core	topic:multi-sense	Spanish-to-English Mappings topic: tag rows carrying a >=14-sense es: lemma with topic:multi-sense
c16i76gpbx	hace	does	core	topic:multi-sense	Spanish-to-English Mappings topic: tag rows carrying a >=14-sense es: lemma with topic:multi-sense
md76l01y42	sentir a [alguien o algo] [hacer algo]	to feel [somebody or something] [do something]	reference	topic:multi-sense	Spanish-to-English Mappings topic: tag rows carrying a >=14-sense es: lemma with topic:multi-sense
yxx7sx1wqo	sentir a [alguien o algo] [haciendo algo]	to feel [somebody or something] [doing something]	reference	topic:multi-sense	Spanish-to-English Mappings topic: tag rows carrying a >=14-sense es: lemma with topic:multi-sense
rirmatii98	ser visto/a [hacer algo]	to be seen to [do something]	reference	topic:multi-sense	Spanish-to-English Mappings topic: tag rows carrying a >=14-sense es: lemma with topic:multi-sense
9i18xubldv	por [hacer algo]	for [doing something]	supporting	topic:multi-sense	Spanish-to-English Mappings topic: tag rows carrying a >=14-sense es: lemma with topic:multi-sense
h16fxi4ub9	en vez de [hacer algo]	instead of [doing something]	reference	topic:multi-sense	Spanish-to-English Mappings topic: tag rows carrying a >=14-sense es: lemma with topic:multi-sense
r6gr6g96nw	esperar con ilusión [hacer algo]	to look forward to [doing something]	reference	topic:multi-sense	Spanish-to-English Mappings topic: tag rows carrying a >=14-sense es: lemma with topic:multi-sense
7kvliuznhm	[hacer algo] es [adjetivo]	[doing something] is [adjective]	supporting	topic:multi-sense	Spanish-to-English Mappings topic: tag rows carrying a >=14-sense es: lemma with topic:multi-sense
3jt1svnphb	hacer ==> haciendo	to do ==> doing	reference	topic:multi-sense	Spanish-to-English Mappings topic: tag rows carrying a >=14-sense es: lemma with topic:multi-sense
n9rfhc3fi7	hacer ==> haciendo	to make ==> making	reference	topic:multi-sense	Spanish-to-English Mappings topic: tag rows carrying a >=14-sense es: lemma with topic:multi-sense
ajya630rfu	ver ==> viendo	to see ==> seeing	reference	topic:multi-sense	Spanish-to-English Mappings topic: tag rows carrying a >=14-sense es: lemma with topic:multi-sense
tw7e8xdtme	quedar [hecho]	to get [done]	supporting	topic:multi-sense	Spanish-to-English Mappings topic: tag rows carrying a >=14-sense es: lemma with topic:multi-sense
b9jbbszwof	hacer [hacer algo]	to have [something] [done]	supporting	topic:multi-sense	Spanish-to-English Mappings topic: tag rows carrying a >=14-sense es: lemma with topic:multi-sense
qldej05yfp	ir a correr	to go running	reference	topic:multi-sense	Spanish-to-English Mappings topic: tag rows carrying a >=14-sense es: lemma with topic:multi-sense
cvw44cpv4h	ir a bailar	to go dancing	reference	topic:multi-sense	Spanish-to-English Mappings topic: tag rows carrying a >=14-sense es: lemma with topic:multi-sense
32c7r6jugo	decir ==> dice	to say ==> says	supporting	topic:multi-sense	Spanish-to-English Mappings topic: tag rows carrying a >=14-sense es: lemma with topic:multi-sense
0qlz0zv1z5	tener ==> tiene	to have ==> has	supporting	topic:multi-sense	Spanish-to-English Mappings topic: tag rows carrying a >=14-sense es: lemma with topic:multi-sense
wlbaxqy8wx	ir ==> va	to go ==> goes	supporting	topic:multi-sense	Spanish-to-English Mappings topic: tag rows carrying a >=14-sense es: lemma with topic:multi-sense
sfknobofbx	hacer ==> hace	to do ==> does	supporting	topic:multi-sense	Spanish-to-English Mappings topic: tag rows carrying a >=14-sense es: lemma with topic:multi-sense
w7w8ly9haz	ser ==> es	to be ==> is	supporting	topic:multi-sense	Spanish-to-English Mappings topic: tag rows carrying a >=14-sense es: lemma with topic:multi-sense
715ron2lud	estar ==> está	to be ==> is	supporting	topic:multi-sense	Spanish-to-English Mappings topic: tag rows carrying a >=14-sense es: lemma with topic:multi-sense
cb15a9bkk6	tener permiso para [hacer algo]	to be permitted to [do something]	reference	topic:multi-sense	Spanish-to-English Mappings topic: tag rows carrying a >=14-sense es: lemma with topic:multi-sense
nc5yb5f5cn	[estar] disponible	[to be] free	reference	topic:multi-sense	Spanish-to-English Mappings topic: tag rows carrying a >=14-sense es: lemma with topic:multi-sense
lztdsmka37	[ser] diferente	[to be] unlike	reference	topic:multi-sense	Spanish-to-English Mappings topic: tag rows carrying a >=14-sense es: lemma with topic:multi-sense
9qaylitnlb	que (cláusula)	that	supporting	topic:multi-sense	Spanish-to-English Mappings topic: tag rows carrying a >=14-sense es: lemma with topic:multi-sense
ifdijt1kj7	ser poco [adjetivo]	to be not very [adjective]	reference	topic:multi-sense	Spanish-to-English Mappings topic: tag rows carrying a >=14-sense es: lemma with topic:multi-sense
ke36yx8rke	que (comparación)	than	core	topic:multi-sense	Spanish-to-English Mappings topic: tag rows carrying a >=14-sense es: lemma with topic:multi-sense
rvo8g5gv94	haber [hecho algo]	to have [done something]	core	topic:multi-sense	Spanish-to-English Mappings topic: tag rows carrying a >=14-sense es: lemma with topic:multi-sense
p28kckplqm	con tal de que [ocurra algo]	provided that [something happens]	reference	topic:multi-sense	Spanish-to-English Mappings topic: tag rows carrying a >=14-sense es: lemma with topic:multi-sense
mul6vzbji9	con frecuencia	often	reference	topic:multi-sense	Spanish-to-English Mappings topic: tag rows carrying a >=14-sense es: lemma with topic:multi-sense
cta1wv3rkf	si [ocurre algo], [ocurre un resultado general]	if [something happens], [a general result happens]	supporting	topic:multi-sense	Spanish-to-English Mappings topic: tag rows carrying a >=14-sense es: lemma with topic:multi-sense
uzrso1e91g	si [ocurriera algo], [ocurriría un resultado]	if [something happened], [a result] would [happen]	supporting	topic:multi-sense	Spanish-to-English Mappings topic: tag rows carrying a >=14-sense es: lemma with topic:multi-sense
asuexbkbn6	si fuera [alguien], [haría algo]	if I were [somebody], I would [do something]	supporting	topic:multi-sense	Spanish-to-English Mappings topic: tag rows carrying a >=14-sense es: lemma with topic:multi-sense
st2b3nnbcx	si hubiera [ocurrido algo], habría [ocurrido un resultado]	if [something] had [happened], [a result] would have [happened]	reference	topic:multi-sense	Spanish-to-English Mappings topic: tag rows carrying a >=14-sense es: lemma with topic:multi-sense
ne7ucvq1wy	si hubiera [ocurrido algo], ahora [ocurriría un resultado]	if [something] had [happened], [a result] would [happen] now	reference	topic:multi-sense	Spanish-to-English Mappings topic: tag rows carrying a >=14-sense es: lemma with topic:multi-sense
3nqtu4wjs9	si [una situación fuera diferente], habría [ocurrido otro resultado]	if [a situation were different], [another result] would have [happened]	reference	topic:multi-sense	Spanish-to-English Mappings topic: tag rows carrying a >=14-sense es: lemma with topic:multi-sense
ft6li4zkws	estar [adverbio de frecuencia] [estado]	to be [frequency adverb] [state]	supporting	topic:multi-sense	Spanish-to-English Mappings topic: tag rows carrying a >=14-sense es: lemma with topic:multi-sense
05558aoht5	son las [hora]	it's [time]	supporting	topic:multi-sense	Spanish-to-English Mappings topic: tag rows carrying a >=14-sense es: lemma with topic:multi-sense
lr3gy47etf	querer saber si [alguien] [hace algo]	to want to know if [somebody] [does something]	supporting	topic:multi-sense	Spanish-to-English Mappings topic: tag rows carrying a >=14-sense es: lemma with topic:multi-sense
dy3hauy404	querer saber por qué [alguien] no [hace algo]	to want to know why [somebody] doesn't [do something]	supporting	topic:multi-sense	Spanish-to-English Mappings topic: tag rows carrying a >=14-sense es: lemma with topic:multi-sense
lh84ieti4z	¿[alguien] ha [hecho algo]?	has [somebody] [done something]?	core	topic:multi-sense	Spanish-to-English Mappings topic: tag rows carrying a >=14-sense es: lemma with topic:multi-sense
5pzoflm3f4	[alguien] estaba [haciendo algo]	[somebody] was [doing something]	supporting	topic:multi-sense	Spanish-to-English Mappings topic: tag rows carrying a >=14-sense es: lemma with topic:multi-sense
hufvgyko3z	¿[alguien] había [hecho algo]?	had [somebody] [done something]?	supporting	topic:multi-sense	Spanish-to-English Mappings topic: tag rows carrying a >=14-sense es: lemma with topic:multi-sense
id38r2eakh	no haber [hecho algo]	not to have [done something]	supporting	topic:multi-sense	Spanish-to-English Mappings topic: tag rows carrying a >=14-sense es: lemma with topic:multi-sense
2pvko71bzc	no haber [hecho algo] (hablado)	haven't [done something]	supporting	topic:multi-sense	Spanish-to-English Mappings topic: tag rows carrying a >=14-sense es: lemma with topic:multi-sense
05v29ctfcb	[alguien] había [hecho algo]	[somebody] had [done something]	supporting	topic:multi-sense	Spanish-to-English Mappings topic: tag rows carrying a >=14-sense es: lemma with topic:multi-sense
qeak5scchp	[alguien] habrá [hecho algo]	[somebody] will have [done something]	reference	topic:multi-sense	Spanish-to-English Mappings topic: tag rows carrying a >=14-sense es: lemma with topic:multi-sense
wunmuiqosj	[alguien] habría [hecho algo]	[somebody] would have [done something]	reference	topic:multi-sense	Spanish-to-English Mappings topic: tag rows carrying a >=14-sense es: lemma with topic:multi-sense
yqiin6tdtl	haber estado [haciendo algo]	to have been [doing something]	supporting	topic:multi-sense	Spanish-to-English Mappings topic: tag rows carrying a >=14-sense es: lemma with topic:multi-sense
fu708e83rg	[alguien] había estado [haciendo algo]	[somebody] had been [doing something]	reference	topic:multi-sense	Spanish-to-English Mappings topic: tag rows carrying a >=14-sense es: lemma with topic:multi-sense
4dtd8lj623	[alguien] habrá estado [haciendo algo]	[somebody] will have been [doing something]	reference	topic:multi-sense	Spanish-to-English Mappings topic: tag rows carrying a >=14-sense es: lemma with topic:multi-sense
vn67aoztgf	[alguien] habría estado [haciendo algo]	[somebody] would have been [doing something]	reference	topic:multi-sense	Spanish-to-English Mappings topic: tag rows carrying a >=14-sense es: lemma with topic:multi-sense
zugopbh0jt	¿[alguien] tiene que [hacer algo]?	does [somebody] have to [do something]?	core	topic:multi-sense	Spanish-to-English Mappings topic: tag rows carrying a >=14-sense es: lemma with topic:multi-sense
22pjks5vmh	no tener que [hacer algo]	not to have to [do something]	core	topic:multi-sense	Spanish-to-English Mappings topic: tag rows carrying a >=14-sense es: lemma with topic:multi-sense
dj00e4gi88	¿[alguien] tenía que [hacer algo]?	did [somebody] have to [do something]?	supporting	topic:multi-sense	Spanish-to-English Mappings topic: tag rows carrying a >=14-sense es: lemma with topic:multi-sense
4w8zmnbknt	haber [cosas] (pasado plural)	there were [things]	supporting	topic:multi-sense	Spanish-to-English Mappings topic: tag rows carrying a >=14-sense es: lemma with topic:multi-sense
ihsw7a0ggn	¿vas a [hacer algo]?	are you going [to do something]?	core	topic:multi-sense	Spanish-to-English Mappings topic: tag rows carrying a >=14-sense es: lemma with topic:multi-sense
lxes3mwyig	querer saber si hay [algo]	to want to know if there is [something]	supporting	topic:multi-sense	Spanish-to-English Mappings topic: tag rows carrying a >=14-sense es: lemma with topic:multi-sense
spnqzmy3g5	¿[alguien] está [haciendo algo]?	is [somebody] [doing something]?	core	topic:multi-sense	Spanish-to-English Mappings topic: tag rows carrying a >=14-sense es: lemma with topic:multi-sense
v7y40xtgb3	¿has [hecho algo]?	have you [done something]?	core	topic:multi-sense	Spanish-to-English Mappings topic: tag rows carrying a >=14-sense es: lemma with topic:multi-sense
jsajob6okd	¿[alguien] estaba [haciendo algo]?	was [somebody] [doing something]?	supporting	topic:multi-sense	Spanish-to-English Mappings topic: tag rows carrying a >=14-sense es: lemma with topic:multi-sense
8aej7jfu2y	¿tienes que [hacer algo]?	do you have to [do something]?	core	topic:multi-sense	Spanish-to-English Mappings topic: tag rows carrying a >=14-sense es: lemma with topic:multi-sense
2g4mul96oa	¿[alguien] va a [hacer algo]?	is [somebody] going to [do something]?	core	topic:multi-sense	Spanish-to-English Mappings topic: tag rows carrying a >=14-sense es: lemma with topic:multi-sense
ob3a6c4swk	¿ibas a [hacer algo]?	were you going to [do something]?	supporting	topic:multi-sense	Spanish-to-English Mappings topic: tag rows carrying a >=14-sense es: lemma with topic:multi-sense
rzbd2v6ygo	¿[alguien] iba a [hacer algo]?	was [somebody] going to [do something]?	supporting	topic:multi-sense	Spanish-to-English Mappings topic: tag rows carrying a >=14-sense es: lemma with topic:multi-sense
wr8pbzbr3p	iba a [hacer algo]	I/he/she was going to [do something]	supporting	topic:multi-sense	Spanish-to-English Mappings topic: tag rows carrying a >=14-sense es: lemma with topic:multi-sense
89ut7cha5j	haber [algo] (pasado singular)	there was [something]	supporting	topic:multi-sense	Spanish-to-English Mappings topic: tag rows carrying a >=14-sense es: lemma with topic:multi-sense
84arllzyhs	no podría [hacer algo]	couldn't [do something]	supporting	topic:multi-sense	Spanish-to-English Mappings topic: tag rows carrying a >=14-sense es: lemma with topic:multi-sense
78zjjk2mwo	¿debes [hacer algo]?	must you [do something]?	reference	topic:multi-sense	Spanish-to-English Mappings topic: tag rows carrying a >=14-sense es: lemma with topic:multi-sense
ytzftmquqs	estar prohibido [hacer algo]	mustn't [do something]	supporting	topic:multi-sense	Spanish-to-English Mappings topic: tag rows carrying a >=14-sense es: lemma with topic:multi-sense
dtlxfmo16j	¿deberías [hacer algo]?	should you [do something]?	supporting	topic:multi-sense	Spanish-to-English Mappings topic: tag rows carrying a >=14-sense es: lemma with topic:multi-sense
bvjzllj20d	¿[estabas haciendo algo]?	were you [doing something]?	supporting	topic:multi-sense	Spanish-to-English Mappings topic: tag rows carrying a >=14-sense es: lemma with topic:multi-sense
8o5wb8b6vo	ser rápido/a ==> ser el/la más rápido/a	to be rapid ==> to be the most rapid	reference	topic:multi-sense	Spanish-to-English Mappings topic: tag rows carrying a >=14-sense es: lemma with topic:multi-sense
8wgwtlo4yb	ser malo/a ==> ser el/la peor	to be bad ==> to be the worst	supporting	topic:multi-sense	Spanish-to-English Mappings topic: tag rows carrying a >=14-sense es: lemma with topic:multi-sense
fyshadppn5	ser importante ==> ser más importante	to be important ==> to be more important	supporting	topic:multi-sense	Spanish-to-English Mappings topic: tag rows carrying a >=14-sense es: lemma with topic:multi-sense
loc2s7jjrm	ser grande ==> ser el/la más grande	to be large ==> to be the largest	reference	topic:multi-sense	Spanish-to-English Mappings topic: tag rows carrying a >=14-sense es: lemma with topic:multi-sense
f62p62zg7o	ser bueno/a ==> ser mejor	to be good ==> to be better	supporting	topic:multi-sense	Spanish-to-English Mappings topic: tag rows carrying a >=14-sense es: lemma with topic:multi-sense
kbio2z3f6e	ser rápido/a ==> ser más rápido/a	to be quick ==> to be quicker	reference	topic:multi-sense	Spanish-to-English Mappings topic: tag rows carrying a >=14-sense es: lemma with topic:multi-sense
r4n8t7puv8	ser malo/a ==> ser peor	to be bad ==> to be worse	supporting	topic:multi-sense	Spanish-to-English Mappings topic: tag rows carrying a >=14-sense es: lemma with topic:multi-sense
zn504bpbeh	ser rápido/a ==> ser más rápido/a	to be rapid ==> to be more rapid	reference	topic:multi-sense	Spanish-to-English Mappings topic: tag rows carrying a >=14-sense es: lemma with topic:multi-sense
4yxiqq2u1m	ser difícil ==> ser más difícil	to be difficult ==> to be more difficult	supporting	topic:multi-sense	Spanish-to-English Mappings topic: tag rows carrying a >=14-sense es: lemma with topic:multi-sense
ye7rmbmbov	ser difícil ==> ser el/la más difícil	to be difficult ==> to be the most difficult	supporting	topic:multi-sense	Spanish-to-English Mappings topic: tag rows carrying a >=14-sense es: lemma with topic:multi-sense
89nkgjqxfi	ser bueno/a ==> ser el/la mejor	to be good ==> to be the best	supporting	topic:multi-sense	Spanish-to-English Mappings topic: tag rows carrying a >=14-sense es: lemma with topic:multi-sense
37d57ewo59	ser rápido/a ==> ser el/la más rápido/a	to be quick ==> to be the quickest	reference	topic:multi-sense	Spanish-to-English Mappings topic: tag rows carrying a >=14-sense es: lemma with topic:multi-sense
46elg5u15i	[ser] [adjetivo]	[to be] [adjective]	core	topic:multi-sense	Spanish-to-English Mappings topic: tag rows carrying a >=14-sense es: lemma with topic:multi-sense
2fyfjvb91s	ser importante ==> ser el/la más importante	to be important ==> to be the most important	supporting	topic:multi-sense	Spanish-to-English Mappings topic: tag rows carrying a >=14-sense es: lemma with topic:multi-sense
wyd4kcdm6s	ser rápido/a ==> ser el/la más rápido/a	to be fast ==> to be the fastest	reference	topic:multi-sense	Spanish-to-English Mappings topic: tag rows carrying a >=14-sense es: lemma with topic:multi-sense
7s7vnrgxud	tener que [hacer algo]	to have to [do something]	core	topic:multi-sense	Spanish-to-English Mappings topic: tag rows carrying a >=14-sense es: lemma with topic:multi-sense
wwwc8jugby	tener [algo]	to have [something]	core	topic:multi-sense	Spanish-to-English Mappings topic: tag rows carrying a >=14-sense es: lemma with topic:multi-sense
w06xy3n98x	ser barato/a ==> ser el/la más barato/a	to be cheap ==> to be the cheapest	reference	topic:multi-sense	Spanish-to-English Mappings topic: tag rows carrying a >=14-sense es: lemma with topic:multi-sense
fs4n4irry9	ser difícil ==> ser más difícil	to be hard ==> to be harder	supporting	topic:multi-sense	Spanish-to-English Mappings topic: tag rows carrying a >=14-sense es: lemma with topic:multi-sense
890ikntj2i	ser rápido/a ==> ser más rápido/a	to be fast ==> to be faster	reference	topic:multi-sense	Spanish-to-English Mappings topic: tag rows carrying a >=14-sense es: lemma with topic:multi-sense
mm9jg6sy57	[sentirse] [adjetivo]	[to feel] [adjective]	core	topic:multi-sense	Spanish-to-English Mappings topic: tag rows carrying a >=14-sense es: lemma with topic:multi-sense
2u07owqzur	ser lento/a ==> ser el/la más lento/a	to be slow ==> to be the slowest	reference	topic:multi-sense	Spanish-to-English Mappings topic: tag rows carrying a >=14-sense es: lemma with topic:multi-sense
ogonaxqk95	ser lento/a ==> ser más lento/a	to be slow ==> to be slower	reference	topic:multi-sense	Spanish-to-English Mappings topic: tag rows carrying a >=14-sense es: lemma with topic:multi-sense
kyceimh1lj	ser barato/a ==> ser más barato/a	to be cheap ==> to be cheaper	reference	topic:multi-sense	Spanish-to-English Mappings topic: tag rows carrying a >=14-sense es: lemma with topic:multi-sense
wtxe2yjp1j	ser fácil ==> ser más fácil	to be easy ==> to be easier	supporting	topic:multi-sense	Spanish-to-English Mappings topic: tag rows carrying a >=14-sense es: lemma with topic:multi-sense
r6af4026y9	ser gracioso/a ==> ser el/la más gracioso/a	to be funny ==> to be the funniest	reference	topic:multi-sense	Spanish-to-English Mappings topic: tag rows carrying a >=14-sense es: lemma with topic:multi-sense
d4nhp6of4q	ser seguro/a ==> ser el/la más seguro/a	to be safe ==> to be the safest	reference	topic:multi-sense	Spanish-to-English Mappings topic: tag rows carrying a >=14-sense es: lemma with topic:multi-sense
7q3idfw27t	ser seguro/a ==> ser más seguro/a	to be safe ==> to be safer	reference	topic:multi-sense	Spanish-to-English Mappings topic: tag rows carrying a >=14-sense es: lemma with topic:multi-sense
y6m6lbi7x1	ser feliz ==> ser más feliz	to be happy ==> to be happier	reference	topic:multi-sense	Spanish-to-English Mappings topic: tag rows carrying a >=14-sense es: lemma with topic:multi-sense
ntdw54v6qp	ser grande ==> ser más grande	to be big ==> to be bigger	reference	topic:multi-sense	Spanish-to-English Mappings topic: tag rows carrying a >=14-sense es: lemma with topic:multi-sense
tnl1yimmyb	ser grande ==> ser el/la más grande	to be big ==> to be the biggest	reference	topic:multi-sense	Spanish-to-English Mappings topic: tag rows carrying a >=14-sense es: lemma with topic:multi-sense
8f830wa18p	ser fácil ==> ser el/la más fácil	to be easy ==> to be the easiest	supporting	topic:multi-sense	Spanish-to-English Mappings topic: tag rows carrying a >=14-sense es: lemma with topic:multi-sense
8tlubdz2jb	ser gracioso/a ==> ser más gracioso/a	to be funny ==> to be funnier	reference	topic:multi-sense	Spanish-to-English Mappings topic: tag rows carrying a >=14-sense es: lemma with topic:multi-sense
jwk81y46bp	no poder [hacer algo]	can't [do something]	core	topic:multi-sense	Spanish-to-English Mappings topic: tag rows carrying a >=14-sense es: lemma with topic:multi-sense
zgny1ugayh	¿Podrías [hacer algo]?	Could you [do something]?	core	topic:multi-sense	Spanish-to-English Mappings topic: tag rows carrying a >=14-sense es: lemma with topic:multi-sense
f1hip5yar5	ser feliz ==> ser el/la más feliz	to be happy ==> to be the happiest	reference	topic:multi-sense	Spanish-to-English Mappings topic: tag rows carrying a >=14-sense es: lemma with topic:multi-sense
g0z0ex17eh	ser difícil ==> ser el/la más difícil	to be hard ==> to be the hardest	supporting	topic:multi-sense	Spanish-to-English Mappings topic: tag rows carrying a >=14-sense es: lemma with topic:multi-sense
n19h8scdqx	¿de qué [ocurre algo]?	what [does something happen] about?	reference	topic:multi-sense	Spanish-to-English Mappings topic: tag rows carrying a >=14-sense es: lemma with topic:multi-sense
b0uvykqv53	¿Qué quieres?	What do you want?	trash	topic:multi-sense	Spanish-to-English Mappings topic: tag rows carrying a >=14-sense es: lemma with topic:multi-sense
ffr5aig4sd	ser alto/a	to be high	reference	topic:multi-sense	Spanish-to-English Mappings topic: tag rows carrying a >=14-sense es: lemma with topic:multi-sense
kg63snjtds	¿con qué [ocurre algo]?	what [does something happen] with?	reference	topic:multi-sense	Spanish-to-English Mappings topic: tag rows carrying a >=14-sense es: lemma with topic:multi-sense
xn3hhqqgv2	¿con quién [ocurre algo]?	who [does something happen] with?	reference	topic:multi-sense	Spanish-to-English Mappings topic: tag rows carrying a >=14-sense es: lemma with topic:multi-sense
rey5kzco3o	¿con quién [ocurre algo]?	to whom [does something happen]?	reference	topic:multi-sense	Spanish-to-English Mappings topic: tag rows carrying a >=14-sense es: lemma with topic:multi-sense
dzhyd6xsd6	¿por qué [ocurre algo]?	why [does something happen]?	reference	topic:multi-sense	Spanish-to-English Mappings topic: tag rows carrying a >=14-sense es: lemma with topic:multi-sense
