0xx4ewk26d	con usted	with you	supporting	topic:en-multi-sense	English-to-Spanish Mappings topic: tag rows carrying a >=7-sense en: lemma with topic:en-multi-sense
dbx7pnzub5	llevarse bien con [alguien]	to get along well with [somebody]	supporting	topic:en-multi-sense	English-to-Spanish Mappings topic: tag rows carrying a >=7-sense en: lemma with topic:en-multi-sense
xin4wk0lik	le	to her	core	topic:en-multi-sense	English-to-Spanish Mappings topic: tag rows carrying a >=7-sense en: lemma with topic:en-multi-sense
mty4hevjmw	le	to you	supporting	topic:en-multi-sense	English-to-Spanish Mappings topic: tag rows carrying a >=7-sense en: lemma with topic:en-multi-sense
4nnw28nja8	les	to you	supporting	topic:en-multi-sense	English-to-Spanish Mappings topic: tag rows carrying a >=7-sense en: lemma with topic:en-multi-sense
nv7alp7lve	para usted	for you	supporting	topic:en-multi-sense	English-to-Spanish Mappings topic: tag rows carrying a >=7-sense en: lemma with topic:en-multi-sense
2waliyvy7h	para ustedes	for you	supporting	topic:en-multi-sense	English-to-Spanish Mappings topic: tag rows carrying a >=7-sense en: lemma with topic:en-multi-sense
fmrk25d923	quien	who	supporting	topic:en-multi-sense	English-to-Spanish Mappings topic: tag rows carrying a >=7-sense en: lemma with topic:en-multi-sense
8ueue3hv8i	me	to me	core	topic:en-multi-sense	English-to-Spanish Mappings topic: tag rows carrying a >=7-sense en: lemma with topic:en-multi-sense
a1dht71g4o	te	to you	core	topic:en-multi-sense	English-to-Spanish Mappings topic: tag rows carrying a >=7-sense en: lemma with topic:en-multi-sense
ljza4yueup	nos	to us	core	topic:en-multi-sense	English-to-Spanish Mappings topic: tag rows carrying a >=7-sense en: lemma with topic:en-multi-sense
hwcpppy5me	le	to it	supporting	topic:en-multi-sense	English-to-Spanish Mappings topic: tag rows carrying a >=7-sense en: lemma with topic:en-multi-sense
gp7z4dvb4r	para ellas	for them	core	topic:en-multi-sense	English-to-Spanish Mappings topic: tag rows carrying a >=7-sense en: lemma with topic:en-multi-sense
538wpaef6k	sus	her	reference	topic:en-multi-sense	English-to-Spanish Mappings topic: tag rows carrying a >=7-sense en: lemma with topic:en-multi-sense
a3h0h1dazt	aquel	that	reference	topic:en-multi-sense	English-to-Spanish Mappings topic: tag rows carrying a >=7-sense en: lemma with topic:en-multi-sense
19gmw1bjnf	aquella	that	reference	topic:en-multi-sense	English-to-Spanish Mappings topic: tag rows carrying a >=7-sense en: lemma with topic:en-multi-sense
324meef3hj	mandar [algo]	to send [something]	core	topic:en-multi-sense	English-to-Spanish Mappings topic: tag rows carrying a >=7-sense en: lemma with topic:en-multi-sense
dw6w3t8zih	aprovecharse de [algo/alguien]	to take advantage of [something/somebody]	reference	topic:en-multi-sense	English-to-Spanish Mappings topic: tag rows carrying a >=7-sense en: lemma with topic:en-multi-sense
hyz7cpy9fj	hablar sobre [algo]	to speak about [something]	supporting	topic:en-multi-sense	English-to-Spanish Mappings topic: tag rows carrying a >=7-sense en: lemma with topic:en-multi-sense
b4j9ji5u4s	¿Cómo se dice [algo] en inglés?	How do you say [something] in English?	supporting	topic:en-multi-sense	English-to-Spanish Mappings topic: tag rows carrying a >=7-sense en: lemma with topic:en-multi-sense
24de35h6nw	darse por vencido/a	to give up	supporting	topic:en-multi-sense	English-to-Spanish Mappings topic: tag rows carrying a >=7-sense en: lemma with topic:en-multi-sense
0h2i95gmp3	pedir [algo] a [un negocio]	to order [something] from [a business]	reference	topic:en-multi-sense	English-to-Spanish Mappings topic: tag rows carrying a >=7-sense en: lemma with topic:en-multi-sense
3tvyxgaex0	dedicar [tiempo o esfuerzo] a [algo]	to put [time or effort] into [something]	reference	topic:en-multi-sense	English-to-Spanish Mappings topic: tag rows carrying a >=7-sense en: lemma with topic:en-multi-sense
hk3p7tmczh	hacerse tarde	to get late	reference	topic:en-multi-sense	English-to-Spanish Mappings topic: tag rows carrying a >=7-sense en: lemma with topic:en-multi-sense
fk8uepz3o3	a usted	to you	supporting	topic:en-multi-sense	English-to-Spanish Mappings topic: tag rows carrying a >=7-sense en: lemma with topic:en-multi-sense
kep0p7nw3e	a ustedes	to you	supporting	topic:en-multi-sense	English-to-Spanish Mappings topic: tag rows carrying a >=7-sense en: lemma with topic:en-multi-sense
6xhu16fwu6	con ustedes	with you	supporting	topic:en-multi-sense	English-to-Spanish Mappings topic: tag rows carrying a >=7-sense en: lemma with topic:en-multi-sense
o3buetgjp9	a ellas	to them	core	topic:en-multi-sense	English-to-Spanish Mappings topic: tag rows carrying a >=7-sense en: lemma with topic:en-multi-sense
796z7mxsvp	con ellas	with them	core	topic:en-multi-sense	English-to-Spanish Mappings topic: tag rows carrying a >=7-sense en: lemma with topic:en-multi-sense
z3i6f8s1or	querer que [alguien] [haga algo]	to want [somebody] [to do something]	core	topic:en-multi-sense	English-to-Spanish Mappings topic: tag rows carrying a >=7-sense en: lemma with topic:en-multi-sense
nibfz58mag	si [ocurre algo], [ocurrirá un resultado]	if [something happens], [a result] will [happen]	supporting	topic:en-multi-sense	English-to-Spanish Mappings topic: tag rows carrying a >=7-sense en: lemma with topic:en-multi-sense
take-back	devolver [algo] / retractarse de [algo]	to take back [something]	trash	topic:en-multi-sense	English-to-Spanish Mappings topic: tag rows carrying a >=7-sense en: lemma with topic:en-multi-sense
take-down	bajar [algo] / desmontar [algo]	to take down [something]	trash	topic:en-multi-sense	English-to-Spanish Mappings topic: tag rows carrying a >=7-sense en: lemma with topic:en-multi-sense
zg737wtrp2	ayudar a [alguien] con [algo]	to help [somebody] with [something]	supporting	topic:en-multi-sense	English-to-Spanish Mappings topic: tag rows carrying a >=7-sense en: lemma with topic:en-multi-sense
qtybwfahhd	le (a él)	to him	core	topic:en-multi-sense	English-to-Spanish Mappings topic: tag rows carrying a >=7-sense en: lemma with topic:en-multi-sense
take-away	llevarse [algo] / quitar [algo]	to take away [something]	trash	topic:en-multi-sense	English-to-Spanish Mappings topic: tag rows carrying a >=7-sense en: lemma with topic:en-multi-sense
take-up	empezar [una actividad] / ocupar [espacio]	to take up [something]	trash	topic:en-multi-sense	English-to-Spanish Mappings topic: tag rows carrying a >=7-sense en: lemma with topic:en-multi-sense
take-in	engañar [a alguien] / absorber [información]	to take in [somebody/something]	trash	topic:en-multi-sense	English-to-Spanish Mappings topic: tag rows carrying a >=7-sense en: lemma with topic:en-multi-sense
r2y6wfhr6z	podría [hacer algo]	could [do something]	reference	topic:en-multi-sense	English-to-Spanish Mappings topic: tag rows carrying a >=7-sense en: lemma with topic:en-multi-sense
nrb0thfnst	con [alguien]	with [somebody]	core	topic:en-multi-sense	English-to-Spanish Mappings topic: tag rows carrying a >=7-sense en: lemma with topic:en-multi-sense
rqt46d3561	la mitad	one half	reference	topic:en-multi-sense	English-to-Spanish Mappings topic: tag rows carrying a >=7-sense en: lemma with topic:en-multi-sense
sgvxuylgfs	un tercio	one third	reference	topic:en-multi-sense	English-to-Spanish Mappings topic: tag rows carrying a >=7-sense en: lemma with topic:en-multi-sense
qgnveu0pox	hablar con [alguien]	to talk with [somebody]	reference	topic:en-multi-sense	English-to-Spanish Mappings topic: tag rows carrying a >=7-sense en: lemma with topic:en-multi-sense
h1w3xoe5v0	un cuarto	one fourth	reference	topic:en-multi-sense	English-to-Spanish Mappings topic: tag rows carrying a >=7-sense en: lemma with topic:en-multi-sense
5qdmpxi8us	seguir [haciendo algo]	to keep on [doing something]	reference	topic:en-multi-sense	English-to-Spanish Mappings topic: tag rows carrying a >=7-sense en: lemma with topic:en-multi-sense
q1wk0yi0eo	entender [algo]	to get [something]	reference	topic:en-multi-sense	English-to-Spanish Mappings topic: tag rows carrying a >=7-sense en: lemma with topic:en-multi-sense
sxxbfgvhfa	con él	with him	core	topic:en-multi-sense	English-to-Spanish Mappings topic: tag rows carrying a >=7-sense en: lemma with topic:en-multi-sense
v1xen0we5r	guardar [algo]	to put away [something]	reference	topic:en-multi-sense	English-to-Spanish Mappings topic: tag rows carrying a >=7-sense en: lemma with topic:en-multi-sense
0h11x77lat	con ella	with her	core	topic:en-multi-sense	English-to-Spanish Mappings topic: tag rows carrying a >=7-sense en: lemma with topic:en-multi-sense
k71aaprkfg	con ellos	with them	core	topic:en-multi-sense	English-to-Spanish Mappings topic: tag rows carrying a >=7-sense en: lemma with topic:en-multi-sense
oedeaeps1f	muchos/as [sustantivos contables]	many [countable nouns]	reference	topic:en-multi-sense	English-to-Spanish Mappings topic: tag rows carrying a >=7-sense en: lemma with topic:en-multi-sense
s1bonkmflq	su	her	core	topic:en-multi-sense	English-to-Spanish Mappings topic: tag rows carrying a >=7-sense en: lemma with topic:en-multi-sense
df1fa2p3xy	querer [hacer algo]	to want [to do something]	core	topic:en-multi-sense	English-to-Spanish Mappings topic: tag rows carrying a >=7-sense en: lemma with topic:en-multi-sense
6j9mgb7b17	haber [algo] (presente singular)	there is [something]	trash	topic:en-multi-sense	English-to-Spanish Mappings topic: tag rows carrying a >=7-sense en: lemma with topic:en-multi-sense
zo168jw53x	decirle a [alguien] algo sobre [algo]	to tell [somebody] about [something]	supporting	topic:en-multi-sense	English-to-Spanish Mappings topic: tag rows carrying a >=7-sense en: lemma with topic:en-multi-sense
z3umj7sj0q	digamos que [algo sucede]	let's say [something happens]	supporting	topic:en-multi-sense	English-to-Spanish Mappings topic: tag rows carrying a >=7-sense en: lemma with topic:en-multi-sense
x850nhvcaj	preguntar sobre [algo]	to ask about [something]	supporting	topic:en-multi-sense	English-to-Spanish Mappings topic: tag rows carrying a >=7-sense en: lemma with topic:en-multi-sense
dmc4ep05eo	poner [algo] en [un lugar]	to put [something] in [a place]	supporting	topic:en-multi-sense	English-to-Spanish Mappings topic: tag rows carrying a >=7-sense en: lemma with topic:en-multi-sense
zm3v8qtrgj	poner [algo] sobre [una superficie]	to put [something] on [a surface]	supporting	topic:en-multi-sense	English-to-Spanish Mappings topic: tag rows carrying a >=7-sense en: lemma with topic:en-multi-sense
sopqak93z8	parecerse a [alguien]	to look like [somebody]	supporting	topic:en-multi-sense	English-to-Spanish Mappings topic: tag rows carrying a >=7-sense en: lemma with topic:en-multi-sense
c4sr1lkkhf	¿Qué te pasa?	What's wrong?	supporting	topic:en-multi-sense	English-to-Spanish Mappings topic: tag rows carrying a >=7-sense en: lemma with topic:en-multi-sense
8uhr5m0dkf	¿cómo se llama [alguien]?	what is [somebody's] name?	supporting	topic:en-multi-sense	English-to-Spanish Mappings topic: tag rows carrying a >=7-sense en: lemma with topic:en-multi-sense
kzc0zugsvr	llegar a [un lugar específico]	to arrive at [a specific place]	supporting	topic:en-multi-sense	English-to-Spanish Mappings topic: tag rows carrying a >=7-sense en: lemma with topic:en-multi-sense
3vjeid1zyd	llevar [algo] a [un lugar]	to take [something] to [a place]	supporting	topic:en-multi-sense	English-to-Spanish Mappings topic: tag rows carrying a >=7-sense en: lemma with topic:en-multi-sense
atwozfqm04	mandarle [algo] a [alguien]	to send [something] to [somebody]	supporting	topic:en-multi-sense	English-to-Spanish Mappings topic: tag rows carrying a >=7-sense en: lemma with topic:en-multi-sense
el9irxyl46	¿Qué piensas de [algo]?	What do you think of [something]?	supporting	topic:en-multi-sense	English-to-Spanish Mappings topic: tag rows carrying a >=7-sense en: lemma with topic:en-multi-sense
7hwvhzgxxt	¿Puedes [hacer algo]? (petición)	Can you [do something]?	supporting	topic:en-multi-sense	English-to-Spanish Mappings topic: tag rows carrying a >=7-sense en: lemma with topic:en-multi-sense
k29o9xq2bp	creer que sí	to think so	supporting	topic:en-multi-sense	English-to-Spanish Mappings topic: tag rows carrying a >=7-sense en: lemma with topic:en-multi-sense
dav762mjhb	creer que no	not to think so	supporting	topic:en-multi-sense	English-to-Spanish Mappings topic: tag rows carrying a >=7-sense en: lemma with topic:en-multi-sense
m5t33xosbe	quitar [algo] de [un lugar]	to remove [something] from [a place]	supporting	topic:en-multi-sense	English-to-Spanish Mappings topic: tag rows carrying a >=7-sense en: lemma with topic:en-multi-sense
sogja55oo0	quitarle [algo] a [alguien]	to take [something] away from [somebody]	supporting	topic:en-multi-sense	English-to-Spanish Mappings topic: tag rows carrying a >=7-sense en: lemma with topic:en-multi-sense
g8bhd7ipvu	deber [hacer algo]	to have to [do something]	supporting	topic:en-multi-sense	English-to-Spanish Mappings topic: tag rows carrying a >=7-sense en: lemma with topic:en-multi-sense
qj0lhiuc75	dejar en paz a [alguien]	to leave [somebody] alone	supporting	topic:en-multi-sense	English-to-Spanish Mappings topic: tag rows carrying a >=7-sense en: lemma with topic:en-multi-sense
ekxerzzusv	ser para [alguien]	to be for [somebody]	supporting	topic:en-multi-sense	English-to-Spanish Mappings topic: tag rows carrying a >=7-sense en: lemma with topic:en-multi-sense
p80swouyaq	tener sentido	to make sense	supporting	topic:en-multi-sense	English-to-Spanish Mappings topic: tag rows carrying a >=7-sense en: lemma with topic:en-multi-sense
o8yyqw9k2g	trabajar en [un lugar u organización]	to work at [a place or organization]	supporting	topic:en-multi-sense	English-to-Spanish Mappings topic: tag rows carrying a >=7-sense en: lemma with topic:en-multi-sense
xrqc4586p2	trabajar en [una tarea o proyecto]	to work on [a task or project]	supporting	topic:en-multi-sense	English-to-Spanish Mappings topic: tag rows carrying a >=7-sense en: lemma with topic:en-multi-sense
h2ubrz9hyw	valer [un precio]	to cost [an amount]	supporting	topic:en-multi-sense	English-to-Spanish Mappings topic: tag rows carrying a >=7-sense en: lemma with topic:en-multi-sense
zeloe6s3qo	verse con [alguien]	to see [somebody]	supporting	topic:en-multi-sense	English-to-Spanish Mappings topic: tag rows carrying a >=7-sense en: lemma with topic:en-multi-sense
dawn4c9rf4	traer [algo] aquí	to bring [something] here	supporting	topic:en-multi-sense	English-to-Spanish Mappings topic: tag rows carrying a >=7-sense en: lemma with topic:en-multi-sense
ksg6li9jy7	volver aquí	to come back	supporting	topic:en-multi-sense	English-to-Spanish Mappings topic: tag rows carrying a >=7-sense en: lemma with topic:en-multi-sense
tly9ldi8kr	volver a [otro lugar]	to go back to [another place]	supporting	topic:en-multi-sense	English-to-Spanish Mappings topic: tag rows carrying a >=7-sense en: lemma with topic:en-multi-sense
s1qoakwebg	¿lo haces?	do you do it?	supporting	topic:en-multi-sense	English-to-Spanish Mappings topic: tag rows carrying a >=7-sense en: lemma with topic:en-multi-sense
srl7scbt4x	pasado de be	was	supporting	topic:en-multi-sense	English-to-Spanish Mappings topic: tag rows carrying a >=7-sense en: lemma with topic:en-multi-sense
gtp0cakjyi	pasado de be	were	supporting	topic:en-multi-sense	English-to-Spanish Mappings topic: tag rows carrying a >=7-sense en: lemma with topic:en-multi-sense
sia3vl9zuh	participio de be	been	supporting	topic:en-multi-sense	English-to-Spanish Mappings topic: tag rows carrying a >=7-sense en: lemma with topic:en-multi-sense
e61dms0hq3	pasado de get	got	supporting	topic:en-multi-sense	English-to-Spanish Mappings topic: tag rows carrying a >=7-sense en: lemma with topic:en-multi-sense
8k1ayyt6pc	participio de get	got	supporting	topic:en-multi-sense	English-to-Spanish Mappings topic: tag rows carrying a >=7-sense en: lemma with topic:en-multi-sense
3r70xx9t9s	participio de get	gotten	supporting	topic:en-multi-sense	English-to-Spanish Mappings topic: tag rows carrying a >=7-sense en: lemma with topic:en-multi-sense
l3jqtqp7we	pasado de go	went	supporting	topic:en-multi-sense	English-to-Spanish Mappings topic: tag rows carrying a >=7-sense en: lemma with topic:en-multi-sense
j75hzql7s8	participio de go	gone	supporting	topic:en-multi-sense	English-to-Spanish Mappings topic: tag rows carrying a >=7-sense en: lemma with topic:en-multi-sense
dyfhan9nwo	pasado de have	had	supporting	topic:en-multi-sense	English-to-Spanish Mappings topic: tag rows carrying a >=7-sense en: lemma with topic:en-multi-sense
rv6qhto601	participio de have	had	supporting	topic:en-multi-sense	English-to-Spanish Mappings topic: tag rows carrying a >=7-sense en: lemma with topic:en-multi-sense
em4gm5945w	[el] trabajo	work	supporting	topic:en-multi-sense	English-to-Spanish Mappings topic: tag rows carrying a >=7-sense en: lemma with topic:en-multi-sense
iy5z32hskd	tanto/a [sustantivo no contable]	so much [uncountable noun]	supporting	topic:en-multi-sense	English-to-Spanish Mappings topic: tag rows carrying a >=7-sense en: lemma with topic:en-multi-sense
czjjg08c25	[ser] gratis	[to be] free	supporting	topic:en-multi-sense	English-to-Spanish Mappings topic: tag rows carrying a >=7-sense en: lemma with topic:en-multi-sense
6ljzqgv7vh	[perderse]	[to get] lost	supporting	topic:en-multi-sense	English-to-Spanish Mappings topic: tag rows carrying a >=7-sense en: lemma with topic:en-multi-sense
tiss70p00o	hablar por teléfono con [alguien]	to talk to [somebody] on the phone	reference	topic:en-multi-sense	English-to-Spanish Mappings topic: tag rows carrying a >=7-sense en: lemma with topic:en-multi-sense
n9z42gcs3h	beber [algo] todo	to drink [something] up	reference	topic:en-multi-sense	English-to-Spanish Mappings topic: tag rows carrying a >=7-sense en: lemma with topic:en-multi-sense
kf0u7n45dt	hablar por [alguien]	to speak for [somebody]	reference	topic:en-multi-sense	English-to-Spanish Mappings topic: tag rows carrying a >=7-sense en: lemma with topic:en-multi-sense
4pmy3sue86	decir [algo] en voz alta	to say [something] out loud	reference	topic:en-multi-sense	English-to-Spanish Mappings topic: tag rows carrying a >=7-sense en: lemma with topic:en-multi-sense
uy518ih9t7	es decir	that is	reference	topic:en-multi-sense	English-to-Spanish Mappings topic: tag rows carrying a >=7-sense en: lemma with topic:en-multi-sense
6mwi5bt3ax	es decir	in other words	reference	topic:en-multi-sense	English-to-Spanish Mappings topic: tag rows carrying a >=7-sense en: lemma with topic:en-multi-sense
xzcldfjhmu	darle tiempo a [alguien] para [hacer algo]	to give [somebody] time to [do something]	reference	topic:en-multi-sense	English-to-Spanish Mappings topic: tag rows carrying a >=7-sense en: lemma with topic:en-multi-sense
53wi0qwjcm	darle ganas de [hacer algo] a [alguien]	to feel like [doing something]	reference	topic:en-multi-sense	English-to-Spanish Mappings topic: tag rows carrying a >=7-sense en: lemma with topic:en-multi-sense
27fbkeb2et	pedir perdón por [algo]	to ask for forgiveness for [something]	reference	topic:en-multi-sense	English-to-Spanish Mappings topic: tag rows carrying a >=7-sense en: lemma with topic:en-multi-sense
439x0r7xja	pedir un deseo	to make a wish	reference	topic:en-multi-sense	English-to-Spanish Mappings topic: tag rows carrying a >=7-sense en: lemma with topic:en-multi-sense
a377qba56u	poder ser [algo]	can be [something]	supporting	topic:en-multi-sense	English-to-Spanish Mappings topic: tag rows carrying a >=7-sense en: lemma with topic:en-multi-sense
bwmfe9nhs1	quedar [una cantidad]	there are [an amount] left	supporting	topic:en-multi-sense	English-to-Spanish Mappings topic: tag rows carrying a >=7-sense en: lemma with topic:en-multi-sense
erwsyenslz	prestarle [algo] a [alguien]	to lend [somebody] [something]	supporting	topic:en-multi-sense	English-to-Spanish Mappings topic: tag rows carrying a >=7-sense en: lemma with topic:en-multi-sense
we8gzmevo2	prestar atención a [algo]	to pay attention to [something]	supporting	topic:en-multi-sense	English-to-Spanish Mappings topic: tag rows carrying a >=7-sense en: lemma with topic:en-multi-sense
upotfiz0jx	¿Cuánto queda?	How much is left?	supporting	topic:en-multi-sense	English-to-Spanish Mappings topic: tag rows carrying a >=7-sense en: lemma with topic:en-multi-sense
1vb3s8ps5j	quedarse sin [algo]	to run out of [something]	supporting	topic:en-multi-sense	English-to-Spanish Mappings topic: tag rows carrying a >=7-sense en: lemma with topic:en-multi-sense
zmz6t98hlf	déjame [hacer algo]	let me [do something]	supporting	topic:en-multi-sense	English-to-Spanish Mappings topic: tag rows carrying a >=7-sense en: lemma with topic:en-multi-sense
89g0nxntpb	seguir recto	to keep going straight	supporting	topic:en-multi-sense	English-to-Spanish Mappings topic: tag rows carrying a >=7-sense en: lemma with topic:en-multi-sense
qa5k2yvbpz	sentir [una sensación]	to feel [a sensation]	supporting	topic:en-multi-sense	English-to-Spanish Mappings topic: tag rows carrying a >=7-sense en: lemma with topic:en-multi-sense
zcsk0uorhv	sentirse bien	to feel well	supporting	topic:en-multi-sense	English-to-Spanish Mappings topic: tag rows carrying a >=7-sense en: lemma with topic:en-multi-sense
1jdy99z2dz	tener ganas de [hacer algo]	to feel like [doing something]	supporting	topic:en-multi-sense	English-to-Spanish Mappings topic: tag rows carrying a >=7-sense en: lemma with topic:en-multi-sense
wjd0q608lr	¿cuánto vale [algo]?	how much does [something] cost?	supporting	topic:en-multi-sense	English-to-Spanish Mappings topic: tag rows carrying a >=7-sense en: lemma with topic:en-multi-sense
ptmw5b6egl	se supone que [alguien] [haga algo]	[somebody] is supposed to [do something]	supporting	topic:en-multi-sense	English-to-Spanish Mappings topic: tag rows carrying a >=7-sense en: lemma with topic:en-multi-sense
er9xiz8dqv	tocarle a [alguien]	to be [somebody's] turn	supporting	topic:en-multi-sense	English-to-Spanish Mappings topic: tag rows carrying a >=7-sense en: lemma with topic:en-multi-sense
5unz3dwyz7	estar prohibido [hacer algo]	must not [do something]	supporting	topic:en-multi-sense	English-to-Spanish Mappings topic: tag rows carrying a >=7-sense en: lemma with topic:en-multi-sense
tu44lpd4ms	[el] poder	power	reference	topic:en-multi-sense	English-to-Spanish Mappings topic: tag rows carrying a >=7-sense en: lemma with topic:en-multi-sense
7eejr5fjd4	enseñarle [algo] a [alguien]	to show [somebody] [something]	core	topic:en-multi-sense	English-to-Spanish Mappings topic: tag rows carrying a >=7-sense en: lemma with topic:en-multi-sense
hswwpga0wq	debe de haber [algo]	there must be [something]	reference	topic:en-multi-sense	English-to-Spanish Mappings topic: tag rows carrying a >=7-sense en: lemma with topic:en-multi-sense
53ak6stp8u	ganarse la vida	to make a living	reference	topic:en-multi-sense	English-to-Spanish Mappings topic: tag rows carrying a >=7-sense en: lemma with topic:en-multi-sense
mu7bumpulx	hacer un esfuerzo	to make an effort	reference	topic:en-multi-sense	English-to-Spanish Mappings topic: tag rows carrying a >=7-sense en: lemma with topic:en-multi-sense
bnj5p17mrm	irle bien a [alguien]	to go well for [somebody]	reference	topic:en-multi-sense	English-to-Spanish Mappings topic: tag rows carrying a >=7-sense en: lemma with topic:en-multi-sense
omzzomx3m9	¿cómo le fue a [alguien]?	how did it go for [somebody]?	reference	topic:en-multi-sense	English-to-Spanish Mappings topic: tag rows carrying a >=7-sense en: lemma with topic:en-multi-sense
8kpshof0nv	mandar [hacer algo]	to have [something done]	reference	topic:en-multi-sense	English-to-Spanish Mappings topic: tag rows carrying a >=7-sense en: lemma with topic:en-multi-sense
6y6hoqee9p	pararse	to stop moving	reference	topic:en-multi-sense	English-to-Spanish Mappings topic: tag rows carrying a >=7-sense en: lemma with topic:en-multi-sense
uuq5sdflxk	pasar por [algo difícil]	to go through [something difficult]	reference	topic:en-multi-sense	English-to-Spanish Mappings topic: tag rows carrying a >=7-sense en: lemma with topic:en-multi-sense
isr1jrl9yx	pensar bien [algo]	to think [something] over	reference	topic:en-multi-sense	English-to-Spanish Mappings topic: tag rows carrying a >=7-sense en: lemma with topic:en-multi-sense
xavuiuomaj	pensar detenidamente [algo]	to think [something] through	reference	topic:en-multi-sense	English-to-Spanish Mappings topic: tag rows carrying a >=7-sense en: lemma with topic:en-multi-sense
k57gp6u41b	pensar que sí	to think so	reference	topic:en-multi-sense	English-to-Spanish Mappings topic: tag rows carrying a >=7-sense en: lemma with topic:en-multi-sense
bm5ashr6qu	perder el contacto con [alguien]	to lose touch with [somebody]	reference	topic:en-multi-sense	English-to-Spanish Mappings topic: tag rows carrying a >=7-sense en: lemma with topic:en-multi-sense
wtfoq5ttro	perder la noción de [algo]	to lose track of [something]	reference	topic:en-multi-sense	English-to-Spanish Mappings topic: tag rows carrying a >=7-sense en: lemma with topic:en-multi-sense
zy6xwkoq5s	puede estar [en un estado o lugar]	may be [in a state or place]	reference	topic:en-multi-sense	English-to-Spanish Mappings topic: tag rows carrying a >=7-sense en: lemma with topic:en-multi-sense
op3olm4hh3	quedar con [alguien]	to arrange to meet [somebody]	reference	topic:en-multi-sense	English-to-Spanish Mappings topic: tag rows carrying a >=7-sense en: lemma with topic:en-multi-sense
zl1e6hnb04	quedar en [hacer algo]	to agree to [do something]	reference	topic:en-multi-sense	English-to-Spanish Mappings topic: tag rows carrying a >=7-sense en: lemma with topic:en-multi-sense
0ubq3z55bc	contar con [algo]	to have [something]	reference	topic:en-multi-sense	English-to-Spanish Mappings topic: tag rows carrying a >=7-sense en: lemma with topic:en-multi-sense
2egwnfg7jz	creer en [alguien]	to believe in [somebody]	reference	topic:en-multi-sense	English-to-Spanish Mappings topic: tag rows carrying a >=7-sense en: lemma with topic:en-multi-sense
ag32yiat6v	[algo] no se quita	[something] won't go away	reference	topic:en-multi-sense	English-to-Spanish Mappings topic: tag rows carrying a >=7-sense en: lemma with topic:en-multi-sense
a4mugyra2a	quitarse del camino	to get out of the way	reference	topic:en-multi-sense	English-to-Spanish Mappings topic: tag rows carrying a >=7-sense en: lemma with topic:en-multi-sense
0ngr08140i	abrirse con [alguien]	to open up to [somebody]	reference	topic:en-multi-sense	English-to-Spanish Mappings topic: tag rows carrying a >=7-sense en: lemma with topic:en-multi-sense
nkzffs81a6	no poder creer [algo]	not to be able to believe [something]	reference	topic:en-multi-sense	English-to-Spanish Mappings topic: tag rows carrying a >=7-sense en: lemma with topic:en-multi-sense
9y6wrrzjfz	costarle a [alguien] [hacer algo]	to struggle to [do something]	reference	topic:en-multi-sense	English-to-Spanish Mappings topic: tag rows carrying a >=7-sense en: lemma with topic:en-multi-sense
87vmd83t1p	deber ser [algo]	must be [something]	reference	topic:en-multi-sense	English-to-Spanish Mappings topic: tag rows carrying a >=7-sense en: lemma with topic:en-multi-sense
qj3wvut2bw	debía [hacer algo]	to have been supposed to [do something]	reference	topic:en-multi-sense	English-to-Spanish Mappings topic: tag rows carrying a >=7-sense en: lemma with topic:en-multi-sense
w4ubw2gv4e	deberse a [algo]	to be due to [something]	reference	topic:en-multi-sense	English-to-Spanish Mappings topic: tag rows carrying a >=7-sense en: lemma with topic:en-multi-sense
6uhgsiqvvf	debido a [algo]	due to [something]	reference	topic:en-multi-sense	English-to-Spanish Mappings topic: tag rows carrying a >=7-sense en: lemma with topic:en-multi-sense
egh1emsv3k	dejar [un lugar]	to leave [a place]	reference	topic:en-multi-sense	English-to-Spanish Mappings topic: tag rows carrying a >=7-sense en: lemma with topic:en-multi-sense
n27dfso39e	déjame [hacer algo]	lemme [do something]	reference	topic:en-multi-sense	English-to-Spanish Mappings topic: tag rows carrying a >=7-sense en: lemma with topic:en-multi-sense
od0g56sefd	dejar salir a [alguien o algo]	to let [somebody or something] out	reference	topic:en-multi-sense	English-to-Spanish Mappings topic: tag rows carrying a >=7-sense en: lemma with topic:en-multi-sense
36riiosdmx	echar a [alguien] de [un lugar]	to throw [somebody] out of [a place]	reference	topic:en-multi-sense	English-to-Spanish Mappings topic: tag rows carrying a >=7-sense en: lemma with topic:en-multi-sense
6o8pv6rvtp	echarle una mano a [alguien]	to give [somebody] a hand	reference	topic:en-multi-sense	English-to-Spanish Mappings topic: tag rows carrying a >=7-sense en: lemma with topic:en-multi-sense
32xfxi2fjv	saber de [alguien]	to hear from [somebody]	reference	topic:en-multi-sense	English-to-Spanish Mappings topic: tag rows carrying a >=7-sense en: lemma with topic:en-multi-sense
pxkiokdofk	recordarle a [alguien] a [otra persona]	to remind [somebody] of [another person]	reference	topic:en-multi-sense	English-to-Spanish Mappings topic: tag rows carrying a >=7-sense en: lemma with topic:en-multi-sense
y86m7wjo50	saber a [algo]	to taste like [something]	reference	topic:en-multi-sense	English-to-Spanish Mappings topic: tag rows carrying a >=7-sense en: lemma with topic:en-multi-sense
em3gcm8fcl	ustedes	you	supporting	topic:en-multi-sense	English-to-Spanish Mappings topic: tag rows carrying a >=7-sense en: lemma with topic:en-multi-sense
lg9p46b73r	[ser] consciente de [algo]	[to be] aware of [something]	reference	topic:en-multi-sense	English-to-Spanish Mappings topic: tag rows carrying a >=7-sense en: lemma with topic:en-multi-sense
592w2y5gz1	querer decir	to mean	supporting	topic:en-multi-sense	English-to-Spanish Mappings topic: tag rows carrying a >=7-sense en: lemma with topic:en-multi-sense
o4nv333v8c	que yo sepa	as far as I know	reference	topic:en-multi-sense	English-to-Spanish Mappings topic: tag rows carrying a >=7-sense en: lemma with topic:en-multi-sense
d6oilpcif8	usted	you	supporting	topic:en-multi-sense	English-to-Spanish Mappings topic: tag rows carrying a >=7-sense en: lemma with topic:en-multi-sense
kafdnl1n7j	quién sabe	who knows	reference	topic:en-multi-sense	English-to-Spanish Mappings topic: tag rows carrying a >=7-sense en: lemma with topic:en-multi-sense
tc4o4z8jnt	salir mal	to go badly	reference	topic:en-multi-sense	English-to-Spanish Mappings topic: tag rows carrying a >=7-sense en: lemma with topic:en-multi-sense
5irs9gdyqv	mantenerse al día con [algo]	to keep up with [something]	reference	topic:en-multi-sense	English-to-Spanish Mappings topic: tag rows carrying a >=7-sense en: lemma with topic:en-multi-sense
vupb12qdkr	seguir así	to keep it up	reference	topic:en-multi-sense	English-to-Spanish Mappings topic: tag rows carrying a >=7-sense en: lemma with topic:en-multi-sense
2liqgudpe2	mantenerse en contacto con [alguien]	to keep in touch with [somebody]	reference	topic:en-multi-sense	English-to-Spanish Mappings topic: tag rows carrying a >=7-sense en: lemma with topic:en-multi-sense
h2zqc61fwq	mantenerse alejado de [algo]	to keep away from [something]	reference	topic:en-multi-sense	English-to-Spanish Mappings topic: tag rows carrying a >=7-sense en: lemma with topic:en-multi-sense
d5m00zj2i4	seguir intentándolo	to keep at it	reference	topic:en-multi-sense	English-to-Spanish Mappings topic: tag rows carrying a >=7-sense en: lemma with topic:en-multi-sense
3qtux13rre	sentirlo por [algo]	to be sorry for [something]	reference	topic:en-multi-sense	English-to-Spanish Mappings topic: tag rows carrying a >=7-sense en: lemma with topic:en-multi-sense
nyb1ocmvpw	ser para [un uso]	to be meant for [a use]	reference	topic:en-multi-sense	English-to-Spanish Mappings topic: tag rows carrying a >=7-sense en: lemma with topic:en-multi-sense
sz0g4jfbie	ser capaz de [hacer algo]	to be able to [do something]	reference	topic:en-multi-sense	English-to-Spanish Mappings topic: tag rows carrying a >=7-sense en: lemma with topic:en-multi-sense
98gwx9pls1	ser culpa de [alguien]	to be [somebody's] fault	reference	topic:en-multi-sense	English-to-Spanish Mappings topic: tag rows carrying a >=7-sense en: lemma with topic:en-multi-sense
2d97zs6np0	es que [explicación]	it's just that [explanation]	reference	topic:en-multi-sense	English-to-Spanish Mappings topic: tag rows carrying a >=7-sense en: lemma with topic:en-multi-sense
86v2tii41j	tener en cuenta [algo]	to keep [something] in mind	reference	topic:en-multi-sense	English-to-Spanish Mappings topic: tag rows carrying a >=7-sense en: lemma with topic:en-multi-sense
15khny2b9v	tener que ver con [algo]	to have to do with [something]	reference	topic:en-multi-sense	English-to-Spanish Mappings topic: tag rows carrying a >=7-sense en: lemma with topic:en-multi-sense
8pzhwaykz8	significar [una forma completa]	to stand for [a full form]	reference	topic:en-multi-sense	English-to-Spanish Mappings topic: tag rows carrying a >=7-sense en: lemma with topic:en-multi-sense
0v6um8pq7g	significar mucho para [alguien]	to mean a lot to [somebody]	reference	topic:en-multi-sense	English-to-Spanish Mappings topic: tag rows carrying a >=7-sense en: lemma with topic:en-multi-sense
5awfswdavw	no tener nada que ver con [algo]	to have nothing to do with [something]	reference	topic:en-multi-sense	English-to-Spanish Mappings topic: tag rows carrying a >=7-sense en: lemma with topic:en-multi-sense
6vpv4m0g02	tener que ver con [algo]	to be related to [something]	reference	topic:en-multi-sense	English-to-Spanish Mappings topic: tag rows carrying a >=7-sense en: lemma with topic:en-multi-sense
ykm7fr9btb	tocarle a [alguien] [hacer algo]	[somebody] has to [do something]	reference	topic:en-multi-sense	English-to-Spanish Mappings topic: tag rows carrying a >=7-sense en: lemma with topic:en-multi-sense
yv532a42h2	traer [algo] consigo	to have [something] with you	reference	topic:en-multi-sense	English-to-Spanish Mappings topic: tag rows carrying a >=7-sense en: lemma with topic:en-multi-sense
shzp9wzrxq	son las [hora y minutos]	it's [hour and minutes]	reference	topic:en-multi-sense	English-to-Spanish Mappings topic: tag rows carrying a >=7-sense en: lemma with topic:en-multi-sense
rx423e30re	acordar [hacer algo]	to agree to [do something]	reference	topic:en-multi-sense	English-to-Spanish Mappings topic: tag rows carrying a >=7-sense en: lemma with topic:en-multi-sense
htgjdwiqzm	detener [algo]	to stop [something]	reference	topic:en-multi-sense	English-to-Spanish Mappings topic: tag rows carrying a >=7-sense en: lemma with topic:en-multi-sense
dugiwco70z	poder [hacer algo] (pasado)	could [do something]	reference	topic:en-multi-sense	English-to-Spanish Mappings topic: tag rows carrying a >=7-sense en: lemma with topic:en-multi-sense
tne070no4d	les	to them	core	topic:en-multi-sense	English-to-Spanish Mappings topic: tag rows carrying a >=7-sense en: lemma with topic:en-multi-sense
5cest1aute	los	them	core	topic:en-multi-sense	English-to-Spanish Mappings topic: tag rows carrying a >=7-sense en: lemma with topic:en-multi-sense
zf3sq9mld5	las	them	core	topic:en-multi-sense	English-to-Spanish Mappings topic: tag rows carrying a >=7-sense en: lemma with topic:en-multi-sense
ux2hr6u37r	hágalo	do it	reference	topic:en-multi-sense	English-to-Spanish Mappings topic: tag rows carrying a >=7-sense en: lemma with topic:en-multi-sense
t46e4xr47y	háganlo	do it	reference	topic:en-multi-sense	English-to-Spanish Mappings topic: tag rows carrying a >=7-sense en: lemma with topic:en-multi-sense
xuna1emcr1	háganoslo	do it for us	reference	topic:en-multi-sense	English-to-Spanish Mappings topic: tag rows carrying a >=7-sense en: lemma with topic:en-multi-sense
lzbsoi01yv	mandar [hacer algo]	to get [something] [done]	reference	topic:en-multi-sense	English-to-Spanish Mappings topic: tag rows carrying a >=7-sense en: lemma with topic:en-multi-sense
d6zpr2z5kx	siguiente	next	reference	topic:en-multi-sense	English-to-Spanish Mappings topic: tag rows carrying a >=7-sense en: lemma with topic:en-multi-sense
lse8dx7tet	conmigo	with me	core	topic:en-multi-sense	English-to-Spanish Mappings topic: tag rows carrying a >=7-sense en: lemma with topic:en-multi-sense
dvodf0y7wx	quisiera [algo]	would like [something]	supporting	topic:en-multi-sense	English-to-Spanish Mappings topic: tag rows carrying a >=7-sense en: lemma with topic:en-multi-sense
w66regabe9	venir en [colores o tamaños]	to come in [colors or sizes]	reference	topic:en-multi-sense	English-to-Spanish Mappings topic: tag rows carrying a >=7-sense en: lemma with topic:en-multi-sense
kk3nkycmqg	venirle bien a [alguien]	to work for [somebody]	reference	topic:en-multi-sense	English-to-Spanish Mappings topic: tag rows carrying a >=7-sense en: lemma with topic:en-multi-sense
c9e47xxxqj	venir en camino	to be on the way	reference	topic:en-multi-sense	English-to-Spanish Mappings topic: tag rows carrying a >=7-sense en: lemma with topic:en-multi-sense
r8h281yx98	a ver	let's see	reference	topic:en-multi-sense	English-to-Spanish Mappings topic: tag rows carrying a >=7-sense en: lemma with topic:en-multi-sense
tgdih9ksry	por si [ocurre algo]	in case [something happens]	reference	topic:en-multi-sense	English-to-Spanish Mappings topic: tag rows carrying a >=7-sense en: lemma with topic:en-multi-sense
rnldlhmpop	contigo	with you	core	topic:en-multi-sense	English-to-Spanish Mappings topic: tag rows carrying a >=7-sense en: lemma with topic:en-multi-sense
seq1qsjokh	de hecho	in fact	reference	topic:en-multi-sense	English-to-Spanish Mappings topic: tag rows carrying a >=7-sense en: lemma with topic:en-multi-sense
0wjnsjpf8s	con nosotros	with us	core	topic:en-multi-sense	English-to-Spanish Mappings topic: tag rows carrying a >=7-sense en: lemma with topic:en-multi-sense
dnwd7gmll5	quisiera [hacer algo]	would like [to do something]	supporting	topic:en-multi-sense	English-to-Spanish Mappings topic: tag rows carrying a >=7-sense en: lemma with topic:en-multi-sense
8xn53vk9eu	unos	some	supporting	topic:en-multi-sense	English-to-Spanish Mappings topic: tag rows carrying a >=7-sense en: lemma with topic:en-multi-sense
q7u2j5qnks	unas	some	supporting	topic:en-multi-sense	English-to-Spanish Mappings topic: tag rows carrying a >=7-sense en: lemma with topic:en-multi-sense
q9x6f0ze09	lo [adjetivo]	the [adjective] thing	supporting	topic:en-multi-sense	English-to-Spanish Mappings topic: tag rows carrying a >=7-sense en: lemma with topic:en-multi-sense
nlbaeg9xqs	del	of the	core	topic:en-multi-sense	English-to-Spanish Mappings topic: tag rows carrying a >=7-sense en: lemma with topic:en-multi-sense
dyi2yg06hb	para mí	for me	supporting	topic:en-multi-sense	English-to-Spanish Mappings topic: tag rows carrying a >=7-sense en: lemma with topic:en-multi-sense
ev6a0etitd	[la] cuenta	the bill	supporting	topic:en-multi-sense	English-to-Spanish Mappings topic: tag rows carrying a >=7-sense en: lemma with topic:en-multi-sense
6gvvc02efk	todos los [sustantivos]	all the [nouns]	core	topic:en-multi-sense	English-to-Spanish Mappings topic: tag rows carrying a >=7-sense en: lemma with topic:en-multi-sense
lkmlvytfdx	malo/a	bad	supporting	topic:en-multi-sense	English-to-Spanish Mappings topic: tag rows carrying a >=7-sense en: lemma with topic:en-multi-sense
zitwttv8hl	[ser] blanco	[to be] white	supporting	topic:en-multi-sense	English-to-Spanish Mappings topic: tag rows carrying a >=7-sense en: lemma with topic:en-multi-sense
u6e7l73thm	viejo/a	old	supporting	topic:en-multi-sense	English-to-Spanish Mappings topic: tag rows carrying a >=7-sense en: lemma with topic:en-multi-sense
vuhn72n7gd	hacer amigos	to make friends	supporting	topic:en-multi-sense	English-to-Spanish Mappings topic: tag rows carrying a >=7-sense en: lemma with topic:en-multi-sense
ccrgp9wvgz	tener [número] años	to be [number] years old	core	topic:en-multi-sense	English-to-Spanish Mappings topic: tag rows carrying a >=7-sense en: lemma with topic:en-multi-sense
l71bpvl4t0	pagar [algo]	to pay [something]	core	topic:en-multi-sense	English-to-Spanish Mappings topic: tag rows carrying a >=7-sense en: lemma with topic:en-multi-sense
1vuews27gh	[la] caída	the fall	reference	topic:en-multi-sense	English-to-Spanish Mappings topic: tag rows carrying a >=7-sense en: lemma with topic:en-multi-sense
svksm10h8x	usar	to use	supporting	topic:en-multi-sense	English-to-Spanish Mappings topic: tag rows carrying a >=7-sense en: lemma with topic:en-multi-sense
03cqmjtz6k	cien	one hundred	supporting	topic:en-multi-sense	English-to-Spanish Mappings topic: tag rows carrying a >=7-sense en: lemma with topic:en-multi-sense
ctd9xdzidv	mil	one thousand	supporting	topic:en-multi-sense	English-to-Spanish Mappings topic: tag rows carrying a >=7-sense en: lemma with topic:en-multi-sense
8t5gcxfjja	mayo	May	supporting	topic:en-multi-sense	English-to-Spanish Mappings topic: tag rows carrying a >=7-sense en: lemma with topic:en-multi-sense
3z3dcdm7iy	en casa	at home	supporting	topic:en-multi-sense	English-to-Spanish Mappings topic: tag rows carrying a >=7-sense en: lemma with topic:en-multi-sense
9cyb4wa5a3	subir	to go up	supporting	topic:en-multi-sense	English-to-Spanish Mappings topic: tag rows carrying a >=7-sense en: lemma with topic:en-multi-sense
e4wn19bujr	levantarse	to get up	supporting	topic:en-multi-sense	English-to-Spanish Mappings topic: tag rows carrying a >=7-sense en: lemma with topic:en-multi-sense
xezd02vf8p	todas las [sustantivos]	all the [nouns]	core	topic:en-multi-sense	English-to-Spanish Mappings topic: tag rows carrying a >=7-sense en: lemma with topic:en-multi-sense
1fuuisjsfo	bajar	to go down	supporting	topic:en-multi-sense	English-to-Spanish Mappings topic: tag rows carrying a >=7-sense en: lemma with topic:en-multi-sense
oxdrdskeju	correr	to run	supporting	topic:en-multi-sense	English-to-Spanish Mappings topic: tag rows carrying a >=7-sense en: lemma with topic:en-multi-sense
wkajwgr1vb	mostrar [algo]	to show [something]	supporting	topic:en-multi-sense	English-to-Spanish Mappings topic: tag rows carrying a >=7-sense en: lemma with topic:en-multi-sense
espkmj03d4	romper [algo]	to break [something]	supporting	topic:en-multi-sense	English-to-Spanish Mappings topic: tag rows carrying a >=7-sense en: lemma with topic:en-multi-sense
h4e5zg4qih	casarse	to get married	supporting	topic:en-multi-sense	English-to-Spanish Mappings topic: tag rows carrying a >=7-sense en: lemma with topic:en-multi-sense
1l248n0d9p	esta semana	this week	supporting	topic:en-multi-sense	English-to-Spanish Mappings topic: tag rows carrying a >=7-sense en: lemma with topic:en-multi-sense
hszvzaxmcv	la próxima semana	next week	supporting	topic:en-multi-sense	English-to-Spanish Mappings topic: tag rows carrying a >=7-sense en: lemma with topic:en-multi-sense
ywmu9udgpo	este mes	this month	supporting	topic:en-multi-sense	English-to-Spanish Mappings topic: tag rows carrying a >=7-sense en: lemma with topic:en-multi-sense
dicbiznsu7	el próximo mes	next month	supporting	topic:en-multi-sense	English-to-Spanish Mappings topic: tag rows carrying a >=7-sense en: lemma with topic:en-multi-sense
0wlhrfyp5n	este año	this year	supporting	topic:en-multi-sense	English-to-Spanish Mappings topic: tag rows carrying a >=7-sense en: lemma with topic:en-multi-sense
6uqtv5ndip	el próximo año	next year	supporting	topic:en-multi-sense	English-to-Spanish Mappings topic: tag rows carrying a >=7-sense en: lemma with topic:en-multi-sense
wyrj7k8thq	allí	there	supporting	topic:en-multi-sense	English-to-Spanish Mappings topic: tag rows carrying a >=7-sense en: lemma with topic:en-multi-sense
sqd8xxfwmx	para ti	for you	supporting	topic:en-multi-sense	English-to-Spanish Mappings topic: tag rows carrying a >=7-sense en: lemma with topic:en-multi-sense
8rtzxhe293	para él	for him	supporting	topic:en-multi-sense	English-to-Spanish Mappings topic: tag rows carrying a >=7-sense en: lemma with topic:en-multi-sense
ifxzv5eot0	para ella	for her	supporting	topic:en-multi-sense	English-to-Spanish Mappings topic: tag rows carrying a >=7-sense en: lemma with topic:en-multi-sense
ztq4ogut83	para nosotros	for us	supporting	topic:en-multi-sense	English-to-Spanish Mappings topic: tag rows carrying a >=7-sense en: lemma with topic:en-multi-sense
hu11wt1cvb	para ellos	for them	supporting	topic:en-multi-sense	English-to-Spanish Mappings topic: tag rows carrying a >=7-sense en: lemma with topic:en-multi-sense
ez2lt2jbq7	para [alguien]	for [somebody]	supporting	topic:en-multi-sense	English-to-Spanish Mappings topic: tag rows carrying a >=7-sense en: lemma with topic:en-multi-sense
1gq5hjnrzn	alguna [sustantivo]	some [noun]	supporting	topic:en-multi-sense	English-to-Spanish Mappings topic: tag rows carrying a >=7-sense en: lemma with topic:en-multi-sense
ob5wvw1ip2	algunos [sustantivos]	some [nouns]	supporting	topic:en-multi-sense	English-to-Spanish Mappings topic: tag rows carrying a >=7-sense en: lemma with topic:en-multi-sense
6hfsgz778t	algunas [sustantivos]	some [nouns]	supporting	topic:en-multi-sense	English-to-Spanish Mappings topic: tag rows carrying a >=7-sense en: lemma with topic:en-multi-sense
cwuhjz9zei	qué [sustantivo] (exclamativo)	what a [noun]	supporting	topic:en-multi-sense	English-to-Spanish Mappings topic: tag rows carrying a >=7-sense en: lemma with topic:en-multi-sense
7rngt9gu3p	algún [sustantivo]	some [noun]	supporting	topic:en-multi-sense	English-to-Spanish Mappings topic: tag rows carrying a >=7-sense en: lemma with topic:en-multi-sense
65xbrzcund	qué [sustantivo]	what [noun]	core	topic:en-multi-sense	English-to-Spanish Mappings topic: tag rows carrying a >=7-sense en: lemma with topic:en-multi-sense
jwh08a61ig	cuánto [sustantivo]	how much [noun]	supporting	topic:en-multi-sense	English-to-Spanish Mappings topic: tag rows carrying a >=7-sense en: lemma with topic:en-multi-sense
t6r7hdgwhb	cuánta [sustantivo]	how much [noun]	supporting	topic:en-multi-sense	English-to-Spanish Mappings topic: tag rows carrying a >=7-sense en: lemma with topic:en-multi-sense
2d169mb7ai	a ti	to you	supporting	topic:en-multi-sense	English-to-Spanish Mappings topic: tag rows carrying a >=7-sense en: lemma with topic:en-multi-sense
flwdh3dbk5	a él	to him	supporting	topic:en-multi-sense	English-to-Spanish Mappings topic: tag rows carrying a >=7-sense en: lemma with topic:en-multi-sense
45ejuhdox6	a ella	to her	supporting	topic:en-multi-sense	English-to-Spanish Mappings topic: tag rows carrying a >=7-sense en: lemma with topic:en-multi-sense
ej7gnt7lbx	a [alguien]	to [somebody]	supporting	topic:en-multi-sense	English-to-Spanish Mappings topic: tag rows carrying a >=7-sense en: lemma with topic:en-multi-sense
bfer5mn6yu	a mí	to me	supporting	topic:en-multi-sense	English-to-Spanish Mappings topic: tag rows carrying a >=7-sense en: lemma with topic:en-multi-sense
hsqb5yui5l	alguien	somebody	core	topic:en-multi-sense	English-to-Spanish Mappings topic: tag rows carrying a >=7-sense en: lemma with topic:en-multi-sense
5w0xw4xzxh	uno (impersonal)	one	supporting	topic:en-multi-sense	English-to-Spanish Mappings topic: tag rows carrying a >=7-sense en: lemma with topic:en-multi-sense
fc10ci73j7	alguno	some	supporting	topic:en-multi-sense	English-to-Spanish Mappings topic: tag rows carrying a >=7-sense en: lemma with topic:en-multi-sense
y13ekw81d8	salir	to come out	supporting	topic:en-multi-sense	English-to-Spanish Mappings topic: tag rows carrying a >=7-sense en: lemma with topic:en-multi-sense
zs2vl4oxdq	está [en un estado o lugar]	is [somewhere or feeling something]	core	topic:en-multi-sense	English-to-Spanish Mappings topic: tag rows carrying a >=7-sense en: lemma with topic:en-multi-sense
kaq1f0slza	estamos [en un estado o lugar]	we are [somewhere or feeling something]	supporting	topic:en-multi-sense	English-to-Spanish Mappings topic: tag rows carrying a >=7-sense en: lemma with topic:en-multi-sense
b1u0tt59t0	uno	one	core	topic:en-multi-sense	English-to-Spanish Mappings topic: tag rows carrying a >=7-sense en: lemma with topic:en-multi-sense
4w9jfbdl93	aquello	that	reference	topic:en-multi-sense	English-to-Spanish Mappings topic: tag rows carrying a >=7-sense en: lemma with topic:en-multi-sense
tvm9cf1n1l	eso	that	core	topic:en-multi-sense	English-to-Spanish Mappings topic: tag rows carrying a >=7-sense en: lemma with topic:en-multi-sense
6cnielk682	esto	this	core	topic:en-multi-sense	English-to-Spanish Mappings topic: tag rows carrying a >=7-sense en: lemma with topic:en-multi-sense
widbvn1zzj	están [en un estado o lugar]	they are [somewhere or feeling something]	supporting	topic:en-multi-sense	English-to-Spanish Mappings topic: tag rows carrying a >=7-sense en: lemma with topic:en-multi-sense
bxt46dkdag	no quiso [hacer algo]	wouldn't [do something]	reference	topic:en-multi-sense	English-to-Spanish Mappings topic: tag rows carrying a >=7-sense en: lemma with topic:en-multi-sense
tbpj623d3b	querer [hacer algo] (tener la intención)	to mean [to do something]	reference	topic:en-multi-sense	English-to-Spanish Mappings topic: tag rows carrying a >=7-sense en: lemma with topic:en-multi-sense
b6v2qryb2d	he [hecho algo]	I have [done something]	supporting	topic:en-multi-sense	English-to-Spanish Mappings topic: tag rows carrying a >=7-sense en: lemma with topic:en-multi-sense
xffe82pdpg	has [hecho algo]	you have [done something]	supporting	topic:en-multi-sense	English-to-Spanish Mappings topic: tag rows carrying a >=7-sense en: lemma with topic:en-multi-sense
tei7cfo1k2	hemos [hecho algo]	we have [done something]	supporting	topic:en-multi-sense	English-to-Spanish Mappings topic: tag rows carrying a >=7-sense en: lemma with topic:en-multi-sense
uwzxgiv5od	han [hecho algo]	they have [done something]	supporting	topic:en-multi-sense	English-to-Spanish Mappings topic: tag rows carrying a >=7-sense en: lemma with topic:en-multi-sense
p1ga7e8bhn	tengo [algo]	I have [something]	core	topic:en-multi-sense	English-to-Spanish Mappings topic: tag rows carrying a >=7-sense en: lemma with topic:en-multi-sense
mwpgnk4gb9	tienes [algo]	you have [something]	supporting	topic:en-multi-sense	English-to-Spanish Mappings topic: tag rows carrying a >=7-sense en: lemma with topic:en-multi-sense
xisncbwr6s	tenemos [algo]	we have [something]	supporting	topic:en-multi-sense	English-to-Spanish Mappings topic: tag rows carrying a >=7-sense en: lemma with topic:en-multi-sense
rkkkgau83q	tienen [algo]	they have [something]	supporting	topic:en-multi-sense	English-to-Spanish Mappings topic: tag rows carrying a >=7-sense en: lemma with topic:en-multi-sense
0rv1zmpu5c	eres [algo]	you are [something]	supporting	topic:en-multi-sense	English-to-Spanish Mappings topic: tag rows carrying a >=7-sense en: lemma with topic:en-multi-sense
rf1kaz8lmr	es [algo]	is [something]	core	topic:en-multi-sense	English-to-Spanish Mappings topic: tag rows carrying a >=7-sense en: lemma with topic:en-multi-sense
d3s5uo0ahx	somos [algo]	we are [something]	supporting	topic:en-multi-sense	English-to-Spanish Mappings topic: tag rows carrying a >=7-sense en: lemma with topic:en-multi-sense
0kqlhwpi3i	son [algo]	they are [something]	supporting	topic:en-multi-sense	English-to-Spanish Mappings topic: tag rows carrying a >=7-sense en: lemma with topic:en-multi-sense
0k44vohfn6	estás [en un estado o lugar]	you are [somewhere or feeling something]	supporting	topic:en-multi-sense	English-to-Spanish Mappings topic: tag rows carrying a >=7-sense en: lemma with topic:en-multi-sense
mcumr0ly9e	al	to the	core	topic:en-multi-sense	English-to-Spanish Mappings topic: tag rows carrying a >=7-sense en: lemma with topic:en-multi-sense
afcxrbizh3	que tú [hagas algo]	you to [do something]	core	topic:en-multi-sense	English-to-Spanish Mappings topic: tag rows carrying a >=7-sense en: lemma with topic:en-multi-sense
t4uaqoddu8	que él [haga algo]	him to [do something]	core	topic:en-multi-sense	English-to-Spanish Mappings topic: tag rows carrying a >=7-sense en: lemma with topic:en-multi-sense
zqb7l9x0pq	que ella [haga algo]	her to [do something]	core	topic:en-multi-sense	English-to-Spanish Mappings topic: tag rows carrying a >=7-sense en: lemma with topic:en-multi-sense
s0tvpozw7u	que ellos [hagan algo]	them to [do something]	supporting	topic:en-multi-sense	English-to-Spanish Mappings topic: tag rows carrying a >=7-sense en: lemma with topic:en-multi-sense
dv55nncur9	ir de compras	to go shopping	supporting	topic:en-multi-sense	English-to-Spanish Mappings topic: tag rows carrying a >=7-sense en: lemma with topic:en-multi-sense
omyzn9d5h2	para qué	what for	supporting	topic:en-multi-sense	English-to-Spanish Mappings topic: tag rows carrying a >=7-sense en: lemma with topic:en-multi-sense
9h3jno3320	quisiera que [alguien] [hiciera algo]	would like [somebody] [to do something]	supporting	topic:en-multi-sense	English-to-Spanish Mappings topic: tag rows carrying a >=7-sense en: lemma with topic:en-multi-sense
7yqanblhbj	haber [cosas] (presente plural)	there are [things]	trash	topic:en-multi-sense	English-to-Spanish Mappings topic: tag rows carrying a >=7-sense en: lemma with topic:en-multi-sense
i0ipg114mg	vamos a [un lugar]	we are going to [a place]	supporting	topic:en-multi-sense	English-to-Spanish Mappings topic: tag rows carrying a >=7-sense en: lemma with topic:en-multi-sense
0tty2mfina	este	this	core	topic:en-multi-sense	English-to-Spanish Mappings topic: tag rows carrying a >=7-sense en: lemma with topic:en-multi-sense
7hfg12h8br	esta	this	core	topic:en-multi-sense	English-to-Spanish Mappings topic: tag rows carrying a >=7-sense en: lemma with topic:en-multi-sense
u7kefn0q1x	aquel	that one	supporting	topic:en-multi-sense	English-to-Spanish Mappings topic: tag rows carrying a >=7-sense en: lemma with topic:en-multi-sense
apj21ii1kp	aquella	that one	reference	topic:en-multi-sense	English-to-Spanish Mappings topic: tag rows carrying a >=7-sense en: lemma with topic:en-multi-sense
a145a3y0wu	esa	that one	supporting	topic:en-multi-sense	English-to-Spanish Mappings topic: tag rows carrying a >=7-sense en: lemma with topic:en-multi-sense
ytar943kdr	ese	that one	supporting	topic:en-multi-sense	English-to-Spanish Mappings topic: tag rows carrying a >=7-sense en: lemma with topic:en-multi-sense
lufi47fm96	esta	this one	supporting	topic:en-multi-sense	English-to-Spanish Mappings topic: tag rows carrying a >=7-sense en: lemma with topic:en-multi-sense
7o2aypebuj	este	this one	supporting	topic:en-multi-sense	English-to-Spanish Mappings topic: tag rows carrying a >=7-sense en: lemma with topic:en-multi-sense
dt2cwfu58n	ese	that	core	topic:en-multi-sense	English-to-Spanish Mappings topic: tag rows carrying a >=7-sense en: lemma with topic:en-multi-sense
19ebbd6l4z	esa	that	core	topic:en-multi-sense	English-to-Spanish Mappings topic: tag rows carrying a >=7-sense en: lemma with topic:en-multi-sense
c0euhmhow4	muchos	many	supporting	topic:en-multi-sense	English-to-Spanish Mappings topic: tag rows carrying a >=7-sense en: lemma with topic:en-multi-sense
nn35sz7ahx	muchas	many	supporting	topic:en-multi-sense	English-to-Spanish Mappings topic: tag rows carrying a >=7-sense en: lemma with topic:en-multi-sense
ynlc19lduf	cuántos	how many	core	topic:en-multi-sense	English-to-Spanish Mappings topic: tag rows carrying a >=7-sense en: lemma with topic:en-multi-sense
cd0w4nxkj8	cuántas	how many	core	topic:en-multi-sense	English-to-Spanish Mappings topic: tag rows carrying a >=7-sense en: lemma with topic:en-multi-sense
n3549z5wwm	desde [un lugar]	from a place	supporting	topic:en-multi-sense	English-to-Spanish Mappings topic: tag rows carrying a >=7-sense en: lemma with topic:en-multi-sense
9c2am535n8	es [adjetivo]	is [adjective]	core	topic:en-multi-sense	English-to-Spanish Mappings topic: tag rows carrying a >=7-sense en: lemma with topic:en-multi-sense
g2rq6v6czz	estás [haciendo algo]	you are [doing something]	supporting	topic:en-multi-sense	English-to-Spanish Mappings topic: tag rows carrying a >=7-sense en: lemma with topic:en-multi-sense
9yf8jsp2b1	está [haciendo algo]	is [doing something]	core	topic:en-multi-sense	English-to-Spanish Mappings topic: tag rows carrying a >=7-sense en: lemma with topic:en-multi-sense
4e3tp75nnw	estamos [haciendo algo]	we are [doing something]	supporting	topic:en-multi-sense	English-to-Spanish Mappings topic: tag rows carrying a >=7-sense en: lemma with topic:en-multi-sense
bb48xm25wt	están [haciendo algo]	they are [doing something]	supporting	topic:en-multi-sense	English-to-Spanish Mappings topic: tag rows carrying a >=7-sense en: lemma with topic:en-multi-sense
vlfntsr6mm	vas a [un lugar]	you are going to [a place]	supporting	topic:en-multi-sense	English-to-Spanish Mappings topic: tag rows carrying a >=7-sense en: lemma with topic:en-multi-sense
m2cu1ggb78	van a [un lugar]	they are going to [a place]	supporting	topic:en-multi-sense	English-to-Spanish Mappings topic: tag rows carrying a >=7-sense en: lemma with topic:en-multi-sense
iy31grrg95	soy de [un lugar]	I am from [a place]	core	topic:en-multi-sense	English-to-Spanish Mappings topic: tag rows carrying a >=7-sense en: lemma with topic:en-multi-sense
6zy7d60lhd	eres de [un lugar]	you are from [a place]	supporting	topic:en-multi-sense	English-to-Spanish Mappings topic: tag rows carrying a >=7-sense en: lemma with topic:en-multi-sense
25qdaau47d	es de [un lugar]	is from [a place]	core	topic:en-multi-sense	English-to-Spanish Mappings topic: tag rows carrying a >=7-sense en: lemma with topic:en-multi-sense
ht2nxiu107	somos de [un lugar]	we are from [a place]	supporting	topic:en-multi-sense	English-to-Spanish Mappings topic: tag rows carrying a >=7-sense en: lemma with topic:en-multi-sense
w8b4nwsykp	son de [un lugar]	they are from [a place]	supporting	topic:en-multi-sense	English-to-Spanish Mappings topic: tag rows carrying a >=7-sense en: lemma with topic:en-multi-sense
8mpe0b3ksv	tengo [número] años	I am [number] years old	core	topic:en-multi-sense	English-to-Spanish Mappings topic: tag rows carrying a >=7-sense en: lemma with topic:en-multi-sense
ksjxfltxqk	tienes [número] años	you are [number] years old	supporting	topic:en-multi-sense	English-to-Spanish Mappings topic: tag rows carrying a >=7-sense en: lemma with topic:en-multi-sense
a5e2xjebla	tiene [número] años	is [number] years old	core	topic:en-multi-sense	English-to-Spanish Mappings topic: tag rows carrying a >=7-sense en: lemma with topic:en-multi-sense
qh9awmasdd	tenemos [número] años	we are [number] years old	supporting	topic:en-multi-sense	English-to-Spanish Mappings topic: tag rows carrying a >=7-sense en: lemma with topic:en-multi-sense
680u7m5wn5	tienen [número] años	they are [number] years old	supporting	topic:en-multi-sense	English-to-Spanish Mappings topic: tag rows carrying a >=7-sense en: lemma with topic:en-multi-sense
yye01uov38	tengo que [hacer algo]	I have to [do something]	core	topic:en-multi-sense	English-to-Spanish Mappings topic: tag rows carrying a >=7-sense en: lemma with topic:en-multi-sense
kjllit1qgt	tienes que [hacer algo]	you have to [do something]	core	topic:en-multi-sense	English-to-Spanish Mappings topic: tag rows carrying a >=7-sense en: lemma with topic:en-multi-sense
ny8jxz2s41	tenemos que [hacer algo]	we have to [do something]	supporting	topic:en-multi-sense	English-to-Spanish Mappings topic: tag rows carrying a >=7-sense en: lemma with topic:en-multi-sense
x9hss06n9a	tienen que [hacer algo]	they have to [do something]	supporting	topic:en-multi-sense	English-to-Spanish Mappings topic: tag rows carrying a >=7-sense en: lemma with topic:en-multi-sense
hfip8vre8c	eres [adjetivo]	you are [adjective]	supporting	topic:en-multi-sense	English-to-Spanish Mappings topic: tag rows carrying a >=7-sense en: lemma with topic:en-multi-sense
kqssflfv3m	somos [adjetivo]	we are [adjective]	supporting	topic:en-multi-sense	English-to-Spanish Mappings topic: tag rows carrying a >=7-sense en: lemma with topic:en-multi-sense
elhfo7u8o3	son [adjetivo]	they are [adjective]	supporting	topic:en-multi-sense	English-to-Spanish Mappings topic: tag rows carrying a >=7-sense en: lemma with topic:en-multi-sense
n8ahr1jble	soy [adjetivo]	I am [adjective]	core	topic:en-multi-sense	English-to-Spanish Mappings topic: tag rows carrying a >=7-sense en: lemma with topic:en-multi-sense
9h4yb41inv	a nosotros	to us	supporting	topic:en-multi-sense	English-to-Spanish Mappings topic: tag rows carrying a >=7-sense en: lemma with topic:en-multi-sense
unkd514ur0	a ellos	to them	supporting	topic:en-multi-sense	English-to-Spanish Mappings topic: tag rows carrying a >=7-sense en: lemma with topic:en-multi-sense
opdzad1zrx	voy a [un lugar]	I am going to [a place]	core	topic:en-multi-sense	English-to-Spanish Mappings topic: tag rows carrying a >=7-sense en: lemma with topic:en-multi-sense
v9mrlosy7o	va a [un lugar]	is going to [a place]	core	topic:en-multi-sense	English-to-Spanish Mappings topic: tag rows carrying a >=7-sense en: lemma with topic:en-multi-sense
joavbehrli	mirar abajo	to look down	reference	topic:en-multi-sense	English-to-Spanish Mappings topic: tag rows carrying a >=7-sense en: lemma with topic:en-multi-sense
oo26n3eya6	Hasta luego.	See you later.	reference	topic:en-multi-sense	English-to-Spanish Mappings topic: tag rows carrying a >=7-sense en: lemma with topic:en-multi-sense
yco8jcpeuc	entonces	so	reference	topic:en-multi-sense	English-to-Spanish Mappings topic: tag rows carrying a >=7-sense en: lemma with topic:en-multi-sense
p2mettktx3	malo / mala	bad	reference	topic:en-multi-sense	English-to-Spanish Mappings topic: tag rows carrying a >=7-sense en: lemma with topic:en-multi-sense
etjg9ef1sp	[hacer algo] queriendo	[to do something] on purpose	reference	topic:en-multi-sense	English-to-Spanish Mappings topic: tag rows carrying a >=7-sense en: lemma with topic:en-multi-sense
vk5c4vsrnd	donde quieras	wherever you want	supporting	topic:en-multi-sense	English-to-Spanish Mappings topic: tag rows carrying a >=7-sense en: lemma with topic:en-multi-sense
rr28vy1oq0	cuando quieras	whenever you want	supporting	topic:en-multi-sense	English-to-Spanish Mappings topic: tag rows carrying a >=7-sense en: lemma with topic:en-multi-sense
7xvappewlv	lo que quieras	whatever you want	supporting	topic:en-multi-sense	English-to-Spanish Mappings topic: tag rows carrying a >=7-sense en: lemma with topic:en-multi-sense
lbk86bzf4t	por la noche	at night	reference	topic:en-multi-sense	English-to-Spanish Mappings topic: tag rows carrying a >=7-sense en: lemma with topic:en-multi-sense
8st8uc3ose	quien quiera	whoever wants to	supporting	topic:en-multi-sense	English-to-Spanish Mappings topic: tag rows carrying a >=7-sense en: lemma with topic:en-multi-sense
j6x3otw9pi	como quieras	however you want	supporting	topic:en-multi-sense	English-to-Spanish Mappings topic: tag rows carrying a >=7-sense en: lemma with topic:en-multi-sense
9tdm1v0loz	como quieras	as you wish	reference	topic:en-multi-sense	English-to-Spanish Mappings topic: tag rows carrying a >=7-sense en: lemma with topic:en-multi-sense
5jgulxtbag	quiera o no	whether [someone] wants to or not	reference	topic:en-multi-sense	English-to-Spanish Mappings topic: tag rows carrying a >=7-sense en: lemma with topic:en-multi-sense
18xj8sphod	¿quiere [algo]?	would like [something]	reference	topic:en-multi-sense	English-to-Spanish Mappings topic: tag rows carrying a >=7-sense en: lemma with topic:en-multi-sense
5zjqxkzep9	¿quiere [hacer algo]?	would like [to do something]	reference	topic:en-multi-sense	English-to-Spanish Mappings topic: tag rows carrying a >=7-sense en: lemma with topic:en-multi-sense
okgrw0eqjz	quiero decir	I mean	supporting	topic:en-multi-sense	English-to-Spanish Mappings topic: tag rows carrying a >=7-sense en: lemma with topic:en-multi-sense
blyn87wx6n	comer [algo]	to eat [something]	core	topic:en-multi-sense	English-to-Spanish Mappings topic: tag rows carrying a >=7-sense en: lemma with topic:en-multi-sense
5dd27yg0l5	se necesita [algo]	[something] is needed	reference	topic:en-multi-sense	English-to-Spanish Mappings topic: tag rows carrying a >=7-sense en: lemma with topic:en-multi-sense
rihgpnyn52	comer [algo]	to have [something]	supporting	topic:en-multi-sense	English-to-Spanish Mappings topic: tag rows carrying a >=7-sense en: lemma with topic:en-multi-sense
39jd5tl1td	comer [algo] todo	to eat [something] up	reference	topic:en-multi-sense	English-to-Spanish Mappings topic: tag rows carrying a >=7-sense en: lemma with topic:en-multi-sense
exl1pngeii	comer fuera	to eat out	supporting	topic:en-multi-sense	English-to-Spanish Mappings topic: tag rows carrying a >=7-sense en: lemma with topic:en-multi-sense
dtnqrb3lqk	comer en casa	to eat in	reference	topic:en-multi-sense	English-to-Spanish Mappings topic: tag rows carrying a >=7-sense en: lemma with topic:en-multi-sense
scx4soq3es	desgastar [algo] poco a poco	to eat away at [something]	reference	topic:en-multi-sense	English-to-Spanish Mappings topic: tag rows carrying a >=7-sense en: lemma with topic:en-multi-sense
ci5pguw7c2	reducir [algo] gradualmente	to eat into [something]	reference	topic:en-multi-sense	English-to-Spanish Mappings topic: tag rows carrying a >=7-sense en: lemma with topic:en-multi-sense
muiwdna9jq	consumir [algo] por completo	to eat through [something]	reference	topic:en-multi-sense	English-to-Spanish Mappings topic: tag rows carrying a >=7-sense en: lemma with topic:en-multi-sense
3r13e3oa6n	tomar [algo]	to take [something]	core	topic:en-multi-sense	English-to-Spanish Mappings topic: tag rows carrying a >=7-sense en: lemma with topic:en-multi-sense
krcmhoedfz	partir	to leave	reference	topic:en-multi-sense	English-to-Spanish Mappings topic: tag rows carrying a >=7-sense en: lemma with topic:en-multi-sense
uidyeso1gn	tomar [una bebida]	to drink [a beverage]	supporting	topic:en-multi-sense	English-to-Spanish Mappings topic: tag rows carrying a >=7-sense en: lemma with topic:en-multi-sense
ggqsaeyv8u	tomar [transporte]	to take [transport]	supporting	topic:en-multi-sense	English-to-Spanish Mappings topic: tag rows carrying a >=7-sense en: lemma with topic:en-multi-sense
gb1zklln37	tomar una decisión	to make a decision	supporting	topic:en-multi-sense	English-to-Spanish Mappings topic: tag rows carrying a >=7-sense en: lemma with topic:en-multi-sense
ghaurw9ils	beber [algo]	to drink [something]	supporting	topic:en-multi-sense	English-to-Spanish Mappings topic: tag rows carrying a >=7-sense en: lemma with topic:en-multi-sense
7hhmppjsyi	beber [algo]	to have [a beverage]	reference	topic:en-multi-sense	English-to-Spanish Mappings topic: tag rows carrying a >=7-sense en: lemma with topic:en-multi-sense
2hxj5syqcm	tomar [tiempo]	to take [time]	supporting	topic:en-multi-sense	English-to-Spanish Mappings topic: tag rows carrying a >=7-sense en: lemma with topic:en-multi-sense
0cpl9zogy8	tomar el control de [algo]	to take over [something]	supporting	topic:en-multi-sense	English-to-Spanish Mappings topic: tag rows carrying a >=7-sense en: lemma with topic:en-multi-sense
oieith38tf	despegar	to take off	reference	topic:en-multi-sense	English-to-Spanish Mappings topic: tag rows carrying a >=7-sense en: lemma with topic:en-multi-sense
e7vj7ne6w6	quitarse [algo]	to take off [something]	supporting	topic:en-multi-sense	English-to-Spanish Mappings topic: tag rows carrying a >=7-sense en: lemma with topic:en-multi-sense
ge2h3aq8un	asumir [algo]	to take on [something]	reference	topic:en-multi-sense	English-to-Spanish Mappings topic: tag rows carrying a >=7-sense en: lemma with topic:en-multi-sense
b9jycma895	engañar [a alguien]	to take in [somebody/something]	reference	topic:en-multi-sense	English-to-Spanish Mappings topic: tag rows carrying a >=7-sense en: lemma with topic:en-multi-sense
g1ya205lb7	bajar [algo]	to take down [something]	supporting	topic:en-multi-sense	English-to-Spanish Mappings topic: tag rows carrying a >=7-sense en: lemma with topic:en-multi-sense
i2o3tqlac3	desarmar [algo]	to take apart [something]	reference	topic:en-multi-sense	English-to-Spanish Mappings topic: tag rows carrying a >=7-sense en: lemma with topic:en-multi-sense
y3salsw4an	llevarse [algo]	to take away [something]	supporting	topic:en-multi-sense	English-to-Spanish Mappings topic: tag rows carrying a >=7-sense en: lemma with topic:en-multi-sense
6o8wv1ujtl	[la] bebida	the beverage	reference	topic:en-multi-sense	English-to-Spanish Mappings topic: tag rows carrying a >=7-sense en: lemma with topic:en-multi-sense
gl1h3xyxfc	empezar a gustarle [algo] a alguien	to take to [something/somebody]	reference	topic:en-multi-sense	English-to-Spanish Mappings topic: tag rows carrying a >=7-sense en: lemma with topic:en-multi-sense
0k0bl4mcur	cuidar de [alguien/algo]	to take care of [somebody/something]	supporting	topic:en-multi-sense	English-to-Spanish Mappings topic: tag rows carrying a >=7-sense en: lemma with topic:en-multi-sense
f70ddup216	participar en [algo]	to take part in [something]	reference	topic:en-multi-sense	English-to-Spanish Mappings topic: tag rows carrying a >=7-sense en: lemma with topic:en-multi-sense
kb26bvucsb	hablar en nombre de [alguien]	to speak on behalf of [somebody]	reference	topic:en-multi-sense	English-to-Spanish Mappings topic: tag rows carrying a >=7-sense en: lemma with topic:en-multi-sense
y2jk0txcur	decirle [algo] a [alguien]	to tell [somebody] [something]	core	topic:en-multi-sense	English-to-Spanish Mappings topic: tag rows carrying a >=7-sense en: lemma with topic:en-multi-sense
b7q2nz5b40	hablar	to talk	supporting	topic:en-multi-sense	English-to-Spanish Mappings topic: tag rows carrying a >=7-sense en: lemma with topic:en-multi-sense
xnti52ho63	hablar con [alguien]	to talk to [somebody]	supporting	topic:en-multi-sense	English-to-Spanish Mappings topic: tag rows carrying a >=7-sense en: lemma with topic:en-multi-sense
4c0v1mewmv	hablar	to speak	core	topic:en-multi-sense	English-to-Spanish Mappings topic: tag rows carrying a >=7-sense en: lemma with topic:en-multi-sense
y8vz5i8ugg	absorber [algo]	to drink in [something]	reference	topic:en-multi-sense	English-to-Spanish Mappings topic: tag rows carrying a >=7-sense en: lemma with topic:en-multi-sense
ixtmrjrh95	brindar por [alguien/algo]	to drink to [somebody/something]	reference	topic:en-multi-sense	English-to-Spanish Mappings topic: tag rows carrying a >=7-sense en: lemma with topic:en-multi-sense
vmxu8tislh	beber [algo] para olvidar	to drink away [something]	reference	topic:en-multi-sense	English-to-Spanish Mappings topic: tag rows carrying a >=7-sense en: lemma with topic:en-multi-sense
pj5xvxa76j	beber de [un recipiente]	to drink out of [a container]	reference	topic:en-multi-sense	English-to-Spanish Mappings topic: tag rows carrying a >=7-sense en: lemma with topic:en-multi-sense
tyi7ultt7w	empezar [una actividad]	to take up [something]	reference	topic:en-multi-sense	English-to-Spanish Mappings topic: tag rows carrying a >=7-sense en: lemma with topic:en-multi-sense
3lpcerxf58	sacar [algo]	to take out [something]	supporting	topic:en-multi-sense	English-to-Spanish Mappings topic: tag rows carrying a >=7-sense en: lemma with topic:en-multi-sense
pfr7szkobd	hablar de [algo]	to talk about [something]	supporting	topic:en-multi-sense	English-to-Spanish Mappings topic: tag rows carrying a >=7-sense en: lemma with topic:en-multi-sense
wxukuqznts	hablar más fuerte	to speak up	supporting	topic:en-multi-sense	English-to-Spanish Mappings topic: tag rows carrying a >=7-sense en: lemma with topic:en-multi-sense
t817imxlpf	pronunciarse sobre [algo]	to speak out about [something]	reference	topic:en-multi-sense	English-to-Spanish Mappings topic: tag rows carrying a >=7-sense en: lemma with topic:en-multi-sense
sgxn0d27nm	hablar de [algo] antes de decidir	to talk [something] over	reference	topic:en-multi-sense	English-to-Spanish Mappings topic: tag rows carrying a >=7-sense en: lemma with topic:en-multi-sense
22hirk8mdw	explicarle [algo] paso a paso a [alguien]	to talk [somebody] through [something]	reference	topic:en-multi-sense	English-to-Spanish Mappings topic: tag rows carrying a >=7-sense en: lemma with topic:en-multi-sense
sk978mgwus	convencer a [alguien] de [hacer algo]	to talk [somebody] into [doing something]	reference	topic:en-multi-sense	English-to-Spanish Mappings topic: tag rows carrying a >=7-sense en: lemma with topic:en-multi-sense
n7f05snzv6	convencer a [alguien] de no [hacer algo]	to talk [somebody] out of [doing something]	reference	topic:en-multi-sense	English-to-Spanish Mappings topic: tag rows carrying a >=7-sense en: lemma with topic:en-multi-sense
obw0unmb5c	hablarle con condescendencia a [alguien]	to talk down to [somebody]	reference	topic:en-multi-sense	English-to-Spanish Mappings topic: tag rows carrying a >=7-sense en: lemma with topic:en-multi-sense
utfyp7wiro	contestarle mal a [alguien]	to talk back to [somebody]	reference	topic:en-multi-sense	English-to-Spanish Mappings topic: tag rows carrying a >=7-sense en: lemma with topic:en-multi-sense
7x4v7kp0dx	hablar consigo mismo/a	to talk to oneself	reference	topic:en-multi-sense	English-to-Spanish Mappings topic: tag rows carrying a >=7-sense en: lemma with topic:en-multi-sense
d587f3ftw9	decir [algo]	to say [something]	core	topic:en-multi-sense	English-to-Spanish Mappings topic: tag rows carrying a >=7-sense en: lemma with topic:en-multi-sense
im9dazjhez	hablarle a [alguien]	to speak to [somebody]	core	topic:en-multi-sense	English-to-Spanish Mappings topic: tag rows carrying a >=7-sense en: lemma with topic:en-multi-sense
gbsx4jxjdu	decir que [algo sucede]	to say that [something happens]	core	topic:en-multi-sense	English-to-Spanish Mappings topic: tag rows carrying a >=7-sense en: lemma with topic:en-multi-sense
djoaiftk25	devolver [algo]	to take back [something]	supporting	topic:en-multi-sense	English-to-Spanish Mappings topic: tag rows carrying a >=7-sense en: lemma with topic:en-multi-sense
xo18pm756n	hablar con [alguien]	to speak with [somebody]	supporting	topic:en-multi-sense	English-to-Spanish Mappings topic: tag rows carrying a >=7-sense en: lemma with topic:en-multi-sense
du61aoc74y	decir una mentira	to tell a lie	supporting	topic:en-multi-sense	English-to-Spanish Mappings topic: tag rows carrying a >=7-sense en: lemma with topic:en-multi-sense
kwqo05li9i	decir que sí	to say yes	supporting	topic:en-multi-sense	English-to-Spanish Mappings topic: tag rows carrying a >=7-sense en: lemma with topic:en-multi-sense
h9qi6jkdmp	por así decirlo	so to speak	reference	topic:en-multi-sense	English-to-Spanish Mappings topic: tag rows carrying a >=7-sense en: lemma with topic:en-multi-sense
mx0rz2zmur	distinguir a [alguien] de [alguien]	to tell [somebody] apart	reference	topic:en-multi-sense	English-to-Spanish Mappings topic: tag rows carrying a >=7-sense en: lemma with topic:en-multi-sense
7n09vmo7kn	reprender a [alguien]	to tell [somebody] off	reference	topic:en-multi-sense	English-to-Spanish Mappings topic: tag rows carrying a >=7-sense en: lemma with topic:en-multi-sense
0t7sh9pmmo	delatar a [alguien]	to tell on [somebody]	reference	topic:en-multi-sense	English-to-Spanish Mappings topic: tag rows carrying a >=7-sense en: lemma with topic:en-multi-sense
rv2tbtvssk	distinguir [algo] de [algo]	to tell [something] from [something]	reference	topic:en-multi-sense	English-to-Spanish Mappings topic: tag rows carrying a >=7-sense en: lemma with topic:en-multi-sense
b11jnq9i7f	dar permiso	to give permission	supporting	topic:en-multi-sense	English-to-Spanish Mappings topic: tag rows carrying a >=7-sense en: lemma with topic:en-multi-sense
3uulufvfpt	darle permiso a [alguien] para [hacer algo]	to allow [somebody] to [do something]	supporting	topic:en-multi-sense	English-to-Spanish Mappings topic: tag rows carrying a >=7-sense en: lemma with topic:en-multi-sense
ut05s5dusz	decirle [algo] a [alguien]	to say [something] to [somebody]	core	topic:en-multi-sense	English-to-Spanish Mappings topic: tag rows carrying a >=7-sense en: lemma with topic:en-multi-sense
a7tobu5j5o	decir la verdad	to tell the truth	supporting	topic:en-multi-sense	English-to-Spanish Mappings topic: tag rows carrying a >=7-sense en: lemma with topic:en-multi-sense
0uwakesgf2	decir que no	to say no	supporting	topic:en-multi-sense	English-to-Spanish Mappings topic: tag rows carrying a >=7-sense en: lemma with topic:en-multi-sense
yaznk7a47n	darse [un evento]	to take place	reference	topic:en-multi-sense	English-to-Spanish Mappings topic: tag rows carrying a >=7-sense en: lemma with topic:en-multi-sense
jpaidkfhw8	dar resultado	to work	reference	topic:en-multi-sense	English-to-Spanish Mappings topic: tag rows carrying a >=7-sense en: lemma with topic:en-multi-sense
gbxjc99tyx	dar resultado	to pay off	reference	topic:en-multi-sense	English-to-Spanish Mappings topic: tag rows carrying a >=7-sense en: lemma with topic:en-multi-sense
tc9rpq3ivd	dar lugar a [algo]	to lead to [something]	reference	topic:en-multi-sense	English-to-Spanish Mappings topic: tag rows carrying a >=7-sense en: lemma with topic:en-multi-sense
y4eh6045j1	dar lugar a [algo]	to give rise to [something]	reference	topic:en-multi-sense	English-to-Spanish Mappings topic: tag rows carrying a >=7-sense en: lemma with topic:en-multi-sense
47jjg9x6gu	darle sueño a [alguien]	to make [somebody] sleepy	reference	topic:en-multi-sense	English-to-Spanish Mappings topic: tag rows carrying a >=7-sense en: lemma with topic:en-multi-sense
l6c2h7kj9j	darle hambre a [alguien]	to make [somebody] hungry	reference	topic:en-multi-sense	English-to-Spanish Mappings topic: tag rows carrying a >=7-sense en: lemma with topic:en-multi-sense
b1tjm939pm	darle sed a [alguien]	to make [somebody] thirsty	reference	topic:en-multi-sense	English-to-Spanish Mappings topic: tag rows carrying a >=7-sense en: lemma with topic:en-multi-sense
blmsaecd0u	me da pena [hacer algo]	I'm embarrassed to [do something]	reference	topic:en-multi-sense	English-to-Spanish Mappings topic: tag rows carrying a >=7-sense en: lemma with topic:en-multi-sense
ie6c5rc7ri	darle risa a [alguien]	to make [somebody] laugh	reference	topic:en-multi-sense	English-to-Spanish Mappings topic: tag rows carrying a >=7-sense en: lemma with topic:en-multi-sense
2qfu76z9es	darle [algo] a [alguien]	to give [somebody] [something]	core	topic:en-multi-sense	English-to-Spanish Mappings topic: tag rows carrying a >=7-sense en: lemma with topic:en-multi-sense
rr5humr251	dar [algo] a [alguien]	to give [something] to [somebody]	core	topic:en-multi-sense	English-to-Spanish Mappings topic: tag rows carrying a >=7-sense en: lemma with topic:en-multi-sense
l9xp6c0qlt	decirle a [alguien] que [haga algo]	to tell [somebody] to [do something]	core	topic:en-multi-sense	English-to-Spanish Mappings topic: tag rows carrying a >=7-sense en: lemma with topic:en-multi-sense
1x6wkh4a4p	dicho esto	that said	reference	topic:en-multi-sense	English-to-Spanish Mappings topic: tag rows carrying a >=7-sense en: lemma with topic:en-multi-sense
2kr0ohl0n5	dicho de otra manera	put another way	reference	topic:en-multi-sense	English-to-Spanish Mappings topic: tag rows carrying a >=7-sense en: lemma with topic:en-multi-sense
sxzbibq8jq	revelar [un secreto]	to give [a secret] away	reference	topic:en-multi-sense	English-to-Spanish Mappings topic: tag rows carrying a >=7-sense en: lemma with topic:en-multi-sense
8k4ud8dmsv	repartir [algo]	to give [something] out	reference	topic:en-multi-sense	English-to-Spanish Mappings topic: tag rows carrying a >=7-sense en: lemma with topic:en-multi-sense
ktumc7kivz	dejar de funcionar	to give out	reference	topic:en-multi-sense	English-to-Spanish Mappings topic: tag rows carrying a >=7-sense en: lemma with topic:en-multi-sense
ngfffkccp9	emitir [algo]	to give off [something]	reference	topic:en-multi-sense	English-to-Spanish Mappings topic: tag rows carrying a >=7-sense en: lemma with topic:en-multi-sense
ei0hj29low	ayudar a [alguien]	to give [somebody] a hand	reference	topic:en-multi-sense	English-to-Spanish Mappings topic: tag rows carrying a >=7-sense en: lemma with topic:en-multi-sense
3yjxjrevpn	dar a luz a [un bebé]	to give birth to [a baby]	reference	topic:en-multi-sense	English-to-Spanish Mappings topic: tag rows carrying a >=7-sense en: lemma with topic:en-multi-sense
7o1ka5pyoo	dar poder a [alguien]	to empower [somebody]	reference	topic:en-multi-sense	English-to-Spanish Mappings topic: tag rows carrying a >=7-sense en: lemma with topic:en-multi-sense
ryokdbzs7y	dar poder a [alguien]	to give power to [somebody]	reference	topic:en-multi-sense	English-to-Spanish Mappings topic: tag rows carrying a >=7-sense en: lemma with topic:en-multi-sense
lydbe3sj98	darle poder a [alguien] para [hacer algo]	to authorize [somebody] to [do something]	reference	topic:en-multi-sense	English-to-Spanish Mappings topic: tag rows carrying a >=7-sense en: lemma with topic:en-multi-sense
soeo5exlsi	dado que [algo sucede]	given that [something happens]	reference	topic:en-multi-sense	English-to-Spanish Mappings topic: tag rows carrying a >=7-sense en: lemma with topic:en-multi-sense
r3pecbwlhk	pedirle a [alguien] que [haga algo]	to ask [somebody] to [do something]	core	topic:en-multi-sense	English-to-Spanish Mappings topic: tag rows carrying a >=7-sense en: lemma with topic:en-multi-sense
rtsiqg8t58	poner [algo] [en algún lugar]	to put [something] [somewhere]	core	topic:en-multi-sense	English-to-Spanish Mappings topic: tag rows carrying a >=7-sense en: lemma with topic:en-multi-sense
lnjk7w9ssw	pedir [algo]	to ask for [something]	core	topic:en-multi-sense	English-to-Spanish Mappings topic: tag rows carrying a >=7-sense en: lemma with topic:en-multi-sense
srjl4vz5st	pedirle prestado [algo] a [alguien]	to borrow [something] from [somebody]	supporting	topic:en-multi-sense	English-to-Spanish Mappings topic: tag rows carrying a >=7-sense en: lemma with topic:en-multi-sense
1g3jfa9eo7	pedir permiso para [hacer algo]	to ask for permission to [do something]	supporting	topic:en-multi-sense	English-to-Spanish Mappings topic: tag rows carrying a >=7-sense en: lemma with topic:en-multi-sense
kdt4ocawe0	pedir una cita con [alguien]	to make an appointment with [somebody]	reference	topic:en-multi-sense	English-to-Spanish Mappings topic: tag rows carrying a >=7-sense en: lemma with topic:en-multi-sense
f8j54x3ds4	pedir una cita con [alguien]	to book an appointment with [somebody]	reference	topic:en-multi-sense	English-to-Spanish Mappings topic: tag rows carrying a >=7-sense en: lemma with topic:en-multi-sense
x71u2ua4d3	pedir [una visa]	to apply for [a visa]	reference	topic:en-multi-sense	English-to-Spanish Mappings topic: tag rows carrying a >=7-sense en: lemma with topic:en-multi-sense
2j339tyd27	pedir formalmente [algo]	to request [something]	reference	topic:en-multi-sense	English-to-Spanish Mappings topic: tag rows carrying a >=7-sense en: lemma with topic:en-multi-sense
chlit99d2v	pedir disculpas por [algo]	to apologize for [something]	reference	topic:en-multi-sense	English-to-Spanish Mappings topic: tag rows carrying a >=7-sense en: lemma with topic:en-multi-sense
ka5uny00ga	pedir [comida] a domicilio	to order [food] for delivery	reference	topic:en-multi-sense	English-to-Spanish Mappings topic: tag rows carrying a >=7-sense en: lemma with topic:en-multi-sense
hhmv0g9xlh	pedir [comida] para llevar	to order [food] to go	reference	topic:en-multi-sense	English-to-Spanish Mappings topic: tag rows carrying a >=7-sense en: lemma with topic:en-multi-sense
af25juocs7	pedirle cuentas a [alguien]	to demand an explanation from [somebody]	reference	topic:en-multi-sense	English-to-Spanish Mappings topic: tag rows carrying a >=7-sense en: lemma with topic:en-multi-sense
sfix1omn3j	preguntarles a varias personas	to ask around	reference	topic:en-multi-sense	English-to-Spanish Mappings topic: tag rows carrying a >=7-sense en: lemma with topic:en-multi-sense
el36dqux2e	invitar a salir a [alguien]	to ask [somebody] out	reference	topic:en-multi-sense	English-to-Spanish Mappings topic: tag rows carrying a >=7-sense en: lemma with topic:en-multi-sense
o7o4ftsalw	preguntar por [alguien]	to ask after [somebody]	reference	topic:en-multi-sense	English-to-Spanish Mappings topic: tag rows carrying a >=7-sense en: lemma with topic:en-multi-sense
x2fc6shlo3	invitar a [alguien] a casa	to ask [somebody] over	reference	topic:en-multi-sense	English-to-Spanish Mappings topic: tag rows carrying a >=7-sense en: lemma with topic:en-multi-sense
ixbwufuza6	invitar a entrar a [alguien]	to ask [somebody] in	reference	topic:en-multi-sense	English-to-Spanish Mappings topic: tag rows carrying a >=7-sense en: lemma with topic:en-multi-sense
cje0h2p81t	pedir [algo] a [alguien] formalmente	to request [something] from [somebody]	reference	topic:en-multi-sense	English-to-Spanish Mappings topic: tag rows carrying a >=7-sense en: lemma with topic:en-multi-sense
5bq8gctf3g	poner [algo] dentro de [un lugar]	to put [something] into [a place]	supporting	topic:en-multi-sense	English-to-Spanish Mappings topic: tag rows carrying a >=7-sense en: lemma with topic:en-multi-sense
fefhc4duwl	publicar [algo]	to put [something] out	reference	topic:en-multi-sense	English-to-Spanish Mappings topic: tag rows carrying a >=7-sense en: lemma with topic:en-multi-sense
0d7663jbyo	pedirle [algo] a [alguien]	to ask [somebody] for [something]	core	topic:en-multi-sense	English-to-Spanish Mappings topic: tag rows carrying a >=7-sense en: lemma with topic:en-multi-sense
bd134x1q1x	[la] petición	the request	reference	topic:en-multi-sense	English-to-Spanish Mappings topic: tag rows carrying a >=7-sense en: lemma with topic:en-multi-sense
6r69ejgtqp	ceder	to give in	reference	topic:en-multi-sense	English-to-Spanish Mappings topic: tag rows carrying a >=7-sense en: lemma with topic:en-multi-sense
qpudxn2cb2	regalar [algo]	to give [something] away	supporting	topic:en-multi-sense	English-to-Spanish Mappings topic: tag rows carrying a >=7-sense en: lemma with topic:en-multi-sense
3az2z3o8xh	[el] puesto	the stand	reference	topic:en-multi-sense	English-to-Spanish Mappings topic: tag rows carrying a >=7-sense en: lemma with topic:en-multi-sense
8j8l76vwci	[ponerse] [adjetivo]	[to become] [adjective]	supporting	topic:en-multi-sense	English-to-Spanish Mappings topic: tag rows carrying a >=7-sense en: lemma with topic:en-multi-sense
7462tgsu12	poner [algo] junto a [algo]	to put [something] next to [something]	supporting	topic:en-multi-sense	English-to-Spanish Mappings topic: tag rows carrying a >=7-sense en: lemma with topic:en-multi-sense
zq5mq3d7ig	[ponerse] [adjetivo]	[to get] [adjective]	supporting	topic:en-multi-sense	English-to-Spanish Mappings topic: tag rows carrying a >=7-sense en: lemma with topic:en-multi-sense
xy9ovfmmwc	poner la mesa	to set the table	reference	topic:en-multi-sense	English-to-Spanish Mappings topic: tag rows carrying a >=7-sense en: lemma with topic:en-multi-sense
dh16jcovbo	poner una alarma para [una hora]	to set an alarm for [a time]	reference	topic:en-multi-sense	English-to-Spanish Mappings topic: tag rows carrying a >=7-sense en: lemma with topic:en-multi-sense
r97jh0nzir	poner una fecha para [algo]	to set a date for [something]	reference	topic:en-multi-sense	English-to-Spanish Mappings topic: tag rows carrying a >=7-sense en: lemma with topic:en-multi-sense
tyej3rsl7u	ponerle un precio a [algo]	to set a price for [something]	reference	topic:en-multi-sense	English-to-Spanish Mappings topic: tag rows carrying a >=7-sense en: lemma with topic:en-multi-sense
icqfdrme98	poner [una luz o un aparato]	to turn on [a light or device]	supporting	topic:en-multi-sense	English-to-Spanish Mappings topic: tag rows carrying a >=7-sense en: lemma with topic:en-multi-sense
4gnnj2lqzl	poner [música o un video]	to put on [music or a video]	reference	topic:en-multi-sense	English-to-Spanish Mappings topic: tag rows carrying a >=7-sense en: lemma with topic:en-multi-sense
wsy0zl0ir1	ponerse [una prenda]	to put on [an item of clothing]	supporting	topic:en-multi-sense	English-to-Spanish Mappings topic: tag rows carrying a >=7-sense en: lemma with topic:en-multi-sense
wpfrk73j3o	llevar puesto/a [una prenda]	to wear [an item of clothing]	supporting	topic:en-multi-sense	English-to-Spanish Mappings topic: tag rows carrying a >=7-sense en: lemma with topic:en-multi-sense
a1p4uhtcxu	ponerse a [hacer algo]	to start [doing something]	supporting	topic:en-multi-sense	English-to-Spanish Mappings topic: tag rows carrying a >=7-sense en: lemma with topic:en-multi-sense
sga7fa9bp9	ponerse a [hacer algo]	to begin to [do something]	supporting	topic:en-multi-sense	English-to-Spanish Mappings topic: tag rows carrying a >=7-sense en: lemma with topic:en-multi-sense
fvn3ipywv9	ponerse de pie	to stand up	supporting	topic:en-multi-sense	English-to-Spanish Mappings topic: tag rows carrying a >=7-sense en: lemma with topic:en-multi-sense
u8ocx1l1ad	poner [algo] debajo de [algo]	to put [something] under [something]	supporting	topic:en-multi-sense	English-to-Spanish Mappings topic: tag rows carrying a >=7-sense en: lemma with topic:en-multi-sense
79080668rq	ponerse en contacto con [alguien]	to get in touch with [somebody]	reference	topic:en-multi-sense	English-to-Spanish Mappings topic: tag rows carrying a >=7-sense en: lemma with topic:en-multi-sense
lz3nxrm63o	ponerse de acuerdo con [alguien]	to agree with [somebody]	supporting	topic:en-multi-sense	English-to-Spanish Mappings topic: tag rows carrying a >=7-sense en: lemma with topic:en-multi-sense
lc4ekh76su	poner [algo] en riesgo	to put [something] at risk	reference	topic:en-multi-sense	English-to-Spanish Mappings topic: tag rows carrying a >=7-sense en: lemma with topic:en-multi-sense
xzd9s8bgpf	poner fin a [algo]	to put an end to [something]	reference	topic:en-multi-sense	English-to-Spanish Mappings topic: tag rows carrying a >=7-sense en: lemma with topic:en-multi-sense
8tlst3bo6o	poner [algo] por escrito	to put [something] in writing	reference	topic:en-multi-sense	English-to-Spanish Mappings topic: tag rows carrying a >=7-sense en: lemma with topic:en-multi-sense
s8zforv9i3	poner a [alguien] a cargo de [algo]	to put [somebody] in charge of [something]	reference	topic:en-multi-sense	English-to-Spanish Mappings topic: tag rows carrying a >=7-sense en: lemma with topic:en-multi-sense
dtodl04vtu	poner [algo] en práctica	to put [something] into practice	reference	topic:en-multi-sense	English-to-Spanish Mappings topic: tag rows carrying a >=7-sense en: lemma with topic:en-multi-sense
dq9hw47p1r	ponerse al día con [algo o alguien]	to catch up with [something or somebody]	reference	topic:en-multi-sense	English-to-Spanish Mappings topic: tag rows carrying a >=7-sense en: lemma with topic:en-multi-sense
6m87utf0dm	poner atención a [algo]	to pay attention to [something]	reference	topic:en-multi-sense	English-to-Spanish Mappings topic: tag rows carrying a >=7-sense en: lemma with topic:en-multi-sense
yq888yksqh	posponer [algo]	to put [something] off	reference	topic:en-multi-sense	English-to-Spanish Mappings topic: tag rows carrying a >=7-sense en: lemma with topic:en-multi-sense
s6q036agkz	desanimar a [alguien]	to put [somebody] off	reference	topic:en-multi-sense	English-to-Spanish Mappings topic: tag rows carrying a >=7-sense en: lemma with topic:en-multi-sense
79su3o2kda	guardar [algo]	to put [something] away	supporting	topic:en-multi-sense	English-to-Spanish Mappings topic: tag rows carrying a >=7-sense en: lemma with topic:en-multi-sense
meqlrplce4	dejar [algo] sobre [una superficie]	to put [something] down	supporting	topic:en-multi-sense	English-to-Spanish Mappings topic: tag rows carrying a >=7-sense en: lemma with topic:en-multi-sense
jf2aw2elxh	menospreciar a [alguien]	to put [somebody] down	reference	topic:en-multi-sense	English-to-Spanish Mappings topic: tag rows carrying a >=7-sense en: lemma with topic:en-multi-sense
o1dt8eusto	volver a poner [algo] en su lugar	to put [something] back	supporting	topic:en-multi-sense	English-to-Spanish Mappings topic: tag rows carrying a >=7-sense en: lemma with topic:en-multi-sense
zn5lcx080u	apagar [un incendio]	to put out [a fire]	reference	topic:en-multi-sense	English-to-Spanish Mappings topic: tag rows carrying a >=7-sense en: lemma with topic:en-multi-sense
1u1hrquecd	molestar a [alguien]	to put [somebody] out	reference	topic:en-multi-sense	English-to-Spanish Mappings topic: tag rows carrying a >=7-sense en: lemma with topic:en-multi-sense
5niiiqvgsg	colgar [algo]	to put [something] up	reference	topic:en-multi-sense	English-to-Spanish Mappings topic: tag rows carrying a >=7-sense en: lemma with topic:en-multi-sense
cur1zfeps2	alojar a [alguien]	to put [somebody] up	reference	topic:en-multi-sense	English-to-Spanish Mappings topic: tag rows carrying a >=7-sense en: lemma with topic:en-multi-sense
wcvwv6uubd	aguantar [algo]	to put up with [something]	reference	topic:en-multi-sense	English-to-Spanish Mappings topic: tag rows carrying a >=7-sense en: lemma with topic:en-multi-sense
9rl1sd6idk	comunicar a [alguien] por teléfono	to put [somebody] through	reference	topic:en-multi-sense	English-to-Spanish Mappings topic: tag rows carrying a >=7-sense en: lemma with topic:en-multi-sense
3ub96rf8ci	hacer pasar a [alguien] por [algo]	to put [somebody] through [something]	reference	topic:en-multi-sense	English-to-Spanish Mappings topic: tag rows carrying a >=7-sense en: lemma with topic:en-multi-sense
c6s5ipa7sg	comunicar [una idea]	to put [an idea] across	reference	topic:en-multi-sense	English-to-Spanish Mappings topic: tag rows carrying a >=7-sense en: lemma with topic:en-multi-sense
sgssxq75yi	apartar [algo]	to put [something] aside	reference	topic:en-multi-sense	English-to-Spanish Mappings topic: tag rows carrying a >=7-sense en: lemma with topic:en-multi-sense
srdsgbfh59	proponer [una idea]	to put [an idea] forward	reference	topic:en-multi-sense	English-to-Spanish Mappings topic: tag rows carrying a >=7-sense en: lemma with topic:en-multi-sense
v0h48i7zia	armar [algo]	to put [something] together	reference	topic:en-multi-sense	English-to-Spanish Mappings topic: tag rows carrying a >=7-sense en: lemma with topic:en-multi-sense
ligtxfh1ka	presentar [una solicitud]	to put in [an application]	reference	topic:en-multi-sense	English-to-Spanish Mappings topic: tag rows carrying a >=7-sense en: lemma with topic:en-multi-sense
elx2dgp3mq	atribuir [algo] a [algo]	to put [something] down to [something]	reference	topic:en-multi-sense	English-to-Spanish Mappings topic: tag rows carrying a >=7-sense en: lemma with topic:en-multi-sense
b8k9avr7st	hacerse [algo]	to become [something]	reference	topic:en-multi-sense	English-to-Spanish Mappings topic: tag rows carrying a >=7-sense en: lemma with topic:en-multi-sense
hwb7sf71t7	[ser] duro	[to be] hard	reference	topic:en-multi-sense	English-to-Spanish Mappings topic: tag rows carrying a >=7-sense en: lemma with topic:en-multi-sense
ehmy6i5qti	rezar [una oración]	to say [a prayer]	reference	topic:en-multi-sense	English-to-Spanish Mappings topic: tag rows carrying a >=7-sense en: lemma with topic:en-multi-sense
oi3ndfk0qf	contarle [una historia] a [alguien]	to tell [somebody] [a story]	supporting	topic:en-multi-sense	English-to-Spanish Mappings topic: tag rows carrying a >=7-sense en: lemma with topic:en-multi-sense
wv4hem1a62	darse cuenta de que [algo sucede]	to be able to tell that [something happens]	reference	topic:en-multi-sense	English-to-Spanish Mappings topic: tag rows carrying a >=7-sense en: lemma with topic:en-multi-sense
66ib6vkhnq	ceder el paso	to give way	reference	topic:en-multi-sense	English-to-Spanish Mappings topic: tag rows carrying a >=7-sense en: lemma with topic:en-multi-sense
bb8a9kyess	avisar a [alguien] sobre [algo]	to put [somebody] onto [something]	reference	topic:en-multi-sense	English-to-Spanish Mappings topic: tag rows carrying a >=7-sense en: lemma with topic:en-multi-sense
4ifnatwu0r	enfrentar a [alguien] con [alguien]	to put [somebody] against [somebody]	reference	topic:en-multi-sense	English-to-Spanish Mappings topic: tag rows carrying a >=7-sense en: lemma with topic:en-multi-sense
bjms2exzmh	organizar [un evento]	to put on [an event]	reference	topic:en-multi-sense	English-to-Spanish Mappings topic: tag rows carrying a >=7-sense en: lemma with topic:en-multi-sense
uenjlmb8j9	subir de peso	to put on weight	reference	topic:en-multi-sense	English-to-Spanish Mappings topic: tag rows carrying a >=7-sense en: lemma with topic:en-multi-sense
cuvs1emqwk	instalar [algo]	to set [something] up	reference	topic:en-multi-sense	English-to-Spanish Mappings topic: tag rows carrying a >=7-sense en: lemma with topic:en-multi-sense
8omp49yd4o	organizar [una reunión]	to set up [a meeting]	reference	topic:en-multi-sense	English-to-Spanish Mappings topic: tag rows carrying a >=7-sense en: lemma with topic:en-multi-sense
xt2fc8yvaz	fundar [una organización]	to set up [an organization]	reference	topic:en-multi-sense	English-to-Spanish Mappings topic: tag rows carrying a >=7-sense en: lemma with topic:en-multi-sense
gsjekkk0qa	tenderle una trampa a [alguien]	to set [somebody] up	reference	topic:en-multi-sense	English-to-Spanish Mappings topic: tag rows carrying a >=7-sense en: lemma with topic:en-multi-sense
468rurvzg1	salir de viaje	to set off	reference	topic:en-multi-sense	English-to-Spanish Mappings topic: tag rows carrying a >=7-sense en: lemma with topic:en-multi-sense
gb7y8wpma4	activar [una alarma]	to set off [an alarm]	reference	topic:en-multi-sense	English-to-Spanish Mappings topic: tag rows carrying a >=7-sense en: lemma with topic:en-multi-sense
xhqmbm1djm	emprender un viaje	to set out	reference	topic:en-multi-sense	English-to-Spanish Mappings topic: tag rows carrying a >=7-sense en: lemma with topic:en-multi-sense
0cqp4imsbo	exponer [una idea]	to set out [an idea]	reference	topic:en-multi-sense	English-to-Spanish Mappings topic: tag rows carrying a >=7-sense en: lemma with topic:en-multi-sense
jgjoy3pa91	reservar [algo]	to set [something] aside	reference	topic:en-multi-sense	English-to-Spanish Mappings topic: tag rows carrying a >=7-sense en: lemma with topic:en-multi-sense
r6x05dewcz	retrasar [algo]	to set [something] back	reference	topic:en-multi-sense	English-to-Spanish Mappings topic: tag rows carrying a >=7-sense en: lemma with topic:en-multi-sense
yn8vqkd99o	instalarse [una condición]	to set in	reference	topic:en-multi-sense	English-to-Spanish Mappings topic: tag rows carrying a >=7-sense en: lemma with topic:en-multi-sense
txq22yyto3	distinguir a [alguien o algo]	to set [somebody or something] apart	reference	topic:en-multi-sense	English-to-Spanish Mappings topic: tag rows carrying a >=7-sense en: lemma with topic:en-multi-sense
amm42otpmw	ponerse a [hacer algo]	to set about [doing something]	reference	topic:en-multi-sense	English-to-Spanish Mappings topic: tag rows carrying a >=7-sense en: lemma with topic:en-multi-sense
4tbjc26h9n	anotar [algo]	to set [something] down	reference	topic:en-multi-sense	English-to-Spanish Mappings topic: tag rows carrying a >=7-sense en: lemma with topic:en-multi-sense
5zamvuatdn	hablar por sí solo/a	to speak for itself	reference	topic:en-multi-sense	English-to-Spanish Mappings topic: tag rows carrying a >=7-sense en: lemma with topic:en-multi-sense
4uwg2evrwf	saludar a [alguien]	to say hello to [somebody]	supporting	topic:en-multi-sense	English-to-Spanish Mappings topic: tag rows carrying a >=7-sense en: lemma with topic:en-multi-sense
klmbnws5k3	expresar [algo] de cierta manera	to put [something] a certain way	reference	topic:en-multi-sense	English-to-Spanish Mappings topic: tag rows carrying a >=7-sense en: lemma with topic:en-multi-sense
bz9j3yr4at	estar ambientado/a en [un lugar o época]	to be set in [a place or time]	reference	topic:en-multi-sense	English-to-Spanish Mappings topic: tag rows carrying a >=7-sense en: lemma with topic:en-multi-sense
pnonowj90v	[estar] bien	[to be] all right	reference	topic:en-multi-sense	English-to-Spanish Mappings topic: tag rows carrying a >=7-sense en: lemma with topic:en-multi-sense
2p0bc0cfql	enseñarle a [alguien] cómo [hacer algo]	to show [somebody] how to [do something]	supporting	topic:en-multi-sense	English-to-Spanish Mappings topic: tag rows carrying a >=7-sense en: lemma with topic:en-multi-sense
jjnf1ruwjg	cuajar	to set	reference	topic:en-multi-sense	English-to-Spanish Mappings topic: tag rows carrying a >=7-sense en: lemma with topic:en-multi-sense
usqslj38q0	establecer [una regla o límite]	to set [a rule or limit]	reference	topic:en-multi-sense	English-to-Spanish Mappings topic: tag rows carrying a >=7-sense en: lemma with topic:en-multi-sense
vuz1ghifyr	fijarse una meta	to set a goal	reference	topic:en-multi-sense	English-to-Spanish Mappings topic: tag rows carrying a >=7-sense en: lemma with topic:en-multi-sense
05i9h58vk5	oír de [alguien]	to hear from [somebody]	supporting	topic:en-multi-sense	English-to-Spanish Mappings topic: tag rows carrying a >=7-sense en: lemma with topic:en-multi-sense
70esj4z10e	oír hablar de [algo]	to hear about [something]	supporting	topic:en-multi-sense	English-to-Spanish Mappings topic: tag rows carrying a >=7-sense en: lemma with topic:en-multi-sense
is9jng7ihx	oír a [alguien] [hacer algo]	to hear [somebody] [do something]	reference	topic:en-multi-sense	English-to-Spanish Mappings topic: tag rows carrying a >=7-sense en: lemma with topic:en-multi-sense
3g6io2gum3	liberar a [alguien]	to set [somebody] free	reference	topic:en-multi-sense	English-to-Spanish Mappings topic: tag rows carrying a >=7-sense en: lemma with topic:en-multi-sense
g3b5forkd3	escuchar [algo o a alguien]	to listen to [something or somebody]	core	topic:en-multi-sense	English-to-Spanish Mappings topic: tag rows carrying a >=7-sense en: lemma with topic:en-multi-sense
jcuielpn6g	oír [algo]	to hear [something]	core	topic:en-multi-sense	English-to-Spanish Mappings topic: tag rows carrying a >=7-sense en: lemma with topic:en-multi-sense
a2i51axsd5	poner [algo] en marcha	to set [something] in motion	reference	topic:en-multi-sense	English-to-Spanish Mappings topic: tag rows carrying a >=7-sense en: lemma with topic:en-multi-sense
mdje6aroac	regalarle [algo] a [alguien]	to give [somebody] [something] as a gift	reference	topic:en-multi-sense	English-to-Spanish Mappings topic: tag rows carrying a >=7-sense en: lemma with topic:en-multi-sense
vk46q1bynf	poner [algo] [en algún lugar]	to set [something] [somewhere]	reference	topic:en-multi-sense	English-to-Spanish Mappings topic: tag rows carrying a >=7-sense en: lemma with topic:en-multi-sense
tc6g9iudcp	tomar una foto de [algo]	to take a photo of [something]	reference	topic:en-multi-sense	English-to-Spanish Mappings topic: tag rows carrying a >=7-sense en: lemma with topic:en-multi-sense
icy9w1jbof	tomar [un curso]	to take [a course]	reference	topic:en-multi-sense	English-to-Spanish Mappings topic: tag rows carrying a >=7-sense en: lemma with topic:en-multi-sense
de07i743wz	esperar a que [alguien] [haga algo]	to wait for [somebody] to [do something]	supporting	topic:en-multi-sense	English-to-Spanish Mappings topic: tag rows carrying a >=7-sense en: lemma with topic:en-multi-sense
hu185l5pt9	esperar [a alguien o algo]	to wait for [somebody or something]	core	topic:en-multi-sense	English-to-Spanish Mappings topic: tag rows carrying a >=7-sense en: lemma with topic:en-multi-sense
nqyror4j5f	estar [en un estado]	to be [in a state]	core	topic:en-multi-sense	English-to-Spanish Mappings topic: tag rows carrying a >=7-sense en: lemma with topic:en-multi-sense
t8nz7yo86j	esperar [algo deseado]	to hope for [something]	reference	topic:en-multi-sense	English-to-Spanish Mappings topic: tag rows carrying a >=7-sense en: lemma with topic:en-multi-sense
q9ob63pkzh	se espera que [ocurra algo]	[something] is expected to [happen]	reference	topic:en-multi-sense	English-to-Spanish Mappings topic: tag rows carrying a >=7-sense en: lemma with topic:en-multi-sense
grd35t3yb8	[estar] acostumbrado/a a [algo]	[to be] used to [something]	supporting	topic:en-multi-sense	English-to-Spanish Mappings topic: tag rows carrying a >=7-sense en: lemma with topic:en-multi-sense
dnm638drfa	¿cómo estar [alguien]?	how is [somebody] feeling?	supporting	topic:en-multi-sense	English-to-Spanish Mappings topic: tag rows carrying a >=7-sense en: lemma with topic:en-multi-sense
f5h0hvcv1d	estar de acuerdo	to agree	supporting	topic:en-multi-sense	English-to-Spanish Mappings topic: tag rows carrying a >=7-sense en: lemma with topic:en-multi-sense
obf74hel79	estar [en un lugar]	to be [in a place]	core	topic:en-multi-sense	English-to-Spanish Mappings topic: tag rows carrying a >=7-sense en: lemma with topic:en-multi-sense
d495hfe6co	estar al tanto de [algo]	to be aware of [something]	reference	topic:en-multi-sense	English-to-Spanish Mappings topic: tag rows carrying a >=7-sense en: lemma with topic:en-multi-sense
0v47ifpsxd	[estar] casado/a con [alguien]	[to be] married to [somebody]	supporting	topic:en-multi-sense	English-to-Spanish Mappings topic: tag rows carrying a >=7-sense en: lemma with topic:en-multi-sense
afevkeg23w	[estar] enamorado/a de [alguien]	[to be] in love with [somebody]	reference	topic:en-multi-sense	English-to-Spanish Mappings topic: tag rows carrying a >=7-sense en: lemma with topic:en-multi-sense
p76va4jmyy	estar a cargo de [algo]	to be in charge of [something]	reference	topic:en-multi-sense	English-to-Spanish Mappings topic: tag rows carrying a >=7-sense en: lemma with topic:en-multi-sense
vx5dkts0j1	estar encendido/a	to be on	supporting	topic:en-multi-sense	English-to-Spanish Mappings topic: tag rows carrying a >=7-sense en: lemma with topic:en-multi-sense
x9rvf35d7y	estar a tiempo	to be on time	supporting	topic:en-multi-sense	English-to-Spanish Mappings topic: tag rows carrying a >=7-sense en: lemma with topic:en-multi-sense
ahj6apo9ri	estar de vacaciones	to be on vacation	reference	topic:en-multi-sense	English-to-Spanish Mappings topic: tag rows carrying a >=7-sense en: lemma with topic:en-multi-sense
6ywiv1c0l5	estar a favor de [algo]	to be in favor of [something]	reference	topic:en-multi-sense	English-to-Spanish Mappings topic: tag rows carrying a >=7-sense en: lemma with topic:en-multi-sense
6wu6m8g0qn	faltar a [un evento]	to be absent from [an event]	reference	topic:en-multi-sense	English-to-Spanish Mappings topic: tag rows carrying a >=7-sense en: lemma with topic:en-multi-sense
2473ghkde3	faltar a [una promesa]	to break [a promise]	reference	topic:en-multi-sense	English-to-Spanish Mappings topic: tag rows carrying a >=7-sense en: lemma with topic:en-multi-sense
f2zryn85p8	estar [haciendo algo]	to be [doing something]	core	topic:en-multi-sense	English-to-Spanish Mappings topic: tag rows carrying a >=7-sense en: lemma with topic:en-multi-sense
8ayvn6jpi6	estar hecho/a de [un material]	to be made of [a material]	reference	topic:en-multi-sense	English-to-Spanish Mappings topic: tag rows carrying a >=7-sense en: lemma with topic:en-multi-sense
dppdignekp	estar hecho/a a partir de [un material]	to be made from [a material]	reference	topic:en-multi-sense	English-to-Spanish Mappings topic: tag rows carrying a >=7-sense en: lemma with topic:en-multi-sense
lc0faais7l	[estar] libre	[to be] free	reference	topic:en-multi-sense	English-to-Spanish Mappings topic: tag rows carrying a >=7-sense en: lemma with topic:en-multi-sense
160kt5bnxh	[sentirse] extraño/a	[to feel] weird	reference	topic:en-multi-sense	English-to-Spanish Mappings topic: tag rows carrying a >=7-sense en: lemma with topic:en-multi-sense
m2w116dh9a	faltar [algo]	[something] is missing	supporting	topic:en-multi-sense	English-to-Spanish Mappings topic: tag rows carrying a >=7-sense en: lemma with topic:en-multi-sense
6xmbf44uey	faltar [varias unidades]	there are [units] left	reference	topic:en-multi-sense	English-to-Spanish Mappings topic: tag rows carrying a >=7-sense en: lemma with topic:en-multi-sense
jggi2296px	faltar [una cantidad]	[an amount] to go	reference	topic:en-multi-sense	English-to-Spanish Mappings topic: tag rows carrying a >=7-sense en: lemma with topic:en-multi-sense
177q0zbrgx	[la] falta de [algo]	the lack of [something]	reference	topic:en-multi-sense	English-to-Spanish Mappings topic: tag rows carrying a >=7-sense en: lemma with topic:en-multi-sense
9jt3xxrxse	gustaría [hacer algo]	would like to [do something]	core	topic:en-multi-sense	English-to-Spanish Mappings topic: tag rows carrying a >=7-sense en: lemma with topic:en-multi-sense
02s3tysyuj	[hace] sol	[it is] sunny	reference	topic:en-multi-sense	English-to-Spanish Mappings topic: tag rows carrying a >=7-sense en: lemma with topic:en-multi-sense
c0zsrdafq1	[hace] viento	[it is] windy	reference	topic:en-multi-sense	English-to-Spanish Mappings topic: tag rows carrying a >=7-sense en: lemma with topic:en-multi-sense
fr2zv8cgr5	gustaría [algo]	would like [something]	core	topic:en-multi-sense	English-to-Spanish Mappings topic: tag rows carrying a >=7-sense en: lemma with topic:en-multi-sense
q3obbzshh1	gustarle [hacer algo] a [alguien]	[somebody] likes [doing something]	supporting	topic:en-multi-sense	English-to-Spanish Mappings topic: tag rows carrying a >=7-sense en: lemma with topic:en-multi-sense
mowb8a6hvx	gustarle [hacer algo] a [alguien]	[somebody] likes to [do something]	reference	topic:en-multi-sense	English-to-Spanish Mappings topic: tag rows carrying a >=7-sense en: lemma with topic:en-multi-sense
g7zuuumnig	¿hay [cosas plurales]?	are there [plural things]?	core	topic:en-multi-sense	English-to-Spanish Mappings topic: tag rows carrying a >=7-sense en: lemma with topic:en-multi-sense
ker7jy3lyb	no hay [cosas plurales]	there aren't [plural things]	core	topic:en-multi-sense	English-to-Spanish Mappings topic: tag rows carrying a >=7-sense en: lemma with topic:en-multi-sense
m9dfm9pbq2	hacer [algo creado o preparado]	to make [something]	core	topic:en-multi-sense	English-to-Spanish Mappings topic: tag rows carrying a >=7-sense en: lemma with topic:en-multi-sense
zqul6ydgwq	había [algo singular]	there was [something singular]	supporting	topic:en-multi-sense	English-to-Spanish Mappings topic: tag rows carrying a >=7-sense en: lemma with topic:en-multi-sense
ok7p2o1dce	había [cosas plurales]	there were [plural things]	supporting	topic:en-multi-sense	English-to-Spanish Mappings topic: tag rows carrying a >=7-sense en: lemma with topic:en-multi-sense
v8ez2mbu1u	hubo [algo]	there was [something]	reference	topic:en-multi-sense	English-to-Spanish Mappings topic: tag rows carrying a >=7-sense en: lemma with topic:en-multi-sense
c9mgqdsqvo	habrá [algo]	there will be [something]	supporting	topic:en-multi-sense	English-to-Spanish Mappings topic: tag rows carrying a >=7-sense en: lemma with topic:en-multi-sense
be5damq4by	habría [algo]	there would be [something]	reference	topic:en-multi-sense	English-to-Spanish Mappings topic: tag rows carrying a >=7-sense en: lemma with topic:en-multi-sense
4pgifzt26u	hay que [hacer algo]	you have to [do something]	supporting	topic:en-multi-sense	English-to-Spanish Mappings topic: tag rows carrying a >=7-sense en: lemma with topic:en-multi-sense
ofxncx6grm	puede haber [algo]	there may be [something]	reference	topic:en-multi-sense	English-to-Spanish Mappings topic: tag rows carrying a >=7-sense en: lemma with topic:en-multi-sense
hx7cadgvj9	va a haber [algo singular]	there is going to be [something singular]	supporting	topic:en-multi-sense	English-to-Spanish Mappings topic: tag rows carrying a >=7-sense en: lemma with topic:en-multi-sense
2ml5xgxl0t	va a haber [cosas plurales]	there are going to be [plural things]	reference	topic:en-multi-sense	English-to-Spanish Mappings topic: tag rows carrying a >=7-sense en: lemma with topic:en-multi-sense
nuo847x66j	hay [algo singular]	there is [something singular]	core	topic:en-multi-sense	English-to-Spanish Mappings topic: tag rows carrying a >=7-sense en: lemma with topic:en-multi-sense
54mbh87vk1	hay [cosas plurales]	there are [plural things]	core	topic:en-multi-sense	English-to-Spanish Mappings topic: tag rows carrying a >=7-sense en: lemma with topic:en-multi-sense
qhznzi6ug8	no hay [algo singular]	there isn't [something singular]	core	topic:en-multi-sense	English-to-Spanish Mappings topic: tag rows carrying a >=7-sense en: lemma with topic:en-multi-sense
cycrgcf78l	hacer [adjetivo] a [alguien]	to make [somebody] [adjective]	supporting	topic:en-multi-sense	English-to-Spanish Mappings topic: tag rows carrying a >=7-sense en: lemma with topic:en-multi-sense
smz7y58q4p	hace [tiempo] que [ocurre algo]	[something] has been happening for [time]	supporting	topic:en-multi-sense	English-to-Spanish Mappings topic: tag rows carrying a >=7-sense en: lemma with topic:en-multi-sense
r5ljpq5toy	¿cuánto hace que [ocurre algo]?	how long has [something] been happening?	reference	topic:en-multi-sense	English-to-Spanish Mappings topic: tag rows carrying a >=7-sense en: lemma with topic:en-multi-sense
b2xfmu99oe	hace frío	it is cold	supporting	topic:en-multi-sense	English-to-Spanish Mappings topic: tag rows carrying a >=7-sense en: lemma with topic:en-multi-sense
1xa5alb94l	hace calor	it is hot	supporting	topic:en-multi-sense	English-to-Spanish Mappings topic: tag rows carrying a >=7-sense en: lemma with topic:en-multi-sense
u2xyysd9xq	hacerle bien a [alguien]	to be good for [somebody]	reference	topic:en-multi-sense	English-to-Spanish Mappings topic: tag rows carrying a >=7-sense en: lemma with topic:en-multi-sense
cp5hmttaq2	hay [algo singular]	there's [something singular]	supporting	topic:en-multi-sense	English-to-Spanish Mappings topic: tag rows carrying a >=7-sense en: lemma with topic:en-multi-sense
esf7i85ozv	¿hay [algo singular]?	is there [something singular]?	core	topic:en-multi-sense	English-to-Spanish Mappings topic: tag rows carrying a >=7-sense en: lemma with topic:en-multi-sense
o6ai5zj4rm	hacerle daño a [alguien]	to hurt [somebody]	reference	topic:en-multi-sense	English-to-Spanish Mappings topic: tag rows carrying a >=7-sense en: lemma with topic:en-multi-sense
48tg24dwk2	hacer que [alguien] [haga algo]	to make [somebody] [do something]	supporting	topic:en-multi-sense	English-to-Spanish Mappings topic: tag rows carrying a >=7-sense en: lemma with topic:en-multi-sense
qwj72o0pgh	hacerle caso a [alguien]	to pay attention to [somebody]	reference	topic:en-multi-sense	English-to-Spanish Mappings topic: tag rows carrying a >=7-sense en: lemma with topic:en-multi-sense
irvw3l9fwm	hacer una pregunta	to ask a question	supporting	topic:en-multi-sense	English-to-Spanish Mappings topic: tag rows carrying a >=7-sense en: lemma with topic:en-multi-sense
1vzkonyjt2	hacer una llamada	to make a call	reference	topic:en-multi-sense	English-to-Spanish Mappings topic: tag rows carrying a >=7-sense en: lemma with topic:en-multi-sense
wlsh5f0c4u	hacer una reserva	to make a reservation	supporting	topic:en-multi-sense	English-to-Spanish Mappings topic: tag rows carrying a >=7-sense en: lemma with topic:en-multi-sense
hm7k1xxksu	hacer una sugerencia	to make a suggestion	reference	topic:en-multi-sense	English-to-Spanish Mappings topic: tag rows carrying a >=7-sense en: lemma with topic:en-multi-sense
edcjj9goei	hacer un viaje	to take a trip	reference	topic:en-multi-sense	English-to-Spanish Mappings topic: tag rows carrying a >=7-sense en: lemma with topic:en-multi-sense
fj5mrpoqkv	hacer un llamado a [algo]	to call for [something]	reference	topic:en-multi-sense	English-to-Spanish Mappings topic: tag rows carrying a >=7-sense en: lemma with topic:en-multi-sense
n46cr84foo	hecho/a de [un material visible]	made of [a visible material]	supporting	topic:en-multi-sense	English-to-Spanish Mappings topic: tag rows carrying a >=7-sense en: lemma with topic:en-multi-sense
itj86iyuab	hecho/a a partir de [un material transformado]	made from [a transformed material]	reference	topic:en-multi-sense	English-to-Spanish Mappings topic: tag rows carrying a >=7-sense en: lemma with topic:en-multi-sense
1fr5z9ndcf	hecho/a por [alguien]	made by [somebody]	reference	topic:en-multi-sense	English-to-Spanish Mappings topic: tag rows carrying a >=7-sense en: lemma with topic:en-multi-sense
6rym81cqq5	hacer cola	to stand in line	reference	topic:en-multi-sense	English-to-Spanish Mappings topic: tag rows carrying a >=7-sense en: lemma with topic:en-multi-sense
bqohigg3pm	¿cómo va [algo]?	how is [something] going?	reference	topic:en-multi-sense	English-to-Spanish Mappings topic: tag rows carrying a >=7-sense en: lemma with topic:en-multi-sense
v48t8redzw	ir con [algo]	to go with [something]	reference	topic:en-multi-sense	English-to-Spanish Mappings topic: tag rows carrying a >=7-sense en: lemma with topic:en-multi-sense
bioalll4vj	llegar a [un lugar]	to get to [a place]	core	topic:en-multi-sense	English-to-Spanish Mappings topic: tag rows carrying a >=7-sense en: lemma with topic:en-multi-sense
nis5rixomq	irse	to go away	reference	topic:en-multi-sense	English-to-Spanish Mappings topic: tag rows carrying a >=7-sense en: lemma with topic:en-multi-sense
2a5bbtm7cl	irse	to leave	core	topic:en-multi-sense	English-to-Spanish Mappings topic: tag rows carrying a >=7-sense en: lemma with topic:en-multi-sense
k9y5vq9p06	ir a casa	to go home	supporting	topic:en-multi-sense	English-to-Spanish Mappings topic: tag rows carrying a >=7-sense en: lemma with topic:en-multi-sense
cpwm5oqh8t	ir a pie	to go on foot	reference	topic:en-multi-sense	English-to-Spanish Mappings topic: tag rows carrying a >=7-sense en: lemma with topic:en-multi-sense
2iiyjrogmc	ir a [un lugar]	to go to [a place]	core	topic:en-multi-sense	English-to-Spanish Mappings topic: tag rows carrying a >=7-sense en: lemma with topic:en-multi-sense
gmw4l9fuma	hecho/a	made	reference	topic:en-multi-sense	English-to-Spanish Mappings topic: tag rows carrying a >=7-sense en: lemma with topic:en-multi-sense
ryd2rbiwn8	llamar la atención sobre [algo]	to draw attention to [something]	reference	topic:en-multi-sense	English-to-Spanish Mappings topic: tag rows carrying a >=7-sense en: lemma with topic:en-multi-sense
nsdu5c6q9d	ir en [un medio de transporte]	to go by [a means of transport]	supporting	topic:en-multi-sense	English-to-Spanish Mappings topic: tag rows carrying a >=7-sense en: lemma with topic:en-multi-sense
whfyozgbyl	llegar a ser [algo]	to become [something]	reference	topic:en-multi-sense	English-to-Spanish Mappings topic: tag rows carrying a >=7-sense en: lemma with topic:en-multi-sense
7n967goat0	llegar a ser [algo]	to go on to become [something]	reference	topic:en-multi-sense	English-to-Spanish Mappings topic: tag rows carrying a >=7-sense en: lemma with topic:en-multi-sense
qwp1msjfsn	hacer ejercicio	to work out	reference	topic:en-multi-sense	English-to-Spanish Mappings topic: tag rows carrying a >=7-sense en: lemma with topic:en-multi-sense
uriamnzen2	hacer las paces con [alguien]	to make up with [somebody]	reference	topic:en-multi-sense	English-to-Spanish Mappings topic: tag rows carrying a >=7-sense en: lemma with topic:en-multi-sense
tpmllm0cqq	llamarle la atención a [alguien]	to tell [somebody] off	reference	topic:en-multi-sense	English-to-Spanish Mappings topic: tag rows carrying a >=7-sense en: lemma with topic:en-multi-sense
jdb560wluh	llevar [ropa o accesorios]	to wear [clothing or accessories]	supporting	topic:en-multi-sense	English-to-Spanish Mappings topic: tag rows carrying a >=7-sense en: lemma with topic:en-multi-sense
d8gypldglm	llevar [tiempo] [haciendo algo]	to have been [doing something] for [time]	supporting	topic:en-multi-sense	English-to-Spanish Mappings topic: tag rows carrying a >=7-sense en: lemma with topic:en-multi-sense
x765otzaij	llevar [tiempo] [en un estado]	to have been [in a state] for [time]	reference	topic:en-multi-sense	English-to-Spanish Mappings topic: tag rows carrying a >=7-sense en: lemma with topic:en-multi-sense
epafqviovk	[la] parada	the stop	reference	topic:en-multi-sense	English-to-Spanish Mappings topic: tag rows carrying a >=7-sense en: lemma with topic:en-multi-sense
px5me164ly	¿cuánto llevas [haciendo algo]?	how long have you been [doing something]?	reference	topic:en-multi-sense	English-to-Spanish Mappings topic: tag rows carrying a >=7-sense en: lemma with topic:en-multi-sense
vydnn6gthe	[parecer] [adjetivo] (apariencia visible)	[to look] [adjective]	core	topic:en-multi-sense	English-to-Spanish Mappings topic: tag rows carrying a >=7-sense en: lemma with topic:en-multi-sense
6l4jfrb95m	parar en [un lugar]	to stop at [a place]	supporting	topic:en-multi-sense	English-to-Spanish Mappings topic: tag rows carrying a >=7-sense en: lemma with topic:en-multi-sense
9o8xleny13	llevar a [un resultado]	to lead to [a result]	reference	topic:en-multi-sense	English-to-Spanish Mappings topic: tag rows carrying a >=7-sense en: lemma with topic:en-multi-sense
9q3ezcaa3k	parar de [hacer algo]	to stop [doing something]	supporting	topic:en-multi-sense	English-to-Spanish Mappings topic: tag rows carrying a >=7-sense en: lemma with topic:en-multi-sense
9ydqb8w1ak	llevar a [alguien] en carro	to give [somebody] a ride	reference	topic:en-multi-sense	English-to-Spanish Mappings topic: tag rows carrying a >=7-sense en: lemma with topic:en-multi-sense
0gn1cne1me	mandar (tener autoridad)	to be in charge	reference	topic:en-multi-sense	English-to-Spanish Mappings topic: tag rows carrying a >=7-sense en: lemma with topic:en-multi-sense
mo76rkcg2d	mandar a buscar a [alguien]	to send for [somebody]	reference	topic:en-multi-sense	English-to-Spanish Mappings topic: tag rows carrying a >=7-sense en: lemma with topic:en-multi-sense
ai9e7ob627	mandar a [alguien] a [hacer algo]	to send [somebody] to [do something]	supporting	topic:en-multi-sense	English-to-Spanish Mappings topic: tag rows carrying a >=7-sense en: lemma with topic:en-multi-sense
4of879pazj	mandar a [alguien] a otro lugar	to send [somebody] away	reference	topic:en-multi-sense	English-to-Spanish Mappings topic: tag rows carrying a >=7-sense en: lemma with topic:en-multi-sense
3oj2b62moq	mandar [algo] de vuelta	to send [something] back	reference	topic:en-multi-sense	English-to-Spanish Mappings topic: tag rows carrying a >=7-sense en: lemma with topic:en-multi-sense
drxskvbtr6	parece que [ocurre algo]	it seems that [something is happening]	supporting	topic:en-multi-sense	English-to-Spanish Mappings topic: tag rows carrying a >=7-sense en: lemma with topic:en-multi-sense
sx2usy0kyp	parecer [un sustantivo]	to seem like [a noun]	supporting	topic:en-multi-sense	English-to-Spanish Mappings topic: tag rows carrying a >=7-sense en: lemma with topic:en-multi-sense
9sc3t5iw76	no parar de [hacer algo]	to keep [doing something]	supporting	topic:en-multi-sense	English-to-Spanish Mappings topic: tag rows carrying a >=7-sense en: lemma with topic:en-multi-sense
2kvsxjhtz9	no parar de [hacer algo]	won't stop [doing something]	reference	topic:en-multi-sense	English-to-Spanish Mappings topic: tag rows carrying a >=7-sense en: lemma with topic:en-multi-sense
uhk2loskh5	parar en [un hotel]	to stay at [a hotel]	reference	topic:en-multi-sense	English-to-Spanish Mappings topic: tag rows carrying a >=7-sense en: lemma with topic:en-multi-sense
rjswr2t3e6	parar por [un lugar]	to stop by [a place]	reference	topic:en-multi-sense	English-to-Spanish Mappings topic: tag rows carrying a >=7-sense en: lemma with topic:en-multi-sense
05ugh62h83	¿Qué te parece [algo]?	What do you think of [something]?	supporting	topic:en-multi-sense	English-to-Spanish Mappings topic: tag rows carrying a >=7-sense en: lemma with topic:en-multi-sense
824fssdui6	¿Qué te parece si [hacemos algo]?	How about [doing something]?	supporting	topic:en-multi-sense	English-to-Spanish Mappings topic: tag rows carrying a >=7-sense en: lemma with topic:en-multi-sense
nhqct1dhzu	[ser] parecido/a a [algo]	[to be] similar to [something]	reference	topic:en-multi-sense	English-to-Spanish Mappings topic: tag rows carrying a >=7-sense en: lemma with topic:en-multi-sense
d8bx694ejf	¿Qué te parece si [hacemos algo]?	What if [we do something]?	reference	topic:en-multi-sense	English-to-Spanish Mappings topic: tag rows carrying a >=7-sense en: lemma with topic:en-multi-sense
t5kcjkgoio	parecerse entre sí	to look alike	reference	topic:en-multi-sense	English-to-Spanish Mappings topic: tag rows carrying a >=7-sense en: lemma with topic:en-multi-sense
5lt6vf4na4	pasar por [un lugar]	to go through [a place]	supporting	topic:en-multi-sense	English-to-Spanish Mappings topic: tag rows carrying a >=7-sense en: lemma with topic:en-multi-sense
kliqfbzr2f	llevar la cuenta de [algo]	to keep track of [something]	reference	topic:en-multi-sense	English-to-Spanish Mappings topic: tag rows carrying a >=7-sense en: lemma with topic:en-multi-sense
q0dipekeiv	pasar frente a [un lugar]	to go past [a place]	reference	topic:en-multi-sense	English-to-Spanish Mappings topic: tag rows carrying a >=7-sense en: lemma with topic:en-multi-sense
6w6meulfin	pasar [tiempo] con [alguien]	to spend [time] with [somebody]	supporting	topic:en-multi-sense	English-to-Spanish Mappings topic: tag rows carrying a >=7-sense en: lemma with topic:en-multi-sense
k09413s3pa	¡Pasa!	Come in!	supporting	topic:en-multi-sense	English-to-Spanish Mappings topic: tag rows carrying a >=7-sense en: lemma with topic:en-multi-sense
kai7mys6il	mandar a [alguien] [hacer algo]	to tell [somebody] to [do something]	core	topic:en-multi-sense	English-to-Spanish Mappings topic: tag rows carrying a >=7-sense en: lemma with topic:en-multi-sense
jd4xjwg557	parar [algo]	to stop [something]	core	topic:en-multi-sense	English-to-Spanish Mappings topic: tag rows carrying a >=7-sense en: lemma with topic:en-multi-sense
uujozpaw2h	pensar en [algo]	to think of [something]	reference	topic:en-multi-sense	English-to-Spanish Mappings topic: tag rows carrying a >=7-sense en: lemma with topic:en-multi-sense
9jo5861xgs	pensar que [ocurre algo]	to think [that something is happening]	core	topic:en-multi-sense	English-to-Spanish Mappings topic: tag rows carrying a >=7-sense en: lemma with topic:en-multi-sense
r94x2zhkl9	pensar en [algo]	to think about [something]	core	topic:en-multi-sense	English-to-Spanish Mappings topic: tag rows carrying a >=7-sense en: lemma with topic:en-multi-sense
mxguwwzrxk	poder [hacer algo]	to be able [to do something]	core	topic:en-multi-sense	English-to-Spanish Mappings topic: tag rows carrying a >=7-sense en: lemma with topic:en-multi-sense
l7ges29sjn	¡Pasa! (dar permiso para continuar)	Go ahead!	reference	topic:en-multi-sense	English-to-Spanish Mappings topic: tag rows carrying a >=7-sense en: lemma with topic:en-multi-sense
komqoyh86l	pasarle [algo] a [alguien]	to hand [something] to [somebody]	reference	topic:en-multi-sense	English-to-Spanish Mappings topic: tag rows carrying a >=7-sense en: lemma with topic:en-multi-sense
szfqmpo1uv	pasarla bien	to have a good time	supporting	topic:en-multi-sense	English-to-Spanish Mappings topic: tag rows carrying a >=7-sense en: lemma with topic:en-multi-sense
subaw4lf2e	pasarla mal	to have a bad time	reference	topic:en-multi-sense	English-to-Spanish Mappings topic: tag rows carrying a >=7-sense en: lemma with topic:en-multi-sense
euubcqf5w0	pasar a [otra cosa]	to move on to [something else]	reference	topic:en-multi-sense	English-to-Spanish Mappings topic: tag rows carrying a >=7-sense en: lemma with topic:en-multi-sense
irkqfrah8h	perder contra [alguien]	to lose to [somebody]	reference	topic:en-multi-sense	English-to-Spanish Mappings topic: tag rows carrying a >=7-sense en: lemma with topic:en-multi-sense
lptgwusb5o	pasarse	to go too far	reference	topic:en-multi-sense	English-to-Spanish Mappings topic: tag rows carrying a >=7-sense en: lemma with topic:en-multi-sense
bwknkus97g	a pesar de que [ocurrió algo]	even though [something happened]	supporting	topic:en-multi-sense	English-to-Spanish Mappings topic: tag rows carrying a >=7-sense en: lemma with topic:en-multi-sense
01gzy2c71x	a pesar de [algo]	in spite of [something]	reference	topic:en-multi-sense	English-to-Spanish Mappings topic: tag rows carrying a >=7-sense en: lemma with topic:en-multi-sense
599q8uglac	a pesar de que [ocurrió algo]	despite the fact that [something happened]	reference	topic:en-multi-sense	English-to-Spanish Mappings topic: tag rows carrying a >=7-sense en: lemma with topic:en-multi-sense
mjncmw1m8b	puede [hacer algo] (permiso formal)	may [do something]	reference	topic:en-multi-sense	English-to-Spanish Mappings topic: tag rows carrying a >=7-sense en: lemma with topic:en-multi-sense
ltn1qfc1r6	no puede [hacer algo] (prohibición formal)	may not [do something]	reference	topic:en-multi-sense	English-to-Spanish Mappings topic: tag rows carrying a >=7-sense en: lemma with topic:en-multi-sense
7a3ugond7f	[alguien] caerle mal a [alguien]	[somebody] not to like [somebody]	supporting	topic:en-multi-sense	English-to-Spanish Mappings topic: tag rows carrying a >=7-sense en: lemma with topic:en-multi-sense
lqz6j6vdzn	perder [algo]	to lose [something]	core	topic:en-multi-sense	English-to-Spanish Mappings topic: tag rows carrying a >=7-sense en: lemma with topic:en-multi-sense
kdqtl39s0m	pudo [hacer algo] (oportunidad)	got to [do something]	reference	topic:en-multi-sense	English-to-Spanish Mappings topic: tag rows carrying a >=7-sense en: lemma with topic:en-multi-sense
0x5jkr1aja	no pudo [hacer algo] (oportunidad perdida)	didn't get to [do something]	reference	topic:en-multi-sense	English-to-Spanish Mappings topic: tag rows carrying a >=7-sense en: lemma with topic:en-multi-sense
cl4hfx7beh	podía [hacer algo] (capacidad general)	could [do something]	supporting	topic:en-multi-sense	English-to-Spanish Mappings topic: tag rows carrying a >=7-sense en: lemma with topic:en-multi-sense
pxrkuoz9om	[el] poder notarial	power of attorney	reference	topic:en-multi-sense	English-to-Spanish Mappings topic: tag rows carrying a >=7-sense en: lemma with topic:en-multi-sense
3m5g5fxdnu	[sentirse] impotente (sin poder)	[to feel] powerless	reference	topic:en-multi-sense	English-to-Spanish Mappings topic: tag rows carrying a >=7-sense en: lemma with topic:en-multi-sense
s2fkpkgyh0	[sentirse] impotente (sin poder ayudar)	[to feel] helpless	reference	topic:en-multi-sense	English-to-Spanish Mappings topic: tag rows carrying a >=7-sense en: lemma with topic:en-multi-sense
v2jinicnwh	no pudo [hacer algo] (intento fallido)	couldn't [do something]	supporting	topic:en-multi-sense	English-to-Spanish Mappings topic: tag rows carrying a >=7-sense en: lemma with topic:en-multi-sense
o9amfhzn7k	podrá [hacer algo]	will be able to [do something]	supporting	topic:en-multi-sense	English-to-Spanish Mappings topic: tag rows carrying a >=7-sense en: lemma with topic:en-multi-sense
ipa706hrsh	podría [hacer algo] (condición)	could [do something]	supporting	topic:en-multi-sense	English-to-Spanish Mappings topic: tag rows carrying a >=7-sense en: lemma with topic:en-multi-sense
rblsgxrrm1	he podido [hacer algo]	have been able to [do something]	reference	topic:en-multi-sense	English-to-Spanish Mappings topic: tag rows carrying a >=7-sense en: lemma with topic:en-multi-sense
3qq5q3d71a	habría podido [hacer algo]	could have [done something]	reference	topic:en-multi-sense	English-to-Spanish Mappings topic: tag rows carrying a >=7-sense en: lemma with topic:en-multi-sense
93vebts2ml	habría podido [hacer algo] (hablado)	could've [done something]	reference	topic:en-multi-sense	English-to-Spanish Mappings topic: tag rows carrying a >=7-sense en: lemma with topic:en-multi-sense
dq62rzd2ga	si pudiera [hacer algo]	if [somebody] could [do something]	reference	topic:en-multi-sense	English-to-Spanish Mappings topic: tag rows carrying a >=7-sense en: lemma with topic:en-multi-sense
g06ovsd470	¿Puedo [hacer algo]? (formal)	May I [do something]?	reference	topic:en-multi-sense	English-to-Spanish Mappings topic: tag rows carrying a >=7-sense en: lemma with topic:en-multi-sense
oy4fp397cg	¿Podría [hacer algo]?	Could I [do something]?	supporting	topic:en-multi-sense	English-to-Spanish Mappings topic: tag rows carrying a >=7-sense en: lemma with topic:en-multi-sense
wgqppszkg9	puede que [ocurra algo]	[something] may happen	supporting	topic:en-multi-sense	English-to-Spanish Mappings topic: tag rows carrying a >=7-sense en: lemma with topic:en-multi-sense
wew9sag3jl	podría estar [en un estado o lugar]	could be [in a state or place]	reference	topic:en-multi-sense	English-to-Spanish Mappings topic: tag rows carrying a >=7-sense en: lemma with topic:en-multi-sense
mwqsbens4h	podría haber [hecho algo]	might have [done something]	reference	topic:en-multi-sense	English-to-Spanish Mappings topic: tag rows carrying a >=7-sense en: lemma with topic:en-multi-sense
3lk22b2pth	podía [hacer algo] (permiso habitual)	could [do something]	reference	topic:en-multi-sense	English-to-Spanish Mappings topic: tag rows carrying a >=7-sense en: lemma with topic:en-multi-sense
278hopgdpm	había podido [hacer algo]	had been able to [do something]	reference	topic:en-multi-sense	English-to-Spanish Mappings topic: tag rows carrying a >=7-sense en: lemma with topic:en-multi-sense
gtr8psda9i	podría [hacer algo] (capacidad condicional explícita)	would be able to [do something]	reference	topic:en-multi-sense	English-to-Spanish Mappings topic: tag rows carrying a >=7-sense en: lemma with topic:en-multi-sense
9az16vn9mo	puede que [ocurra algo]	[something] could happen	reference	topic:en-multi-sense	English-to-Spanish Mappings topic: tag rows carrying a >=7-sense en: lemma with topic:en-multi-sense
qvrmxadrwa	puede que haya [hecho algo]	may have [done something]	reference	topic:en-multi-sense	English-to-Spanish Mappings topic: tag rows carrying a >=7-sense en: lemma with topic:en-multi-sense
nr6s42kdwg	puede que haya [hecho algo]	might have [done something]	reference	topic:en-multi-sense	English-to-Spanish Mappings topic: tag rows carrying a >=7-sense en: lemma with topic:en-multi-sense
jy4xtdl0bz	puede que haya [hecho algo]	could have [done something]	reference	topic:en-multi-sense	English-to-Spanish Mappings topic: tag rows carrying a >=7-sense en: lemma with topic:en-multi-sense
qzm188rl47	podría haber [hecho algo] (especulación)	could have [done something]	reference	topic:en-multi-sense	English-to-Spanish Mappings topic: tag rows carrying a >=7-sense en: lemma with topic:en-multi-sense
7r5w8ljmzc	quizá pueda [hacer algo]	might be able to [do something]	reference	topic:en-multi-sense	English-to-Spanish Mappings topic: tag rows carrying a >=7-sense en: lemma with topic:en-multi-sense
43z1s233ya	¿Puedes [hacer algo]? (capacidad)	Can you [do something]?	core	topic:en-multi-sense	English-to-Spanish Mappings topic: tag rows carrying a >=7-sense en: lemma with topic:en-multi-sense
rhb07wm3u7	puede [hacer algo] (oportunidad)	gets to [do something]	reference	topic:en-multi-sense	English-to-Spanish Mappings topic: tag rows carrying a >=7-sense en: lemma with topic:en-multi-sense
7xazjpfhbp	[algo] quedar bien	[something] turns out well	reference	topic:en-multi-sense	English-to-Spanish Mappings topic: tag rows carrying a >=7-sense en: lemma with topic:en-multi-sense
8jzxgbdbcq	preguntar si [ocurre algo]	to ask if [something is happening]	supporting	topic:en-multi-sense	English-to-Spanish Mappings topic: tag rows carrying a >=7-sense en: lemma with topic:en-multi-sense
j4m6nilpmp	preguntar si [ocurre algo]	to ask whether [something is happening]	reference	topic:en-multi-sense	English-to-Spanish Mappings topic: tag rows carrying a >=7-sense en: lemma with topic:en-multi-sense
v6af13c50w	prestar [algo] a [alguien]	to lend [something] to [somebody]	supporting	topic:en-multi-sense	English-to-Spanish Mappings topic: tag rows carrying a >=7-sense en: lemma with topic:en-multi-sense
ua4c3n110x	prestarse a [algo]	to lend itself to [something]	reference	topic:en-multi-sense	English-to-Spanish Mappings topic: tag rows carrying a >=7-sense en: lemma with topic:en-multi-sense
smq8nhlb78	quedarse con [algo]	to keep [something]	supporting	topic:en-multi-sense	English-to-Spanish Mappings topic: tag rows carrying a >=7-sense en: lemma with topic:en-multi-sense
go9ggtice2	quedarse sin [algo] (estado)	to be out of [something]	reference	topic:en-multi-sense	English-to-Spanish Mappings topic: tag rows carrying a >=7-sense en: lemma with topic:en-multi-sense
l2xb1ildy3	prestar [algo] a otras personas	to lend [something] out	reference	topic:en-multi-sense	English-to-Spanish Mappings topic: tag rows carrying a >=7-sense en: lemma with topic:en-multi-sense
8m3dkw2zpm	quedarse atrás	to fall behind	reference	topic:en-multi-sense	English-to-Spanish Mappings topic: tag rows carrying a >=7-sense en: lemma with topic:en-multi-sense
lv3d9lcju3	[estar] abierto/a	[to be] open	supporting	topic:en-multi-sense	English-to-Spanish Mappings topic: tag rows carrying a >=7-sense en: lemma with topic:en-multi-sense
j6rsrji1gk	[quedarse] callado/a	[to keep] quiet	reference	topic:en-multi-sense	English-to-Spanish Mappings topic: tag rows carrying a >=7-sense en: lemma with topic:en-multi-sense
nwxm8j7bvp	[quedarse] dormido/a	[to fall] asleep	supporting	topic:en-multi-sense	English-to-Spanish Mappings topic: tag rows carrying a >=7-sense en: lemma with topic:en-multi-sense
qbsolsmmo9	quedarle bien [algo] a [alguien] (apariencia)	[something] looks good on [somebody]	reference	topic:en-multi-sense	English-to-Spanish Mappings topic: tag rows carrying a >=7-sense en: lemma with topic:en-multi-sense
6u7a74ndy9	quitar [música o sonido]	to turn off [music or sound]	supporting	topic:en-multi-sense	English-to-Spanish Mappings topic: tag rows carrying a >=7-sense en: lemma with topic:en-multi-sense
1wsmg2vcda	quitarle la concentración a [alguien]	to keep [somebody] from concentrating	reference	topic:en-multi-sense	English-to-Spanish Mappings topic: tag rows carrying a >=7-sense en: lemma with topic:en-multi-sense
r5nc7ng5l9	quitarse [algo no deseado]	to get rid of [something unwanted]	supporting	topic:en-multi-sense	English-to-Spanish Mappings topic: tag rows carrying a >=7-sense en: lemma with topic:en-multi-sense
2axlxx1nzw	quitar [algo] del camino	to get [something] out of the way	reference	topic:en-multi-sense	English-to-Spanish Mappings topic: tag rows carrying a >=7-sense en: lemma with topic:en-multi-sense
snogejtps3	quitarse un peso de encima	to get a weight off [somebody's] mind	reference	topic:en-multi-sense	English-to-Spanish Mappings topic: tag rows carrying a >=7-sense en: lemma with topic:en-multi-sense
ip5b4c26sx	desquitarse con [alguien]	to take it out on [somebody]	reference	topic:en-multi-sense	English-to-Spanish Mappings topic: tag rows carrying a >=7-sense en: lemma with topic:en-multi-sense
4w8lwiav5p	abrir [un negocio]	to start [a business]	reference	topic:en-multi-sense	English-to-Spanish Mappings topic: tag rows carrying a >=7-sense en: lemma with topic:en-multi-sense
nokrvtmufq	abrir [una reunión o un evento]	to open [a meeting or event]	reference	topic:en-multi-sense	English-to-Spanish Mappings topic: tag rows carrying a >=7-sense en: lemma with topic:en-multi-sense
6a0qr8eums	abrirse a [algo]	to open up to [something]	reference	topic:en-multi-sense	English-to-Spanish Mappings topic: tag rows carrying a >=7-sense en: lemma with topic:en-multi-sense
v92yqsjvi1	abrir a [un lugar]	to open onto [a place]	reference	topic:en-multi-sense	English-to-Spanish Mappings topic: tag rows carrying a >=7-sense en: lemma with topic:en-multi-sense
vyb77nksau	abrir [una cuenta]	to open [an account]	reference	topic:en-multi-sense	English-to-Spanish Mappings topic: tag rows carrying a >=7-sense en: lemma with topic:en-multi-sense
4wrjursav6	abrir fuego	to open fire	reference	topic:en-multi-sense	English-to-Spanish Mappings topic: tag rows carrying a >=7-sense en: lemma with topic:en-multi-sense
zydr65i7uf	preguntar [algo]	to ask [something]	core	topic:en-multi-sense	English-to-Spanish Mappings topic: tag rows carrying a >=7-sense en: lemma with topic:en-multi-sense
rwakqe331j	preguntarle [algo] a [alguien]	to ask [somebody] [something]	core	topic:en-multi-sense	English-to-Spanish Mappings topic: tag rows carrying a >=7-sense en: lemma with topic:en-multi-sense
e8nzmbgdqf	caer bien	to make a good impression	reference	topic:en-multi-sense	English-to-Spanish Mappings topic: tag rows carrying a >=7-sense en: lemma with topic:en-multi-sense
f25nyizfkx	[la] apertura	the opening	reference	topic:en-multi-sense	English-to-Spanish Mappings topic: tag rows carrying a >=7-sense en: lemma with topic:en-multi-sense
tri8batgjl	[la] inauguración	the opening	reference	topic:en-multi-sense	English-to-Spanish Mappings topic: tag rows carrying a >=7-sense en: lemma with topic:en-multi-sense
tef3nelk2n	acabar de [hacer algo]	to finish [doing something]	supporting	topic:en-multi-sense	English-to-Spanish Mappings topic: tag rows carrying a >=7-sense en: lemma with topic:en-multi-sense
u9jiowfl65	acabarse [algo]	to finish [something]	reference	topic:en-multi-sense	English-to-Spanish Mappings topic: tag rows carrying a >=7-sense en: lemma with topic:en-multi-sense
quixxkzli3	acabar [algo]	to finish [something]	core	topic:en-multi-sense	English-to-Spanish Mappings topic: tag rows carrying a >=7-sense en: lemma with topic:en-multi-sense
ttxd6h84lo	¿hay [algo]?	is there [something]?	supporting	topic:en-multi-sense	English-to-Spanish Mappings topic: tag rows carrying a >=7-sense en: lemma with topic:en-multi-sense
pfhho20nqb	acabarse [algo]	to run out of [something]	supporting	topic:en-multi-sense	English-to-Spanish Mappings topic: tag rows carrying a >=7-sense en: lemma with topic:en-multi-sense
68ly0bl6ba	acabar con [algo]	to use up [something]	reference	topic:en-multi-sense	English-to-Spanish Mappings topic: tag rows carrying a >=7-sense en: lemma with topic:en-multi-sense
qf9u95fmxk	acabar con [algo]	to put an end to [something]	reference	topic:en-multi-sense	English-to-Spanish Mappings topic: tag rows carrying a >=7-sense en: lemma with topic:en-multi-sense
gr9qqtsbbn	acabar con [algo]	to do away with [something]	reference	topic:en-multi-sense	English-to-Spanish Mappings topic: tag rows carrying a >=7-sense en: lemma with topic:en-multi-sense
897t46ipdb	[estar] acabado/a	[to be] finished	reference	topic:en-multi-sense	English-to-Spanish Mappings topic: tag rows carrying a >=7-sense en: lemma with topic:en-multi-sense
mmnv7qavpx	alcanzar [un medio de transporte]	to catch [transportation]	supporting	topic:en-multi-sense	English-to-Spanish Mappings topic: tag rows carrying a >=7-sense en: lemma with topic:en-multi-sense
204wng99bx	alcanzar a [alguien]	to catch up with [somebody]	reference	topic:en-multi-sense	English-to-Spanish Mappings topic: tag rows carrying a >=7-sense en: lemma with topic:en-multi-sense
z0627jhc6t	alcanzar a [hacer algo]	to manage to [do something]	supporting	topic:en-multi-sense	English-to-Spanish Mappings topic: tag rows carrying a >=7-sense en: lemma with topic:en-multi-sense
v7qsq6oet3	alcanzar a [hacer algo]	to have time to [do something]	reference	topic:en-multi-sense	English-to-Spanish Mappings topic: tag rows carrying a >=7-sense en: lemma with topic:en-multi-sense
yd9u4l5hk8	fuera del alcance de [alguien]	out of [somebody's] reach	reference	topic:en-multi-sense	English-to-Spanish Mappings topic: tag rows carrying a >=7-sense en: lemma with topic:en-multi-sense
gff4ny55ob	caerse	to fall	supporting	topic:en-multi-sense	English-to-Spanish Mappings topic: tag rows carrying a >=7-sense en: lemma with topic:en-multi-sense
kz0e1id4s4	caerse de [algo]	to fall off [something]	reference	topic:en-multi-sense	English-to-Spanish Mappings topic: tag rows carrying a >=7-sense en: lemma with topic:en-multi-sense
v3wnwpk0qj	si	if	core	topic:en-multi-sense	English-to-Spanish Mappings topic: tag rows carrying a >=7-sense en: lemma with topic:en-multi-sense
uzeqfh2cbl	[ser] viejo	[to be] old	reference	topic:en-multi-sense	English-to-Spanish Mappings topic: tag rows carrying a >=7-sense en: lemma with topic:en-multi-sense
u9mhk0r7wd	contarle [algo] a [alguien]	to tell [somebody] [something]	supporting	topic:en-multi-sense	English-to-Spanish Mappings topic: tag rows carrying a >=7-sense en: lemma with topic:en-multi-sense
cnqk3msdez	[alguien] caerle bien a [alguien]	[somebody] to like [somebody]	supporting	topic:en-multi-sense	English-to-Spanish Mappings topic: tag rows carrying a >=7-sense en: lemma with topic:en-multi-sense
ty4a0kmfe9	conocer de vista a [alguien]	to know [somebody] by sight	reference	topic:en-multi-sense	English-to-Spanish Mappings topic: tag rows carrying a >=7-sense en: lemma with topic:en-multi-sense
7onkppih6a	[el] conocimiento	the knowledge	reference	topic:en-multi-sense	English-to-Spanish Mappings topic: tag rows carrying a >=7-sense en: lemma with topic:en-multi-sense
6s0jnfqhv2	caer desde [un lugar]	to fall from [a place]	reference	topic:en-multi-sense	English-to-Spanish Mappings topic: tag rows carrying a >=7-sense en: lemma with topic:en-multi-sense
jkb4nwb6qj	caer en [un día o una fecha]	to fall on [a day or date]	reference	topic:en-multi-sense	English-to-Spanish Mappings topic: tag rows carrying a >=7-sense en: lemma with topic:en-multi-sense
2zhbl574oh	caerle mal a [alguien]	not to agree with [somebody]	reference	topic:en-multi-sense	English-to-Spanish Mappings topic: tag rows carrying a >=7-sense en: lemma with topic:en-multi-sense
v3arwl0pds	caer enfermo/a	to fall ill	reference	topic:en-multi-sense	English-to-Spanish Mappings topic: tag rows carrying a >=7-sense en: lemma with topic:en-multi-sense
t7h2p8595v	caer dormido/a	to fall asleep	reference	topic:en-multi-sense	English-to-Spanish Mappings topic: tag rows carrying a >=7-sense en: lemma with topic:en-multi-sense
jv7jdxmfpj	caer en [una trampa]	to fall into [a trap]	reference	topic:en-multi-sense	English-to-Spanish Mappings topic: tag rows carrying a >=7-sense en: lemma with topic:en-multi-sense
9y9odv6gw9	caerse a pedazos	to fall apart	reference	topic:en-multi-sense	English-to-Spanish Mappings topic: tag rows carrying a >=7-sense en: lemma with topic:en-multi-sense
2bpm3xi7ft	caer por debajo de [un nivel]	to fall below [a level]	reference	topic:en-multi-sense	English-to-Spanish Mappings topic: tag rows carrying a >=7-sense en: lemma with topic:en-multi-sense
rnbbuspsv7	conseguir [algo]	to get [something]	core	topic:en-multi-sense	English-to-Spanish Mappings topic: tag rows carrying a >=7-sense en: lemma with topic:en-multi-sense
vjb5yapkmy	conocer mejor a [alguien]	to get to know [somebody]	supporting	topic:en-multi-sense	English-to-Spanish Mappings topic: tag rows carrying a >=7-sense en: lemma with topic:en-multi-sense
uh84kdr8vi	conocer [un lugar]	to know [a place]	supporting	topic:en-multi-sense	English-to-Spanish Mappings topic: tag rows carrying a >=7-sense en: lemma with topic:en-multi-sense
bb7fukdi26	conocer [un tema o sistema]	to be familiar with [a topic or system]	reference	topic:en-multi-sense	English-to-Spanish Mappings topic: tag rows carrying a >=7-sense en: lemma with topic:en-multi-sense
hpdisj6u7v	ser conocido/a por [algo]	to be known for [something]	reference	topic:en-multi-sense	English-to-Spanish Mappings topic: tag rows carrying a >=7-sense en: lemma with topic:en-multi-sense
uhisl4h91k	ser conocido/a como [algo]	to be known as [something]	reference	topic:en-multi-sense	English-to-Spanish Mappings topic: tag rows carrying a >=7-sense en: lemma with topic:en-multi-sense
vgflpedkcj	darse a conocer	to become known	reference	topic:en-multi-sense	English-to-Spanish Mappings topic: tag rows carrying a >=7-sense en: lemma with topic:en-multi-sense
g0guw4apm0	darse a conocer	to make oneself known	reference	topic:en-multi-sense	English-to-Spanish Mappings topic: tag rows carrying a >=7-sense en: lemma with topic:en-multi-sense
lu5wncr0kf	conocer a [alguien]	to know [somebody]	core	topic:en-multi-sense	English-to-Spanish Mappings topic: tag rows carrying a >=7-sense en: lemma with topic:en-multi-sense
pjr9m3okp5	contarle a [alguien] que [algo sucedió]	to tell [somebody] that [something happened]	reference	topic:en-multi-sense	English-to-Spanish Mappings topic: tag rows carrying a >=7-sense en: lemma with topic:en-multi-sense
hr7gsp7wkj	conseguir [hacer algo]	to manage to [do something]	supporting	topic:en-multi-sense	English-to-Spanish Mappings topic: tag rows carrying a >=7-sense en: lemma with topic:en-multi-sense
gzfxm4mq6e	no conseguir [hacer algo]	not to seem able to [do something]	reference	topic:en-multi-sense	English-to-Spanish Mappings topic: tag rows carrying a >=7-sense en: lemma with topic:en-multi-sense
imzixo6ntc	no conseguir [hacer algo]	to fail to [do something]	reference	topic:en-multi-sense	English-to-Spanish Mappings topic: tag rows carrying a >=7-sense en: lemma with topic:en-multi-sense
xqrvzbv9iu	conseguirle [algo] a [alguien]	to get [somebody] [something]	supporting	topic:en-multi-sense	English-to-Spanish Mappings topic: tag rows carrying a >=7-sense en: lemma with topic:en-multi-sense
sv4xcj3c16	conseguir [algo] para [alguien]	to get [something] for [somebody]	reference	topic:en-multi-sense	English-to-Spanish Mappings topic: tag rows carrying a >=7-sense en: lemma with topic:en-multi-sense
eb73rheyc0	contar [algo]	to count [something]	supporting	topic:en-multi-sense	English-to-Spanish Mappings topic: tag rows carrying a >=7-sense en: lemma with topic:en-multi-sense
w03s2v6sq1	conseguir que [algo] quede [hecho]	to get [something] done	reference	topic:en-multi-sense	English-to-Spanish Mappings topic: tag rows carrying a >=7-sense en: lemma with topic:en-multi-sense
f2jyvf37n7	conseguir trabajo	to get a job	reference	topic:en-multi-sense	English-to-Spanish Mappings topic: tag rows carrying a >=7-sense en: lemma with topic:en-multi-sense
ylgvepe6wi	conseguir [algo]	to get hold of [something]	reference	topic:en-multi-sense	English-to-Spanish Mappings topic: tag rows carrying a >=7-sense en: lemma with topic:en-multi-sense
yztwsyb4p5	conseguir [algo difícil de encontrar]	to get one's hands on [something]	reference	topic:en-multi-sense	English-to-Spanish Mappings topic: tag rows carrying a >=7-sense en: lemma with topic:en-multi-sense
0kj5wrzna7	contar [algo] como [algo]	to count [something] as [something]	reference	topic:en-multi-sense	English-to-Spanish Mappings topic: tag rows carrying a >=7-sense en: lemma with topic:en-multi-sense
2rfxpupyvg	contar con [alguien]	to count on [somebody]	supporting	topic:en-multi-sense	English-to-Spanish Mappings topic: tag rows carrying a >=7-sense en: lemma with topic:en-multi-sense
eeb29dpzj0	conseguir que [alguien] [haga algo]	to get [somebody] to [do something]	supporting	topic:en-multi-sense	English-to-Spanish Mappings topic: tag rows carrying a >=7-sense en: lemma with topic:en-multi-sense
16jugpou1c	[la] cuenta	the account	reference	topic:en-multi-sense	English-to-Spanish Mappings topic: tag rows carrying a >=7-sense en: lemma with topic:en-multi-sense
hwcvqf6jnh	contar a [alguien] entre [un grupo]	to count [somebody] among [a group]	reference	topic:en-multi-sense	English-to-Spanish Mappings topic: tag rows carrying a >=7-sense en: lemma with topic:en-multi-sense
1kr3gizb9y	sin contar [algo]	not counting [something]	reference	topic:en-multi-sense	English-to-Spanish Mappings topic: tag rows carrying a >=7-sense en: lemma with topic:en-multi-sense
7b45x2pc78	[la] creencia	the belief	reference	topic:en-multi-sense	English-to-Spanish Mappings topic: tag rows carrying a >=7-sense en: lemma with topic:en-multi-sense
inwwluj4ug	[ser] creíble	[to be] believable	reference	topic:en-multi-sense	English-to-Spanish Mappings topic: tag rows carrying a >=7-sense en: lemma with topic:en-multi-sense
1cgmo681z0	creer [algo]	to believe [something]	supporting	topic:en-multi-sense	English-to-Spanish Mappings topic: tag rows carrying a >=7-sense en: lemma with topic:en-multi-sense
axqcb6ldni	creerle a [alguien]	to believe [somebody]	supporting	topic:en-multi-sense	English-to-Spanish Mappings topic: tag rows carrying a >=7-sense en: lemma with topic:en-multi-sense
8wzfds4amd	creer en [algo]	to believe in [something]	supporting	topic:en-multi-sense	English-to-Spanish Mappings topic: tag rows carrying a >=7-sense en: lemma with topic:en-multi-sense
ar5ze0bqlr	creerse [algo falso]	to fall for [something]	reference	topic:en-multi-sense	English-to-Spanish Mappings topic: tag rows carrying a >=7-sense en: lemma with topic:en-multi-sense
pvep99mzux	costar [una cantidad]	to cost [an amount]	core	topic:en-multi-sense	English-to-Spanish Mappings topic: tag rows carrying a >=7-sense en: lemma with topic:en-multi-sense
p99yu0ey1y	creerse [adjetivo o sustantivo]	to think one is [an adjective or noun]	reference	topic:en-multi-sense	English-to-Spanish Mappings topic: tag rows carrying a >=7-sense en: lemma with topic:en-multi-sense
zkpnfrk8ch	costarle a [alguien] [hacer algo]	to be difficult for [somebody] to [do something]	supporting	topic:en-multi-sense	English-to-Spanish Mappings topic: tag rows carrying a >=7-sense en: lemma with topic:en-multi-sense
wii1500zn6	costarle [algo] a [alguien]	to cost [somebody] [something]	reference	topic:en-multi-sense	English-to-Spanish Mappings topic: tag rows carrying a >=7-sense en: lemma with topic:en-multi-sense
ankhn3gvu6	costarle trabajo a [alguien] [hacer algo]	to have a hard time [doing something]	reference	topic:en-multi-sense	English-to-Spanish Mappings topic: tag rows carrying a >=7-sense en: lemma with topic:en-multi-sense
55k48ap3p8	contar hacia atrás	to count down	reference	topic:en-multi-sense	English-to-Spanish Mappings topic: tag rows carrying a >=7-sense en: lemma with topic:en-multi-sense
rpxowdshx9	a toda costa	at all costs	reference	topic:en-multi-sense	English-to-Spanish Mappings topic: tag rows carrying a >=7-sense en: lemma with topic:en-multi-sense
55803pk541	sin costo	free of charge	reference	topic:en-multi-sense	English-to-Spanish Mappings topic: tag rows carrying a >=7-sense en: lemma with topic:en-multi-sense
thr50jalym	hacerle creer [algo] a [alguien]	to make [somebody] believe [something]	reference	topic:en-multi-sense	English-to-Spanish Mappings topic: tag rows carrying a >=7-sense en: lemma with topic:en-multi-sense
v2kt4g9974	aunque no lo creas	believe it or not	reference	topic:en-multi-sense	English-to-Spanish Mappings topic: tag rows carrying a >=7-sense en: lemma with topic:en-multi-sense
61gghvt40a	deber [algo] a [alguien]	to owe [something] to [somebody]	reference	topic:en-multi-sense	English-to-Spanish Mappings topic: tag rows carrying a >=7-sense en: lemma with topic:en-multi-sense
uekbgu9nsq	deber [hacer algo]	must [do something]	supporting	topic:en-multi-sense	English-to-Spanish Mappings topic: tag rows carrying a >=7-sense en: lemma with topic:en-multi-sense
q95c3kam4n	debería [hacer algo]	ought to [do something]	reference	topic:en-multi-sense	English-to-Spanish Mappings topic: tag rows carrying a >=7-sense en: lemma with topic:en-multi-sense
f4kds6r2gr	deber estar [en un estado o lugar]	must be [in a state or place]	supporting	topic:en-multi-sense	English-to-Spanish Mappings topic: tag rows carrying a >=7-sense en: lemma with topic:en-multi-sense
i4siv85tf9	no deber [hacer algo]	must not [do something]	supporting	topic:en-multi-sense	English-to-Spanish Mappings topic: tag rows carrying a >=7-sense en: lemma with topic:en-multi-sense
y239ieja7n	contar [un total]	to count up [a total]	reference	topic:en-multi-sense	English-to-Spanish Mappings topic: tag rows carrying a >=7-sense en: lemma with topic:en-multi-sense
nyjodxeo12	no deber [hacer algo]	mustn't [do something]	supporting	topic:en-multi-sense	English-to-Spanish Mappings topic: tag rows carrying a >=7-sense en: lemma with topic:en-multi-sense
eemg8n6ho5	debí haber [hecho algo]	should have [done something]	reference	topic:en-multi-sense	English-to-Spanish Mappings topic: tag rows carrying a >=7-sense en: lemma with topic:en-multi-sense
ayed7fqlj3	deber haber [hecho algo]	must have [done something]	reference	topic:en-multi-sense	English-to-Spanish Mappings topic: tag rows carrying a >=7-sense en: lemma with topic:en-multi-sense
9bhhgek1hg	echar [humo u olor]	to give off [smoke or a smell]	reference	topic:en-multi-sense	English-to-Spanish Mappings topic: tag rows carrying a >=7-sense en: lemma with topic:en-multi-sense
wd6uku1ojd	creer que [algo es cierto]	to think that [something is true]	core	topic:en-multi-sense	English-to-Spanish Mappings topic: tag rows carrying a >=7-sense en: lemma with topic:en-multi-sense
bilb51sumb	[dejar] a [alguien] [en un estado]	[to make] [somebody] [an adjective]	reference	topic:en-multi-sense	English-to-Spanish Mappings topic: tag rows carrying a >=7-sense en: lemma with topic:en-multi-sense
yxm2eedy90	dejar [algo] [en algún lugar]	to leave [something] [somewhere]	core	topic:en-multi-sense	English-to-Spanish Mappings topic: tag rows carrying a >=7-sense en: lemma with topic:en-multi-sense
nbidca94v7	dejar que [alguien] [haga algo]	to allow [somebody] to [do something]	reference	topic:en-multi-sense	English-to-Spanish Mappings topic: tag rows carrying a >=7-sense en: lemma with topic:en-multi-sense
2qn9jrryai	[dejar] [algo] claro	[to make] [something] clear	reference	topic:en-multi-sense	English-to-Spanish Mappings topic: tag rows carrying a >=7-sense en: lemma with topic:en-multi-sense
cz1u7ybmyj	dejarle [algo] a [alguien]	to lend [somebody] [something]	reference	topic:en-multi-sense	English-to-Spanish Mappings topic: tag rows carrying a >=7-sense en: lemma with topic:en-multi-sense
jwc22mmcyd	dejarle [algo] a [alguien]	to let [somebody] use [something]	reference	topic:en-multi-sense	English-to-Spanish Mappings topic: tag rows carrying a >=7-sense en: lemma with topic:en-multi-sense
9bd5m6jcab	dejar [un proyecto o actividad]	to give up [a project or activity]	reference	topic:en-multi-sense	English-to-Spanish Mappings topic: tag rows carrying a >=7-sense en: lemma with topic:en-multi-sense
scirzjermw	dejar [algo] atrás	to leave [something] behind	reference	topic:en-multi-sense	English-to-Spanish Mappings topic: tag rows carrying a >=7-sense en: lemma with topic:en-multi-sense
xf3bu4p3qr	dejar plantado/a a [alguien]	to stand [somebody] up	reference	topic:en-multi-sense	English-to-Spanish Mappings topic: tag rows carrying a >=7-sense en: lemma with topic:en-multi-sense
5qa1ueater	deberá [hacer algo]	will have to [do something]	reference	topic:en-multi-sense	English-to-Spanish Mappings topic: tag rows carrying a >=7-sense en: lemma with topic:en-multi-sense
fzsfzh2mfr	dejar pasar [una oportunidad]	to let [an opportunity] pass	reference	topic:en-multi-sense	English-to-Spanish Mappings topic: tag rows carrying a >=7-sense en: lemma with topic:en-multi-sense
hyx4uupf61	dejar [algo] encendido	to leave [something] on	reference	topic:en-multi-sense	English-to-Spanish Mappings topic: tag rows carrying a >=7-sense en: lemma with topic:en-multi-sense
zu4n3xn4x8	dejar [algo o alguien] por fuera	to leave [something or somebody] out	supporting	topic:en-multi-sense	English-to-Spanish Mappings topic: tag rows carrying a >=7-sense en: lemma with topic:en-multi-sense
goxootramx	dejarse llevar	to get carried away	reference	topic:en-multi-sense	English-to-Spanish Mappings topic: tag rows carrying a >=7-sense en: lemma with topic:en-multi-sense
j5psxk7lpd	dejar [algo o alguien] encargado con [alguien]	to leave [something or somebody] in [somebody's] care	reference	topic:en-multi-sense	English-to-Spanish Mappings topic: tag rows carrying a >=7-sense en: lemma with topic:en-multi-sense
9ytu1uafba	dejar mucho que desear	to leave much to be desired	reference	topic:en-multi-sense	English-to-Spanish Mappings topic: tag rows carrying a >=7-sense en: lemma with topic:en-multi-sense
ycynxw1m3v	echarle [un ingrediente] a [algo]	to add [an ingredient] to [something]	supporting	topic:en-multi-sense	English-to-Spanish Mappings topic: tag rows carrying a >=7-sense en: lemma with topic:en-multi-sense
5vfdd7g6pp	echar a [alguien] de [un lugar]	to kick [somebody] out of [a place]	reference	topic:en-multi-sense	English-to-Spanish Mappings topic: tag rows carrying a >=7-sense en: lemma with topic:en-multi-sense
vb2rixy6jn	echar raíces	to take root	reference	topic:en-multi-sense	English-to-Spanish Mappings topic: tag rows carrying a >=7-sense en: lemma with topic:en-multi-sense
mhpsjzbw88	echar un vistazo a [algo]	to take a look at [something]	supporting	topic:en-multi-sense	English-to-Spanish Mappings topic: tag rows carrying a >=7-sense en: lemma with topic:en-multi-sense
yfjyb31b9b	dejar de [hacer algo]	to stop [doing something]	core	topic:en-multi-sense	English-to-Spanish Mappings topic: tag rows carrying a >=7-sense en: lemma with topic:en-multi-sense
e7nedtjuof	dejar que [alguien] [haga algo]	to let [somebody] [do something]	core	topic:en-multi-sense	English-to-Spanish Mappings topic: tag rows carrying a >=7-sense en: lemma with topic:en-multi-sense
tzy94y3hmu	[dejar] a [alguien] [en un estado]	[to leave] [somebody] [in a state]	reference	topic:en-multi-sense	English-to-Spanish Mappings topic: tag rows carrying a >=7-sense en: lemma with topic:en-multi-sense
cf5552jy9p	echarse a [hacer algo]	to start [doing something]	reference	topic:en-multi-sense	English-to-Spanish Mappings topic: tag rows carrying a >=7-sense en: lemma with topic:en-multi-sense
othawv9u0f	ser [identidad]	to be [an identity]	core	topic:en-multi-sense	English-to-Spanish Mappings topic: tag rows carrying a >=7-sense en: lemma with topic:en-multi-sense
ahq54carab	saber si [algo]	to know whether [something]	supporting	topic:en-multi-sense	English-to-Spanish Mappings topic: tag rows carrying a >=7-sense en: lemma with topic:en-multi-sense
tb9cpc7ypj	saber de [un tema]	to know about [a subject]	supporting	topic:en-multi-sense	English-to-Spanish Mappings topic: tag rows carrying a >=7-sense en: lemma with topic:en-multi-sense
4n3bcm9qjj	salir afuera	to go outside	reference	topic:en-multi-sense	English-to-Spanish Mappings topic: tag rows carrying a >=7-sense en: lemma with topic:en-multi-sense
r68cdfj171	salir de [un lugar]	to get out of [a place]	supporting	topic:en-multi-sense	English-to-Spanish Mappings topic: tag rows carrying a >=7-sense en: lemma with topic:en-multi-sense
nd8kf3g80o	salir bien	to turn out well	supporting	topic:en-multi-sense	English-to-Spanish Mappings topic: tag rows carrying a >=7-sense en: lemma with topic:en-multi-sense
61rt52kj37	robarle [algo] a [alguien]	to steal [something] from [somebody]	supporting	topic:en-multi-sense	English-to-Spanish Mappings topic: tag rows carrying a >=7-sense en: lemma with topic:en-multi-sense
c5032rvam7	echarle la culpa de [algo] a [alguien]	to blame [somebody] for [something]	supporting	topic:en-multi-sense	English-to-Spanish Mappings topic: tag rows carrying a >=7-sense en: lemma with topic:en-multi-sense
84ubxhmjpj	echar a andar [algo]	to get [something] going	reference	topic:en-multi-sense	English-to-Spanish Mappings topic: tag rows carrying a >=7-sense en: lemma with topic:en-multi-sense
roc4s41s10	echarse a andar	to set off	reference	topic:en-multi-sense	English-to-Spanish Mappings topic: tag rows carrying a >=7-sense en: lemma with topic:en-multi-sense
3wtzllym25	saber [algo]	to know [something]	core	topic:en-multi-sense	English-to-Spanish Mappings topic: tag rows carrying a >=7-sense en: lemma with topic:en-multi-sense
manx93glfl	saber que [algo]	to know that [something]	core	topic:en-multi-sense	English-to-Spanish Mappings topic: tag rows carrying a >=7-sense en: lemma with topic:en-multi-sense
z5glfbp5sq	saber [qué/dónde/cuándo/por qué]	to know [what, where, when, or why]	core	topic:en-multi-sense	English-to-Spanish Mappings topic: tag rows carrying a >=7-sense en: lemma with topic:en-multi-sense
kwh31erumh	saber [hacer algo]	to know how to [do something]	core	topic:en-multi-sense	English-to-Spanish Mappings topic: tag rows carrying a >=7-sense en: lemma with topic:en-multi-sense
wn89ieh7zn	echar cuentas	to work [something] out	reference	topic:en-multi-sense	English-to-Spanish Mappings topic: tag rows carrying a >=7-sense en: lemma with topic:en-multi-sense
qcpsrdimh2	sacar [algo] de [un lugar]	to remove [something] from [a place]	supporting	topic:en-multi-sense	English-to-Spanish Mappings topic: tag rows carrying a >=7-sense en: lemma with topic:en-multi-sense
wefybdb64a	sacar [algo]	to get [something]	supporting	topic:en-multi-sense	English-to-Spanish Mappings topic: tag rows carrying a >=7-sense en: lemma with topic:en-multi-sense
c38n8crr5a	sacar una foto de [algo]	to take a photo of [something]	supporting	topic:en-multi-sense	English-to-Spanish Mappings topic: tag rows carrying a >=7-sense en: lemma with topic:en-multi-sense
w1s5ow6rtn	sacar [una nota]	to get [a grade]	reference	topic:en-multi-sense	English-to-Spanish Mappings topic: tag rows carrying a >=7-sense en: lemma with topic:en-multi-sense
6xu8gu7squ	sacar [un producto]	to bring out [a product]	reference	topic:en-multi-sense	English-to-Spanish Mappings topic: tag rows carrying a >=7-sense en: lemma with topic:en-multi-sense
7ihfylaf0m	sacar a [alguien] de [un lugar]	to get [somebody] out of [a place]	reference	topic:en-multi-sense	English-to-Spanish Mappings topic: tag rows carrying a >=7-sense en: lemma with topic:en-multi-sense
bjifboq9ja	saberse [algo] de memoria	to know [something] by heart	reference	topic:en-multi-sense	English-to-Spanish Mappings topic: tag rows carrying a >=7-sense en: lemma with topic:en-multi-sense
3q9231a8nt	salir de [un lugar]	to leave [a place]	core	topic:en-multi-sense	English-to-Spanish Mappings topic: tag rows carrying a >=7-sense en: lemma with topic:en-multi-sense
zl1azbv6vk	salir	to go out	core	topic:en-multi-sense	English-to-Spanish Mappings topic: tag rows carrying a >=7-sense en: lemma with topic:en-multi-sense
2m5zc7v18r	reservarse [algo]	to keep [something] to yourself	reference	topic:en-multi-sense	English-to-Spanish Mappings topic: tag rows carrying a >=7-sense en: lemma with topic:en-multi-sense
wtwbsaolgx	sentir que [algo]	to feel that [something]	supporting	topic:en-multi-sense	English-to-Spanish Mappings topic: tag rows carrying a >=7-sense en: lemma with topic:en-multi-sense
b0zp4e4wz9	sentirse mal	to feel bad	supporting	topic:en-multi-sense	English-to-Spanish Mappings topic: tag rows carrying a >=7-sense en: lemma with topic:en-multi-sense
o6vs3cstlt	sentir algo por [alguien]	to have feelings for [somebody]	reference	topic:en-multi-sense	English-to-Spanish Mappings topic: tag rows carrying a >=7-sense en: lemma with topic:en-multi-sense
wbo46b952m	sentirse con ánimo de [hacer algo]	to feel up to [doing something]	reference	topic:en-multi-sense	English-to-Spanish Mappings topic: tag rows carrying a >=7-sense en: lemma with topic:en-multi-sense
cqou51zh8d	compadecerse de [alguien]	to feel for [somebody]	reference	topic:en-multi-sense	English-to-Spanish Mappings topic: tag rows carrying a >=7-sense en: lemma with topic:en-multi-sense
6fi09q216i	seguir [haciendo algo]	to keep [doing something]	core	topic:en-multi-sense	English-to-Spanish Mappings topic: tag rows carrying a >=7-sense en: lemma with topic:en-multi-sense
ralwup7tfh	ser bueno/a para [hacer algo]	to be good at [doing something]	supporting	topic:en-multi-sense	English-to-Spanish Mappings topic: tag rows carrying a >=7-sense en: lemma with topic:en-multi-sense
i49be62rpv	ser bueno para [alguien/algo]	to be good for [somebody or something]	supporting	topic:en-multi-sense	English-to-Spanish Mappings topic: tag rows carrying a >=7-sense en: lemma with topic:en-multi-sense
pdcy6981ld	ser malo para [alguien/algo]	to be bad for [somebody or something]	supporting	topic:en-multi-sense	English-to-Spanish Mappings topic: tag rows carrying a >=7-sense en: lemma with topic:en-multi-sense
z2n8811v62	ser [una característica]	to be [a characteristic]	trash	topic:en-multi-sense	English-to-Spanish Mappings topic: tag rows carrying a >=7-sense en: lemma with topic:en-multi-sense
m5wxiwxpo1	ser [una clasificación]	to be [a classification]	core	topic:en-multi-sense	English-to-Spanish Mappings topic: tag rows carrying a >=7-sense en: lemma with topic:en-multi-sense
2z3yhpg9ve	ser de [un lugar]	to be from [a place]	core	topic:en-multi-sense	English-to-Spanish Mappings topic: tag rows carrying a >=7-sense en: lemma with topic:en-multi-sense
obznlhzdxe	ser en [un lugar]	to be at [a place]	supporting	topic:en-multi-sense	English-to-Spanish Mappings topic: tag rows carrying a >=7-sense en: lemma with topic:en-multi-sense
cme1al3v5p	ser de [un material]	to be made of [a material]	supporting	topic:en-multi-sense	English-to-Spanish Mappings topic: tag rows carrying a >=7-sense en: lemma with topic:en-multi-sense
gn6wgqx5vo	salir [caro/barato]	to cost [a lot or a little]	reference	topic:en-multi-sense	English-to-Spanish Mappings topic: tag rows carrying a >=7-sense en: lemma with topic:en-multi-sense
hbm575ua4b	salir [publicado]	to come out	reference	topic:en-multi-sense	English-to-Spanish Mappings topic: tag rows carrying a >=7-sense en: lemma with topic:en-multi-sense
rnznavwcfr	salir con [alguien]	to date [somebody]	supporting	topic:en-multi-sense	English-to-Spanish Mappings topic: tag rows carrying a >=7-sense en: lemma with topic:en-multi-sense
ezq7209l2y	salir con [alguien]	to go out with [somebody]	reference	topic:en-multi-sense	English-to-Spanish Mappings topic: tag rows carrying a >=7-sense en: lemma with topic:en-multi-sense
ro9nxfyi16	dejar [algo] fuera	to leave [something] out	reference	topic:en-multi-sense	English-to-Spanish Mappings topic: tag rows carrying a >=7-sense en: lemma with topic:en-multi-sense
7505bgiyyc	no entrar	to keep out	reference	topic:en-multi-sense	English-to-Spanish Mappings topic: tag rows carrying a >=7-sense en: lemma with topic:en-multi-sense
kvedge4aey	no pisar [algo]	to keep off [something]	reference	topic:en-multi-sense	English-to-Spanish Mappings topic: tag rows carrying a >=7-sense en: lemma with topic:en-multi-sense
j7s4nn02ph	mantener [algo] bajo	to keep [something] down	reference	topic:en-multi-sense	English-to-Spanish Mappings topic: tag rows carrying a >=7-sense en: lemma with topic:en-multi-sense
qbdgh95q4i	ser de [alguien]	to belong to [somebody]	supporting	topic:en-multi-sense	English-to-Spanish Mappings topic: tag rows carrying a >=7-sense en: lemma with topic:en-multi-sense
6vgdzpegua	ser [una hora o fecha]	to be [a time or date]	core	topic:en-multi-sense	English-to-Spanish Mappings topic: tag rows carrying a >=7-sense en: lemma with topic:en-multi-sense
hi6i8bgabk	tener prisa	to be in a hurry	supporting	topic:en-multi-sense	English-to-Spanish Mappings topic: tag rows carrying a >=7-sense en: lemma with topic:en-multi-sense
n6hfkj5rh5	tener afán	to be in a rush	reference	topic:en-multi-sense	English-to-Spanish Mappings topic: tag rows carrying a >=7-sense en: lemma with topic:en-multi-sense
j65dvjawel	tener la culpa	to be at fault	reference	topic:en-multi-sense	English-to-Spanish Mappings topic: tag rows carrying a >=7-sense en: lemma with topic:en-multi-sense
iku0m5311z	significar [hacer algo]	to mean [doing something]	reference	topic:en-multi-sense	English-to-Spanish Mappings topic: tag rows carrying a >=7-sense en: lemma with topic:en-multi-sense
7xfrxi3jd5	tener en cuenta [algo]	to take [something] into account	reference	topic:en-multi-sense	English-to-Spanish Mappings topic: tag rows carrying a >=7-sense en: lemma with topic:en-multi-sense
li9fwc94cq	solía [hacer algo]	would [do something]	reference	topic:en-multi-sense	English-to-Spanish Mappings topic: tag rows carrying a >=7-sense en: lemma with topic:en-multi-sense
s2s9tmt9pc	se supone que [algo]	[something] is believed to [be true]	reference	topic:en-multi-sense	English-to-Spanish Mappings topic: tag rows carrying a >=7-sense en: lemma with topic:en-multi-sense
3t5jjwz0t5	[tener] miedo de [algo]	[to be] afraid of [something]	supporting	topic:en-multi-sense	English-to-Spanish Mappings topic: tag rows carrying a >=7-sense en: lemma with topic:en-multi-sense
172vkaz4pw	tener la oportunidad de [hacer algo]	to get a chance to [do something]	reference	topic:en-multi-sense	English-to-Spanish Mappings topic: tag rows carrying a >=7-sense en: lemma with topic:en-multi-sense
ezg4akzhx1	significar [algo]	to mean [something]	core	topic:en-multi-sense	English-to-Spanish Mappings topic: tag rows carrying a >=7-sense en: lemma with topic:en-multi-sense
edf5jy4zrf	trabajar en [un sector]	to work in [a field]	reference	topic:en-multi-sense	English-to-Spanish Mappings topic: tag rows carrying a >=7-sense en: lemma with topic:en-multi-sense
55moihfqeu	trabajar para [alguien u organización]	to work for [somebody or an organization]	supporting	topic:en-multi-sense	English-to-Spanish Mappings topic: tag rows carrying a >=7-sense en: lemma with topic:en-multi-sense
fqbky20fmo	tocarle a [alguien] [hacer algo]	[somebody] is supposed to [do something]	reference	topic:en-multi-sense	English-to-Spanish Mappings topic: tag rows carrying a >=7-sense en: lemma with topic:en-multi-sense
ezz9e68yjj	trabajar con [alguien]	to work with [somebody]	supporting	topic:en-multi-sense	English-to-Spanish Mappings topic: tag rows carrying a >=7-sense en: lemma with topic:en-multi-sense
v8grg04t9j	tocarle a [alguien] [hacer algo]	it is up to [somebody] to [do something]	reference	topic:en-multi-sense	English-to-Spanish Mappings topic: tag rows carrying a >=7-sense en: lemma with topic:en-multi-sense
zgwnnnusii	trabajar como [profesión]	to work as [a profession]	supporting	topic:en-multi-sense	English-to-Spanish Mappings topic: tag rows carrying a >=7-sense en: lemma with topic:en-multi-sense
57q3yd0rpd	trabajar desde casa	to work from home	reference	topic:en-multi-sense	English-to-Spanish Mappings topic: tag rows carrying a >=7-sense en: lemma with topic:en-multi-sense
3f40un1zgj	trabajar para [lograr algo]	to work toward [a goal]	reference	topic:en-multi-sense	English-to-Spanish Mappings topic: tag rows carrying a >=7-sense en: lemma with topic:en-multi-sense
pg7ymescs5	trabajar paso a paso en [un problema]	to work through [a problem]	reference	topic:en-multi-sense	English-to-Spanish Mappings topic: tag rows carrying a >=7-sense en: lemma with topic:en-multi-sense
abw14te962	trabajar [un material]	to work [a material]	reference	topic:en-multi-sense	English-to-Spanish Mappings topic: tag rows carrying a >=7-sense en: lemma with topic:en-multi-sense
5qr32psjlf	tener [algo] puesto	to have [something] on	reference	topic:en-multi-sense	English-to-Spanish Mappings topic: tag rows carrying a >=7-sense en: lemma with topic:en-multi-sense
gebby1bfyk	valer para [un propósito]	to work for [a purpose]	reference	topic:en-multi-sense	English-to-Spanish Mappings topic: tag rows carrying a >=7-sense en: lemma with topic:en-multi-sense
s2wih9tkp4	trabajar	to work	core	topic:en-multi-sense	English-to-Spanish Mappings topic: tag rows carrying a >=7-sense en: lemma with topic:en-multi-sense
fs8u8cu63l	tener a [alguien] [haciendo algo]	to keep [somebody] [doing something]	reference	topic:en-multi-sense	English-to-Spanish Mappings topic: tag rows carrying a >=7-sense en: lemma with topic:en-multi-sense
872xfzjuzx	[la] tenencia de [algo]	possession of [something]	reference	topic:en-multi-sense	English-to-Spanish Mappings topic: tag rows carrying a >=7-sense en: lemma with topic:en-multi-sense
c35bwq6oiy	[valer] para [hacer algo]	[to be] useful for [doing something]	reference	topic:en-multi-sense	English-to-Spanish Mappings topic: tag rows carrying a >=7-sense en: lemma with topic:en-multi-sense
nrtrolt1b0	traer [algo] de [un lugar]	to bring [something] from [a place]	supporting	topic:en-multi-sense	English-to-Spanish Mappings topic: tag rows carrying a >=7-sense en: lemma with topic:en-multi-sense
9ntay6p4fs	traer [algo] de vuelta	to bring [something] back	supporting	topic:en-multi-sense	English-to-Spanish Mappings topic: tag rows carrying a >=7-sense en: lemma with topic:en-multi-sense
i48d81wy3v	traer a [alguien]	to bring [somebody]	reference	topic:en-multi-sense	English-to-Spanish Mappings topic: tag rows carrying a >=7-sense en: lemma with topic:en-multi-sense
p3nun0nd0p	traer [algo] consigo	to bring [something] with you	reference	topic:en-multi-sense	English-to-Spanish Mappings topic: tag rows carrying a >=7-sense en: lemma with topic:en-multi-sense
zzhshorqxj	traer [problemas o consecuencias]	to bring [problems or consequences]	reference	topic:en-multi-sense	English-to-Spanish Mappings topic: tag rows carrying a >=7-sense en: lemma with topic:en-multi-sense
idex89b72k	traer puesto/a [una prenda]	to wear [an item of clothing]	reference	topic:en-multi-sense	English-to-Spanish Mappings topic: tag rows carrying a >=7-sense en: lemma with topic:en-multi-sense
m1qskewn43	traer recuerdos	to bring back memories	reference	topic:en-multi-sense	English-to-Spanish Mappings topic: tag rows carrying a >=7-sense en: lemma with topic:en-multi-sense
mvvc2s3vas	traer a colación [un tema]	to bring up [a topic]	reference	topic:en-multi-sense	English-to-Spanish Mappings topic: tag rows carrying a >=7-sense en: lemma with topic:en-multi-sense
qdd1gcrv5r	traerle [algo] a [alguien]	to bring [somebody] [something]	core	topic:en-multi-sense	English-to-Spanish Mappings topic: tag rows carrying a >=7-sense en: lemma with topic:en-multi-sense
y2yln6q4sp	ver a [alguien]	to see [somebody]	core	topic:en-multi-sense	English-to-Spanish Mappings topic: tag rows carrying a >=7-sense en: lemma with topic:en-multi-sense
4u372gr66c	no valer	not to count	reference	topic:en-multi-sense	English-to-Spanish Mappings topic: tag rows carrying a >=7-sense en: lemma with topic:en-multi-sense
pft3m3975v	[volverse] [adjetivo]	[to become] [adjective]	supporting	topic:en-multi-sense	English-to-Spanish Mappings topic: tag rows carrying a >=7-sense en: lemma with topic:en-multi-sense
5wxhecilm0	[verse] [adjetivo]	[to look] [adjective]	supporting	topic:en-multi-sense	English-to-Spanish Mappings topic: tag rows carrying a >=7-sense en: lemma with topic:en-multi-sense
dpa3heuq6k	[volverse] [adjetivo]	[to get] [adjective]	reference	topic:en-multi-sense	English-to-Spanish Mappings topic: tag rows carrying a >=7-sense en: lemma with topic:en-multi-sense
6ateoz7xed	venir de [un lugar]	to come from [a place]	supporting	topic:en-multi-sense	English-to-Spanish Mappings topic: tag rows carrying a >=7-sense en: lemma with topic:en-multi-sense
2krm0gf62n	venir con [alguien]	to come with [somebody]	reference	topic:en-multi-sense	English-to-Spanish Mappings topic: tag rows carrying a >=7-sense en: lemma with topic:en-multi-sense
b97077wlu1	venir a [hacer algo]	to come to [do something]	reference	topic:en-multi-sense	English-to-Spanish Mappings topic: tag rows carrying a >=7-sense en: lemma with topic:en-multi-sense
2xv5qqprqp	venir a [la casa de alguien]	to come over	reference	topic:en-multi-sense	English-to-Spanish Mappings topic: tag rows carrying a >=7-sense en: lemma with topic:en-multi-sense
bfvjcgo2if	venir con [un grupo]	to come along	reference	topic:en-multi-sense	English-to-Spanish Mappings topic: tag rows carrying a >=7-sense en: lemma with topic:en-multi-sense
jmoyai6ki1	venir a la mente	to come to mind	reference	topic:en-multi-sense	English-to-Spanish Mappings topic: tag rows carrying a >=7-sense en: lemma with topic:en-multi-sense
u0q10xrgdu	lo que viene	what comes next	reference	topic:en-multi-sense	English-to-Spanish Mappings topic: tag rows carrying a >=7-sense en: lemma with topic:en-multi-sense
ugyd134ue3	ver a [alguien] [hacer algo]	to see [somebody] [do something]	supporting	topic:en-multi-sense	English-to-Spanish Mappings topic: tag rows carrying a >=7-sense en: lemma with topic:en-multi-sense
4l5ip3gcjx	ver a [alguien] [haciendo algo]	to see [somebody] [doing something]	reference	topic:en-multi-sense	English-to-Spanish Mappings topic: tag rows carrying a >=7-sense en: lemma with topic:en-multi-sense
p7wbkj3kbp	verse bien	to look good	reference	topic:en-multi-sense	English-to-Spanish Mappings topic: tag rows carrying a >=7-sense en: lemma with topic:en-multi-sense
9rd5kxnrcp	ya verás	you will see	reference	topic:en-multi-sense	English-to-Spanish Mappings topic: tag rows carrying a >=7-sense en: lemma with topic:en-multi-sense
ei20exbswc	despedir a [alguien]	to see [somebody] off	reference	topic:en-multi-sense	English-to-Spanish Mappings topic: tag rows carrying a >=7-sense en: lemma with topic:en-multi-sense
rn5bfzc47d	darse cuenta del engaño de [alguien]	to see through [somebody]	reference	topic:en-multi-sense	English-to-Spanish Mappings topic: tag rows carrying a >=7-sense en: lemma with topic:en-multi-sense
ukhf4ausef	encargarse de [algo]	to see to [something]	reference	topic:en-multi-sense	English-to-Spanish Mappings topic: tag rows carrying a >=7-sense en: lemma with topic:en-multi-sense
q9clnuhnis	volver a [un lugar]	to return to [a place]	supporting	topic:en-multi-sense	English-to-Spanish Mappings topic: tag rows carrying a >=7-sense en: lemma with topic:en-multi-sense
ic3jjkgfi7	volverse [algo]	to turn into [something]	reference	topic:en-multi-sense	English-to-Spanish Mappings topic: tag rows carrying a >=7-sense en: lemma with topic:en-multi-sense
g1m78v9491	volverse para [hacer algo]	to turn around to [do something]	reference	topic:en-multi-sense	English-to-Spanish Mappings topic: tag rows carrying a >=7-sense en: lemma with topic:en-multi-sense
sxospymxsu	volverse atrás	to turn back	reference	topic:en-multi-sense	English-to-Spanish Mappings topic: tag rows carrying a >=7-sense en: lemma with topic:en-multi-sense
jgm4rn50k0	[la] vuelta	the return	reference	topic:en-multi-sense	English-to-Spanish Mappings topic: tag rows carrying a >=7-sense en: lemma with topic:en-multi-sense
xmp7uc93ba	dar la vuelta	to turn around	reference	topic:en-multi-sense	English-to-Spanish Mappings topic: tag rows carrying a >=7-sense en: lemma with topic:en-multi-sense
xha8i0ahr5	venir a [un lugar]	to come to [a place]	core	topic:en-multi-sense	English-to-Spanish Mappings topic: tag rows carrying a >=7-sense en: lemma with topic:en-multi-sense
fhw00gyy28	venir de [un lugar de origen]	to be from [a place]	core	topic:en-multi-sense	English-to-Spanish Mappings topic: tag rows carrying a >=7-sense en: lemma with topic:en-multi-sense
xm8mzt42ci	ver [algo]	to see [something]	core	topic:en-multi-sense	English-to-Spanish Mappings topic: tag rows carrying a >=7-sense en: lemma with topic:en-multi-sense
w7bu9jslac	querer [algo]	to want [something]	core	topic:en-multi-sense	English-to-Spanish Mappings topic: tag rows carrying a >=7-sense en: lemma with topic:en-multi-sense
hzhx6yw5qb	enviar [algo]	to send [something]	supporting	topic:en-multi-sense	English-to-Spanish Mappings topic: tag rows carrying a >=7-sense en: lemma with topic:en-multi-sense
608c3yq7i6	tú	you	core	topic:en-multi-sense	English-to-Spanish Mappings topic: tag rows carrying a >=7-sense en: lemma with topic:en-multi-sense
vi3wxfj3r2	se	to them	core	topic:en-multi-sense	English-to-Spanish Mappings topic: tag rows carrying a >=7-sense en: lemma with topic:en-multi-sense
laabqgv17t	ello	it	core	topic:en-multi-sense	English-to-Spanish Mappings topic: tag rows carrying a >=7-sense en: lemma with topic:en-multi-sense
5ajqekseb3	te	you	core	topic:en-multi-sense	English-to-Spanish Mappings topic: tag rows carrying a >=7-sense en: lemma with topic:en-multi-sense
mbu3bynmc3	lo	him	core	topic:en-multi-sense	English-to-Spanish Mappings topic: tag rows carrying a >=7-sense en: lemma with topic:en-multi-sense
xd9c671eit	lo	it	core	topic:en-multi-sense	English-to-Spanish Mappings topic: tag rows carrying a >=7-sense en: lemma with topic:en-multi-sense
a29elmu22c	lo	you	supporting	topic:en-multi-sense	English-to-Spanish Mappings topic: tag rows carrying a >=7-sense en: lemma with topic:en-multi-sense
7poocn5na8	la	her	core	topic:en-multi-sense	English-to-Spanish Mappings topic: tag rows carrying a >=7-sense en: lemma with topic:en-multi-sense
m3zbdhcenj	la	it	core	topic:en-multi-sense	English-to-Spanish Mappings topic: tag rows carrying a >=7-sense en: lemma with topic:en-multi-sense
8kfu71csir	la	you	supporting	topic:en-multi-sense	English-to-Spanish Mappings topic: tag rows carrying a >=7-sense en: lemma with topic:en-multi-sense
kz7ntpcrhd	los	you	supporting	topic:en-multi-sense	English-to-Spanish Mappings topic: tag rows carrying a >=7-sense en: lemma with topic:en-multi-sense
d2156w0qop	las	you	supporting	topic:en-multi-sense	English-to-Spanish Mappings topic: tag rows carrying a >=7-sense en: lemma with topic:en-multi-sense
fz385c053c	se	to him	core	topic:en-multi-sense	English-to-Spanish Mappings topic: tag rows carrying a >=7-sense en: lemma with topic:en-multi-sense
1e1njdasi9	se	to her	core	topic:en-multi-sense	English-to-Spanish Mappings topic: tag rows carrying a >=7-sense en: lemma with topic:en-multi-sense
u7zp2lujp0	los	the	core	topic:en-multi-sense	English-to-Spanish Mappings topic: tag rows carrying a >=7-sense en: lemma with topic:en-multi-sense
qdyg6idr5p	la	the	core	topic:en-multi-sense	English-to-Spanish Mappings topic: tag rows carrying a >=7-sense en: lemma with topic:en-multi-sense
4j1nc0c9o9	las	the	core	topic:en-multi-sense	English-to-Spanish Mappings topic: tag rows carrying a >=7-sense en: lemma with topic:en-multi-sense
foy4696l7r	el	the	core	topic:en-multi-sense	English-to-Spanish Mappings topic: tag rows carrying a >=7-sense en: lemma with topic:en-multi-sense
476g3r2k4a	acordar [algo]	to agree on [something]	reference	topic:en-multi-sense	English-to-Spanish Mappings topic: tag rows carrying a >=7-sense en: lemma with topic:en-multi-sense
o4dhqa488k	devolver [algo]	to return [something]	reference	topic:en-multi-sense	English-to-Spanish Mappings topic: tag rows carrying a >=7-sense en: lemma with topic:en-multi-sense
adhp7nfuvc	devolver [algo]	to give [something] back	supporting	topic:en-multi-sense	English-to-Spanish Mappings topic: tag rows carrying a >=7-sense en: lemma with topic:en-multi-sense
mrytj7kn57	abrir [algo] por completo	to open [something] up	reference	topic:en-multi-sense	English-to-Spanish Mappings topic: tag rows carrying a >=7-sense en: lemma with topic:en-multi-sense
vzbnervzfr	buscar [algo]	to look for [something]	core	topic:en-multi-sense	English-to-Spanish Mappings topic: tag rows carrying a >=7-sense en: lemma with topic:en-multi-sense
y2sbyu4a5b	aparecer	to show up	supporting	topic:en-multi-sense	English-to-Spanish Mappings topic: tag rows carrying a >=7-sense en: lemma with topic:en-multi-sense
9ievaodr1f	aparecer [una publicación]	to come out	reference	topic:en-multi-sense	English-to-Spanish Mappings topic: tag rows carrying a >=7-sense en: lemma with topic:en-multi-sense
umirnepxs1	buscar a [alguien]	to want [somebody] for questioning	reference	topic:en-multi-sense	English-to-Spanish Mappings topic: tag rows carrying a >=7-sense en: lemma with topic:en-multi-sense
npbo00x4un	detener [algo/alguien]	to hold back [something/somebody]	reference	topic:en-multi-sense	English-to-Spanish Mappings topic: tag rows carrying a >=7-sense en: lemma with topic:en-multi-sense
zvkx50j9c5	detenerse para [hacer algo]	to stop to [do something]	supporting	topic:en-multi-sense	English-to-Spanish Mappings topic: tag rows carrying a >=7-sense en: lemma with topic:en-multi-sense
mnougxf39m	devolver la llamada	to return a call	reference	topic:en-multi-sense	English-to-Spanish Mappings topic: tag rows carrying a >=7-sense en: lemma with topic:en-multi-sense
p24l6ubhgf	entregarse	to turn oneself in	reference	topic:en-multi-sense	English-to-Spanish Mappings topic: tag rows carrying a >=7-sense en: lemma with topic:en-multi-sense
fywyjd1hm5	sincerarse con [alguien]	to open up to [somebody]	reference	topic:en-multi-sense	English-to-Spanish Mappings topic: tag rows carrying a >=7-sense en: lemma with topic:en-multi-sense
mjhkt6xk7p	[la] vacante	a job opening	reference	topic:en-multi-sense	English-to-Spanish Mappings topic: tag rows carrying a >=7-sense en: lemma with topic:en-multi-sense
9dbk50wj9u	abrir [algo]	to open [something]	core	topic:en-multi-sense	English-to-Spanish Mappings topic: tag rows carrying a >=7-sense en: lemma with topic:en-multi-sense
tx2421g9u2	[la] solicitud	the request	reference	topic:en-multi-sense	English-to-Spanish Mappings topic: tag rows carrying a >=7-sense en: lemma with topic:en-multi-sense
69nlpxinr8	mirar [algo]	to look at [something]	core	topic:en-multi-sense	English-to-Spanish Mappings topic: tag rows carrying a >=7-sense en: lemma with topic:en-multi-sense
1vi4oe10ip	después	then	reference	topic:en-multi-sense	English-to-Spanish Mappings topic: tag rows carrying a >=7-sense en: lemma with topic:en-multi-sense
v72o9g7yjw	mantener [algo]	to keep [something]	supporting	topic:en-multi-sense	English-to-Spanish Mappings topic: tag rows carrying a >=7-sense en: lemma with topic:en-multi-sense
e8u3dl9hno	mantener [una ventaja]	to hold [the lead]	reference	topic:en-multi-sense	English-to-Spanish Mappings topic: tag rows carrying a >=7-sense en: lemma with topic:en-multi-sense
zeorvyamau	de ahora en adelante	from now on	reference	topic:en-multi-sense	English-to-Spanish Mappings topic: tag rows carrying a >=7-sense en: lemma with topic:en-multi-sense
nl064twuml	obtener [algo]	to get [something]	reference	topic:en-multi-sense	English-to-Spanish Mappings topic: tag rows carrying a >=7-sense en: lemma with topic:en-multi-sense
3zg7nxwm6d	obtener [ganancia]	to make [a profit]	reference	topic:en-multi-sense	English-to-Spanish Mappings topic: tag rows carrying a >=7-sense en: lemma with topic:en-multi-sense
dczcf3gaak	regresar	to come back	reference	topic:en-multi-sense	English-to-Spanish Mappings topic: tag rows carrying a >=7-sense en: lemma with topic:en-multi-sense
zxuys2r8q2	regresar	to go back	reference	topic:en-multi-sense	English-to-Spanish Mappings topic: tag rows carrying a >=7-sense en: lemma with topic:en-multi-sense
m0mgste8it	regresar	to return	reference	topic:en-multi-sense	English-to-Spanish Mappings topic: tag rows carrying a >=7-sense en: lemma with topic:en-multi-sense
at6h8seokt	solicitar [algo]	to request [something]	reference	topic:en-multi-sense	English-to-Spanish Mappings topic: tag rows carrying a >=7-sense en: lemma with topic:en-multi-sense
mckle879y4	mirar hacia adelante	to look ahead	reference	topic:en-multi-sense	English-to-Spanish Mappings topic: tag rows carrying a >=7-sense en: lemma with topic:en-multi-sense
5az9lz5ib7	¡Adelante!	Come in!	reference	topic:en-multi-sense	English-to-Spanish Mappings topic: tag rows carrying a >=7-sense en: lemma with topic:en-multi-sense
rh92u94gb4	¡Adelante!	Go ahead!	reference	topic:en-multi-sense	English-to-Spanish Mappings topic: tag rows carrying a >=7-sense en: lemma with topic:en-multi-sense
f28jremh1h	¡Alto!	Stop!	reference	topic:en-multi-sense	English-to-Spanish Mappings topic: tag rows carrying a >=7-sense en: lemma with topic:en-multi-sense
xbk2rmvbe2	después de	after	reference	topic:en-multi-sense	English-to-Spanish Mappings topic: tag rows carrying a >=7-sense en: lemma with topic:en-multi-sense
jl3egs4efk	hablar en voz baja	to speak quietly/in a low voice	reference	topic:en-multi-sense	English-to-Spanish Mappings topic: tag rows carrying a >=7-sense en: lemma with topic:en-multi-sense
5oksfbyy9k	trabajar bastante	to work a lot	reference	topic:en-multi-sense	English-to-Spanish Mappings topic: tag rows carrying a >=7-sense en: lemma with topic:en-multi-sense
3c8uaa6qwh	así [ocurre algo]	that is how [something happens]	reference	topic:en-multi-sense	English-to-Spanish Mappings topic: tag rows carrying a >=7-sense en: lemma with topic:en-multi-sense
yv5pwer3eq	aun así	even so	reference	topic:en-multi-sense	English-to-Spanish Mappings topic: tag rows carrying a >=7-sense en: lemma with topic:en-multi-sense
u109gx9ehn	así que	so	core	topic:en-multi-sense	English-to-Spanish Mappings topic: tag rows carrying a >=7-sense en: lemma with topic:en-multi-sense
qfok7pguyz	mirar atrás	to look back	reference	topic:en-multi-sense	English-to-Spanish Mappings topic: tag rows carrying a >=7-sense en: lemma with topic:en-multi-sense
0drmuwks7f	incluso	even	reference	topic:en-multi-sense	English-to-Spanish Mappings topic: tag rows carrying a >=7-sense en: lemma with topic:en-multi-sense
alantrg9q4	cuánto	how long	supporting	topic:en-multi-sense	English-to-Spanish Mappings topic: tag rows carrying a >=7-sense en: lemma with topic:en-multi-sense
7lxhk2vc3g	cómo	how	core	topic:en-multi-sense	English-to-Spanish Mappings topic: tag rows carrying a >=7-sense en: lemma with topic:en-multi-sense
gw00aci88b	bastar con [algo]	all it takes is [something]	reference	topic:en-multi-sense	English-to-Spanish Mappings topic: tag rows carrying a >=7-sense en: lemma with topic:en-multi-sense
dakptjtohz	bastar con [hacer algo]	all you need to do is [do something]	reference	topic:en-multi-sense	English-to-Spanish Mappings topic: tag rows carrying a >=7-sense en: lemma with topic:en-multi-sense
ci48dn458g	cuánto	how much	core	topic:en-multi-sense	English-to-Spanish Mappings topic: tag rows carrying a >=7-sense en: lemma with topic:en-multi-sense
n47hpbwe7i	bien	all right	reference	topic:en-multi-sense	English-to-Spanish Mappings topic: tag rows carrying a >=7-sense en: lemma with topic:en-multi-sense
5p9qv88nn3	bueno / buena	good	supporting	topic:en-multi-sense	English-to-Spanish Mappings topic: tag rows carrying a >=7-sense en: lemma with topic:en-multi-sense
17mqfzfrq1	¿cuál es [algo]?	what is [something]?	reference	topic:en-multi-sense	English-to-Spanish Mappings topic: tag rows carrying a >=7-sense en: lemma with topic:en-multi-sense
g585r84tc1	cuál	what	core	topic:en-multi-sense	English-to-Spanish Mappings topic: tag rows carrying a >=7-sense en: lemma with topic:en-multi-sense
iina5o4u5x	cuán grande	how big	reference	topic:en-multi-sense	English-to-Spanish Mappings topic: tag rows carrying a >=7-sense en: lemma with topic:en-multi-sense
r2a8013xq8	ser una buena idea	to be a good idea	reference	topic:en-multi-sense	English-to-Spanish Mappings topic: tag rows carrying a >=7-sense en: lemma with topic:en-multi-sense
gss6t797jr	sentirse mejor	to feel better	reference	topic:en-multi-sense	English-to-Spanish Mappings topic: tag rows carrying a >=7-sense en: lemma with topic:en-multi-sense
ovnw5edm1p	con	with	reference	topic:en-multi-sense	English-to-Spanish Mappings topic: tag rows carrying a >=7-sense en: lemma with topic:en-multi-sense
5fylm54n8s	de [un lugar]	from a place	reference	topic:en-multi-sense	English-to-Spanish Mappings topic: tag rows carrying a >=7-sense en: lemma with topic:en-multi-sense
d11xp5btf2	quién	who	core	topic:en-multi-sense	English-to-Spanish Mappings topic: tag rows carrying a >=7-sense en: lemma with topic:en-multi-sense
eyue78cz5h	de vez en cuando	from time to time	reference	topic:en-multi-sense	English-to-Spanish Mappings topic: tag rows carrying a >=7-sense en: lemma with topic:en-multi-sense
5rr4zebvp7	[hacer algo] de [una emoción]	to [do something] with [an emotion]	reference	topic:en-multi-sense	English-to-Spanish Mappings topic: tag rows carrying a >=7-sense en: lemma with topic:en-multi-sense
3nytgzkkim	trabajar demasiado	to work too much	reference	topic:en-multi-sense	English-to-Spanish Mappings topic: tag rows carrying a >=7-sense en: lemma with topic:en-multi-sense
20iwl9s0r5	dentro de [un tiempo]	in [an amount of time]	reference	topic:en-multi-sense	English-to-Spanish Mappings topic: tag rows carrying a >=7-sense en: lemma with topic:en-multi-sense
yhh3l4act9	desde mi punto de vista	from my point of view	reference	topic:en-multi-sense	English-to-Spanish Mappings topic: tag rows carrying a >=7-sense en: lemma with topic:en-multi-sense
lyttcoaldo	en el cuarto / la habitación	in the room	trash	topic:en-multi-sense	English-to-Spanish Mappings topic: tag rows carrying a >=7-sense en: lemma with topic:en-multi-sense
0v2r7ohznv	hablar después	to talk later	reference	topic:en-multi-sense	English-to-Spanish Mappings topic: tag rows carrying a >=7-sense en: lemma with topic:en-multi-sense
h79dh4z5r9	en un lugar	at a place	reference	topic:en-multi-sense	English-to-Spanish Mappings topic: tag rows carrying a >=7-sense en: lemma with topic:en-multi-sense
6827l0k1ob	desde luego	of course	reference	topic:en-multi-sense	English-to-Spanish Mappings topic: tag rows carrying a >=7-sense en: lemma with topic:en-multi-sense
2i2eb7xpzj	luego	then	reference	topic:en-multi-sense	English-to-Spanish Mappings topic: tag rows carrying a >=7-sense en: lemma with topic:en-multi-sense
hx0to60nd6	en la tienda	at the store	reference	topic:en-multi-sense	English-to-Spanish Mappings topic: tag rows carrying a >=7-sense en: lemma with topic:en-multi-sense
zqynuesp7m	en la oficina	at the office	reference	topic:en-multi-sense	English-to-Spanish Mappings topic: tag rows carrying a >=7-sense en: lemma with topic:en-multi-sense
almn931bqf	en el apartamento	at the apartment	reference	topic:en-multi-sense	English-to-Spanish Mappings topic: tag rows carrying a >=7-sense en: lemma with topic:en-multi-sense
ljeh77mbs7	en el parque	at the park	reference	topic:en-multi-sense	English-to-Spanish Mappings topic: tag rows carrying a >=7-sense en: lemma with topic:en-multi-sense
19blsp2ne3	en el aeropuerto	at the airport	reference	topic:en-multi-sense	English-to-Spanish Mappings topic: tag rows carrying a >=7-sense en: lemma with topic:en-multi-sense
xbx1b5duuw	en el evento	at the event	reference	topic:en-multi-sense	English-to-Spanish Mappings topic: tag rows carrying a >=7-sense en: lemma with topic:en-multi-sense
ih376hqi1w	en Colombia	in Colombia	reference	topic:en-multi-sense	English-to-Spanish Mappings topic: tag rows carrying a >=7-sense en: lemma with topic:en-multi-sense
ri2h5v0twz	en Bogotá	in Bogotá	reference	topic:en-multi-sense	English-to-Spanish Mappings topic: tag rows carrying a >=7-sense en: lemma with topic:en-multi-sense
tc6rh28m6b	en Rosales	in Rosales	reference	topic:en-multi-sense	English-to-Spanish Mappings topic: tag rows carrying a >=7-sense en: lemma with topic:en-multi-sense
kxv8nlgxdq	en el país	in the country	reference	topic:en-multi-sense	English-to-Spanish Mappings topic: tag rows carrying a >=7-sense en: lemma with topic:en-multi-sense
w7xxmnwso7	en la ciudad	in the city	reference	topic:en-multi-sense	English-to-Spanish Mappings topic: tag rows carrying a >=7-sense en: lemma with topic:en-multi-sense
espvuux5lh	en el barrio	in the neighborhood	reference	topic:en-multi-sense	English-to-Spanish Mappings topic: tag rows carrying a >=7-sense en: lemma with topic:en-multi-sense
0btyqoea32	dentro de un lugar	in a place	reference	topic:en-multi-sense	English-to-Spanish Mappings topic: tag rows carrying a >=7-sense en: lemma with topic:en-multi-sense
9nmv4gc74l	en el apartamento	in the apartment	reference	topic:en-multi-sense	English-to-Spanish Mappings topic: tag rows carrying a >=7-sense en: lemma with topic:en-multi-sense
vlo817grkx	en el baño	in the bathroom	reference	topic:en-multi-sense	English-to-Spanish Mappings topic: tag rows carrying a >=7-sense en: lemma with topic:en-multi-sense
nchk5z9l4b	en el carro	in the car	reference	topic:en-multi-sense	English-to-Spanish Mappings topic: tag rows carrying a >=7-sense en: lemma with topic:en-multi-sense
1pnnl3ovji	en el bolso	in the bag	reference	topic:en-multi-sense	English-to-Spanish Mappings topic: tag rows carrying a >=7-sense en: lemma with topic:en-multi-sense
mlegy7ee73	en el piso	on the floor	reference	topic:en-multi-sense	English-to-Spanish Mappings topic: tag rows carrying a >=7-sense en: lemma with topic:en-multi-sense
n9t5c2brnx	en una superficie	on a surface	reference	topic:en-multi-sense	English-to-Spanish Mappings topic: tag rows carrying a >=7-sense en: lemma with topic:en-multi-sense
jfphg18mwh	sobre la mesa	on the table	reference	topic:en-multi-sense	English-to-Spanish Mappings topic: tag rows carrying a >=7-sense en: lemma with topic:en-multi-sense
bpf1cuta59	en una página web	on a webpage	reference	topic:en-multi-sense	English-to-Spanish Mappings topic: tag rows carrying a >=7-sense en: lemma with topic:en-multi-sense
5lw85u2wbp	hasta	even	reference	topic:en-multi-sense	English-to-Spanish Mappings topic: tag rows carrying a >=7-sense en: lemma with topic:en-multi-sense
3tecsp0owz	¡Fuera!	Get out!	reference	topic:en-multi-sense	English-to-Spanish Mappings topic: tag rows carrying a >=7-sense en: lemma with topic:en-multi-sense
ws6aqyp5xd	hablar fuerte	to speak loudly	reference	topic:en-multi-sense	English-to-Spanish Mappings topic: tag rows carrying a >=7-sense en: lemma with topic:en-multi-sense
6rm2kx5c4o	ser una mala idea	to be a bad idea	reference	topic:en-multi-sense	English-to-Spanish Mappings topic: tag rows carrying a >=7-sense en: lemma with topic:en-multi-sense
2xrg55t6l0	sentirse peor	to feel worse	reference	topic:en-multi-sense	English-to-Spanish Mappings topic: tag rows carrying a >=7-sense en: lemma with topic:en-multi-sense
7nzdyaq2x1	en medio de [algo]	in the middle of [something]	reference	topic:en-multi-sense	English-to-Spanish Mappings topic: tag rows carrying a >=7-sense en: lemma with topic:en-multi-sense
8xc9lgyn8v	tomar notas	to take notes	reference	topic:en-multi-sense	English-to-Spanish Mappings topic: tag rows carrying a >=7-sense en: lemma with topic:en-multi-sense
w6bnljz9zs	esta mañana	this morning	reference	topic:en-multi-sense	English-to-Spanish Mappings topic: tag rows carrying a >=7-sense en: lemma with topic:en-multi-sense
aaz55zvczl	esta tarde	this afternoon	reference	topic:en-multi-sense	English-to-Spanish Mappings topic: tag rows carrying a >=7-sense en: lemma with topic:en-multi-sense
1nhgx0mth4	comer medio/a [algo]	to eat half [something]	reference	topic:en-multi-sense	English-to-Spanish Mappings topic: tag rows carrying a >=7-sense en: lemma with topic:en-multi-sense
j7dljg4amk	volver pronto	to come back soon	reference	topic:en-multi-sense	English-to-Spanish Mappings topic: tag rows carrying a >=7-sense en: lemma with topic:en-multi-sense
lfmutd3xru	ni	not even	reference	topic:en-multi-sense	English-to-Spanish Mappings topic: tag rows carrying a >=7-sense en: lemma with topic:en-multi-sense
52dbadce2l	no [hacer algo] siquiera [una vez]	not to [do something] even [once]	reference	topic:en-multi-sense	English-to-Spanish Mappings topic: tag rows carrying a >=7-sense en: lemma with topic:en-multi-sense
v96gg2fw1q	ni siquiera [hacer algo]	not even to [do something]	reference	topic:en-multi-sense	English-to-Spanish Mappings topic: tag rows carrying a >=7-sense en: lemma with topic:en-multi-sense
31la252ocl	siquiera [una cantidad]	at least [an amount]	reference	topic:en-multi-sense	English-to-Spanish Mappings topic: tag rows carrying a >=7-sense en: lemma with topic:en-multi-sense
gejgahqn6v	para que	so that	reference	topic:en-multi-sense	English-to-Spanish Mappings topic: tag rows carrying a >=7-sense en: lemma with topic:en-multi-sense
me1ci2uana	pues	then	reference	topic:en-multi-sense	English-to-Spanish Mappings topic: tag rows carrying a >=7-sense en: lemma with topic:en-multi-sense
b1uohuf8wn	¡qué [adjetivo] [sustantivo]!	what a [adjective] [noun]!	reference	topic:en-multi-sense	English-to-Spanish Mappings topic: tag rows carrying a >=7-sense en: lemma with topic:en-multi-sense
dhxw09o9vs	¡qué [adjetivo]!	how [adjective]!	reference	topic:en-multi-sense	English-to-Spanish Mappings topic: tag rows carrying a >=7-sense en: lemma with topic:en-multi-sense
2f7mb9mt9a	qué (exclamativo)	what	reference	topic:en-multi-sense	English-to-Spanish Mappings topic: tag rows carrying a >=7-sense en: lemma with topic:en-multi-sense
hnd0boisxm	qué (interrogativo)	what	core	topic:en-multi-sense	English-to-Spanish Mappings topic: tag rows carrying a >=7-sense en: lemma with topic:en-multi-sense
y1roq1cyk2	qué (exclamativo)	how	reference	topic:en-multi-sense	English-to-Spanish Mappings topic: tag rows carrying a >=7-sense en: lemma with topic:en-multi-sense
8sisf9u6zt	porque	as	reference	topic:en-multi-sense	English-to-Spanish Mappings topic: tag rows carrying a >=7-sense en: lemma with topic:en-multi-sense
aqt0wb7fmf	irle bien a [alguien] en [algo]	[somebody] does well at [something]	reference	topic:en-multi-sense	English-to-Spanish Mappings topic: tag rows carrying a >=7-sense en: lemma with topic:en-multi-sense
7h7vii1lbc	idea connector que	that or no separate word	trash	topic:en-multi-sense	English-to-Spanish Mappings topic: tag rows carrying a >=7-sense en: lemma with topic:en-multi-sense
juf9q9vio8	que (relativo, persona)	who	supporting	topic:en-multi-sense	English-to-Spanish Mappings topic: tag rows carrying a >=7-sense en: lemma with topic:en-multi-sense
5gd7ah01d5	que (relativo, persona)	that	supporting	topic:en-multi-sense	English-to-Spanish Mappings topic: tag rows carrying a >=7-sense en: lemma with topic:en-multi-sense
waj2eefdj7	que (relativo, cosa)	that	supporting	topic:en-multi-sense	English-to-Spanish Mappings topic: tag rows carrying a >=7-sense en: lemma with topic:en-multi-sense
jyx1d6zq9f	lo que	what	supporting	topic:en-multi-sense	English-to-Spanish Mappings topic: tag rows carrying a >=7-sense en: lemma with topic:en-multi-sense
gwnpt7pmq9	asegurarse de que [algo]	to make sure [something]	reference	topic:en-multi-sense	English-to-Spanish Mappings topic: tag rows carrying a >=7-sense en: lemma with topic:en-multi-sense
16421aymo4	empezar [algo]	to start [something]	supporting	topic:en-multi-sense	English-to-Spanish Mappings topic: tag rows carrying a >=7-sense en: lemma with topic:en-multi-sense
8sroghkesj	comenzar [algo]	to start [something]	reference	topic:en-multi-sense	English-to-Spanish Mappings topic: tag rows carrying a >=7-sense en: lemma with topic:en-multi-sense
of2xl1evmv	encender [un aparato]	to start [a machine]	reference	topic:en-multi-sense	English-to-Spanish Mappings topic: tag rows carrying a >=7-sense en: lemma with topic:en-multi-sense
36f58l84gt	arrancar [un vehículo]	to start [a vehicle]	reference	topic:en-multi-sense	English-to-Spanish Mappings topic: tag rows carrying a >=7-sense en: lemma with topic:en-multi-sense
0lold5fh3d	siempre que [ocurra algo]	as long as [something happens]	reference	topic:en-multi-sense	English-to-Spanish Mappings topic: tag rows carrying a >=7-sense en: lemma with topic:en-multi-sense
k3jg1rin0g	irse para siempre	to leave forever/for good	reference	topic:en-multi-sense	English-to-Spanish Mappings topic: tag rows carrying a >=7-sense en: lemma with topic:en-multi-sense
tpnbbxdlyr	llevar [tiempo] sin [hacer algo]	not to have [done something] for [a period of time]	reference	topic:en-multi-sense	English-to-Spanish Mappings topic: tag rows carrying a >=7-sense en: lemma with topic:en-multi-sense
6k3ek5jhqf	[hacer algo] tanto como [alguien]	to [do something] as much as [somebody]	reference	topic:en-multi-sense	English-to-Spanish Mappings topic: tag rows carrying a >=7-sense en: lemma with topic:en-multi-sense
23jqqwk28f	tardar [tiempo] en [hacer algo]	to take [an amount of time] to [do something]	reference	topic:en-multi-sense	English-to-Spanish Mappings topic: tag rows carrying a >=7-sense en: lemma with topic:en-multi-sense
g5nlbifpst	tardar	to take a long time	reference	topic:en-multi-sense	English-to-Spanish Mappings topic: tag rows carrying a >=7-sense en: lemma with topic:en-multi-sense
vmo1fuguve	tardar en [hacer algo]	to be slow to [do something]	reference	topic:en-multi-sense	English-to-Spanish Mappings topic: tag rows carrying a >=7-sense en: lemma with topic:en-multi-sense
59sy6jp2jo	muchas veces	many times	reference	topic:en-multi-sense	English-to-Spanish Mappings topic: tag rows carrying a >=7-sense en: lemma with topic:en-multi-sense
q60j06yhe9	terminar [algo]	to finish [something]	reference	topic:en-multi-sense	English-to-Spanish Mappings topic: tag rows carrying a >=7-sense en: lemma with topic:en-multi-sense
nk3mx4ovzj	arreglarse	to get ready	reference	topic:en-multi-sense	English-to-Spanish Mappings topic: tag rows carrying a >=7-sense en: lemma with topic:en-multi-sense
rakstubyz7	entonces	then	reference	topic:en-multi-sense	English-to-Spanish Mappings topic: tag rows carrying a >=7-sense en: lemma with topic:en-multi-sense
i4lcwbw8pd	nos vemos luego	see you later	reference	topic:en-multi-sense	English-to-Spanish Mappings topic: tag rows carrying a >=7-sense en: lemma with topic:en-multi-sense
jyt07gvckk	en aquel entonces	back then	reference	topic:en-multi-sense	English-to-Spanish Mappings topic: tag rows carrying a >=7-sense en: lemma with topic:en-multi-sense
bxf6qq8cd0	a esa hora	then	reference	topic:en-multi-sense	English-to-Spanish Mappings topic: tag rows carrying a >=7-sense en: lemma with topic:en-multi-sense
oyxzv5jbvk	estar de acuerdo con [alguien]	to agree with [somebody]	reference	topic:en-multi-sense	English-to-Spanish Mappings topic: tag rows carrying a >=7-sense en: lemma with topic:en-multi-sense
ajrzidjskb	aceptar [algo]	to agree to [something]	reference	topic:en-multi-sense	English-to-Spanish Mappings topic: tag rows carrying a >=7-sense en: lemma with topic:en-multi-sense
xvopup6s8x	coincidir	to agree	reference	topic:en-multi-sense	English-to-Spanish Mappings topic: tag rows carrying a >=7-sense en: lemma with topic:en-multi-sense
vsv7lpalf2	calcular [cantidad de tiempo] para [algo]	to allow [an amount of time] for [something]	reference	topic:en-multi-sense	English-to-Spanish Mappings topic: tag rows carrying a >=7-sense en: lemma with topic:en-multi-sense
dzzngcl5ri	no dejar de [hacer algo]	to keep [doing something]	reference	topic:en-multi-sense	English-to-Spanish Mappings topic: tag rows carrying a >=7-sense en: lemma with topic:en-multi-sense
iwv1m9ssf3	en todo caso	in any case	reference	topic:en-multi-sense	English-to-Spanish Mappings topic: tag rows carrying a >=7-sense en: lemma with topic:en-multi-sense
ofljcb2ew7	todo el tiempo	all the time	reference	topic:en-multi-sense	English-to-Spanish Mappings topic: tag rows carrying a >=7-sense en: lemma with topic:en-multi-sense
y78uyi9c5c	dar acceso a [algo]	to give access to [something]	reference	topic:en-multi-sense	English-to-Spanish Mappings topic: tag rows carrying a >=7-sense en: lemma with topic:en-multi-sense
8xgp5lhz06	después de [algo]	after [something]	reference	topic:en-multi-sense	English-to-Spanish Mappings topic: tag rows carrying a >=7-sense en: lemma with topic:en-multi-sense
z9teu2b4u2	después de que [ocurrió algo]	after [something happened]	reference	topic:en-multi-sense	English-to-Spanish Mappings topic: tag rows carrying a >=7-sense en: lemma with topic:en-multi-sense
s2d4wcjbxo	tras [algo]	after [something]	reference	topic:en-multi-sense	English-to-Spanish Mappings topic: tag rows carrying a >=7-sense en: lemma with topic:en-multi-sense
eqv8kq4bxf	pensándolo bien	then again	reference	topic:en-multi-sense	English-to-Spanish Mappings topic: tag rows carrying a >=7-sense en: lemma with topic:en-multi-sense
dtu9mjoclb	ir bien	to come along well	reference	topic:en-multi-sense	English-to-Spanish Mappings topic: tag rows carrying a >=7-sense en: lemma with topic:en-multi-sense
q33oxlqbe5	traer [alguien] contigo	to bring [somebody] along	reference	topic:en-multi-sense	English-to-Spanish Mappings topic: tag rows carrying a >=7-sense en: lemma with topic:en-multi-sense
k3o01kfput	parecerse a [alguien]	to take after [somebody]	reference	topic:en-multi-sense	English-to-Spanish Mappings topic: tag rows carrying a >=7-sense en: lemma with topic:en-multi-sense
qoipe9f8y1	el/la peor	the worst	reference	topic:en-multi-sense	English-to-Spanish Mappings topic: tag rows carrying a >=7-sense en: lemma with topic:en-multi-sense
vb2uvwnj0w	[el] costo	the cost	reference	topic:en-multi-sense	English-to-Spanish Mappings topic: tag rows carrying a >=7-sense en: lemma with topic:en-multi-sense
wx26juw5jo	peor	worse	reference	topic:en-multi-sense	English-to-Spanish Mappings topic: tag rows carrying a >=7-sense en: lemma with topic:en-multi-sense
eff9tjrydf	darle tiempo a [alguien]	to buy [somebody] time	reference	topic:en-multi-sense	English-to-Spanish Mappings topic: tag rows carrying a >=7-sense en: lemma with topic:en-multi-sense
huqjh8qslq	importarle [algo]	to care about [something]	reference	topic:en-multi-sense	English-to-Spanish Mappings topic: tag rows carrying a >=7-sense en: lemma with topic:en-multi-sense
jsfywmwb2q	preocuparse por [algo]	to care about [something]	reference	topic:en-multi-sense	English-to-Spanish Mappings topic: tag rows carrying a >=7-sense en: lemma with topic:en-multi-sense
xwr40xdiyc	cuidar [alguien]	to care for [somebody]	reference	topic:en-multi-sense	English-to-Spanish Mappings topic: tag rows carrying a >=7-sense en: lemma with topic:en-multi-sense
4lvhwvih13	¿te gustaría [algo]?	would you care for [something]?	reference	topic:en-multi-sense	English-to-Spanish Mappings topic: tag rows carrying a >=7-sense en: lemma with topic:en-multi-sense
a4g0kqya37	atrapar [algo]	to catch [something]	reference	topic:en-multi-sense	English-to-Spanish Mappings topic: tag rows carrying a >=7-sense en: lemma with topic:en-multi-sense
bijorvfnjq	alcanzar [un transporte]	to catch [transport]	reference	topic:en-multi-sense	English-to-Spanish Mappings topic: tag rows carrying a >=7-sense en: lemma with topic:en-multi-sense
t3k0bkap2f	resfriarse	to catch a cold	reference	topic:en-multi-sense	English-to-Spanish Mappings topic: tag rows carrying a >=7-sense en: lemma with topic:en-multi-sense
e9hvnwnx5k	entender [algo]	to catch [something]	reference	topic:en-multi-sense	English-to-Spanish Mappings topic: tag rows carrying a >=7-sense en: lemma with topic:en-multi-sense
egrvgcm5hc	sorprender a [alguien] [haciendo algo]	to catch [somebody] [doing something]	reference	topic:en-multi-sense	English-to-Spanish Mappings topic: tag rows carrying a >=7-sense en: lemma with topic:en-multi-sense
peqpgwfh34	duro/a	hard	reference	topic:en-multi-sense	English-to-Spanish Mappings topic: tag rows carrying a >=7-sense en: lemma with topic:en-multi-sense
noaqpx4pgb	[ser] difícil	[to be] hard	reference	topic:en-multi-sense	English-to-Spanish Mappings topic: tag rows carrying a >=7-sense en: lemma with topic:en-multi-sense
ldj6l0mdep	parecerle bien a [alguien]	to be fine with [somebody]	reference	topic:en-multi-sense	English-to-Spanish Mappings topic: tag rows carrying a >=7-sense en: lemma with topic:en-multi-sense
8qkzde6rm4	con esfuerzo	hard	reference	topic:en-multi-sense	English-to-Spanish Mappings topic: tag rows carrying a >=7-sense en: lemma with topic:en-multi-sense
svjll3kjxt	ocupar un cargo importante	to hold a high position	reference	topic:en-multi-sense	English-to-Spanish Mappings topic: tag rows carrying a >=7-sense en: lemma with topic:en-multi-sense
sp9vpwtyfk	antiguo/a	old	reference	topic:en-multi-sense	English-to-Spanish Mappings topic: tag rows carrying a >=7-sense en: lemma with topic:en-multi-sense
crw3ztzb94	[sentirse] solo/a	[to feel] lonely	reference	topic:en-multi-sense	English-to-Spanish Mappings topic: tag rows carrying a >=7-sense en: lemma with topic:en-multi-sense
lpvtgpjs0w	anterior	old [role]	reference	topic:en-multi-sense	English-to-Spanish Mappings topic: tag rows carrying a >=7-sense en: lemma with topic:en-multi-sense
acxwq7xjm9	tener que [hacer algo]	must [do something]	reference	topic:en-multi-sense	English-to-Spanish Mappings topic: tag rows carrying a >=7-sense en: lemma with topic:en-multi-sense
jow1ehsh42	mucha gente	many people	reference	topic:en-multi-sense	English-to-Spanish Mappings topic: tag rows carrying a >=7-sense en: lemma with topic:en-multi-sense
feol8lzuht	muchos/as de [algo]	many of [something]	reference	topic:en-multi-sense	English-to-Spanish Mappings topic: tag rows carrying a >=7-sense en: lemma with topic:en-multi-sense
spdcvm0pcy	muchísimos/as	a great many	reference	topic:en-multi-sense	English-to-Spanish Mappings topic: tag rows carrying a >=7-sense en: lemma with topic:en-multi-sense
v5b7rf226u	por ahora	for now	reference	topic:en-multi-sense	English-to-Spanish Mappings topic: tag rows carrying a >=7-sense en: lemma with topic:en-multi-sense
m83xfkgld1	¿Qué hay de nuevo?	What is new?	reference	topic:en-multi-sense	English-to-Spanish Mappings topic: tag rows carrying a >=7-sense en: lemma with topic:en-multi-sense
3nibgk2dqk	[la] propiedad	ownership	reference	topic:en-multi-sense	English-to-Spanish Mappings topic: tag rows carrying a >=7-sense en: lemma with topic:en-multi-sense
z9qg9ks1ga	[el/la] dueño/a	the owner	reference	topic:en-multi-sense	English-to-Spanish Mappings topic: tag rows carrying a >=7-sense en: lemma with topic:en-multi-sense
e40ebwunzv	propio/a	own	reference	topic:en-multi-sense	English-to-Spanish Mappings topic: tag rows carrying a >=7-sense en: lemma with topic:en-multi-sense
1bp41aco7p	ofrecerle [algo] a [alguien]	to offer [somebody] [something]	reference	topic:en-multi-sense	English-to-Spanish Mappings topic: tag rows carrying a >=7-sense en: lemma with topic:en-multi-sense
9mvkkm6znw	ser dueño/a de [algo]	to own [something]	reference	topic:en-multi-sense	English-to-Spanish Mappings topic: tag rows carrying a >=7-sense en: lemma with topic:en-multi-sense
le4iu71rle	proponer pagar [cantidad] por [algo]	to offer [an amount] for [something]	reference	topic:en-multi-sense	English-to-Spanish Mappings topic: tag rows carrying a >=7-sense en: lemma with topic:en-multi-sense
thf9jt8qp9	ser propietario/a de [algo]	to own [something]	reference	topic:en-multi-sense	English-to-Spanish Mappings topic: tag rows carrying a >=7-sense en: lemma with topic:en-multi-sense
y4dvxsy81n	solo/a	on one's own	reference	topic:en-multi-sense	English-to-Spanish Mappings topic: tag rows carrying a >=7-sense en: lemma with topic:en-multi-sense
mfw6hilqre	admitir [algo]	to own up to [something]	reference	topic:en-multi-sense	English-to-Spanish Mappings topic: tag rows carrying a >=7-sense en: lemma with topic:en-multi-sense
21ip23zino	darle [algo] a [alguien]	to provide [somebody] with [something]	reference	topic:en-multi-sense	English-to-Spanish Mappings topic: tag rows carrying a >=7-sense en: lemma with topic:en-multi-sense
gs1i2tjs8s	pagarle a [alguien]	to pay [somebody]	reference	topic:en-multi-sense	English-to-Spanish Mappings topic: tag rows carrying a >=7-sense en: lemma with topic:en-multi-sense
u9zbsje4u6	saldar [una deuda]	to pay off [a debt]	reference	topic:en-multi-sense	English-to-Spanish Mappings topic: tag rows carrying a >=7-sense en: lemma with topic:en-multi-sense
wyjcbhrfe4	establecer que [ocurrió algo]	to provide that [something happened]	reference	topic:en-multi-sense	English-to-Spanish Mappings topic: tag rows carrying a >=7-sense en: lemma with topic:en-multi-sense
p71stevmcf	[ser] gratuito	[to be] free of charge	reference	topic:en-multi-sense	English-to-Spanish Mappings topic: tag rows carrying a >=7-sense en: lemma with topic:en-multi-sense
tn4zxjyp3o	[ser] lento	[to be] slow	supporting	topic:en-multi-sense	English-to-Spanish Mappings topic: tag rows carrying a >=7-sense en: lemma with topic:en-multi-sense
itje57f5s3	comunicarse con [alguien]	to reach [somebody]	reference	topic:en-multi-sense	English-to-Spanish Mappings topic: tag rows carrying a >=7-sense en: lemma with topic:en-multi-sense
mc2zmo0zzw	reembolsarle [algo] a [alguien]	to return [somebody's] money	reference	topic:en-multi-sense	English-to-Spanish Mappings topic: tag rows carrying a >=7-sense en: lemma with topic:en-multi-sense
s4lg9gxq68	devolverle la llamada a [alguien]	to return [somebody's] call	reference	topic:en-multi-sense	English-to-Spanish Mappings topic: tag rows carrying a >=7-sense en: lemma with topic:en-multi-sense
8nmzifpeq2	utilizar	to use	reference	topic:en-multi-sense	English-to-Spanish Mappings topic: tag rows carrying a >=7-sense en: lemma with topic:en-multi-sense
mr5xljej8s	[el] precio	cost	reference	topic:en-multi-sense	English-to-Spanish Mappings topic: tag rows carrying a >=7-sense en: lemma with topic:en-multi-sense
m8g7uv9h3o	[la] luz	power	reference	topic:en-multi-sense	English-to-Spanish Mappings topic: tag rows carrying a >=7-sense en: lemma with topic:en-multi-sense
itbjcq4mo3	de casa	from home	reference	topic:en-multi-sense	English-to-Spanish Mappings topic: tag rows carrying a >=7-sense en: lemma with topic:en-multi-sense
yxytcw4sfd	[la] persona	somebody	reference	topic:en-multi-sense	English-to-Spanish Mappings topic: tag rows carrying a >=7-sense en: lemma with topic:en-multi-sense
3csk0n8wv5	aguantar [algo]	to stand [something]	reference	topic:en-multi-sense	English-to-Spanish Mappings topic: tag rows carrying a >=7-sense en: lemma with topic:en-multi-sense
v9e6hk1qoa	aguantar	to hold on	reference	topic:en-multi-sense	English-to-Spanish Mappings topic: tag rows carrying a >=7-sense en: lemma with topic:en-multi-sense
kqlemql5q9	aprovechar [algo]	to take advantage of [something]	reference	topic:en-multi-sense	English-to-Spanish Mappings topic: tag rows carrying a >=7-sense en: lemma with topic:en-multi-sense
fccjkbxo8e	aprovechar [algo]	to make good use of [something]	reference	topic:en-multi-sense	English-to-Spanish Mappings topic: tag rows carrying a >=7-sense en: lemma with topic:en-multi-sense
dzpf9yqfk0	aprovechar [algo]	to benefit from [something]	reference	topic:en-multi-sense	English-to-Spanish Mappings topic: tag rows carrying a >=7-sense en: lemma with topic:en-multi-sense
3azngvgkey	avisarle a [alguien]	to let [somebody] know	reference	topic:en-multi-sense	English-to-Spanish Mappings topic: tag rows carrying a >=7-sense en: lemma with topic:en-multi-sense
985gwu0ia6	avisarle a [alguien] que [algo]	to tell [somebody] that [something]	reference	topic:en-multi-sense	English-to-Spanish Mappings topic: tag rows carrying a >=7-sense en: lemma with topic:en-multi-sense
ciqmuidd85	bajar	to come down	reference	topic:en-multi-sense	English-to-Spanish Mappings topic: tag rows carrying a >=7-sense en: lemma with topic:en-multi-sense
60j5r1u055	bajarse de [un transporte]	to get off [transportation]	reference	topic:en-multi-sense	English-to-Spanish Mappings topic: tag rows carrying a >=7-sense en: lemma with topic:en-multi-sense
vrgb6w3s8v	bajar [un ajuste]	to turn down [a setting]	reference	topic:en-multi-sense	English-to-Spanish Mappings topic: tag rows carrying a >=7-sense en: lemma with topic:en-multi-sense
nzirmwwqz0	bajar	to fall	reference	topic:en-multi-sense	English-to-Spanish Mappings topic: tag rows carrying a >=7-sense en: lemma with topic:en-multi-sense
2h41m9g49b	caber [alguien/algo]	for there to be room for [somebody/something]	reference	topic:en-multi-sense	English-to-Spanish Mappings topic: tag rows carrying a >=7-sense en: lemma with topic:en-multi-sense
qwu0of4uv5	caber la posibilidad de que [algo]	for it to be possible that [something]	reference	topic:en-multi-sense	English-to-Spanish Mappings topic: tag rows carrying a >=7-sense en: lemma with topic:en-multi-sense
gltra9r0tv	caber destacar [algo]	for [something] to be worth noting	reference	topic:en-multi-sense	English-to-Spanish Mappings topic: tag rows carrying a >=7-sense en: lemma with topic:en-multi-sense
1rve8jq2rm	cambiar [algo] por [algo]	to exchange [something] for [something]	reference	topic:en-multi-sense	English-to-Spanish Mappings topic: tag rows carrying a >=7-sense en: lemma with topic:en-multi-sense
1c10sdwf8m	cambiarse	to get changed	reference	topic:en-multi-sense	English-to-Spanish Mappings topic: tag rows carrying a >=7-sense en: lemma with topic:en-multi-sense
idq8drq64m	cargarle [algo] a [alguien]	to blame [somebody] for [something]	reference	topic:en-multi-sense	English-to-Spanish Mappings topic: tag rows carrying a >=7-sense en: lemma with topic:en-multi-sense
tztlzyvj4i	cargarse [algo] al hombro	to take on [something]	reference	topic:en-multi-sense	English-to-Spanish Mappings topic: tag rows carrying a >=7-sense en: lemma with topic:en-multi-sense
7ckfdreaoe	encargarle [algo] a [alguien]	to put [somebody] in charge of [something]	reference	topic:en-multi-sense	English-to-Spanish Mappings topic: tag rows carrying a >=7-sense en: lemma with topic:en-multi-sense
yiqjr127ed	encargarle a [alguien] que [haga algo]	to ask [somebody] to [do something]	reference	topic:en-multi-sense	English-to-Spanish Mappings topic: tag rows carrying a >=7-sense en: lemma with topic:en-multi-sense
0mxnpd7krx	encargarse de [algo]	to take care of [something]	reference	topic:en-multi-sense	English-to-Spanish Mappings topic: tag rows carrying a >=7-sense en: lemma with topic:en-multi-sense
nse7vj3fbs	estar encargado de [algo]	to be in charge of [something]	reference	topic:en-multi-sense	English-to-Spanish Mappings topic: tag rows carrying a >=7-sense en: lemma with topic:en-multi-sense
bldd0u1kcp	dejar [algo] encargado a [alguien]	to leave [something] in [somebody's] care	reference	topic:en-multi-sense	English-to-Spanish Mappings topic: tag rows carrying a >=7-sense en: lemma with topic:en-multi-sense
vb0be6c64h	cobrar	to get paid	reference	topic:en-multi-sense	English-to-Spanish Mappings topic: tag rows carrying a >=7-sense en: lemma with topic:en-multi-sense
faqcrnung3	coger [algo]	to take [something]	reference	topic:en-multi-sense	English-to-Spanish Mappings topic: tag rows carrying a >=7-sense en: lemma with topic:en-multi-sense
r0b8fwymx2	coger [algo]	to catch [something]	reference	topic:en-multi-sense	English-to-Spanish Mappings topic: tag rows carrying a >=7-sense en: lemma with topic:en-multi-sense
zrzt4f88zv	coger [un transporte]	to take [transportation]	reference	topic:en-multi-sense	English-to-Spanish Mappings topic: tag rows carrying a >=7-sense en: lemma with topic:en-multi-sense
zkrc7g5j4s	coger [una enfermedad]	to catch [an illness]	reference	topic:en-multi-sense	English-to-Spanish Mappings topic: tag rows carrying a >=7-sense en: lemma with topic:en-multi-sense
zo1bmih61v	coger a [alguien]	to catch [somebody]	reference	topic:en-multi-sense	English-to-Spanish Mappings topic: tag rows carrying a >=7-sense en: lemma with topic:en-multi-sense
qvh1dhowu6	encontrarse con [alguien]	to run into [somebody]	reference	topic:en-multi-sense	English-to-Spanish Mappings topic: tag rows carrying a >=7-sense en: lemma with topic:en-multi-sense
g8xlqd0im0	recoger [algo]	to take in [something]	reference	topic:en-multi-sense	English-to-Spanish Mappings topic: tag rows carrying a >=7-sense en: lemma with topic:en-multi-sense
cb76eu618e	correr [un programa]	to run [a program]	reference	topic:en-multi-sense	English-to-Spanish Mappings topic: tag rows carrying a >=7-sense en: lemma with topic:en-multi-sense
1wrulf5p6q	correr un riesgo	to take a risk	reference	topic:en-multi-sense	English-to-Spanish Mappings topic: tag rows carrying a >=7-sense en: lemma with topic:en-multi-sense
o5cjflzcow	cuidar a [alguien]	to take care of [somebody]	reference	topic:en-multi-sense	English-to-Spanish Mappings topic: tag rows carrying a >=7-sense en: lemma with topic:en-multi-sense
kova6764iw	dolerle [algo] a [alguien]	for [something] to hurt [somebody]	reference	topic:en-multi-sense	English-to-Spanish Mappings topic: tag rows carrying a >=7-sense en: lemma with topic:en-multi-sense
4hswrv4rqb	dolerle a [alguien] [algo]	for [something] to hurt [somebody] emotionally	reference	topic:en-multi-sense	English-to-Spanish Mappings topic: tag rows carrying a >=7-sense en: lemma with topic:en-multi-sense
cxbxbe3chs	dolerle a [alguien] haber [hecho algo]	to be sorry to have [done something]	reference	topic:en-multi-sense	English-to-Spanish Mappings topic: tag rows carrying a >=7-sense en: lemma with topic:en-multi-sense
mhrr71qehn	dormirse	to fall asleep	reference	topic:en-multi-sense	English-to-Spanish Mappings topic: tag rows carrying a >=7-sense en: lemma with topic:en-multi-sense
fds16n18cd	dormir a [alguien]	to put [somebody] to sleep	reference	topic:en-multi-sense	English-to-Spanish Mappings topic: tag rows carrying a >=7-sense en: lemma with topic:en-multi-sense
mnsgd6cvbc	elegir [hacer algo]	to choose to [do something]	reference	topic:en-multi-sense	English-to-Spanish Mappings topic: tag rows carrying a >=7-sense en: lemma with topic:en-multi-sense
ooo5pxwt1y	empezar	to start	reference	topic:en-multi-sense	English-to-Spanish Mappings topic: tag rows carrying a >=7-sense en: lemma with topic:en-multi-sense
eeqa5shfq0	empezar por [hacer algo]	to start by [doing something]	reference	topic:en-multi-sense	English-to-Spanish Mappings topic: tag rows carrying a >=7-sense en: lemma with topic:en-multi-sense
6ufoal1lhk	encender [algo]	to turn on [something]	reference	topic:en-multi-sense	English-to-Spanish Mappings topic: tag rows carrying a >=7-sense en: lemma with topic:en-multi-sense
tk7obpumjc	encender [un vehículo]	to start [a vehicle]	reference	topic:en-multi-sense	English-to-Spanish Mappings topic: tag rows carrying a >=7-sense en: lemma with topic:en-multi-sense
5ifvhmev6q	encontrarse [adjetivo]	to feel [adjective]	reference	topic:en-multi-sense	English-to-Spanish Mappings topic: tag rows carrying a >=7-sense en: lemma with topic:en-multi-sense
4dots3x0dv	gastar [algo]	to use up [something]	reference	topic:en-multi-sense	English-to-Spanish Mappings topic: tag rows carrying a >=7-sense en: lemma with topic:en-multi-sense
luo268lj6k	gastarse	to wear out	reference	topic:en-multi-sense	English-to-Spanish Mappings topic: tag rows carrying a >=7-sense en: lemma with topic:en-multi-sense
3t68o5qzoy	guardar [algo]	to keep [something]	reference	topic:en-multi-sense	English-to-Spanish Mappings topic: tag rows carrying a >=7-sense en: lemma with topic:en-multi-sense
yqer3iro9h	guardar un secreto	to keep a secret	reference	topic:en-multi-sense	English-to-Spanish Mappings topic: tag rows carrying a >=7-sense en: lemma with topic:en-multi-sense
krz97g2k8a	jugar con [algo]	to play with [something]	reference	topic:en-multi-sense	English-to-Spanish Mappings topic: tag rows carrying a >=7-sense en: lemma with topic:en-multi-sense
99ewwc904m	olvidar [algo] en [un lugar]	to leave [something] in [a place]	reference	topic:en-multi-sense	English-to-Spanish Mappings topic: tag rows carrying a >=7-sense en: lemma with topic:en-multi-sense
8on4ssnvkm	meter [algo] en [algo]	to put [something] into [something]	reference	topic:en-multi-sense	English-to-Spanish Mappings topic: tag rows carrying a >=7-sense en: lemma with topic:en-multi-sense
8eeezi57j4	meterse en [un lugar]	to get into [a place]	reference	topic:en-multi-sense	English-to-Spanish Mappings topic: tag rows carrying a >=7-sense en: lemma with topic:en-multi-sense
8pin6oau9g	meterse a [hacer algo]	to get into [doing something]	reference	topic:en-multi-sense	English-to-Spanish Mappings topic: tag rows carrying a >=7-sense en: lemma with topic:en-multi-sense
4c8iabv3yz	meterse en problemas	to get into trouble	reference	topic:en-multi-sense	English-to-Spanish Mappings topic: tag rows carrying a >=7-sense en: lemma with topic:en-multi-sense
jyvm1fkdq7	morirse [un dispositivo]	for [a device] to die	reference	topic:en-multi-sense	English-to-Spanish Mappings topic: tag rows carrying a >=7-sense en: lemma with topic:en-multi-sense
vrgsv4wzfo	morirse por [hacer algo]	to be dying to [do something]	reference	topic:en-multi-sense	English-to-Spanish Mappings topic: tag rows carrying a >=7-sense en: lemma with topic:en-multi-sense
jysogq3l7e	olvidársele [algo] a [alguien]	for [somebody] to forget [something]	reference	topic:en-multi-sense	English-to-Spanish Mappings topic: tag rows carrying a >=7-sense en: lemma with topic:en-multi-sense
8i7uc2z97a	pagar	to pay	reference	topic:en-multi-sense	English-to-Spanish Mappings topic: tag rows carrying a >=7-sense en: lemma with topic:en-multi-sense
xe9qmpnpef	pagar por [algo]	to pay for [something]	reference	topic:en-multi-sense	English-to-Spanish Mappings topic: tag rows carrying a >=7-sense en: lemma with topic:en-multi-sense
ytwtdcyakg	devolverle dinero a [alguien]	to pay [somebody] back	reference	topic:en-multi-sense	English-to-Spanish Mappings topic: tag rows carrying a >=7-sense en: lemma with topic:en-multi-sense
2su9hktaqm	pagar todo	to pay up	reference	topic:en-multi-sense	English-to-Spanish Mappings topic: tag rows carrying a >=7-sense en: lemma with topic:en-multi-sense
nzqc17mu73	pegarse a [algo]	to get stuck to [something]	reference	topic:en-multi-sense	English-to-Spanish Mappings topic: tag rows carrying a >=7-sense en: lemma with topic:en-multi-sense
bby0sovznk	pegarle [una enfermedad] a [alguien]	to give [somebody] an illness	reference	topic:en-multi-sense	English-to-Spanish Mappings topic: tag rows carrying a >=7-sense en: lemma with topic:en-multi-sense
op2g7f5we1	pegársele [algo] a [alguien]	for [something] to rub off on [somebody]	reference	topic:en-multi-sense	English-to-Spanish Mappings topic: tag rows carrying a >=7-sense en: lemma with topic:en-multi-sense
m1opppp4s5	pegarse a [algo/alguien]	to stay close to [something/somebody]	reference	topic:en-multi-sense	English-to-Spanish Mappings topic: tag rows carrying a >=7-sense en: lemma with topic:en-multi-sense
z7amf9jjbu	romper un récord	to break a record	reference	topic:en-multi-sense	English-to-Spanish Mappings topic: tag rows carrying a >=7-sense en: lemma with topic:en-multi-sense
bebv5oi2xq	romper con [alguien]	to break up with [somebody]	reference	topic:en-multi-sense	English-to-Spanish Mappings topic: tag rows carrying a >=7-sense en: lemma with topic:en-multi-sense
sao8m0fmzs	subirse a [un transporte]	to get on [transportation]	reference	topic:en-multi-sense	English-to-Spanish Mappings topic: tag rows carrying a >=7-sense en: lemma with topic:en-multi-sense
rbub08uirg	subir	to come up	reference	topic:en-multi-sense	English-to-Spanish Mappings topic: tag rows carrying a >=7-sense en: lemma with topic:en-multi-sense
i4yza7s44d	subir [algo]	to bring up [something]	reference	topic:en-multi-sense	English-to-Spanish Mappings topic: tag rows carrying a >=7-sense en: lemma with topic:en-multi-sense
w8obyhwxnh	andar por [un lugar]	to go around [a place]	reference	topic:en-multi-sense	English-to-Spanish Mappings topic: tag rows carrying a >=7-sense en: lemma with topic:en-multi-sense
hjs9ep6fcx	andar [haciendo algo]	to be [doing something]	reference	topic:en-multi-sense	English-to-Spanish Mappings topic: tag rows carrying a >=7-sense en: lemma with topic:en-multi-sense
kxzo7hrvsf	andar [un dispositivo]	for [a device] to work	reference	topic:en-multi-sense	English-to-Spanish Mappings topic: tag rows carrying a >=7-sense en: lemma with topic:en-multi-sense
hg0fms84jb	apuntar a [algo]	to point to [something]	reference	topic:en-multi-sense	English-to-Spanish Mappings topic: tag rows carrying a >=7-sense en: lemma with topic:en-multi-sense
p7tqiahqw5	apuntarse a [algo]	to sign up for [something]	reference	topic:en-multi-sense	English-to-Spanish Mappings topic: tag rows carrying a >=7-sense en: lemma with topic:en-multi-sense
7g9t44368j	apuntar a [hacer algo]	to aim to [do something]	reference	topic:en-multi-sense	English-to-Spanish Mappings topic: tag rows carrying a >=7-sense en: lemma with topic:en-multi-sense
6zok4qn7s1	ayudarse de [algo]	to use [something] to help oneself	reference	topic:en-multi-sense	English-to-Spanish Mappings topic: tag rows carrying a >=7-sense en: lemma with topic:en-multi-sense
0jgdkhwoy1	callar [algo]	to keep [something] quiet	reference	topic:en-multi-sense	English-to-Spanish Mappings topic: tag rows carrying a >=7-sense en: lemma with topic:en-multi-sense
yg6xltanht	hacer lucir [adjetivo] a [algo]	to make [something] look [adjective]	reference	topic:en-multi-sense	English-to-Spanish Mappings topic: tag rows carrying a >=7-sense en: lemma with topic:en-multi-sense
gx8qvdgggd	casar [algo] con [algo]	to reconcile [something] with [something]	reference	topic:en-multi-sense	English-to-Spanish Mappings topic: tag rows carrying a >=7-sense en: lemma with topic:en-multi-sense
1w53owbdde	despedirse de [alguien]	to say goodbye to [somebody]	reference	topic:en-multi-sense	English-to-Spanish Mappings topic: tag rows carrying a >=7-sense en: lemma with topic:en-multi-sense
keipu2amzu	despedir [algo]	to give off [something]	reference	topic:en-multi-sense	English-to-Spanish Mappings topic: tag rows carrying a >=7-sense en: lemma with topic:en-multi-sense
jeknschyp1	dirigir [algo]	to run [something]	reference	topic:en-multi-sense	English-to-Spanish Mappings topic: tag rows carrying a >=7-sense en: lemma with topic:en-multi-sense
jx30cy0knp	dirigir [algo] a [alguien]	to address [something] to [somebody]	reference	topic:en-multi-sense	English-to-Spanish Mappings topic: tag rows carrying a >=7-sense en: lemma with topic:en-multi-sense
ilvyid32a1	lucir [adjetivo]	to look [adjective]	reference	topic:en-multi-sense	English-to-Spanish Mappings topic: tag rows carrying a >=7-sense en: lemma with topic:en-multi-sense
9hg67ws4uf	lucir [algo]	to wear [something]	reference	topic:en-multi-sense	English-to-Spanish Mappings topic: tag rows carrying a >=7-sense en: lemma with topic:en-multi-sense
nam9b22zd9	lucirse	to show off	reference	topic:en-multi-sense	English-to-Spanish Mappings topic: tag rows carrying a >=7-sense en: lemma with topic:en-multi-sense
vg4oykxghk	lucirle bien [algo] a [alguien]	for [something] to look good on [somebody]	reference	topic:en-multi-sense	English-to-Spanish Mappings topic: tag rows carrying a >=7-sense en: lemma with topic:en-multi-sense
5b4zdy92e4	subir [un ajuste]	to turn up [a setting]	reference	topic:en-multi-sense	English-to-Spanish Mappings topic: tag rows carrying a >=7-sense en: lemma with topic:en-multi-sense
977cxas6wl	marcar la diferencia	to make a difference	reference	topic:en-multi-sense	English-to-Spanish Mappings topic: tag rows carrying a >=7-sense en: lemma with topic:en-multi-sense
bqha0lt3ra	partir de [algo]	to start from [something]	reference	topic:en-multi-sense	English-to-Spanish Mappings topic: tag rows carrying a >=7-sense en: lemma with topic:en-multi-sense
r307dnrn4m	partirle el corazón a [alguien]	to break [somebody's] heart	reference	topic:en-multi-sense	English-to-Spanish Mappings topic: tag rows carrying a >=7-sense en: lemma with topic:en-multi-sense
72hxaia566	rendir frutos	to pay off	reference	topic:en-multi-sense	English-to-Spanish Mappings topic: tag rows carrying a >=7-sense en: lemma with topic:en-multi-sense
hqusqt34k6	rendirse	to give up	reference	topic:en-multi-sense	English-to-Spanish Mappings topic: tag rows carrying a >=7-sense en: lemma with topic:en-multi-sense
wwclre1oia	se fue la luz	the power went out	reference	topic:en-multi-sense	English-to-Spanish Mappings topic: tag rows carrying a >=7-sense en: lemma with topic:en-multi-sense
wlwwmr6d11	se fue la luz	the power was out	reference	topic:en-multi-sense	English-to-Spanish Mappings topic: tag rows carrying a >=7-sense en: lemma with topic:en-multi-sense
kx72k02t3e	de ahí viene [algo]	that is where [something] comes from	reference	topic:en-multi-sense	English-to-Spanish Mappings topic: tag rows carrying a >=7-sense en: lemma with topic:en-multi-sense
ed3n0mj0i5	sentar un precedente	to set a precedent	reference	topic:en-multi-sense	English-to-Spanish Mappings topic: tag rows carrying a >=7-sense en: lemma with topic:en-multi-sense
4t3k0v5chd	sentar las bases de [algo]	to lay the foundation for [something]	reference	topic:en-multi-sense	English-to-Spanish Mappings topic: tag rows carrying a >=7-sense en: lemma with topic:en-multi-sense
onjiqwdl11	cuídate	take care	supporting	topic:en-multi-sense	English-to-Spanish Mappings topic: tag rows carrying a >=7-sense en: lemma with topic:en-multi-sense
vx1f4gj9vz	ahí fue cuando [algo]	that was when [something]	reference	topic:en-multi-sense	English-to-Spanish Mappings topic: tag rows carrying a >=7-sense en: lemma with topic:en-multi-sense
19tcjg4oul	ser libre ==> la libertad	to be free ==> the freedom	reference	topic:en-multi-sense	English-to-Spanish Mappings topic: tag rows carrying a >=7-sense en: lemma with topic:en-multi-sense
0srx55tuxj	ahí	there	reference	topic:en-multi-sense	English-to-Spanish Mappings topic: tag rows carrying a >=7-sense en: lemma with topic:en-multi-sense
zjixrrmhoh	estar de acuerdo ==> el acuerdo	to agree ==> the agreement	reference	topic:en-multi-sense	English-to-Spanish Mappings topic: tag rows carrying a >=7-sense en: lemma with topic:en-multi-sense
c5f9nw0nq0	[estar] junto a [alguien/algo]	[to be] next to [somebody/something]	reference	topic:en-multi-sense	English-to-Spanish Mappings topic: tag rows carrying a >=7-sense en: lemma with topic:en-multi-sense
i0y81776x6	[la] hora muerta	the slow period	reference	topic:en-multi-sense	English-to-Spanish Mappings topic: tag rows carrying a >=7-sense en: lemma with topic:en-multi-sense
3zfrre4tig	el/la siguiente [algo]	the next [something]	reference	topic:en-multi-sense	English-to-Spanish Mappings topic: tag rows carrying a >=7-sense en: lemma with topic:en-multi-sense
sdy4rgtwmm	un millón	one million	reference	topic:en-multi-sense	English-to-Spanish Mappings topic: tag rows carrying a >=7-sense en: lemma with topic:en-multi-sense
dciouj17pb	mil millones	one billion	reference	topic:en-multi-sense	English-to-Spanish Mappings topic: tag rows carrying a >=7-sense en: lemma with topic:en-multi-sense
r86rai9777	quedarse en blanco	for one's mind to go blank	reference	topic:en-multi-sense	English-to-Spanish Mappings topic: tag rows carrying a >=7-sense en: lemma with topic:en-multi-sense
ij91wzxwe8	despacio	slow down	reference	topic:en-multi-sense	English-to-Spanish Mappings topic: tag rows carrying a >=7-sense en: lemma with topic:en-multi-sense
ce3auojfy9	ser blanco/a ==> blanquear(se)	to be white ==> to whiten	reference	topic:en-multi-sense	English-to-Spanish Mappings topic: tag rows carrying a >=7-sense en: lemma with topic:en-multi-sense
k55vujgmii	un billón	one trillion	reference	topic:en-multi-sense	English-to-Spanish Mappings topic: tag rows carrying a >=7-sense en: lemma with topic:en-multi-sense
tnwlnfg2vy	ser blanco/a ==> ser blanquecino/a	to be white ==> to be whitish	reference	topic:en-multi-sense	English-to-Spanish Mappings topic: tag rows carrying a >=7-sense en: lemma with topic:en-multi-sense
7d2jip4ahu	ser blanco/a ==> la blancura	to be white ==> the whiteness	reference	topic:en-multi-sense	English-to-Spanish Mappings topic: tag rows carrying a >=7-sense en: lemma with topic:en-multi-sense
6h9tf5blg1	blanquear [algo] ==> el blanqueamiento	to whiten [something] ==> the whitening	reference	topic:en-multi-sense	English-to-Spanish Mappings topic: tag rows carrying a >=7-sense en: lemma with topic:en-multi-sense
zurj7rpccm	blanquear [algo] ==> estar blanqueado/a	to whiten [something] ==> to be whitened	reference	topic:en-multi-sense	English-to-Spanish Mappings topic: tag rows carrying a >=7-sense en: lemma with topic:en-multi-sense
qpw9ymhod6	blanquear [algo] ==> el blanqueador	to whiten [something] ==> the whitener	reference	topic:en-multi-sense	English-to-Spanish Mappings topic: tag rows carrying a >=7-sense en: lemma with topic:en-multi-sense
p4jf3voka2	el poder ==> ser poderoso/a	the power ==> to be powerful	supporting	topic:en-multi-sense	English-to-Spanish Mappings topic: tag rows carrying a >=7-sense en: lemma with topic:en-multi-sense
rfob016mlk	el poder ==> ser impotente	the power ==> to be powerless	reference	topic:en-multi-sense	English-to-Spanish Mappings topic: tag rows carrying a >=7-sense en: lemma with topic:en-multi-sense
nnsy7vzfx6	el uso ==> ser útil	the use ==> to be useful	supporting	topic:en-multi-sense	English-to-Spanish Mappings topic: tag rows carrying a >=7-sense en: lemma with topic:en-multi-sense
reedh638gz	el cuidado ==> ser cuidadoso/a	the care ==> to be careful	supporting	topic:en-multi-sense	English-to-Spanish Mappings topic: tag rows carrying a >=7-sense en: lemma with topic:en-multi-sense
6nqs0j8k7q	el uso ==> ser inútil	the use ==> to be useless	supporting	topic:en-multi-sense	English-to-Spanish Mappings topic: tag rows carrying a >=7-sense en: lemma with topic:en-multi-sense
xd020ctw06	costar	to cost	supporting	topic:en-multi-sense	English-to-Spanish Mappings topic: tag rows carrying a >=7-sense en: lemma with topic:en-multi-sense
bdmgytlqrp	el cuidado ==> ser descuidado/a	the care ==> to be careless	reference	topic:en-multi-sense	English-to-Spanish Mappings topic: tag rows carrying a >=7-sense en: lemma with topic:en-multi-sense
4ay6y8jvwp	ser bueno/a ==> la bondad	to be good ==> the goodness	reference	topic:en-multi-sense	English-to-Spanish Mappings topic: tag rows carrying a >=7-sense en: lemma with topic:en-multi-sense
j2yt5d2eh2	ser útil ==> la utilidad	to be useful ==> the usefulness	reference	topic:en-multi-sense	English-to-Spanish Mappings topic: tag rows carrying a >=7-sense en: lemma with topic:en-multi-sense
91khjw0sgk	ser inútil ==> la inutilidad	to be useless ==> the uselessness	reference	topic:en-multi-sense	English-to-Spanish Mappings topic: tag rows carrying a >=7-sense en: lemma with topic:en-multi-sense
cokw84ud9i	ser impotente ==> la impotencia	to be powerless ==> the powerlessness	reference	topic:en-multi-sense	English-to-Spanish Mappings topic: tag rows carrying a >=7-sense en: lemma with topic:en-multi-sense
ucs7ft1nsf	ser descuidado/a ==> el descuido	to be careless ==> the carelessness	reference	topic:en-multi-sense	English-to-Spanish Mappings topic: tag rows carrying a >=7-sense en: lemma with topic:en-multi-sense
dbaw5g5xep	ser cuidadoso/a ==> cuidadosamente	to be careful ==> carefully	reference	topic:en-multi-sense	English-to-Spanish Mappings topic: tag rows carrying a >=7-sense en: lemma with topic:en-multi-sense
q0ld7z98sr	ser lento/a ==> lentamente	to be slow ==> slowly	supporting	topic:en-multi-sense	English-to-Spanish Mappings topic: tag rows carrying a >=7-sense en: lemma with topic:en-multi-sense
azh9x8dhmp	abrir [algo] ==> la apertura	to open [something] ==> the opening	reference	topic:en-multi-sense	English-to-Spanish Mappings topic: tag rows carrying a >=7-sense en: lemma with topic:en-multi-sense
eej8koy7w6	adentro ==> hacia adentro	in ==> inward	reference	topic:en-multi-sense	English-to-Spanish Mappings topic: tag rows carrying a >=7-sense en: lemma with topic:en-multi-sense
2fcirquoxj	adentro ==> hacia adentro	in ==> inwards	reference	topic:en-multi-sense	English-to-Spanish Mappings topic: tag rows carrying a >=7-sense en: lemma with topic:en-multi-sense
ytr81haq2m	estar de acuerdo ==> estar en desacuerdo	to agree ==> to disagree	supporting	topic:en-multi-sense	English-to-Spanish Mappings topic: tag rows carrying a >=7-sense en: lemma with topic:en-multi-sense
kgo9vyvmjj	después ==> después	after ==> afterward	reference	topic:en-multi-sense	English-to-Spanish Mappings topic: tag rows carrying a >=7-sense en: lemma with topic:en-multi-sense
hf7xtyru0d	después ==> después	after ==> afterwards	reference	topic:en-multi-sense	English-to-Spanish Mappings topic: tag rows carrying a >=7-sense en: lemma with topic:en-multi-sense
zky05afabl	adelante ==> hacia adelante	on ==> onward	reference	topic:en-multi-sense	English-to-Spanish Mappings topic: tag rows carrying a >=7-sense en: lemma with topic:en-multi-sense
w7q4mqmgte	adelante ==> hacia adelante	on ==> onwards	reference	topic:en-multi-sense	English-to-Spanish Mappings topic: tag rows carrying a >=7-sense en: lemma with topic:en-multi-sense
rlywxngpzy	ver [algo] ==> prever [algo]	to see [something] ==> to foresee [something]	reference	topic:en-multi-sense	English-to-Spanish Mappings topic: tag rows carrying a >=7-sense en: lemma with topic:en-multi-sense
23teiayo6g	convertirse en [algo]	to become [something]	reference	topic:en-multi-sense	English-to-Spanish Mappings topic: tag rows carrying a >=7-sense en: lemma with topic:en-multi-sense
ui5iwqc9ze	decir [algo] ==> predecir [algo]	to tell [something] ==> to foretell [something]	reference	topic:en-multi-sense	English-to-Spanish Mappings topic: tag rows carrying a >=7-sense en: lemma with topic:en-multi-sense
p33186aae6	en mayúsculas	in uppercase	reference	topic:en-multi-sense	English-to-Spanish Mappings topic: tag rows carrying a >=7-sense en: lemma with topic:en-multi-sense
hi5t96rg3q	en minúsculas	in lowercase	reference	topic:en-multi-sense	English-to-Spanish Mappings topic: tag rows carrying a >=7-sense en: lemma with topic:en-multi-sense
cbhs0k69zd	ser [adjetivo] [hacer algo]	it is [adjective] [to do something]	core	topic:en-multi-sense	English-to-Spanish Mappings topic: tag rows carrying a >=7-sense en: lemma with topic:en-multi-sense
8wpdwqvpbe	ir a [hacer algo]	to go [do something]	supporting	topic:en-multi-sense	English-to-Spanish Mappings topic: tag rows carrying a >=7-sense en: lemma with topic:en-multi-sense
uwy1l647pg	es posible que [alguien] [haga algo]	[somebody] may [do something]	reference	topic:en-multi-sense	English-to-Spanish Mappings topic: tag rows carrying a >=7-sense en: lemma with topic:en-multi-sense
16bgwsuy7m	hacer que [alguien] [haga algo]	to have [somebody] [do something]	reference	topic:en-multi-sense	English-to-Spanish Mappings topic: tag rows carrying a >=7-sense en: lemma with topic:en-multi-sense
zxp06uqig0	para [hacer algo]	to [do something]	core	topic:en-multi-sense	English-to-Spanish Mappings topic: tag rows carrying a >=7-sense en: lemma with topic:en-multi-sense
39u2srbvlk	[hacer algo] (condicional)	would [do something]	core	topic:en-multi-sense	English-to-Spanish Mappings topic: tag rows carrying a >=7-sense en: lemma with topic:en-multi-sense
h4it1wwpn1	empezar a [hacer algo]	to start [to do something]	reference	topic:en-multi-sense	English-to-Spanish Mappings topic: tag rows carrying a >=7-sense en: lemma with topic:en-multi-sense
xlujyv5rif	gustaría que [alguien] [hiciera algo]	would like [somebody] to [do something]	supporting	topic:en-multi-sense	English-to-Spanish Mappings topic: tag rows carrying a >=7-sense en: lemma with topic:en-multi-sense
am1zzaxcoi	venir a [hacer algo]	to come [do something]	reference	topic:en-multi-sense	English-to-Spanish Mappings topic: tag rows carrying a >=7-sense en: lemma with topic:en-multi-sense
ext92eedsy	empezar a [hacer algo]	to start [doing something]	reference	topic:en-multi-sense	English-to-Spanish Mappings topic: tag rows carrying a >=7-sense en: lemma with topic:en-multi-sense
gis8rns2at	esperar con ilusión [algo]	to look forward to [something]	reference	topic:en-multi-sense	English-to-Spanish Mappings topic: tag rows carrying a >=7-sense en: lemma with topic:en-multi-sense
3f2ohlydl9	obligar a [alguien] a [hacer algo]	to make [somebody] [do something]	supporting	topic:en-multi-sense	English-to-Spanish Mappings topic: tag rows carrying a >=7-sense en: lemma with topic:en-multi-sense
e3tv0u3qze	hazlo	do it	supporting	topic:en-multi-sense	English-to-Spanish Mappings topic: tag rows carrying a >=7-sense en: lemma with topic:en-multi-sense
8errr3uadz	hagámoslo	let's do it	supporting	topic:en-multi-sense	English-to-Spanish Mappings topic: tag rows carrying a >=7-sense en: lemma with topic:en-multi-sense
9v6o0rhpio	vamos	let's go	supporting	topic:en-multi-sense	English-to-Spanish Mappings topic: tag rows carrying a >=7-sense en: lemma with topic:en-multi-sense
j6ba7pl20y	no lo hagamos	let's not do it	supporting	topic:en-multi-sense	English-to-Spanish Mappings topic: tag rows carrying a >=7-sense en: lemma with topic:en-multi-sense
nescdc4of4	oír a [alguien] [haciendo algo]	to hear [somebody] [doing something]	reference	topic:en-multi-sense	English-to-Spanish Mappings topic: tag rows carrying a >=7-sense en: lemma with topic:en-multi-sense
s9f7ordbsq	después de [hacer algo]	after [doing something]	supporting	topic:en-multi-sense	English-to-Spanish Mappings topic: tag rows carrying a >=7-sense en: lemma with topic:en-multi-sense
kuessz92cm	terminar de [hacer algo]	to finish [doing something]	supporting	topic:en-multi-sense	English-to-Spanish Mappings topic: tag rows carrying a >=7-sense en: lemma with topic:en-multi-sense
md76l01y42	sentir a [alguien o algo] [hacer algo]	to feel [somebody or something] [do something]	reference	topic:en-multi-sense	English-to-Spanish Mappings topic: tag rows carrying a >=7-sense en: lemma with topic:en-multi-sense
yxx7sx1wqo	sentir a [alguien o algo] [haciendo algo]	to feel [somebody or something] [doing something]	reference	topic:en-multi-sense	English-to-Spanish Mappings topic: tag rows carrying a >=7-sense en: lemma with topic:en-multi-sense
mrx054a60o	correr ==> corriendo	to run ==> running	reference	topic:en-multi-sense	English-to-Spanish Mappings topic: tag rows carrying a >=7-sense en: lemma with topic:en-multi-sense
rirmatii98	ser visto/a [hacer algo]	to be seen to [do something]	reference	topic:en-multi-sense	English-to-Spanish Mappings topic: tag rows carrying a >=7-sense en: lemma with topic:en-multi-sense
9i18xubldv	por [hacer algo]	for [doing something]	supporting	topic:en-multi-sense	English-to-Spanish Mappings topic: tag rows carrying a >=7-sense en: lemma with topic:en-multi-sense
r6gr6g96nw	esperar con ilusión [hacer algo]	to look forward to [doing something]	reference	topic:en-multi-sense	English-to-Spanish Mappings topic: tag rows carrying a >=7-sense en: lemma with topic:en-multi-sense
7kvliuznhm	[hacer algo] es [adjetivo]	[doing something] is [adjective]	supporting	topic:en-multi-sense	English-to-Spanish Mappings topic: tag rows carrying a >=7-sense en: lemma with topic:en-multi-sense
n9rfhc3fi7	hacer ==> haciendo	to make ==> making	reference	topic:en-multi-sense	English-to-Spanish Mappings topic: tag rows carrying a >=7-sense en: lemma with topic:en-multi-sense
ajya630rfu	ver ==> viendo	to see ==> seeing	reference	topic:en-multi-sense	English-to-Spanish Mappings topic: tag rows carrying a >=7-sense en: lemma with topic:en-multi-sense
tw7e8xdtme	quedar [hecho]	to get [done]	supporting	topic:en-multi-sense	English-to-Spanish Mappings topic: tag rows carrying a >=7-sense en: lemma with topic:en-multi-sense
b9jbbszwof	hacer [hacer algo]	to have [something] [done]	supporting	topic:en-multi-sense	English-to-Spanish Mappings topic: tag rows carrying a >=7-sense en: lemma with topic:en-multi-sense
qldej05yfp	ir a correr	to go running	reference	topic:en-multi-sense	English-to-Spanish Mappings topic: tag rows carrying a >=7-sense en: lemma with topic:en-multi-sense
cvw44cpv4h	ir a bailar	to go dancing	reference	topic:en-multi-sense	English-to-Spanish Mappings topic: tag rows carrying a >=7-sense en: lemma with topic:en-multi-sense
an6awlzdv1	terminar ==> termina	to finish ==> finishes	reference	topic:en-multi-sense	English-to-Spanish Mappings topic: tag rows carrying a >=7-sense en: lemma with topic:en-multi-sense
32c7r6jugo	decir ==> dice	to say ==> says	supporting	topic:en-multi-sense	English-to-Spanish Mappings topic: tag rows carrying a >=7-sense en: lemma with topic:en-multi-sense
wlbaxqy8wx	ir ==> va	to go ==> goes	supporting	topic:en-multi-sense	English-to-Spanish Mappings topic: tag rows carrying a >=7-sense en: lemma with topic:en-multi-sense
w7w8ly9haz	ser ==> es	to be ==> is	supporting	topic:en-multi-sense	English-to-Spanish Mappings topic: tag rows carrying a >=7-sense en: lemma with topic:en-multi-sense
715ron2lud	estar ==> está	to be ==> is	supporting	topic:en-multi-sense	English-to-Spanish Mappings topic: tag rows carrying a >=7-sense en: lemma with topic:en-multi-sense
9qaylitnlb	que (cláusula)	that	supporting	topic:en-multi-sense	English-to-Spanish Mappings topic: tag rows carrying a >=7-sense en: lemma with topic:en-multi-sense
rvo8g5gv94	haber [hecho algo]	to have [done something]	core	topic:en-multi-sense	English-to-Spanish Mappings topic: tag rows carrying a >=7-sense en: lemma with topic:en-multi-sense
nc5yb5f5cn	[estar] disponible	[to be] free	reference	topic:en-multi-sense	English-to-Spanish Mappings topic: tag rows carrying a >=7-sense en: lemma with topic:en-multi-sense
1nm2wdol3n	terminar	to finish	supporting	topic:en-multi-sense	English-to-Spanish Mappings topic: tag rows carrying a >=7-sense en: lemma with topic:en-multi-sense
v6f48guuvb	bajar de peso	to lose weight	reference	topic:en-multi-sense	English-to-Spanish Mappings topic: tag rows carrying a >=7-sense en: lemma with topic:en-multi-sense
ndldiki9y2	buscar [algo]	to search for [something]	reference	topic:en-multi-sense	English-to-Spanish Mappings topic: tag rows carrying a >=7-sense en: lemma with topic:en-multi-sense
pdpsz0kldq	después de que [ocurra algo]	after [something happens]	supporting	topic:en-multi-sense	English-to-Spanish Mappings topic: tag rows carrying a >=7-sense en: lemma with topic:en-multi-sense
bcqd9ellcw	siempre y cuando [ocurra algo]	as long as [something happens]	reference	topic:en-multi-sense	English-to-Spanish Mappings topic: tag rows carrying a >=7-sense en: lemma with topic:en-multi-sense
uzrso1e91g	si [ocurriera algo], [ocurriría un resultado]	if [something happened], [a result] would [happen]	supporting	topic:en-multi-sense	English-to-Spanish Mappings topic: tag rows carrying a >=7-sense en: lemma with topic:en-multi-sense
ms6nhszap6	incluso si [ocurre algo]	even if [something happens]	reference	topic:en-multi-sense	English-to-Spanish Mappings topic: tag rows carrying a >=7-sense en: lemma with topic:en-multi-sense
cta1wv3rkf	si [ocurre algo], [ocurre un resultado general]	if [something happens], [a general result happens]	supporting	topic:en-multi-sense	English-to-Spanish Mappings topic: tag rows carrying a >=7-sense en: lemma with topic:en-multi-sense
asuexbkbn6	si fuera [alguien], [haría algo]	if I were [somebody], I would [do something]	supporting	topic:en-multi-sense	English-to-Spanish Mappings topic: tag rows carrying a >=7-sense en: lemma with topic:en-multi-sense
ojgir22avr	¿qué hora es?	what time is it?	supporting	topic:en-multi-sense	English-to-Spanish Mappings topic: tag rows carrying a >=7-sense en: lemma with topic:en-multi-sense
st2b3nnbcx	si hubiera [ocurrido algo], habría [ocurrido un resultado]	if [something] had [happened], [a result] would have [happened]	reference	topic:en-multi-sense	English-to-Spanish Mappings topic: tag rows carrying a >=7-sense en: lemma with topic:en-multi-sense
isv86hh4tc	a las [hora]	at [time]	supporting	topic:en-multi-sense	English-to-Spanish Mappings topic: tag rows carrying a >=7-sense en: lemma with topic:en-multi-sense
ne7ucvq1wy	si hubiera [ocurrido algo], ahora [ocurriría un resultado]	if [something] had [happened], [a result] would [happen] now	reference	topic:en-multi-sense	English-to-Spanish Mappings topic: tag rows carrying a >=7-sense en: lemma with topic:en-multi-sense
3nqtu4wjs9	si [una situación fuera diferente], habría [ocurrido otro resultado]	if [a situation were different], [another result] would have [happened]	reference	topic:en-multi-sense	English-to-Spanish Mappings topic: tag rows carrying a >=7-sense en: lemma with topic:en-multi-sense
ft6li4zkws	estar [adverbio de frecuencia] [estado]	to be [frequency adverb] [state]	supporting	topic:en-multi-sense	English-to-Spanish Mappings topic: tag rows carrying a >=7-sense en: lemma with topic:en-multi-sense
05558aoht5	son las [hora]	it's [time]	supporting	topic:en-multi-sense	English-to-Spanish Mappings topic: tag rows carrying a >=7-sense en: lemma with topic:en-multi-sense
bzq7n9ygg0	todo el día	all day	supporting	topic:en-multi-sense	English-to-Spanish Mappings topic: tag rows carrying a >=7-sense en: lemma with topic:en-multi-sense
0nfltazrdk	toda la semana	all week	reference	topic:en-multi-sense	English-to-Spanish Mappings topic: tag rows carrying a >=7-sense en: lemma with topic:en-multi-sense
eqlnv74cw8	próximo/a	next	supporting	topic:en-multi-sense	English-to-Spanish Mappings topic: tag rows carrying a >=7-sense en: lemma with topic:en-multi-sense
frpyv8its0	ojalá pudiera [hacer algo]	if only I could [do something]	reference	topic:en-multi-sense	English-to-Spanish Mappings topic: tag rows carrying a >=7-sense en: lemma with topic:en-multi-sense
8hhxabswez	¿[haces algo]?	do you [do something]?	core	topic:en-multi-sense	English-to-Spanish Mappings topic: tag rows carrying a >=7-sense en: lemma with topic:en-multi-sense
dy3hauy404	querer saber por qué [alguien] no [hace algo]	to want to know why [somebody] doesn't [do something]	supporting	topic:en-multi-sense	English-to-Spanish Mappings topic: tag rows carrying a >=7-sense en: lemma with topic:en-multi-sense
id38r2eakh	no haber [hecho algo]	not to have [done something]	supporting	topic:en-multi-sense	English-to-Spanish Mappings topic: tag rows carrying a >=7-sense en: lemma with topic:en-multi-sense
lr3gy47etf	querer saber si [alguien] [hace algo]	to want to know if [somebody] [does something]	supporting	topic:en-multi-sense	English-to-Spanish Mappings topic: tag rows carrying a >=7-sense en: lemma with topic:en-multi-sense
qeak5scchp	[alguien] habrá [hecho algo]	[somebody] will have [done something]	reference	topic:en-multi-sense	English-to-Spanish Mappings topic: tag rows carrying a >=7-sense en: lemma with topic:en-multi-sense
qondlt4ahl	[alguien] estará [haciendo algo]	[somebody] will be [doing something]	reference	topic:en-multi-sense	English-to-Spanish Mappings topic: tag rows carrying a >=7-sense en: lemma with topic:en-multi-sense
nxcynwooyz	[alguien] estaría [haciendo algo]	[somebody] would be [doing something]	reference	topic:en-multi-sense	English-to-Spanish Mappings topic: tag rows carrying a >=7-sense en: lemma with topic:en-multi-sense
wunmuiqosj	[alguien] habría [hecho algo]	[somebody] would have [done something]	reference	topic:en-multi-sense	English-to-Spanish Mappings topic: tag rows carrying a >=7-sense en: lemma with topic:en-multi-sense
yqiin6tdtl	haber estado [haciendo algo]	to have been [doing something]	supporting	topic:en-multi-sense	English-to-Spanish Mappings topic: tag rows carrying a >=7-sense en: lemma with topic:en-multi-sense
fu708e83rg	[alguien] había estado [haciendo algo]	[somebody] had been [doing something]	reference	topic:en-multi-sense	English-to-Spanish Mappings topic: tag rows carrying a >=7-sense en: lemma with topic:en-multi-sense
4dtd8lj623	[alguien] habrá estado [haciendo algo]	[somebody] will have been [doing something]	reference	topic:en-multi-sense	English-to-Spanish Mappings topic: tag rows carrying a >=7-sense en: lemma with topic:en-multi-sense
vn67aoztgf	[alguien] habría estado [haciendo algo]	[somebody] would have been [doing something]	reference	topic:en-multi-sense	English-to-Spanish Mappings topic: tag rows carrying a >=7-sense en: lemma with topic:en-multi-sense
zugopbh0jt	¿[alguien] tiene que [hacer algo]?	does [somebody] have to [do something]?	core	topic:en-multi-sense	English-to-Spanish Mappings topic: tag rows carrying a >=7-sense en: lemma with topic:en-multi-sense
22pjks5vmh	no tener que [hacer algo]	not to have to [do something]	core	topic:en-multi-sense	English-to-Spanish Mappings topic: tag rows carrying a >=7-sense en: lemma with topic:en-multi-sense
dj00e4gi88	¿[alguien] tenía que [hacer algo]?	did [somebody] have to [do something]?	supporting	topic:en-multi-sense	English-to-Spanish Mappings topic: tag rows carrying a >=7-sense en: lemma with topic:en-multi-sense
4w8zmnbknt	haber [cosas] (pasado plural)	there were [things]	supporting	topic:en-multi-sense	English-to-Spanish Mappings topic: tag rows carrying a >=7-sense en: lemma with topic:en-multi-sense
ihsw7a0ggn	¿vas a [hacer algo]?	are you going [to do something]?	core	topic:en-multi-sense	English-to-Spanish Mappings topic: tag rows carrying a >=7-sense en: lemma with topic:en-multi-sense
rnbqgo3fk9	¿[estás haciendo algo]?	are you [doing something]?	core	topic:en-multi-sense	English-to-Spanish Mappings topic: tag rows carrying a >=7-sense en: lemma with topic:en-multi-sense
lxes3mwyig	querer saber si hay [algo]	to want to know if there is [something]	supporting	topic:en-multi-sense	English-to-Spanish Mappings topic: tag rows carrying a >=7-sense en: lemma with topic:en-multi-sense
spnqzmy3g5	¿[alguien] está [haciendo algo]?	is [somebody] [doing something]?	core	topic:en-multi-sense	English-to-Spanish Mappings topic: tag rows carrying a >=7-sense en: lemma with topic:en-multi-sense
clkjgb2k5m	apagar [algo]	to turn [something] off	supporting	topic:en-multi-sense	English-to-Spanish Mappings topic: tag rows carrying a >=7-sense en: lemma with topic:en-multi-sense
mfqqgurgok	apagarlo/la	to turn it off	supporting	topic:en-multi-sense	English-to-Spanish Mappings topic: tag rows carrying a >=7-sense en: lemma with topic:en-multi-sense
xuzwzg1iov	apagar [un objeto largo]	to turn off [a long object]	reference	topic:en-multi-sense	English-to-Spanish Mappings topic: tag rows carrying a >=7-sense en: lemma with topic:en-multi-sense
e4t2bqlckp	cuidarlo/la	to look after it	supporting	topic:en-multi-sense	English-to-Spanish Mappings topic: tag rows carrying a >=7-sense en: lemma with topic:en-multi-sense
sp3ppxsht4	chocar con [algo]	to run into [something]	reference	topic:en-multi-sense	English-to-Spanish Mappings topic: tag rows carrying a >=7-sense en: lemma with topic:en-multi-sense
9kb0lubk35	buscar [algo] en una referencia	to look [something] up	supporting	topic:en-multi-sense	English-to-Spanish Mappings topic: tag rows carrying a >=7-sense en: lemma with topic:en-multi-sense
v7y40xtgb3	¿has [hecho algo]?	have you [done something]?	core	topic:en-multi-sense	English-to-Spanish Mappings topic: tag rows carrying a >=7-sense en: lemma with topic:en-multi-sense
8aej7jfu2y	¿tienes que [hacer algo]?	do you have to [do something]?	core	topic:en-multi-sense	English-to-Spanish Mappings topic: tag rows carrying a >=7-sense en: lemma with topic:en-multi-sense
2g4mul96oa	¿[alguien] va a [hacer algo]?	is [somebody] going to [do something]?	core	topic:en-multi-sense	English-to-Spanish Mappings topic: tag rows carrying a >=7-sense en: lemma with topic:en-multi-sense
r30tfgius4	¿puedes [hacer algo]?	can you [do something]?	core	topic:en-multi-sense	English-to-Spanish Mappings topic: tag rows carrying a >=7-sense en: lemma with topic:en-multi-sense
89ut7cha5j	haber [algo] (pasado singular)	there was [something]	supporting	topic:en-multi-sense	English-to-Spanish Mappings topic: tag rows carrying a >=7-sense en: lemma with topic:en-multi-sense
84arllzyhs	no podría [hacer algo]	couldn't [do something]	supporting	topic:en-multi-sense	English-to-Spanish Mappings topic: tag rows carrying a >=7-sense en: lemma with topic:en-multi-sense
78zjjk2mwo	¿debes [hacer algo]?	must you [do something]?	reference	topic:en-multi-sense	English-to-Spanish Mappings topic: tag rows carrying a >=7-sense en: lemma with topic:en-multi-sense
ytzftmquqs	estar prohibido [hacer algo]	mustn't [do something]	supporting	topic:en-multi-sense	English-to-Spanish Mappings topic: tag rows carrying a >=7-sense en: lemma with topic:en-multi-sense
dtlxfmo16j	¿deberías [hacer algo]?	should you [do something]?	supporting	topic:en-multi-sense	English-to-Spanish Mappings topic: tag rows carrying a >=7-sense en: lemma with topic:en-multi-sense
8wgwtlo4yb	ser malo/a ==> ser el/la peor	to be bad ==> to be the worst	supporting	topic:en-multi-sense	English-to-Spanish Mappings topic: tag rows carrying a >=7-sense en: lemma with topic:en-multi-sense
qoxz39dr3t	¿[harías algo]?	would you [do something]?	core	topic:en-multi-sense	English-to-Spanish Mappings topic: tag rows carrying a >=7-sense en: lemma with topic:en-multi-sense
11lmznqkb7	tan [adjetivo]	so [adjective]	core	topic:en-multi-sense	English-to-Spanish Mappings topic: tag rows carrying a >=7-sense en: lemma with topic:en-multi-sense
yjkuu2ysaa	no [haría algo]	wouldn't [do something]	supporting	topic:en-multi-sense	English-to-Spanish Mappings topic: tag rows carrying a >=7-sense en: lemma with topic:en-multi-sense
f62p62zg7o	ser bueno/a ==> ser mejor	to be good ==> to be better	supporting	topic:en-multi-sense	English-to-Spanish Mappings topic: tag rows carrying a >=7-sense en: lemma with topic:en-multi-sense
r4n8t7puv8	ser malo/a ==> ser peor	to be bad ==> to be worse	supporting	topic:en-multi-sense	English-to-Spanish Mappings topic: tag rows carrying a >=7-sense en: lemma with topic:en-multi-sense
89nkgjqxfi	ser bueno/a ==> ser el/la mejor	to be good ==> to be the best	supporting	topic:en-multi-sense	English-to-Spanish Mappings topic: tag rows carrying a >=7-sense en: lemma with topic:en-multi-sense
46elg5u15i	[ser] [adjetivo]	[to be] [adjective]	core	topic:en-multi-sense	English-to-Spanish Mappings topic: tag rows carrying a >=7-sense en: lemma with topic:en-multi-sense
r9zf5ny811	tan [adjetivo] como	as [adjective] as	supporting	topic:en-multi-sense	English-to-Spanish Mappings topic: tag rows carrying a >=7-sense en: lemma with topic:en-multi-sense
57a72p21zi	no tan [adjetivo]	not that [adjective]	supporting	topic:en-multi-sense	English-to-Spanish Mappings topic: tag rows carrying a >=7-sense en: lemma with topic:en-multi-sense
nw6m2yjdpc	tantos/as [sustantivos contables]	so many [countable nouns]	supporting	topic:en-multi-sense	English-to-Spanish Mappings topic: tag rows carrying a >=7-sense en: lemma with topic:en-multi-sense
21t654c1rv	no tanto/a [sustantivo no contable]	not that much [uncountable noun]	reference	topic:en-multi-sense	English-to-Spanish Mappings topic: tag rows carrying a >=7-sense en: lemma with topic:en-multi-sense
z7nw8m8war	no tantos/as [sustantivos contables]	not that many [countable nouns]	reference	topic:en-multi-sense	English-to-Spanish Mappings topic: tag rows carrying a >=7-sense en: lemma with topic:en-multi-sense
p0bgt5s2ty	tanto/a [sustantivo no contable] como	as much [uncountable noun] as	supporting	topic:en-multi-sense	English-to-Spanish Mappings topic: tag rows carrying a >=7-sense en: lemma with topic:en-multi-sense
frpegdhmhi	tantos/as [sustantivos contables] como	as many [countable nouns] as	supporting	topic:en-multi-sense	English-to-Spanish Mappings topic: tag rows carrying a >=7-sense en: lemma with topic:en-multi-sense
m2op0ycc10	¿[harás algo]?	will you [do something]?	core	topic:en-multi-sense	English-to-Spanish Mappings topic: tag rows carrying a >=7-sense en: lemma with topic:en-multi-sense
ogonaxqk95	ser lento/a ==> ser más lento/a	to be slow ==> to be slower	reference	topic:en-multi-sense	English-to-Spanish Mappings topic: tag rows carrying a >=7-sense en: lemma with topic:en-multi-sense
23wqurqvf5	apagar [algo]	to turn off [something]	supporting	topic:en-multi-sense	English-to-Spanish Mappings topic: tag rows carrying a >=7-sense en: lemma with topic:en-multi-sense
d20bdrzjfo	cuidar a [alguien]	to look after [somebody]	supporting	topic:en-multi-sense	English-to-Spanish Mappings topic: tag rows carrying a >=7-sense en: lemma with topic:en-multi-sense
7s7vnrgxud	tener que [hacer algo]	to have to [do something]	core	topic:en-multi-sense	English-to-Spanish Mappings topic: tag rows carrying a >=7-sense en: lemma with topic:en-multi-sense
wwwc8jugby	tener [algo]	to have [something]	core	topic:en-multi-sense	English-to-Spanish Mappings topic: tag rows carrying a >=7-sense en: lemma with topic:en-multi-sense
fs4n4irry9	ser difícil ==> ser más difícil	to be hard ==> to be harder	supporting	topic:en-multi-sense	English-to-Spanish Mappings topic: tag rows carrying a >=7-sense en: lemma with topic:en-multi-sense
zgny1ugayh	¿Podrías [hacer algo]?	Could you [do something]?	core	topic:en-multi-sense	English-to-Spanish Mappings topic: tag rows carrying a >=7-sense en: lemma with topic:en-multi-sense
g0z0ex17eh	ser difícil ==> ser el/la más difícil	to be hard ==> to be the hardest	supporting	topic:en-multi-sense	English-to-Spanish Mappings topic: tag rows carrying a >=7-sense en: lemma with topic:en-multi-sense
mm9jg6sy57	[sentirse] [adjetivo]	[to feel] [adjective]	core	topic:en-multi-sense	English-to-Spanish Mappings topic: tag rows carrying a >=7-sense en: lemma with topic:en-multi-sense
2u07owqzur	ser lento/a ==> ser el/la más lento/a	to be slow ==> to be the slowest	reference	topic:en-multi-sense	English-to-Spanish Mappings topic: tag rows carrying a >=7-sense en: lemma with topic:en-multi-sense
r78nprh6tx	pasado de become	became	supporting	topic:en-multi-sense	English-to-Spanish Mappings topic: tag rows carrying a >=7-sense en: lemma with topic:en-multi-sense
3090ckncp7	participio de become	become	supporting	topic:en-multi-sense	English-to-Spanish Mappings topic: tag rows carrying a >=7-sense en: lemma with topic:en-multi-sense
8xe7hazr9w	pasado de break	broke	supporting	topic:en-multi-sense	English-to-Spanish Mappings topic: tag rows carrying a >=7-sense en: lemma with topic:en-multi-sense
6ftt9jzrxo	participio de break	broken	supporting	topic:en-multi-sense	English-to-Spanish Mappings topic: tag rows carrying a >=7-sense en: lemma with topic:en-multi-sense
45hq45uq4y	pasado de bring	brought	supporting	topic:en-multi-sense	English-to-Spanish Mappings topic: tag rows carrying a >=7-sense en: lemma with topic:en-multi-sense
yktvtrhk80	participio de bring	brought	supporting	topic:en-multi-sense	English-to-Spanish Mappings topic: tag rows carrying a >=7-sense en: lemma with topic:en-multi-sense
gl1iyxy3yl	pasado de catch	caught	supporting	topic:en-multi-sense	English-to-Spanish Mappings topic: tag rows carrying a >=7-sense en: lemma with topic:en-multi-sense
tewh0c95pd	participio de catch	caught	supporting	topic:en-multi-sense	English-to-Spanish Mappings topic: tag rows carrying a >=7-sense en: lemma with topic:en-multi-sense
lbukbw3o1p	pasado de come	came	supporting	topic:en-multi-sense	English-to-Spanish Mappings topic: tag rows carrying a >=7-sense en: lemma with topic:en-multi-sense
xdkhmkos1t	participio de come	come	supporting	topic:en-multi-sense	English-to-Spanish Mappings topic: tag rows carrying a >=7-sense en: lemma with topic:en-multi-sense
zfuqam5zu5	pasado de cost	cost	supporting	topic:en-multi-sense	English-to-Spanish Mappings topic: tag rows carrying a >=7-sense en: lemma with topic:en-multi-sense
i8kazlyawi	participio de cost	cost	supporting	topic:en-multi-sense	English-to-Spanish Mappings topic: tag rows carrying a >=7-sense en: lemma with topic:en-multi-sense
r2gyv054my	pasado de drink	drank	supporting	topic:en-multi-sense	English-to-Spanish Mappings topic: tag rows carrying a >=7-sense en: lemma with topic:en-multi-sense
hx302e3tcv	participio de drink	drunk	supporting	topic:en-multi-sense	English-to-Spanish Mappings topic: tag rows carrying a >=7-sense en: lemma with topic:en-multi-sense
nds3rzq7f8	pasado de eat	ate	supporting	topic:en-multi-sense	English-to-Spanish Mappings topic: tag rows carrying a >=7-sense en: lemma with topic:en-multi-sense
l6tfbrakge	participio de eat	eaten	supporting	topic:en-multi-sense	English-to-Spanish Mappings topic: tag rows carrying a >=7-sense en: lemma with topic:en-multi-sense
tmxr4tm85t	pasado de fall	fell	supporting	topic:en-multi-sense	English-to-Spanish Mappings topic: tag rows carrying a >=7-sense en: lemma with topic:en-multi-sense
6v3xi2a089	participio de fall	fallen	supporting	topic:en-multi-sense	English-to-Spanish Mappings topic: tag rows carrying a >=7-sense en: lemma with topic:en-multi-sense
x1nx1z1a1p	pasado de feel	felt	supporting	topic:en-multi-sense	English-to-Spanish Mappings topic: tag rows carrying a >=7-sense en: lemma with topic:en-multi-sense
20ehjgbq4l	participio de feel	felt	supporting	topic:en-multi-sense	English-to-Spanish Mappings topic: tag rows carrying a >=7-sense en: lemma with topic:en-multi-sense
62spkcg55w	pasado de give	gave	supporting	topic:en-multi-sense	English-to-Spanish Mappings topic: tag rows carrying a >=7-sense en: lemma with topic:en-multi-sense
iblqv731gx	participio de give	given	supporting	topic:en-multi-sense	English-to-Spanish Mappings topic: tag rows carrying a >=7-sense en: lemma with topic:en-multi-sense
9dwskqsjd0	pasado de hear	heard	supporting	topic:en-multi-sense	English-to-Spanish Mappings topic: tag rows carrying a >=7-sense en: lemma with topic:en-multi-sense
51u4l72zq4	participio de hear	heard	supporting	topic:en-multi-sense	English-to-Spanish Mappings topic: tag rows carrying a >=7-sense en: lemma with topic:en-multi-sense
frxrx8cy18	pasado de hold	held	supporting	topic:en-multi-sense	English-to-Spanish Mappings topic: tag rows carrying a >=7-sense en: lemma with topic:en-multi-sense
6uheo5toci	participio de hold	held	supporting	topic:en-multi-sense	English-to-Spanish Mappings topic: tag rows carrying a >=7-sense en: lemma with topic:en-multi-sense
96jj8crcsn	pasado de keep	kept	supporting	topic:en-multi-sense	English-to-Spanish Mappings topic: tag rows carrying a >=7-sense en: lemma with topic:en-multi-sense
rn03b9v8rd	participio de keep	kept	supporting	topic:en-multi-sense	English-to-Spanish Mappings topic: tag rows carrying a >=7-sense en: lemma with topic:en-multi-sense
8w2jqzvm13	pasado de know	knew	supporting	topic:en-multi-sense	English-to-Spanish Mappings topic: tag rows carrying a >=7-sense en: lemma with topic:en-multi-sense
m31kpazbri	participio de know	known	supporting	topic:en-multi-sense	English-to-Spanish Mappings topic: tag rows carrying a >=7-sense en: lemma with topic:en-multi-sense
hrbq6s2j6w	pasado de leave	left	supporting	topic:en-multi-sense	English-to-Spanish Mappings topic: tag rows carrying a >=7-sense en: lemma with topic:en-multi-sense
ypd727s6hq	participio de leave	left	supporting	topic:en-multi-sense	English-to-Spanish Mappings topic: tag rows carrying a >=7-sense en: lemma with topic:en-multi-sense
3n6i16wyag	pasado de lend	lent	supporting	topic:en-multi-sense	English-to-Spanish Mappings topic: tag rows carrying a >=7-sense en: lemma with topic:en-multi-sense
5yfrmfazp0	participio de lend	lent	supporting	topic:en-multi-sense	English-to-Spanish Mappings topic: tag rows carrying a >=7-sense en: lemma with topic:en-multi-sense
92ealprsbd	pasado de let	let	supporting	topic:en-multi-sense	English-to-Spanish Mappings topic: tag rows carrying a >=7-sense en: lemma with topic:en-multi-sense
dxb9jzinrq	participio de let	let	supporting	topic:en-multi-sense	English-to-Spanish Mappings topic: tag rows carrying a >=7-sense en: lemma with topic:en-multi-sense
e2vj5fksnk	pasado de lose	lost	supporting	topic:en-multi-sense	English-to-Spanish Mappings topic: tag rows carrying a >=7-sense en: lemma with topic:en-multi-sense
jx4ejh8c5y	participio de lose	lost	supporting	topic:en-multi-sense	English-to-Spanish Mappings topic: tag rows carrying a >=7-sense en: lemma with topic:en-multi-sense
lmc3z7ehft	pasado de make	made	supporting	topic:en-multi-sense	English-to-Spanish Mappings topic: tag rows carrying a >=7-sense en: lemma with topic:en-multi-sense
pekpg8dy8k	participio de make	made	supporting	topic:en-multi-sense	English-to-Spanish Mappings topic: tag rows carrying a >=7-sense en: lemma with topic:en-multi-sense
op7475igzu	pasado de mean	meant	supporting	topic:en-multi-sense	English-to-Spanish Mappings topic: tag rows carrying a >=7-sense en: lemma with topic:en-multi-sense
gwo4msr8kw	participio de mean	meant	supporting	topic:en-multi-sense	English-to-Spanish Mappings topic: tag rows carrying a >=7-sense en: lemma with topic:en-multi-sense
rpgb8mpa5f	pasado de pay	paid	supporting	topic:en-multi-sense	English-to-Spanish Mappings topic: tag rows carrying a >=7-sense en: lemma with topic:en-multi-sense
mrzig8vrnw	participio de pay	paid	supporting	topic:en-multi-sense	English-to-Spanish Mappings topic: tag rows carrying a >=7-sense en: lemma with topic:en-multi-sense
vd3nut7nkt	pasado de put	put	supporting	topic:en-multi-sense	English-to-Spanish Mappings topic: tag rows carrying a >=7-sense en: lemma with topic:en-multi-sense
smpiiw148l	participio de put	put	supporting	topic:en-multi-sense	English-to-Spanish Mappings topic: tag rows carrying a >=7-sense en: lemma with topic:en-multi-sense
oiferzi4zi	pasado de run	ran	supporting	topic:en-multi-sense	English-to-Spanish Mappings topic: tag rows carrying a >=7-sense en: lemma with topic:en-multi-sense
ur7p71snqp	participio de run	run	supporting	topic:en-multi-sense	English-to-Spanish Mappings topic: tag rows carrying a >=7-sense en: lemma with topic:en-multi-sense
cij7k51kqk	pasado de say	said	supporting	topic:en-multi-sense	English-to-Spanish Mappings topic: tag rows carrying a >=7-sense en: lemma with topic:en-multi-sense
12lrm1b61l	participio de say	said	supporting	topic:en-multi-sense	English-to-Spanish Mappings topic: tag rows carrying a >=7-sense en: lemma with topic:en-multi-sense
6xhxr8sb7k	pasado de see	saw	supporting	topic:en-multi-sense	English-to-Spanish Mappings topic: tag rows carrying a >=7-sense en: lemma with topic:en-multi-sense
fu4c8t7dei	participio de see	seen	supporting	topic:en-multi-sense	English-to-Spanish Mappings topic: tag rows carrying a >=7-sense en: lemma with topic:en-multi-sense
zui5vgopk6	pasado de send	sent	supporting	topic:en-multi-sense	English-to-Spanish Mappings topic: tag rows carrying a >=7-sense en: lemma with topic:en-multi-sense
mon6vzw35r	participio de send	sent	supporting	topic:en-multi-sense	English-to-Spanish Mappings topic: tag rows carrying a >=7-sense en: lemma with topic:en-multi-sense
8iwzc12hm2	pasado de set	set	supporting	topic:en-multi-sense	English-to-Spanish Mappings topic: tag rows carrying a >=7-sense en: lemma with topic:en-multi-sense
9lle2cpep8	participio de set	set	supporting	topic:en-multi-sense	English-to-Spanish Mappings topic: tag rows carrying a >=7-sense en: lemma with topic:en-multi-sense
qczwgbuzwe	pasado de show	showed	supporting	topic:en-multi-sense	English-to-Spanish Mappings topic: tag rows carrying a >=7-sense en: lemma with topic:en-multi-sense
denchpjziw	participio de show	shown	supporting	topic:en-multi-sense	English-to-Spanish Mappings topic: tag rows carrying a >=7-sense en: lemma with topic:en-multi-sense
sgfwcsau8u	participio de show	showed	supporting	topic:en-multi-sense	English-to-Spanish Mappings topic: tag rows carrying a >=7-sense en: lemma with topic:en-multi-sense
m1vp7bjw6g	pasado de speak	spoke	supporting	topic:en-multi-sense	English-to-Spanish Mappings topic: tag rows carrying a >=7-sense en: lemma with topic:en-multi-sense
p4y3ag42a9	participio de speak	spoken	supporting	topic:en-multi-sense	English-to-Spanish Mappings topic: tag rows carrying a >=7-sense en: lemma with topic:en-multi-sense
ff26wwceho	pasado de stand	stood	supporting	topic:en-multi-sense	English-to-Spanish Mappings topic: tag rows carrying a >=7-sense en: lemma with topic:en-multi-sense
nor2ipti14	participio de stand	stood	supporting	topic:en-multi-sense	English-to-Spanish Mappings topic: tag rows carrying a >=7-sense en: lemma with topic:en-multi-sense
n19h8scdqx	¿de qué [ocurre algo]?	what [does something happen] about?	reference	topic:en-multi-sense	English-to-Spanish Mappings topic: tag rows carrying a >=7-sense en: lemma with topic:en-multi-sense
s0htompife	pasado de take	took	supporting	topic:en-multi-sense	English-to-Spanish Mappings topic: tag rows carrying a >=7-sense en: lemma with topic:en-multi-sense
bn0ps9sz3h	participio de take	taken	supporting	topic:en-multi-sense	English-to-Spanish Mappings topic: tag rows carrying a >=7-sense en: lemma with topic:en-multi-sense
hwmvhbt7if	pasado de tell	told	supporting	topic:en-multi-sense	English-to-Spanish Mappings topic: tag rows carrying a >=7-sense en: lemma with topic:en-multi-sense
radt5ut6yj	participio de tell	told	supporting	topic:en-multi-sense	English-to-Spanish Mappings topic: tag rows carrying a >=7-sense en: lemma with topic:en-multi-sense
vxo4j1a99j	pasado de think	thought	supporting	topic:en-multi-sense	English-to-Spanish Mappings topic: tag rows carrying a >=7-sense en: lemma with topic:en-multi-sense
gryg1an0ql	participio de think	thought	supporting	topic:en-multi-sense	English-to-Spanish Mappings topic: tag rows carrying a >=7-sense en: lemma with topic:en-multi-sense
qwug2xfbtt	pasado de wear	wore	supporting	topic:en-multi-sense	English-to-Spanish Mappings topic: tag rows carrying a >=7-sense en: lemma with topic:en-multi-sense
0wg3chrr3d	participio de wear	worn	supporting	topic:en-multi-sense	English-to-Spanish Mappings topic: tag rows carrying a >=7-sense en: lemma with topic:en-multi-sense
ccia5llxwh	¿Cuánto necesitas?	How much do you need?	trash	topic:en-multi-sense	English-to-Spanish Mappings topic: tag rows carrying a >=7-sense en: lemma with topic:en-multi-sense
5fuqp9pz5z	¿Cuánto tiempo necesitas?	How much time do you need?	trash	topic:en-multi-sense	English-to-Spanish Mappings topic: tag rows carrying a >=7-sense en: lemma with topic:en-multi-sense
ju968jjo7u	¿Quién está aquí?	Who is here?	trash	topic:en-multi-sense	English-to-Spanish Mappings topic: tag rows carrying a >=7-sense en: lemma with topic:en-multi-sense
erzbzs0gzc	¿a qué hora [ocurre algo]?	what time [does something happen]?	reference	topic:en-multi-sense	English-to-Spanish Mappings topic: tag rows carrying a >=7-sense en: lemma with topic:en-multi-sense
ltag03rg5k	¿cómo [hacer algo]?	how do you [do something]?	reference	topic:en-multi-sense	English-to-Spanish Mappings topic: tag rows carrying a >=7-sense en: lemma with topic:en-multi-sense
b0uvykqv53	¿Qué quieres?	What do you want?	trash	topic:en-multi-sense	English-to-Spanish Mappings topic: tag rows carrying a >=7-sense en: lemma with topic:en-multi-sense
kg63snjtds	¿con qué [ocurre algo]?	what [does something happen] with?	reference	topic:en-multi-sense	English-to-Spanish Mappings topic: tag rows carrying a >=7-sense en: lemma with topic:en-multi-sense
xn3hhqqgv2	¿con quién [ocurre algo]?	who [does something happen] with?	reference	topic:en-multi-sense	English-to-Spanish Mappings topic: tag rows carrying a >=7-sense en: lemma with topic:en-multi-sense
rey5kzco3o	¿con quién [ocurre algo]?	to whom [does something happen]?	reference	topic:en-multi-sense	English-to-Spanish Mappings topic: tag rows carrying a >=7-sense en: lemma with topic:en-multi-sense
fnszz28inq	¿cuánto tiempo [ocurre algo]?	how long [has something been happening]?	reference	topic:en-multi-sense	English-to-Spanish Mappings topic: tag rows carrying a >=7-sense en: lemma with topic:en-multi-sense
l0f7fdzag6	¿cuán [adjetivo]?	how [adjective]?	reference	topic:en-multi-sense	English-to-Spanish Mappings topic: tag rows carrying a >=7-sense en: lemma with topic:en-multi-sense
