dw6w3t8zih	aprovecharse de [algo/alguien]	to take advantage of [something/somebody]	reference	topic:verb-tomar-general-1	Verb subtopic redesign: thematic categorization (tomar-general-1) replacing the alphabetical es:<lemma> grouping.
hyz7cpy9fj	hablar sobre [algo]	to speak about [something]	supporting	topic:verb-communication-talking	Verb subtopic redesign: thematic categorization (communication-talking) replacing the alphabetical es:<lemma> grouping.
dbx7pnzub5	llevarse bien con [alguien]	to get along well with [somebody]	supporting	topic:verb-carrying	Verb subtopic redesign: thematic categorization (carrying) replacing the alphabetical es:<lemma> grouping.
324meef3hj	mandar [algo]	to send [something]	core	topic:verb-communication-other-2	Verb subtopic redesign: thematic categorization (communication-other-2) replacing the alphabetical es:<lemma> grouping.
0h2i95gmp3	pedir [algo] a [un negocio]	to order [something] from [a business]	reference	topic:verb-asking-requesting	Verb subtopic redesign: thematic categorization (asking-requesting) replacing the alphabetical es:<lemma> grouping.
z3i6f8s1or	querer que [alguien] [haga algo]	to want [somebody] [to do something]	core	topic:verb-feelings-love-like	Verb subtopic redesign: thematic categorization (feelings-love-like) replacing the alphabetical es:<lemma> grouping.
5hlohr9z3f	querer a [alguien]	to love [somebody]	supporting	topic:verb-feelings-love-like	Verb subtopic redesign: thematic categorization (feelings-love-like) replacing the alphabetical es:<lemma> grouping.
3ysg9glgjj	poner [algo] [en algún lugar]	to place [something] [somewhere]	reference	topic:verb-poner-placement	Verb subtopic redesign: thematic categorization (poner-placement) replacing the alphabetical es:<lemma> grouping.
hk3p7tmczh	hacerse tarde	to get late	reference	topic:verb-creation-hacer	Verb subtopic redesign: thematic categorization (creation-hacer) replacing the alphabetical es:<lemma> grouping.
3tvyxgaex0	dedicar [tiempo o esfuerzo] a [algo]	to put [time or effort] into [something]	reference	topic:verb-poner-placement	Verb subtopic redesign: thematic categorization (poner-placement) replacing the alphabetical es:<lemma> grouping.
24de35h6nw	darse por vencido	to give up	supporting	topic:verb-dar-idioms	Verb subtopic redesign: thematic categorization (dar-idioms) replacing the alphabetical es:<lemma> grouping.
4iyr2ixs50	cargarle [una cantidad] a [alguien]	to charge [somebody] [an amount]	reference	topic:verb-money-commerce-1	Verb subtopic redesign: thematic categorization (money-commerce-1) replacing the alphabetical es:<lemma> grouping.
f5l6clhdf8	castigar	to punish	reference	topic:verb-conflict-crime	Verb subtopic redesign: thematic categorization (conflict-crime) replacing the alphabetical es:<lemma> grouping.
nd8kd8q9fc	extender	to extend	reference	topic:verb-formal-abstract-1	Verb subtopic redesign: thematic categorization (formal-abstract-1) replacing the alphabetical es:<lemma> grouping.
pe06lzc5y3	concluir	to conclude	reference	topic:verb-formal-abstract-1	Verb subtopic redesign: thematic categorization (formal-abstract-1) replacing the alphabetical es:<lemma> grouping.
zg737wtrp2	ayudar a [alguien] con [algo]	to help [somebody] with [something]	supporting	topic:verb-social-relationships	Verb subtopic redesign: thematic categorization (social-relationships) replacing the alphabetical es:<lemma> grouping.
r2y6wfhr6z	podría [hacer algo]	could [do something]	reference	topic:verb-modal-ability-2	Verb subtopic redesign: thematic categorization (modal-ability-2) replacing the alphabetical es:<lemma> grouping.
qyef4ces9y	estar consciente de [algo] ==> la conciencia	to be aware of [something] ==> the awareness	reference	topic:verb-estar-idioms-1	Verb subtopic redesign: thematic categorization (estar-idioms-1) replacing the alphabetical es:<lemma> grouping.
q1wk0yi0eo	entender [algo]	to get [something]	reference	topic:verb-learning-teaching	Verb subtopic redesign: thematic categorization (learning-teaching) replacing the alphabetical es:<lemma> grouping.
v1xen0we5r	guardar [algo]	to put away [something]	reference	topic:verb-keeping-storing	Verb subtopic redesign: thematic categorization (keeping-storing) replacing the alphabetical es:<lemma> grouping.
qgnveu0pox	hablar con [alguien]	to talk with [somebody]	reference	topic:verb-communication-talking	Verb subtopic redesign: thematic categorization (communication-talking) replacing the alphabetical es:<lemma> grouping.
5qdmpxi8us	seguir [haciendo algo]	to keep on [doing something]	reference	topic:verb-following-continuing	Verb subtopic redesign: thematic categorization (following-continuing) replacing the alphabetical es:<lemma> grouping.
n0v5y8wx0o	construir	to construct	reference	topic:verb-creation-repair-other	Verb subtopic redesign: thematic categorization (creation-repair-other) replacing the alphabetical es:<lemma> grouping.
sz6kj23n5m	reconstruir	to reconstruct	reference	topic:verb-formal-remainder-12	Verb subtopic redesign: thematic categorization (formal-remainder-12) replacing the alphabetical es:<lemma> grouping.
i0ipg114mg	vamos a [un lugar]	we are going to [a place]	supporting	topic:verb-movement-going	Verb subtopic redesign: thematic categorization (movement-going) replacing the alphabetical es:<lemma> grouping.
df1fa2p3xy	querer [hacer algo]	to want [to do something]	core	topic:verb-feelings-love-like	Verb subtopic redesign: thematic categorization (feelings-love-like) replacing the alphabetical es:<lemma> grouping.
zm3v8qtrgj	poner [algo] sobre [una superficie]	to put [something] on [a surface]	supporting	topic:verb-poner-placement	Verb subtopic redesign: thematic categorization (poner-placement) replacing the alphabetical es:<lemma> grouping.
k29o9xq2bp	creer que sí	to think so	supporting	topic:verb-thinking-opinions	Verb subtopic redesign: thematic categorization (thinking-opinions) replacing the alphabetical es:<lemma> grouping.
7hwvhzgxxt	¿Puedes [hacer algo]? (petición)	Can you [do something]?	supporting	topic:verb-modal-ability-1	Verb subtopic redesign: thematic categorization (modal-ability-1) replacing the alphabetical es:<lemma> grouping.
rdpiq554g6	no poder [hacer algo]	cannot [do something]	supporting	topic:verb-modal-ability-1	Verb subtopic redesign: thematic categorization (modal-ability-1) replacing the alphabetical es:<lemma> grouping.
g8bhd7ipvu	deber [hacer algo]	to have to [do something]	supporting	topic:verb-modal-obligation	Verb subtopic redesign: thematic categorization (modal-obligation) replacing the alphabetical es:<lemma> grouping.
p80swouyaq	tener sentido	to make sense	supporting	topic:verb-possession-having	Verb subtopic redesign: thematic categorization (possession-having) replacing the alphabetical es:<lemma> grouping.
g8o1myn1jr	llegar a [una ciudad o país]	to arrive in [a city or country]	supporting	topic:verb-movement-arriving-passing	Verb subtopic redesign: thematic categorization (movement-arriving-passing) replacing the alphabetical es:<lemma> grouping.
sopqak93z8	parecerse a [alguien]	to look like [somebody]	supporting	topic:verb-watching-other	Verb subtopic redesign: thematic categorization (watching-other) replacing the alphabetical es:<lemma> grouping.
bz7tv4xn1k	ganar [dinero]	to earn [money]	supporting	topic:verb-money-earning-spending	Verb subtopic redesign: thematic categorization (money-earning-spending) replacing the alphabetical es:<lemma> grouping.
qj0lhiuc75	dejar en paz a [alguien]	to leave [somebody] alone	supporting	topic:verb-keeping-storing	Verb subtopic redesign: thematic categorization (keeping-storing) replacing the alphabetical es:<lemma> grouping.
m5t33xosbe	quitar [algo] de [un lugar]	to remove [something] from [a place]	supporting	topic:verb-removing-stealing	Verb subtopic redesign: thematic categorization (removing-stealing) replacing the alphabetical es:<lemma> grouping.
kzc0zugsvr	llegar a [un lugar específico]	to arrive at [a specific place]	supporting	topic:verb-movement-arriving-passing	Verb subtopic redesign: thematic categorization (movement-arriving-passing) replacing the alphabetical es:<lemma> grouping.
atwozfqm04	mandarle [algo] a [alguien]	to send [something] to [somebody]	supporting	topic:verb-communication-other-2	Verb subtopic redesign: thematic categorization (communication-other-2) replacing the alphabetical es:<lemma> grouping.
sogja55oo0	quitarle [algo] a [alguien]	to take [something] away from [somebody]	supporting	topic:verb-removing-stealing	Verb subtopic redesign: thematic categorization (removing-stealing) replacing the alphabetical es:<lemma> grouping.
xrqc4586p2	trabajar en [una tarea o proyecto]	to work on [a task or project]	supporting	topic:verb-work-employment	Verb subtopic redesign: thematic categorization (work-employment) replacing the alphabetical es:<lemma> grouping.
p225bjj0un	ganar [una competencia]	to win [a competition]	supporting	topic:verb-money-earning-spending	Verb subtopic redesign: thematic categorization (money-earning-spending) replacing the alphabetical es:<lemma> grouping.
p3fuo2folk	No como carne.	I don't eat meat.	supporting	topic:verb-eating-drinking	Verb subtopic redesign: thematic categorization (eating-drinking) replacing the alphabetical es:<lemma> grouping.
o8yyqw9k2g	trabajar en [un lugar u organización]	to work at [a place or organization]	supporting	topic:verb-work-employment	Verb subtopic redesign: thematic categorization (work-employment) replacing the alphabetical es:<lemma> grouping.
4e8vpd4tbg	Ella no come carne.	She doesn't eat meat.	supporting	topic:verb-eating-drinking	Verb subtopic redesign: thematic categorization (eating-drinking) replacing the alphabetical es:<lemma> grouping.
dmc4ep05eo	poner [algo] en [un lugar]	to put [something] in [a place]	supporting	topic:verb-poner-placement	Verb subtopic redesign: thematic categorization (poner-placement) replacing the alphabetical es:<lemma> grouping.
x850nhvcaj	preguntar sobre [algo]	to ask about [something]	supporting	topic:verb-asking-requesting	Verb subtopic redesign: thematic categorization (asking-requesting) replacing the alphabetical es:<lemma> grouping.
dawn4c9rf4	traer [algo] aquí	to bring [something] here	supporting	topic:verb-bringing	Verb subtopic redesign: thematic categorization (bringing) replacing the alphabetical es:<lemma> grouping.
zo168jw53x	decirle a [alguien] algo sobre [algo]	to tell [somebody] about [something]	supporting	topic:verb-communication-saying	Verb subtopic redesign: thematic categorization (communication-saying) replacing the alphabetical es:<lemma> grouping.
tly9ldi8kr	volver a [otro lugar]	to go back to [another place]	supporting	topic:verb-movement-directional-verbs	Verb subtopic redesign: thematic categorization (movement-directional-verbs) replacing the alphabetical es:<lemma> grouping.
nk4hb2zaok	poder [hacer algo] (permiso)	can [do something]	supporting	topic:verb-modal-ability-2	Verb subtopic redesign: thematic categorization (modal-ability-2) replacing the alphabetical es:<lemma> grouping.
zeloe6s3qo	verse con [alguien]	to see [somebody]	supporting	topic:verb-seeing-ver	Verb subtopic redesign: thematic categorization (seeing-ver) replacing the alphabetical es:<lemma> grouping.
ksg6li9jy7	volver aquí	to come back	supporting	topic:verb-movement-directional-verbs	Verb subtopic redesign: thematic categorization (movement-directional-verbs) replacing the alphabetical es:<lemma> grouping.
h2ubrz9hyw	valer [un precio]	to cost [an amount]	supporting	topic:verb-money-earning-spending	Verb subtopic redesign: thematic categorization (money-earning-spending) replacing the alphabetical es:<lemma> grouping.
ekxerzzusv	ser para [alguien]	to be for [somebody]	supporting	topic:verb-ser-idioms-2	Verb subtopic redesign: thematic categorization (ser-idioms-2) replacing the alphabetical es:<lemma> grouping.
n9z42gcs3h	beber [algo] todo	to drink [something] up	reference	topic:verb-eating-drinking	Verb subtopic redesign: thematic categorization (eating-drinking) replacing the alphabetical es:<lemma> grouping.
i0ry42yzcl	pedir [comida] a domicilio	to order in	reference	topic:verb-asking-requesting	Verb subtopic redesign: thematic categorization (asking-requesting) replacing the alphabetical es:<lemma> grouping.
tiss70p00o	hablar por teléfono con [alguien]	to talk to [somebody] on the phone	reference	topic:verb-communication-naming	Verb subtopic redesign: thematic categorization (communication-naming) replacing the alphabetical es:<lemma> grouping.
4pmy3sue86	decir [algo] en voz alta	to say [something] out loud	reference	topic:verb-communication-saying	Verb subtopic redesign: thematic categorization (communication-saying) replacing the alphabetical es:<lemma> grouping.
3vjeid1zyd	llevar [algo] a [un lugar]	to take [something] to [a place]	supporting	topic:verb-carrying	Verb subtopic redesign: thematic categorization (carrying) replacing the alphabetical es:<lemma> grouping.
27fbkeb2et	pedir perdón por [algo]	to ask for forgiveness for [something]	reference	topic:verb-asking-requesting	Verb subtopic redesign: thematic categorization (asking-requesting) replacing the alphabetical es:<lemma> grouping.
iiwmj1y2af	perder [un medio de transporte]	to miss [transportation]	supporting	topic:verb-loss-death	Verb subtopic redesign: thematic categorization (loss-death) replacing the alphabetical es:<lemma> grouping.
439x0r7xja	pedir un deseo	to make a wish	reference	topic:verb-asking-requesting	Verb subtopic redesign: thematic categorization (asking-requesting) replacing the alphabetical es:<lemma> grouping.
53wi0qwjcm	darle ganas de [hacer algo] a [alguien]	to feel like [doing something]	reference	topic:verb-dar-giving	Verb subtopic redesign: thematic categorization (dar-giving) replacing the alphabetical es:<lemma> grouping.
5unz3dwyz7	estar prohibido [hacer algo]	must not [do something]	supporting	topic:verb-estar-idioms-2	Verb subtopic redesign: thematic categorization (estar-idioms-2) replacing the alphabetical es:<lemma> grouping.
2bsn8536de	pensar [hacer algo]	to plan to [do something]	supporting	topic:verb-thinking-opinions	Verb subtopic redesign: thematic categorization (thinking-opinions) replacing the alphabetical es:<lemma> grouping.
o8w71qqdrb	recordarle a [alguien] [hacer algo]	to remind [somebody] [to do something]	supporting	topic:verb-remembering-forgetting	Verb subtopic redesign: thematic categorization (remembering-forgetting) replacing the alphabetical es:<lemma> grouping.
qrb7i9y47p	darle a [un interruptor]	to flip [a switch]	reference	topic:verb-dar-giving	Verb subtopic redesign: thematic categorization (dar-giving) replacing the alphabetical es:<lemma> grouping.
erwsyenslz	prestarle [algo] a [alguien]	to lend [somebody] [something]	supporting	topic:verb-giving-lending-other	Verb subtopic redesign: thematic categorization (giving-lending-other) replacing the alphabetical es:<lemma> grouping.
zkkcxirv4g	No fui a la fiesta.	I didn't go to the party.	supporting	topic:verb-movement-going	Verb subtopic redesign: thematic categorization (movement-going) replacing the alphabetical es:<lemma> grouping.
1vb3s8ps5j	quedarse sin [algo]	to run out of [something]	supporting	topic:verb-quedar-remaining	Verb subtopic redesign: thematic categorization (quedar-remaining) replacing the alphabetical es:<lemma> grouping.
15kcw4vn4r	robar [algo]	to steal [something]	supporting	topic:verb-conflict-crime	Verb subtopic redesign: thematic categorization (conflict-crime) replacing the alphabetical es:<lemma> grouping.
qa5k2yvbpz	sentir [una sensación]	to feel [a sensation]	supporting	topic:verb-feelings-general	Verb subtopic redesign: thematic categorization (feelings-general) replacing the alphabetical es:<lemma> grouping.
m1asnh0c8n	seguir a [alguien]	to follow [somebody]	supporting	topic:verb-following-continuing	Verb subtopic redesign: thematic categorization (following-continuing) replacing the alphabetical es:<lemma> grouping.
5uycd7m1nu	tocar [algo]	to touch [something]	supporting	topic:verb-taking-removing-2	Verb subtopic redesign: thematic categorization (taking-removing-2) replacing the alphabetical es:<lemma> grouping.
emji2mg22t	ser [hecho] por [alguien]	to be [done] by [somebody]	supporting	topic:verb-ser-idioms-1	Verb subtopic redesign: thematic categorization (ser-idioms-1) replacing the alphabetical es:<lemma> grouping.
xzcldfjhmu	darle tiempo a [alguien] para [hacer algo]	to give [somebody] time to [do something]	reference	topic:verb-dar-idioms	Verb subtopic redesign: thematic categorization (dar-idioms) replacing the alphabetical es:<lemma> grouping.
f0z126w2cy	seguir [instrucciones]	to follow [instructions]	supporting	topic:verb-following-continuing	Verb subtopic redesign: thematic categorization (following-continuing) replacing the alphabetical es:<lemma> grouping.
89g0nxntpb	seguir recto	to keep going straight	supporting	topic:verb-following-continuing	Verb subtopic redesign: thematic categorization (following-continuing) replacing the alphabetical es:<lemma> grouping.
2oiqu0kcxf	solía [hacer algo]	used to [do something]	supporting	topic:verb-modal-obligation	Verb subtopic redesign: thematic categorization (modal-obligation) replacing the alphabetical es:<lemma> grouping.
er9xiz8dqv	tocarle a [alguien]	to be [somebody's] turn	supporting	topic:verb-taking-removing-2	Verb subtopic redesign: thematic categorization (taking-removing-2) replacing the alphabetical es:<lemma> grouping.
a377qba56u	poder ser [algo]	can be [something]	supporting	topic:verb-modal-ability-2	Verb subtopic redesign: thematic categorization (modal-ability-2) replacing the alphabetical es:<lemma> grouping.
1jdy99z2dz	tener ganas de [hacer algo]	to feel like [doing something]	supporting	topic:verb-feelings-general	Verb subtopic redesign: thematic categorization (feelings-general) replacing the alphabetical es:<lemma> grouping.
we8gzmevo2	prestar atención a [algo]	to pay attention to [something]	supporting	topic:verb-money-commerce-2	Verb subtopic redesign: thematic categorization (money-commerce-2) replacing the alphabetical es:<lemma> grouping.
9hsbrn2qzb	Ella no es doctora.	She isn't a doctor.	supporting	topic:verb-ser-idioms-1	Verb subtopic redesign: thematic categorization (ser-idioms-1) replacing the alphabetical es:<lemma> grouping.
kf0u7n45dt	hablar por [alguien]	to speak for [somebody]	reference	topic:verb-communication-talking	Verb subtopic redesign: thematic categorization (communication-talking) replacing the alphabetical es:<lemma> grouping.
zl1e6hnb04	quedar en [hacer algo]	to agree to [do something]	reference	topic:verb-quedar-remaining	Verb subtopic redesign: thematic categorization (quedar-remaining) replacing the alphabetical es:<lemma> grouping.
0ngr08140i	abrirse con [alguien]	to open up to [somebody]	reference	topic:verb-household-1	Verb subtopic redesign: thematic categorization (household-1) replacing the alphabetical es:<lemma> grouping.
53ak6stp8u	ganarse la vida	to make a living	reference	topic:verb-money-earning-spending	Verb subtopic redesign: thematic categorization (money-earning-spending) replacing the alphabetical es:<lemma> grouping.
zy6xwkoq5s	puede estar [en un estado o lugar]	may be [in a state or place]	reference	topic:verb-modal-possibility	Verb subtopic redesign: thematic categorization (modal-possibility) replacing the alphabetical es:<lemma> grouping.
mu7bumpulx	hacer un esfuerzo	to make an effort	reference	topic:verb-creation-hacer	Verb subtopic redesign: thematic categorization (creation-hacer) replacing the alphabetical es:<lemma> grouping.
8kpshof0nv	mandar [hacer algo]	to have [something done]	reference	topic:verb-communication-other-2	Verb subtopic redesign: thematic categorization (communication-other-2) replacing the alphabetical es:<lemma> grouping.
isr1jrl9yx	pensar bien [algo]	to think [something] over	reference	topic:verb-thinking-opinions	Verb subtopic redesign: thematic categorization (thinking-opinions) replacing the alphabetical es:<lemma> grouping.
9y6wrrzjfz	costarle a [alguien] [hacer algo]	to struggle to [do something]	reference	topic:verb-money-earning-spending	Verb subtopic redesign: thematic categorization (money-earning-spending) replacing the alphabetical es:<lemma> grouping.
skfxdss0cs	dejar de [hacer algo]	to no longer [do something]	reference	topic:verb-keeping-storing	Verb subtopic redesign: thematic categorization (keeping-storing) replacing the alphabetical es:<lemma> grouping.
uuq5sdflxk	pasar por [algo difícil]	to go through [something difficult]	reference	topic:verb-movement-arriving-passing	Verb subtopic redesign: thematic categorization (movement-arriving-passing) replacing the alphabetical es:<lemma> grouping.
xavuiuomaj	pensar detenidamente [algo]	to think [something] through	reference	topic:verb-thinking-opinions	Verb subtopic redesign: thematic categorization (thinking-opinions) replacing the alphabetical es:<lemma> grouping.
k57gp6u41b	pensar que sí	to think so	reference	topic:verb-thinking-opinions	Verb subtopic redesign: thematic categorization (thinking-opinions) replacing the alphabetical es:<lemma> grouping.
3f5fh22xm8	[algo] pesa [una cantidad]	[something] weighs [an amount]	reference	topic:verb-feelings-general	Verb subtopic redesign: thematic categorization (feelings-general) replacing the alphabetical es:<lemma> grouping.
bm5ashr6qu	perder el contacto con [alguien]	to lose touch with [somebody]	reference	topic:verb-loss-death	Verb subtopic redesign: thematic categorization (loss-death) replacing the alphabetical es:<lemma> grouping.
6uhgsiqvvf	debido a [algo]	due to [something]	reference	topic:verb-modal-obligation	Verb subtopic redesign: thematic categorization (modal-obligation) replacing the alphabetical es:<lemma> grouping.
87vmd83t1p	deber ser [algo]	must be [something]	reference	topic:verb-modal-obligation	Verb subtopic redesign: thematic categorization (modal-obligation) replacing the alphabetical es:<lemma> grouping.
hswwpga0wq	debe de haber [algo]	there must be [something]	reference	topic:verb-tobe-existence-hay	Verb subtopic redesign: thematic categorization (tobe-existence-hay) replacing the alphabetical es:<lemma> grouping.
wtfoq5ttro	perder la noción de [algo]	to lose track of [something]	reference	topic:verb-loss-death	Verb subtopic redesign: thematic categorization (loss-death) replacing the alphabetical es:<lemma> grouping.
2egwnfg7jz	creer en [alguien]	to believe in [somebody]	reference	topic:verb-thinking-opinions	Verb subtopic redesign: thematic categorization (thinking-opinions) replacing the alphabetical es:<lemma> grouping.
pxkiokdofk	recordarle a [alguien] a [otra persona]	to remind [somebody] of [another person]	reference	topic:verb-remembering-forgetting	Verb subtopic redesign: thematic categorization (remembering-forgetting) replacing the alphabetical es:<lemma> grouping.
0ubq3z55bc	contar con [algo]	to have [something]	reference	topic:verb-communication-other-1	Verb subtopic redesign: thematic categorization (communication-other-1) replacing the alphabetical es:<lemma> grouping.
a4mugyra2a	quitarse del camino	to get out of the way	reference	topic:verb-removing-stealing	Verb subtopic redesign: thematic categorization (removing-stealing) replacing the alphabetical es:<lemma> grouping.
qj3wvut2bw	debía [hacer algo]	to have been supposed to [do something]	reference	topic:verb-modal-obligation	Verb subtopic redesign: thematic categorization (modal-obligation) replacing the alphabetical es:<lemma> grouping.
y86m7wjo50	saber a [algo]	to taste like [something]	reference	topic:verb-knowing	Verb subtopic redesign: thematic categorization (knowing) replacing the alphabetical es:<lemma> grouping.
lxhfegmolo	hacer falta	to be needed	reference	topic:verb-feelings-dislike-worry	Verb subtopic redesign: thematic categorization (feelings-dislike-worry) replacing the alphabetical es:<lemma> grouping.
6a2v9efdpz	Ellos no son de aquí.	They aren't from here.	supporting	topic:verb-ser-idioms-1	Verb subtopic redesign: thematic categorization (ser-idioms-1) replacing the alphabetical es:<lemma> grouping.
w4ubw2gv4e	deberse a [algo]	to be due to [something]	reference	topic:verb-modal-obligation	Verb subtopic redesign: thematic categorization (modal-obligation) replacing the alphabetical es:<lemma> grouping.
od0g56sefd	dejar salir a [alguien o algo]	to let [somebody or something] out	reference	topic:verb-keeping-storing	Verb subtopic redesign: thematic categorization (keeping-storing) replacing the alphabetical es:<lemma> grouping.
1yt28hn07y	echar [un líquido] en [un recipiente]	to pour [a liquid] into [a container]	reference	topic:verb-taking-removing-1	Verb subtopic redesign: thematic categorization (taking-removing-1) replacing the alphabetical es:<lemma> grouping.
egh1emsv3k	dejar [un lugar]	to leave [a place]	reference	topic:verb-keeping-storing	Verb subtopic redesign: thematic categorization (keeping-storing) replacing the alphabetical es:<lemma> grouping.
wyiru8eg9q	echar a [alguien] del trabajo	to fire [somebody]	reference	topic:verb-taking-removing-1	Verb subtopic redesign: thematic categorization (taking-removing-1) replacing the alphabetical es:<lemma> grouping.
op3olm4hh3	quedar con [alguien]	to arrange to meet [somebody]	reference	topic:verb-quedar-remaining	Verb subtopic redesign: thematic categorization (quedar-remaining) replacing the alphabetical es:<lemma> grouping.
36riiosdmx	echar a [alguien] de [un lugar]	to throw [somebody] out of [a place]	reference	topic:verb-taking-removing-1	Verb subtopic redesign: thematic categorization (taking-removing-1) replacing the alphabetical es:<lemma> grouping.
6o8pv6rvtp	echarle una mano a [alguien]	to give [somebody] a hand	reference	topic:verb-taking-removing-1	Verb subtopic redesign: thematic categorization (taking-removing-1) replacing the alphabetical es:<lemma> grouping.
nvywv2tlgk	robar [un lugar]	to rob [a place]	reference	topic:verb-conflict-crime	Verb subtopic redesign: thematic categorization (conflict-crime) replacing the alphabetical es:<lemma> grouping.
7eejr5fjd4	enseñarle [algo] a [alguien]	to show [somebody] [something]	core	topic:verb-learning-teaching	Verb subtopic redesign: thematic categorization (learning-teaching) replacing the alphabetical es:<lemma> grouping.
6y6hoqee9p	pararse	to stop moving	reference	topic:verb-locomotion-general	Verb subtopic redesign: thematic categorization (locomotion-general) replacing the alphabetical es:<lemma> grouping.
nkzffs81a6	no poder creer [algo]	not to be able to believe [something]	reference	topic:verb-thinking-opinions	Verb subtopic redesign: thematic categorization (thinking-opinions) replacing the alphabetical es:<lemma> grouping.
32xfxi2fjv	saber de [alguien]	to hear from [somebody]	reference	topic:verb-knowing	Verb subtopic redesign: thematic categorization (knowing) replacing the alphabetical es:<lemma> grouping.
98gwx9pls1	ser culpa de [alguien]	to be [somebody's] fault	reference	topic:verb-ser-idioms-1	Verb subtopic redesign: thematic categorization (ser-idioms-1) replacing the alphabetical es:<lemma> grouping.
2liqgudpe2	mantenerse en contacto con [alguien]	to keep in touch with [somebody]	reference	topic:verb-following-continuing	Verb subtopic redesign: thematic categorization (following-continuing) replacing the alphabetical es:<lemma> grouping.
ef4ltamqsa	seguir adelante	to carry on	reference	topic:verb-following-continuing	Verb subtopic redesign: thematic categorization (following-continuing) replacing the alphabetical es:<lemma> grouping.
htgjdwiqzm	detener [algo]	to stop [something]	reference	topic:verb-conflict-crime	Verb subtopic redesign: thematic categorization (conflict-crime) replacing the alphabetical es:<lemma> grouping.
5irs9gdyqv	mantenerse al día con [algo]	to keep up with [something]	reference	topic:verb-following-continuing	Verb subtopic redesign: thematic categorization (following-continuing) replacing the alphabetical es:<lemma> grouping.
bnj5p17mrm	irle bien a [alguien]	to go well for [somebody]	reference	topic:verb-movement-going	Verb subtopic redesign: thematic categorization (movement-going) replacing the alphabetical es:<lemma> grouping.
tc4o4z8jnt	salir mal	to go badly	reference	topic:verb-movement-directional-verbs	Verb subtopic redesign: thematic categorization (movement-directional-verbs) replacing the alphabetical es:<lemma> grouping.
d5m00zj2i4	seguir intentándolo	to keep at it	reference	topic:verb-following-continuing	Verb subtopic redesign: thematic categorization (following-continuing) replacing the alphabetical es:<lemma> grouping.
vupb12qdkr	seguir así	to keep it up	reference	topic:verb-following-continuing	Verb subtopic redesign: thematic categorization (following-continuing) replacing the alphabetical es:<lemma> grouping.
30rrpal2u2	soler [hacer algo]	to tend to [do something]	reference	topic:verb-modal-obligation	Verb subtopic redesign: thematic categorization (modal-obligation) replacing the alphabetical es:<lemma> grouping.
h2zqc61fwq	mantenerse alejado de [algo]	to keep away from [something]	reference	topic:verb-following-continuing	Verb subtopic redesign: thematic categorization (following-continuing) replacing the alphabetical es:<lemma> grouping.
0v6um8pq7g	significar mucho para [alguien]	to mean a lot to [somebody]	reference	topic:verb-communication-other-2	Verb subtopic redesign: thematic categorization (communication-other-2) replacing the alphabetical es:<lemma> grouping.
uxzgvill2p	dar seguimiento a [algo]	to follow up on [something]	reference	topic:verb-following-continuing	Verb subtopic redesign: thematic categorization (following-continuing) replacing the alphabetical es:<lemma> grouping.
3qtux13rre	sentirlo por [algo]	to be sorry for [something]	reference	topic:verb-feelings-general	Verb subtopic redesign: thematic categorization (feelings-general) replacing the alphabetical es:<lemma> grouping.
waj96uzzcf	No estaba listo.	I wasn't ready.	supporting	topic:verb-estar-idioms-2	Verb subtopic redesign: thematic categorization (estar-idioms-2) replacing the alphabetical es:<lemma> grouping.
9kyo88v7jf	suponer que [algo]	to assume that [something]	reference	topic:verb-deciding-considering	Verb subtopic redesign: thematic categorization (deciding-considering) replacing the alphabetical es:<lemma> grouping.
rx423e30re	acordar [hacer algo]	to agree to [do something]	reference	topic:verb-remembering-forgetting	Verb subtopic redesign: thematic categorization (remembering-forgetting) replacing the alphabetical es:<lemma> grouping.
86v2tii41j	tener en cuenta [algo]	to keep [something] in mind	reference	topic:verb-possession-having	Verb subtopic redesign: thematic categorization (possession-having) replacing the alphabetical es:<lemma> grouping.
8pzhwaykz8	significar [una forma completa]	to stand for [a full form]	reference	topic:verb-communication-other-2	Verb subtopic redesign: thematic categorization (communication-other-2) replacing the alphabetical es:<lemma> grouping.
6vpv4m0g02	tener que ver con [algo]	to be related to [something]	reference	topic:verb-modal-obligation	Verb subtopic redesign: thematic categorization (modal-obligation) replacing the alphabetical es:<lemma> grouping.
fshhqe3d9f	sentir que [algo]	to sense that [something]	reference	topic:verb-feelings-general	Verb subtopic redesign: thematic categorization (feelings-general) replacing the alphabetical es:<lemma> grouping.
lzbsoi01yv	mandar [hacer algo]	to get [something] [done]	reference	topic:verb-communication-other-2	Verb subtopic redesign: thematic categorization (communication-other-2) replacing the alphabetical es:<lemma> grouping.
8ic82zfjqz	tocar el timbre	to ring the doorbell	reference	topic:verb-taking-removing-2	Verb subtopic redesign: thematic categorization (taking-removing-2) replacing the alphabetical es:<lemma> grouping.
592w2y5gz1	querer decir	to mean	supporting	topic:verb-communication-saying	Verb subtopic redesign: thematic categorization (communication-saying) replacing the alphabetical es:<lemma> grouping.
dugiwco70z	poder [hacer algo] (pasado)	could [do something]	reference	topic:verb-modal-ability-2	Verb subtopic redesign: thematic categorization (modal-ability-2) replacing the alphabetical es:<lemma> grouping.
nyb1ocmvpw	ser para [un uso]	to be meant for [a use]	reference	topic:verb-ser-idioms-2	Verb subtopic redesign: thematic categorization (ser-idioms-2) replacing the alphabetical es:<lemma> grouping.
yv532a42h2	traer [algo] consigo	to have [something] with you	reference	topic:verb-bringing	Verb subtopic redesign: thematic categorization (bringing) replacing the alphabetical es:<lemma> grouping.
sz0g4jfbie	ser capaz de [hacer algo]	to be able to [do something]	reference	topic:verb-ser-idioms-1	Verb subtopic redesign: thematic categorization (ser-idioms-1) replacing the alphabetical es:<lemma> grouping.
15khny2b9v	tener que ver con [algo]	to have to do with [something]	reference	topic:verb-modal-obligation	Verb subtopic redesign: thematic categorization (modal-obligation) replacing the alphabetical es:<lemma> grouping.
kk3nkycmqg	venirle bien a [alguien]	to work for [somebody]	reference	topic:verb-work-employment	Verb subtopic redesign: thematic categorization (work-employment) replacing the alphabetical es:<lemma> grouping.
7yc3ljvgss	unir	to unite	reference	topic:verb-formal-abstract-2	Verb subtopic redesign: thematic categorization (formal-abstract-2) replacing the alphabetical es:<lemma> grouping.
lidfbq7lxa	posicionar	to position	reference	topic:verb-work-employment	Verb subtopic redesign: thematic categorization (work-employment) replacing the alphabetical es:<lemma> grouping.
oaj6w40rgj	implementar	to implement	reference	topic:verb-formal-business	Verb subtopic redesign: thematic categorization (formal-business) replacing the alphabetical es:<lemma> grouping.
ietq3i884j	enviar [algo]	to forward [something]	reference	topic:verb-formal-remainder-6	Verb subtopic redesign: thematic categorization (formal-remainder-6) replacing the alphabetical es:<lemma> grouping.
5tbq59flnh	No estaban en casa.	They weren't home.	supporting	topic:verb-estar-idioms-2	Verb subtopic redesign: thematic categorization (estar-idioms-2) replacing the alphabetical es:<lemma> grouping.
ll708ai2nl	diferir	to differ	reference	topic:verb-formal-abstract-1	Verb subtopic redesign: thematic categorization (formal-abstract-1) replacing the alphabetical es:<lemma> grouping.
779ynouu11	distribuir	to distribute	reference	topic:verb-formal-abstract-2	Verb subtopic redesign: thematic categorization (formal-abstract-2) replacing the alphabetical es:<lemma> grouping.
c3amoye6xz	sustituir	to substitute	reference	topic:verb-formal-abstract-2	Verb subtopic redesign: thematic categorization (formal-abstract-2) replacing the alphabetical es:<lemma> grouping.
34qked2yf9	corresponder	to correspond	reference	topic:verb-formal-abstract-1	Verb subtopic redesign: thematic categorization (formal-abstract-1) replacing the alphabetical es:<lemma> grouping.
i3832a491z	depositar	to deposit	reference	topic:verb-formal-business	Verb subtopic redesign: thematic categorization (formal-business) replacing the alphabetical es:<lemma> grouping.
uu1cnr3a36	multiplicar	to multiply	reference	topic:verb-formal-abstract-2	Verb subtopic redesign: thematic categorization (formal-abstract-2) replacing the alphabetical es:<lemma> grouping.
bp593daco9	implicar	to imply	reference	topic:verb-formal-abstract-1	Verb subtopic redesign: thematic categorization (formal-abstract-1) replacing the alphabetical es:<lemma> grouping.
lfg0ejcjnq	estimar	to estimate	reference	topic:verb-analysis-investigation	Verb subtopic redesign: thematic categorization (analysis-investigation) replacing the alphabetical es:<lemma> grouping.
w66regabe9	venir en [colores o tamaños]	to come in [colors or sizes]	reference	topic:verb-movement-coming	Verb subtopic redesign: thematic categorization (movement-coming) replacing the alphabetical es:<lemma> grouping.
gjh5b0lek7	suscribirse	to subscribe	reference	topic:verb-formal-business	Verb subtopic redesign: thematic categorization (formal-business) replacing the alphabetical es:<lemma> grouping.
qqt1bizdh7	centrar	to center	reference	topic:verb-formal-abstract-1	Verb subtopic redesign: thematic categorization (formal-abstract-1) replacing the alphabetical es:<lemma> grouping.
d74s6zcq9j	justificar	to justify	reference	topic:verb-formal-abstract-1	Verb subtopic redesign: thematic categorization (formal-abstract-1) replacing the alphabetical es:<lemma> grouping.
6em7hpnut9	operar	to operate	reference	topic:verb-formal-abstract-1	Verb subtopic redesign: thematic categorization (formal-abstract-1) replacing the alphabetical es:<lemma> grouping.
pnp6pglvyd	guiar	to guide	reference	topic:verb-formal-abstract-1	Verb subtopic redesign: thematic categorization (formal-abstract-1) replacing the alphabetical es:<lemma> grouping.
noyh1gv4we	restaurar	to restore	reference	topic:verb-creation-repair-other	Verb subtopic redesign: thematic categorization (creation-repair-other) replacing the alphabetical es:<lemma> grouping.
hl9cjbokrp	finalizar	to finalize	reference	topic:verb-formal-business	Verb subtopic redesign: thematic categorization (formal-business) replacing the alphabetical es:<lemma> grouping.
4u8htj8ocd	inhalar	to inhale	reference	topic:verb-health-body	Verb subtopic redesign: thematic categorization (health-body) replacing the alphabetical es:<lemma> grouping.
gbkix5lyv6	preservar	to preserve	reference	topic:verb-formal-business	Verb subtopic redesign: thematic categorization (formal-business) replacing the alphabetical es:<lemma> grouping.
xklnks32qd	excluir	to exclude	reference	topic:verb-formal-remainder-7	Verb subtopic redesign: thematic categorization (formal-remainder-7) replacing the alphabetical es:<lemma> grouping.
invu1lmtuw	conservar	to conserve	reference	topic:verb-formal-business	Verb subtopic redesign: thematic categorization (formal-business) replacing the alphabetical es:<lemma> grouping.
qup86o9vnn	exhalar	to exhale	reference	topic:verb-health-body	Verb subtopic redesign: thematic categorization (health-body) replacing the alphabetical es:<lemma> grouping.
4w4rj5i3g0	deducir	to deduce	reference	topic:verb-deciding-considering	Verb subtopic redesign: thematic categorization (deciding-considering) replacing the alphabetical es:<lemma> grouping.
b6wua9uv0p	prescribir	to prescribe	reference	topic:verb-formal-business	Verb subtopic redesign: thematic categorization (formal-business) replacing the alphabetical es:<lemma> grouping.
ujfd2cjj1t	pausar	to pause	reference	topic:verb-formal-business	Verb subtopic redesign: thematic categorization (formal-business) replacing the alphabetical es:<lemma> grouping.
qdcruk7002	citar	to cite	reference	topic:verb-communication-formal	Verb subtopic redesign: thematic categorization (communication-formal) replacing the alphabetical es:<lemma> grouping.
4r07khungy	contribuir	to contribute	reference	topic:verb-formal-business	Verb subtopic redesign: thematic categorization (formal-business) replacing the alphabetical es:<lemma> grouping.
ull88y8rzv	reunir	to reunite	reference	topic:verb-social-relationships	Verb subtopic redesign: thematic categorization (social-relationships) replacing the alphabetical es:<lemma> grouping.
nq7pa5v7aj	minimizar	to minimize	reference	topic:verb-formal-business	Verb subtopic redesign: thematic categorization (formal-business) replacing the alphabetical es:<lemma> grouping.
2xwe3j8ujy	maximizar	to maximize	reference	topic:verb-formal-business	Verb subtopic redesign: thematic categorization (formal-business) replacing the alphabetical es:<lemma> grouping.
c9e47xxxqj	venir en camino	to be on the way	reference	topic:verb-movement-coming	Verb subtopic redesign: thematic categorization (movement-coming) replacing the alphabetical es:<lemma> grouping.
yenl2lq9oq	negociar	to negotiate	reference	topic:verb-formal-business	Verb subtopic redesign: thematic categorization (formal-business) replacing the alphabetical es:<lemma> grouping.
qw412q5w2q	cuestionar	to question	reference	topic:verb-deciding-considering	Verb subtopic redesign: thematic categorization (deciding-considering) replacing the alphabetical es:<lemma> grouping.
bg83x0k5kp	enviar [algo]	to ship [something]	reference	topic:verb-formal-remainder-6	Verb subtopic redesign: thematic categorization (formal-remainder-6) replacing the alphabetical es:<lemma> grouping.
rrxe7cd85d	cállate	be quiet	supporting	topic:verb-communication-other-1	Verb subtopic redesign: thematic categorization (communication-other-1) replacing the alphabetical es:<lemma> grouping.
r4wshfw0zl	cállate	shut up	supporting	topic:verb-communication-other-1	Verb subtopic redesign: thematic categorization (communication-other-1) replacing the alphabetical es:<lemma> grouping.
inf9g9dmd7	imponer	to impose	reference	topic:verb-admin-legal-formal	Verb subtopic redesign: thematic categorization (admin-legal-formal) replacing the alphabetical es:<lemma> grouping.
ydrx4jlj20	transportar	to transport	reference	topic:verb-movement-directional-verbs	Verb subtopic redesign: thematic categorization (movement-directional-verbs) replacing the alphabetical es:<lemma> grouping.
3ymcnkevwg	Ella no ha llegado.	She hasn't arrived.	supporting	topic:verb-perfect-auxiliary	Verb subtopic redesign: thematic categorization (perfect-auxiliary) replacing the alphabetical es:<lemma> grouping.
98sen5xp7y	comprender	to comprehend	reference	topic:verb-formal-abstract-1	Verb subtopic redesign: thematic categorization (formal-abstract-1) replacing the alphabetical es:<lemma> grouping.
u9hxahpvn8	coleccionar	to collect	reference	topic:verb-formal-abstract-1	Verb subtopic redesign: thematic categorization (formal-abstract-1) replacing the alphabetical es:<lemma> grouping.
3scspzwt5d	instruir	to instruct	reference	topic:verb-formal-abstract-1	Verb subtopic redesign: thematic categorization (formal-abstract-1) replacing the alphabetical es:<lemma> grouping.
3qo4l6ua2u	prohibir	to prohibit	reference	topic:verb-admin-legal-formal	Verb subtopic redesign: thematic categorization (admin-legal-formal) replacing the alphabetical es:<lemma> grouping.
gqqod0k0fl	digerir	to digest	reference	topic:verb-health-body	Verb subtopic redesign: thematic categorization (health-body) replacing the alphabetical es:<lemma> grouping.
p0abu0rm9f	ofender	to offend	reference	topic:verb-formal-abstract-1	Verb subtopic redesign: thematic categorization (formal-abstract-1) replacing the alphabetical es:<lemma> grouping.
psvaz2wxvv	exportar	to export	reference	topic:verb-formal-business	Verb subtopic redesign: thematic categorization (formal-business) replacing the alphabetical es:<lemma> grouping.
7fbf1yrpcu	importar	to import	reference	topic:verb-feelings-dislike-worry	Verb subtopic redesign: thematic categorization (feelings-dislike-worry) replacing the alphabetical es:<lemma> grouping.
q6rkgiwa5d	declarar	to declare	reference	topic:verb-admin-legal-formal	Verb subtopic redesign: thematic categorization (admin-legal-formal) replacing the alphabetical es:<lemma> grouping.
5g4fbayz0u	observar	to observe	reference	topic:verb-watching-other	Verb subtopic redesign: thematic categorization (watching-other) replacing the alphabetical es:<lemma> grouping.
hzw88e00ad	exhibir	to exhibit	reference	topic:verb-formal-abstract-1	Verb subtopic redesign: thematic categorization (formal-abstract-1) replacing the alphabetical es:<lemma> grouping.
a2ujxq83pk	percibir	to perceive	reference	topic:verb-deciding-considering	Verb subtopic redesign: thematic categorization (deciding-considering) replacing the alphabetical es:<lemma> grouping.
vuqfy6bg06	disolver	to dissolve	reference	topic:verb-formal-abstract-2	Verb subtopic redesign: thematic categorization (formal-abstract-2) replacing the alphabetical es:<lemma> grouping.
ph4y9pkwf1	derivar	to derive	reference	topic:verb-formal-abstract-1	Verb subtopic redesign: thematic categorization (formal-abstract-1) replacing the alphabetical es:<lemma> grouping.
4rbp4wgwso	distraer	to distract	reference	topic:verb-formal-abstract-1	Verb subtopic redesign: thematic categorization (formal-abstract-1) replacing the alphabetical es:<lemma> grouping.
qhthbncgk7	interactuar	to interact	reference	topic:verb-formal-abstract-1	Verb subtopic redesign: thematic categorization (formal-abstract-1) replacing the alphabetical es:<lemma> grouping.
4yf8ijcj19	comprimir	to compress	reference	topic:verb-formal-abstract-2	Verb subtopic redesign: thematic categorization (formal-abstract-2) replacing the alphabetical es:<lemma> grouping.
o3l6oubtj6	conceder	to concede	reference	topic:verb-formal-abstract-1	Verb subtopic redesign: thematic categorization (formal-abstract-1) replacing the alphabetical es:<lemma> grouping.
zb1r0lavqo	exceder	to exceed	reference	topic:verb-formal-abstract-1	Verb subtopic redesign: thematic categorization (formal-abstract-1) replacing the alphabetical es:<lemma> grouping.
ihevpwrjl9	proceder	to proceed	reference	topic:verb-formal-abstract-1	Verb subtopic redesign: thematic categorization (formal-abstract-1) replacing the alphabetical es:<lemma> grouping.
bwkdp2bsi4	revertir	to revert	reference	topic:verb-formal-abstract-1	Verb subtopic redesign: thematic categorization (formal-abstract-1) replacing the alphabetical es:<lemma> grouping.
sieanaw5b9	detectar	to detect	reference	topic:verb-formal-abstract-1	Verb subtopic redesign: thematic categorization (formal-abstract-1) replacing the alphabetical es:<lemma> grouping.
g05qdfu47y	oponerse	to oppose	reference	topic:verb-conflict-crime	Verb subtopic redesign: thematic categorization (conflict-crime) replacing the alphabetical es:<lemma> grouping.
4fc2kcqip3	proponer	to propose	reference	topic:verb-formal-abstract-1	Verb subtopic redesign: thematic categorization (formal-abstract-1) replacing the alphabetical es:<lemma> grouping.
f8vxtpc7m8	adquirir	to acquire	reference	topic:verb-possession-obtaining	Verb subtopic redesign: thematic categorization (possession-obtaining) replacing the alphabetical es:<lemma> grouping.
mt3fyxp4nv	exponer	to expose	reference	topic:verb-formal-abstract-1	Verb subtopic redesign: thematic categorization (formal-abstract-1) replacing the alphabetical es:<lemma> grouping.
ggkqe82rdu	retirarse	to retire	reference	topic:verb-formal-abstract-2	Verb subtopic redesign: thematic categorization (formal-abstract-2) replacing the alphabetical es:<lemma> grouping.
2y6u1mwiqm	expirar	to expire	reference	topic:verb-formal-abstract-1	Verb subtopic redesign: thematic categorization (formal-abstract-1) replacing the alphabetical es:<lemma> grouping.
t7xdhmoj13	acusar	to accuse	reference	topic:verb-conflict-crime	Verb subtopic redesign: thematic categorization (conflict-crime) replacing the alphabetical es:<lemma> grouping.
3tel071upm	distinguir	to distinguish	reference	topic:verb-deciding-considering	Verb subtopic redesign: thematic categorization (deciding-considering) replacing the alphabetical es:<lemma> grouping.
svksm10h8x	usar	to use	supporting	topic:verb-formal-abstract-2	Verb subtopic redesign: thematic categorization (formal-abstract-2) replacing the alphabetical es:<lemma> grouping.
y4njcsmrzn	comprar [algo]	to buy [something]	core	topic:verb-money-commerce-1	Verb subtopic redesign: thematic categorization (money-commerce-1) replacing the alphabetical es:<lemma> grouping.
4z5hy6veqe	construir [algo]	to build [something]	supporting	topic:verb-creation-repair-other	Verb subtopic redesign: thematic categorization (creation-repair-other) replacing the alphabetical es:<lemma> grouping.
wivk576p42	recordar haber [hecho algo]	to remember [doing something]	supporting	topic:verb-remembering-forgetting	Verb subtopic redesign: thematic categorization (remembering-forgetting) replacing the alphabetical es:<lemma> grouping.
aawalesw7o	vivir	to live	core	topic:verb-daily-routine	Verb subtopic redesign: thematic categorization (daily-routine) replacing the alphabetical es:<lemma> grouping.
vuhn72n7gd	hacer amigos	to make friends	supporting	topic:verb-creation-hacer	Verb subtopic redesign: thematic categorization (creation-hacer) replacing the alphabetical es:<lemma> grouping.
l71bpvl4t0	pagar [algo]	to pay [something]	core	topic:verb-money-earning-spending	Verb subtopic redesign: thematic categorization (money-earning-spending) replacing the alphabetical es:<lemma> grouping.
z2tltbudld	vivir en [un lugar]	to live in [a place]	supporting	topic:verb-daily-routine	Verb subtopic redesign: thematic categorization (daily-routine) replacing the alphabetical es:<lemma> grouping.
6g3l09qji4	vivir con [alguien]	to live with [somebody]	supporting	topic:verb-daily-routine	Verb subtopic redesign: thematic categorization (daily-routine) replacing the alphabetical es:<lemma> grouping.
rfz1qo5i8n	entender [algo]	to understand [something]	core	topic:verb-learning-teaching	Verb subtopic redesign: thematic categorization (learning-teaching) replacing the alphabetical es:<lemma> grouping.
9hj8rdegpe	No había terminado cuando llegaron.	I hadn't finished when they arrived.	supporting	topic:verb-perfect-auxiliary	Verb subtopic redesign: thematic categorization (perfect-auxiliary) replacing the alphabetical es:<lemma> grouping.
t1monumdj4	¿No comes carne?	Don't you eat meat?	supporting	topic:verb-eating-drinking	Verb subtopic redesign: thematic categorization (eating-drinking) replacing the alphabetical es:<lemma> grouping.
l0ff67q199	¿Comes carne?	Do you eat meat?	supporting	topic:verb-eating-drinking	Verb subtopic redesign: thematic categorization (eating-drinking) replacing the alphabetical es:<lemma> grouping.
vcu1zud7v6	vender [algo]	to sell [something]	core	topic:verb-money-commerce-2	Verb subtopic redesign: thematic categorization (money-commerce-2) replacing the alphabetical es:<lemma> grouping.
7zuboxokm5	¿Ella come carne?	Does she eat meat?	supporting	topic:verb-eating-drinking	Verb subtopic redesign: thematic categorization (eating-drinking) replacing the alphabetical es:<lemma> grouping.
1m68s37p22	¿Fueron a la fiesta?	Did they go to the party?	supporting	topic:verb-movement-going	Verb subtopic redesign: thematic categorization (movement-going) replacing the alphabetical es:<lemma> grouping.
9814unz0vu	¿Es ella doctora?	Is she a doctor?	supporting	topic:verb-tobe-present	Verb subtopic redesign: thematic categorization (tobe-present) replacing the alphabetical es:<lemma> grouping.
yet9gjs718	¿Están listos?	Are they ready?	supporting	topic:verb-tobe-present	Verb subtopic redesign: thematic categorization (tobe-present) replacing the alphabetical es:<lemma> grouping.
12bywx3jpk	morir	to die	supporting	topic:verb-loss-death	Verb subtopic redesign: thematic categorization (loss-death) replacing the alphabetical es:<lemma> grouping.
h4e5zg4qih	casarse	to get married	supporting	topic:verb-social-relationships	Verb subtopic redesign: thematic categorization (social-relationships) replacing the alphabetical es:<lemma> grouping.
aq0gtmpie2	¿No lo sabe él?	Doesn't he know?	supporting	topic:verb-knowing	Verb subtopic redesign: thematic categorization (knowing) replacing the alphabetical es:<lemma> grouping.
gzx4e3lkp6	odiar [hacer algo]	to hate [doing something]	supporting	topic:verb-formal-remainder-10	Verb subtopic redesign: thematic categorization (formal-remainder-10) replacing the alphabetical es:<lemma> grouping.
9cyb4wa5a3	subir	to go up	supporting	topic:verb-movement-directional	Verb subtopic redesign: thematic categorization (movement-directional) replacing the alphabetical es:<lemma> grouping.
b29ry1lt3n	dormir	to sleep	supporting	topic:verb-daily-routine	Verb subtopic redesign: thematic categorization (daily-routine) replacing the alphabetical es:<lemma> grouping.
espkmj03d4	romper [algo]	to break [something]	supporting	topic:verb-creation-repair-other	Verb subtopic redesign: thematic categorization (creation-repair-other) replacing the alphabetical es:<lemma> grouping.
372sudzh0b	sentarse	to sit down	supporting	topic:verb-daily-routine	Verb subtopic redesign: thematic categorization (daily-routine) replacing the alphabetical es:<lemma> grouping.
oxdrdskeju	correr	to run	supporting	topic:verb-locomotion-general	Verb subtopic redesign: thematic categorization (locomotion-general) replacing the alphabetical es:<lemma> grouping.
ceyrr3ohg9	ser medianoche	to be midnight	supporting	topic:verb-ser-idioms-2	Verb subtopic redesign: thematic categorization (ser-idioms-2) replacing the alphabetical es:<lemma> grouping.
krnfpdxa43	preferir [hacer algo]	to prefer [to do something]	supporting	topic:verb-formal-remainder-11	Verb subtopic redesign: thematic categorization (formal-remainder-11) replacing the alphabetical es:<lemma> grouping.
jjamoxjs7y	tirar [algo]	to throw [something]	supporting	topic:verb-taking-removing-2	Verb subtopic redesign: thematic categorization (taking-removing-2) replacing the alphabetical es:<lemma> grouping.
wrm972d75x	andar	to walk	supporting	topic:verb-locomotion-general	Verb subtopic redesign: thematic categorization (locomotion-general) replacing the alphabetical es:<lemma> grouping.
kfgyouvdqj	odiar [hacer algo]	to hate [to do something]	supporting	topic:verb-formal-remainder-10	Verb subtopic redesign: thematic categorization (formal-remainder-10) replacing the alphabetical es:<lemma> grouping.
1fuuisjsfo	bajar	to go down	supporting	topic:verb-movement-directional	Verb subtopic redesign: thematic categorization (movement-directional) replacing the alphabetical es:<lemma> grouping.
mac4komrt9	ser mediodía	to be noon	supporting	topic:verb-ser-idioms-2	Verb subtopic redesign: thematic categorization (ser-idioms-2) replacing the alphabetical es:<lemma> grouping.
abycyirnp6	elegir [algo]	to choose [something]	supporting	topic:verb-deciding-considering	Verb subtopic redesign: thematic categorization (deciding-considering) replacing the alphabetical es:<lemma> grouping.
rvq2d8l5eq	gastar [algo]	to spend [something]	supporting	topic:verb-money-earning-spending	Verb subtopic redesign: thematic categorization (money-earning-spending) replacing the alphabetical es:<lemma> grouping.
5x31mxhcwq	jugar [un juego o deporte]	to play [a game or sport]	supporting	topic:verb-social-relationships	Verb subtopic redesign: thematic categorization (social-relationships) replacing the alphabetical es:<lemma> grouping.
e4wn19bujr	levantarse	to get up	supporting	topic:verb-daily-routine	Verb subtopic redesign: thematic categorization (daily-routine) replacing the alphabetical es:<lemma> grouping.
wkajwgr1vb	mostrar [algo]	to show [something]	supporting	topic:verb-formal-remainder-9	Verb subtopic redesign: thematic categorization (formal-remainder-9) replacing the alphabetical es:<lemma> grouping.
362prshjtp	¿No fueron a la fiesta?	Didn't they go to the party?	supporting	topic:verb-movement-going	Verb subtopic redesign: thematic categorization (movement-going) replacing the alphabetical es:<lemma> grouping.
27pb5p676r	estar afuera	to be outside	supporting	topic:verb-estar-idioms-1	Verb subtopic redesign: thematic categorization (estar-idioms-1) replacing the alphabetical es:<lemma> grouping.
e1kkk7zc7e	estar adentro	to be inside	supporting	topic:verb-estar-idioms-1	Verb subtopic redesign: thematic categorization (estar-idioms-1) replacing the alphabetical es:<lemma> grouping.
vuym0ms6tf	sí [alguien] [hace algo] (énfasis)	[somebody] does [do something]	reference	topic:verb-wishes-2	Verb subtopic redesign: thematic categorization (wishes-2) replacing the alphabetical es:<lemma> grouping.
y13ekw81d8	salir	to come out	supporting	topic:verb-movement-directional-verbs	Verb subtopic redesign: thematic categorization (movement-directional-verbs) replacing the alphabetical es:<lemma> grouping.
rh4yfb08hn	voy a [hacer algo]	I am going [to do something]	core	topic:verb-movement-going	Verb subtopic redesign: thematic categorization (movement-going) replacing the alphabetical es:<lemma> grouping.
tbpj623d3b	querer [hacer algo] (tener la intención)	to mean [to do something]	reference	topic:verb-feelings-love-like	Verb subtopic redesign: thematic categorization (feelings-love-like) replacing the alphabetical es:<lemma> grouping.
yhchadk82l	no he podido [hacer algo]	haven't been able to [do something]	reference	topic:verb-modal-ability-1	Verb subtopic redesign: thematic categorization (modal-ability-1) replacing the alphabetical es:<lemma> grouping.
p1ga7e8bhn	tengo [algo]	I have [something]	core	topic:verb-possession-having	Verb subtopic redesign: thematic categorization (possession-having) replacing the alphabetical es:<lemma> grouping.
mwpgnk4gb9	tienes [algo]	you have [something]	core	topic:verb-possession-having	Verb subtopic redesign: thematic categorization (possession-having) replacing the alphabetical es:<lemma> grouping.
vea3m3h1kq	tiene [algo]	has [something]	core	topic:verb-possession-having	Verb subtopic redesign: thematic categorization (possession-having) replacing the alphabetical es:<lemma> grouping.
xisncbwr6s	tenemos [algo]	we have [something]	core	topic:verb-possession-having	Verb subtopic redesign: thematic categorization (possession-having) replacing the alphabetical es:<lemma> grouping.
0lbant78ng	vas a [hacer algo]	you are going [to do something]	core	topic:verb-movement-going	Verb subtopic redesign: thematic categorization (movement-going) replacing the alphabetical es:<lemma> grouping.
rkkkgau83q	tienen [algo]	they have [something]	core	topic:verb-possession-having	Verb subtopic redesign: thematic categorization (possession-having) replacing the alphabetical es:<lemma> grouping.
ohgxx8621i	vamos a [hacer algo]	we are going [to do something]	core	topic:verb-movement-going	Verb subtopic redesign: thematic categorization (movement-going) replacing the alphabetical es:<lemma> grouping.
ym5bgyxy1x	van a [hacer algo]	they are going [to do something]	core	topic:verb-movement-going	Verb subtopic redesign: thematic categorization (movement-going) replacing the alphabetical es:<lemma> grouping.
0rv1zmpu5c	eres [algo]	you are [something]	core	topic:verb-tobe-present	Verb subtopic redesign: thematic categorization (tobe-present) replacing the alphabetical es:<lemma> grouping.
b6v2qryb2d	he [hecho algo]	I have [done something]	supporting	topic:verb-perfect-auxiliary	Verb subtopic redesign: thematic categorization (perfect-auxiliary) replacing the alphabetical es:<lemma> grouping.
xffe82pdpg	has [hecho algo]	you have [done something]	supporting	topic:verb-perfect-auxiliary	Verb subtopic redesign: thematic categorization (perfect-auxiliary) replacing the alphabetical es:<lemma> grouping.
01rpjz02jy	ha [hecho algo]	has [done something]	supporting	topic:verb-perfect-auxiliary	Verb subtopic redesign: thematic categorization (perfect-auxiliary) replacing the alphabetical es:<lemma> grouping.
tei7cfo1k2	hemos [hecho algo]	we have [done something]	supporting	topic:verb-perfect-auxiliary	Verb subtopic redesign: thematic categorization (perfect-auxiliary) replacing the alphabetical es:<lemma> grouping.
uwzxgiv5od	han [hecho algo]	they have [done something]	supporting	topic:verb-perfect-auxiliary	Verb subtopic redesign: thematic categorization (perfect-auxiliary) replacing the alphabetical es:<lemma> grouping.
rf1kaz8lmr	es [algo]	is [something]	core	topic:verb-tobe-present	Verb subtopic redesign: thematic categorization (tobe-present) replacing the alphabetical es:<lemma> grouping.
d3s5uo0ahx	somos [algo]	we are [something]	core	topic:verb-tobe-present	Verb subtopic redesign: thematic categorization (tobe-present) replacing the alphabetical es:<lemma> grouping.
0kqlhwpi3i	son [algo]	they are [something]	core	topic:verb-tobe-present	Verb subtopic redesign: thematic categorization (tobe-present) replacing the alphabetical es:<lemma> grouping.
0m0vzyyfd9	va a [hacer algo]	is going [to do something]	core	topic:verb-movement-going	Verb subtopic redesign: thematic categorization (movement-going) replacing the alphabetical es:<lemma> grouping.
b5c13zo3bg	soy [algo]	I am [something]	core	topic:verb-tobe-present	Verb subtopic redesign: thematic categorization (tobe-present) replacing the alphabetical es:<lemma> grouping.
93wmoiwink	estoy [en un estado o lugar]	I am [somewhere or feeling something]	core	topic:verb-tobe-present	Verb subtopic redesign: thematic categorization (tobe-present) replacing the alphabetical es:<lemma> grouping.
zs2vl4oxdq	está [en un estado o lugar]	is [somewhere or feeling something]	core	topic:verb-tobe-present	Verb subtopic redesign: thematic categorization (tobe-present) replacing the alphabetical es:<lemma> grouping.
0k44vohfn6	estás [en un estado o lugar]	you are [somewhere or feeling something]	supporting	topic:verb-tobe-present	Verb subtopic redesign: thematic categorization (tobe-present) replacing the alphabetical es:<lemma> grouping.
kaq1f0slza	estamos [en un estado o lugar]	we are [somewhere or feeling something]	supporting	topic:verb-tobe-present	Verb subtopic redesign: thematic categorization (tobe-present) replacing the alphabetical es:<lemma> grouping.
widbvn1zzj	están [en un estado o lugar]	they are [somewhere or feeling something]	supporting	topic:verb-tobe-present	Verb subtopic redesign: thematic categorization (tobe-present) replacing the alphabetical es:<lemma> grouping.
dv55nncur9	ir de compras	to go shopping	supporting	topic:verb-movement-going	Verb subtopic redesign: thematic categorization (movement-going) replacing the alphabetical es:<lemma> grouping.
cld2cnhb2w	pasarle [algo] a [alguien]	to pass [somebody] [something]	supporting	topic:verb-movement-arriving-passing	Verb subtopic redesign: thematic categorization (movement-arriving-passing) replacing the alphabetical es:<lemma> grouping.
mvfvzwbg8g	Vamos a cenar.	Let's have dinner.	supporting	topic:verb-movement-going	Verb subtopic redesign: thematic categorization (movement-going) replacing the alphabetical es:<lemma> grouping.
7peott7vnd	No vayamos todavía.	Let's not go yet.	supporting	topic:verb-movement-going	Verb subtopic redesign: thematic categorization (movement-going) replacing the alphabetical es:<lemma> grouping.
q98pxxzqf3	No cierres la puerta.	Don't close the door.	supporting	topic:verb-household-2	Verb subtopic redesign: thematic categorization (household-2) replacing the alphabetical es:<lemma> grouping.
pdc3u4lu4a	No cierre la puerta.	Don't close the door.	reference	topic:verb-household-2	Verb subtopic redesign: thematic categorization (household-2) replacing the alphabetical es:<lemma> grouping.
do26qqvb93	Cierra la puerta.	Close the door.	supporting	topic:verb-household-1	Verb subtopic redesign: thematic categorization (household-1) replacing the alphabetical es:<lemma> grouping.
zw81jy10ge	Cierre la puerta.	Close the door.	supporting	topic:verb-household-1	Verb subtopic redesign: thematic categorization (household-1) replacing the alphabetical es:<lemma> grouping.
g1jufpr1jo	Cierren la puerta.	Close the door.	supporting	topic:verb-household-2	Verb subtopic redesign: thematic categorization (household-2) replacing the alphabetical es:<lemma> grouping.
hfip8vre8c	eres [adjetivo]	you are [adjective]	supporting	topic:verb-tobe-present	Verb subtopic redesign: thematic categorization (tobe-present) replacing the alphabetical es:<lemma> grouping.
iy31grrg95	soy de [un lugar]	I am from [a place]	core	topic:verb-tobe-present	Verb subtopic redesign: thematic categorization (tobe-present) replacing the alphabetical es:<lemma> grouping.
n8ahr1jble	soy [adjetivo]	I am [adjective]	core	topic:verb-tobe-present	Verb subtopic redesign: thematic categorization (tobe-present) replacing the alphabetical es:<lemma> grouping.
7irrsf9sy8	es la una	it's one o'clock	supporting	topic:verb-tobe-present	Verb subtopic redesign: thematic categorization (tobe-present) replacing the alphabetical es:<lemma> grouping.
9yf8jsp2b1	está [haciendo algo]	is [doing something]	core	topic:verb-tobe-present	Verb subtopic redesign: thematic categorization (tobe-present) replacing the alphabetical es:<lemma> grouping.
4e3tp75nnw	estamos [haciendo algo]	we are [doing something]	core	topic:verb-tobe-present	Verb subtopic redesign: thematic categorization (tobe-present) replacing the alphabetical es:<lemma> grouping.
bb48xm25wt	están [haciendo algo]	they are [doing something]	core	topic:verb-tobe-present	Verb subtopic redesign: thematic categorization (tobe-present) replacing the alphabetical es:<lemma> grouping.
8mpe0b3ksv	tengo [número] años	I am [number] years old	core	topic:verb-possession-having	Verb subtopic redesign: thematic categorization (possession-having) replacing the alphabetical es:<lemma> grouping.
m2cu1ggb78	van a [un lugar]	they are going to [a place]	supporting	topic:verb-movement-going	Verb subtopic redesign: thematic categorization (movement-going) replacing the alphabetical es:<lemma> grouping.
6zy7d60lhd	eres de [un lugar]	you are from [a place]	core	topic:verb-tobe-present	Verb subtopic redesign: thematic categorization (tobe-present) replacing the alphabetical es:<lemma> grouping.
25qdaau47d	es de [un lugar]	is from [a place]	core	topic:verb-tobe-present	Verb subtopic redesign: thematic categorization (tobe-present) replacing the alphabetical es:<lemma> grouping.
ht2nxiu107	somos de [un lugar]	we are from [a place]	core	topic:verb-tobe-present	Verb subtopic redesign: thematic categorization (tobe-present) replacing the alphabetical es:<lemma> grouping.
w8b4nwsykp	son de [un lugar]	they are from [a place]	core	topic:verb-tobe-present	Verb subtopic redesign: thematic categorization (tobe-present) replacing the alphabetical es:<lemma> grouping.
g2rq6v6czz	estás [haciendo algo]	you are [doing something]	core	topic:verb-tobe-present	Verb subtopic redesign: thematic categorization (tobe-present) replacing the alphabetical es:<lemma> grouping.
ksjxfltxqk	tienes [número] años	you are [number] years old	core	topic:verb-possession-having	Verb subtopic redesign: thematic categorization (possession-having) replacing the alphabetical es:<lemma> grouping.
a5e2xjebla	tiene [número] años	is [number] years old	core	topic:verb-possession-having	Verb subtopic redesign: thematic categorization (possession-having) replacing the alphabetical es:<lemma> grouping.
qh9awmasdd	tenemos [número] años	we are [number] years old	core	topic:verb-possession-having	Verb subtopic redesign: thematic categorization (possession-having) replacing the alphabetical es:<lemma> grouping.
yye01uov38	tengo que [hacer algo]	I have to [do something]	core	topic:verb-possession-having	Verb subtopic redesign: thematic categorization (possession-having) replacing the alphabetical es:<lemma> grouping.
kjllit1qgt	tienes que [hacer algo]	you have to [do something]	core	topic:verb-possession-having	Verb subtopic redesign: thematic categorization (possession-having) replacing the alphabetical es:<lemma> grouping.
ogdv00s3cw	tiene que [hacer algo]	has to [do something]	core	topic:verb-possession-having	Verb subtopic redesign: thematic categorization (possession-having) replacing the alphabetical es:<lemma> grouping.
ny8jxz2s41	tenemos que [hacer algo]	we have to [do something]	core	topic:verb-possession-having	Verb subtopic redesign: thematic categorization (possession-having) replacing the alphabetical es:<lemma> grouping.
x9hss06n9a	tienen que [hacer algo]	they have to [do something]	core	topic:verb-possession-having	Verb subtopic redesign: thematic categorization (possession-having) replacing the alphabetical es:<lemma> grouping.
kqssflfv3m	somos [adjetivo]	we are [adjective]	supporting	topic:verb-tobe-present	Verb subtopic redesign: thematic categorization (tobe-present) replacing the alphabetical es:<lemma> grouping.
elhfo7u8o3	son [adjetivo]	they are [adjective]	supporting	topic:verb-tobe-present	Verb subtopic redesign: thematic categorization (tobe-present) replacing the alphabetical es:<lemma> grouping.
9c2am535n8	es [adjetivo]	is [adjective]	core	topic:verb-tobe-present	Verb subtopic redesign: thematic categorization (tobe-present) replacing the alphabetical es:<lemma> grouping.
vlfntsr6mm	vas a [un lugar]	you are going to [a place]	supporting	topic:verb-movement-going	Verb subtopic redesign: thematic categorization (movement-going) replacing the alphabetical es:<lemma> grouping.
4uptsafx20	estoy [haciendo algo]	I am [doing something]	core	topic:verb-tobe-present	Verb subtopic redesign: thematic categorization (tobe-present) replacing the alphabetical es:<lemma> grouping.
if5o5uocfp	especializar	to specialize	reference	topic:verb-formal-abstract-2	Verb subtopic redesign: thematic categorization (formal-abstract-2) replacing the alphabetical es:<lemma> grouping.
v6l6ujop47	revivir	to revive	reference	topic:verb-formal-abstract-2	Verb subtopic redesign: thematic categorization (formal-abstract-2) replacing the alphabetical es:<lemma> grouping.
opdzad1zrx	voy a [un lugar]	I am going to [a place]	core	topic:verb-movement-going	Verb subtopic redesign: thematic categorization (movement-going) replacing the alphabetical es:<lemma> grouping.
v9mrlosy7o	va a [un lugar]	is going to [a place]	core	topic:verb-movement-going	Verb subtopic redesign: thematic categorization (movement-going) replacing the alphabetical es:<lemma> grouping.
se694g3es1	cometer	to commit	reference	topic:verb-formal-abstract-2	Verb subtopic redesign: thematic categorization (formal-abstract-2) replacing the alphabetical es:<lemma> grouping.
9gmo1aoike	Veamos.	Let's see.	supporting	topic:verb-seeing-ver	Verb subtopic redesign: thematic categorization (seeing-ver) replacing the alphabetical es:<lemma> grouping.
wii5c2qe27	actualizar	to update	supporting	topic:verb-technology-digital	Verb subtopic redesign: thematic categorization (technology-digital) replacing the alphabetical es:<lemma> grouping.
k5bar7pzxw	autorizar	to authorize	reference	topic:verb-admin-legal-formal	Verb subtopic redesign: thematic categorization (admin-legal-formal) replacing the alphabetical es:<lemma> grouping.
wp6tfi9vqx	utilizar	to utilize	reference	topic:verb-formal-abstract-2	Verb subtopic redesign: thematic categorization (formal-abstract-2) replacing the alphabetical es:<lemma> grouping.
ryhs9zkp1i	analizar	to analyze	reference	topic:verb-analysis-investigation	Verb subtopic redesign: thematic categorization (analysis-investigation) replacing the alphabetical es:<lemma> grouping.
mmm0498x6l	realizar	to carry out	reference	topic:verb-formal-abstract-2	Verb subtopic redesign: thematic categorization (formal-abstract-2) replacing the alphabetical es:<lemma> grouping.
joavbehrli	mirar abajo	to look down	reference	topic:verb-watching-other	Verb subtopic redesign: thematic categorization (watching-other) replacing the alphabetical es:<lemma> grouping.
5awfswdavw	no tener nada que ver con [algo]	to have nothing to do with [something]	reference	topic:verb-possession-having	Verb subtopic redesign: thematic categorization (possession-having) replacing the alphabetical es:<lemma> grouping.
680u7m5wn5	tienen [número] años	they are [number] years old	core	topic:verb-possession-having	Verb subtopic redesign: thematic categorization (possession-having) replacing the alphabetical es:<lemma> grouping.
wyhk5xpxou	necesitar [algo]	to need [something]	core	topic:verb-formal-remainder-9	Verb subtopic redesign: thematic categorization (formal-remainder-9) replacing the alphabetical es:<lemma> grouping.
1eotkqfnjg	necesitar [hacer algo]	to need [to do something]	core	topic:verb-formal-remainder-9	Verb subtopic redesign: thematic categorization (formal-remainder-9) replacing the alphabetical es:<lemma> grouping.
qvltvv56qd	necesitar que [alguien] [haga algo]	to need [somebody] [to do something]	core	topic:verb-formal-remainder-10	Verb subtopic redesign: thematic categorization (formal-remainder-10) replacing the alphabetical es:<lemma> grouping.
blyn87wx6n	comer [algo]	to eat [something]	core	topic:verb-eating-drinking	Verb subtopic redesign: thematic categorization (eating-drinking) replacing the alphabetical es:<lemma> grouping.
rihgpnyn52	comer [algo]	to have [something]	supporting	topic:verb-formal-remainder-3	Verb subtopic redesign: thematic categorization (formal-remainder-3) replacing the alphabetical es:<lemma> grouping.
nmfskm5zko	necesitar [hacer algo]	needa [do something]	reference	topic:verb-formal-remainder-10	Verb subtopic redesign: thematic categorization (formal-remainder-10) replacing the alphabetical es:<lemma> grouping.
39jd5tl1td	comer [algo] todo	to eat [something] up	reference	topic:verb-eating-drinking	Verb subtopic redesign: thematic categorization (eating-drinking) replacing the alphabetical es:<lemma> grouping.
exl1pngeii	comer fuera	to eat out	supporting	topic:verb-eating-drinking	Verb subtopic redesign: thematic categorization (eating-drinking) replacing the alphabetical es:<lemma> grouping.
dtnqrb3lqk	comer en casa	to eat in	reference	topic:verb-eating-drinking	Verb subtopic redesign: thematic categorization (eating-drinking) replacing the alphabetical es:<lemma> grouping.
scx4soq3es	desgastar [algo] poco a poco	to eat away at [something]	reference	topic:verb-eating-drinking	Verb subtopic redesign: thematic categorization (eating-drinking) replacing the alphabetical es:<lemma> grouping.
ci5pguw7c2	reducir [algo] gradualmente	to eat into [something]	reference	topic:verb-eating-drinking	Verb subtopic redesign: thematic categorization (eating-drinking) replacing the alphabetical es:<lemma> grouping.
fdh8vgmuvf	despertarse	to wake up	reference	topic:verb-daily-routine	Verb subtopic redesign: thematic categorization (daily-routine) replacing the alphabetical es:<lemma> grouping.
muiwdna9jq	consumir [algo] por completo	to eat through [something]	reference	topic:verb-eating-drinking	Verb subtopic redesign: thematic categorization (eating-drinking) replacing the alphabetical es:<lemma> grouping.
3r13e3oa6n	tomar [algo]	to take [something]	core	topic:verb-tomar-general-2	Verb subtopic redesign: thematic categorization (tomar-general-2) replacing the alphabetical es:<lemma> grouping.
krcmhoedfz	partir	to leave	reference	topic:verb-movement-leaving	Verb subtopic redesign: thematic categorization (movement-leaving) replacing the alphabetical es:<lemma> grouping.
uidyeso1gn	tomar [una bebida]	to drink [a beverage]	supporting	topic:verb-eating-drinking	Verb subtopic redesign: thematic categorization (eating-drinking) replacing the alphabetical es:<lemma> grouping.
ghaurw9ils	beber [algo]	to drink [something]	supporting	topic:verb-eating-drinking	Verb subtopic redesign: thematic categorization (eating-drinking) replacing the alphabetical es:<lemma> grouping.
2hxj5syqcm	tomar [tiempo]	to take [time]	supporting	topic:verb-tomar-general-2	Verb subtopic redesign: thematic categorization (tomar-general-2) replacing the alphabetical es:<lemma> grouping.
gb1zklln37	tomar una decisión	to make a decision	supporting	topic:verb-deciding-considering	Verb subtopic redesign: thematic categorization (deciding-considering) replacing the alphabetical es:<lemma> grouping.
7hhmppjsyi	beber [algo]	to have [a beverage]	reference	topic:verb-eating-drinking	Verb subtopic redesign: thematic categorization (eating-drinking) replacing the alphabetical es:<lemma> grouping.
e7vj7ne6w6	quitarse [algo]	to take off [something]	supporting	topic:verb-tomar-general-2	Verb subtopic redesign: thematic categorization (tomar-general-2) replacing the alphabetical es:<lemma> grouping.
ggqsaeyv8u	tomar [transporte]	to take [transport]	supporting	topic:verb-movement-directional-verbs	Verb subtopic redesign: thematic categorization (movement-directional-verbs) replacing the alphabetical es:<lemma> grouping.
0cpl9zogy8	tomar el control de [algo]	to take over [something]	supporting	topic:verb-tomar-general-2	Verb subtopic redesign: thematic categorization (tomar-general-2) replacing the alphabetical es:<lemma> grouping.
oieith38tf	despegar	to take off	reference	topic:verb-tomar-general-1	Verb subtopic redesign: thematic categorization (tomar-general-1) replacing the alphabetical es:<lemma> grouping.
ge2h3aq8un	asumir [algo]	to take on [something]	reference	topic:verb-tomar-general-1	Verb subtopic redesign: thematic categorization (tomar-general-1) replacing the alphabetical es:<lemma> grouping.
n7f05snzv6	convencer a [alguien] de no [hacer algo]	to talk [somebody] out of [doing something]	reference	topic:verb-communication-talking	Verb subtopic redesign: thematic categorization (communication-talking) replacing the alphabetical es:<lemma> grouping.
4c0v1mewmv	hablar	to speak	core	topic:verb-communication-talking	Verb subtopic redesign: thematic categorization (communication-talking) replacing the alphabetical es:<lemma> grouping.
d587f3ftw9	decir [algo]	to say [something]	core	topic:verb-communication-saying	Verb subtopic redesign: thematic categorization (communication-saying) replacing the alphabetical es:<lemma> grouping.
xo18pm756n	hablar con [alguien]	to speak with [somebody]	supporting	topic:verb-communication-talking	Verb subtopic redesign: thematic categorization (communication-talking) replacing the alphabetical es:<lemma> grouping.
b7q2nz5b40	hablar	to talk	supporting	topic:verb-communication-talking	Verb subtopic redesign: thematic categorization (communication-talking) replacing the alphabetical es:<lemma> grouping.
wxukuqznts	hablar más fuerte	to speak up	supporting	topic:verb-communication-talking	Verb subtopic redesign: thematic categorization (communication-talking) replacing the alphabetical es:<lemma> grouping.
obw0unmb5c	hablarle con condescendencia a [alguien]	to talk down to [somebody]	reference	topic:verb-communication-talking	Verb subtopic redesign: thematic categorization (communication-talking) replacing the alphabetical es:<lemma> grouping.
y2jk0txcur	decirle [algo] a [alguien]	to tell [somebody] [something]	core	topic:verb-communication-saying	Verb subtopic redesign: thematic categorization (communication-saying) replacing the alphabetical es:<lemma> grouping.
utfyp7wiro	contestarle mal a [alguien]	to talk back to [somebody]	reference	topic:verb-communication-talking	Verb subtopic redesign: thematic categorization (communication-talking) replacing the alphabetical es:<lemma> grouping.
pfr7szkobd	hablar de [algo]	to talk about [something]	supporting	topic:verb-communication-talking	Verb subtopic redesign: thematic categorization (communication-talking) replacing the alphabetical es:<lemma> grouping.
7x4v7kp0dx	hablar consigo mismo	to talk to oneself	reference	topic:verb-communication-talking	Verb subtopic redesign: thematic categorization (communication-talking) replacing the alphabetical es:<lemma> grouping.
g1ya205lb7	bajar [algo]	to take down [something]	supporting	topic:verb-tomar-general-1	Verb subtopic redesign: thematic categorization (tomar-general-1) replacing the alphabetical es:<lemma> grouping.
kb26bvucsb	hablar en nombre de [alguien]	to speak on behalf of [somebody]	reference	topic:verb-communication-talking	Verb subtopic redesign: thematic categorization (communication-talking) replacing the alphabetical es:<lemma> grouping.
i2o3tqlac3	desarmar [algo]	to take apart [something]	reference	topic:verb-tomar-general-1	Verb subtopic redesign: thematic categorization (tomar-general-1) replacing the alphabetical es:<lemma> grouping.
djoaiftk25	devolver [algo]	to take back [something]	supporting	topic:verb-tomar-general-1	Verb subtopic redesign: thematic categorization (tomar-general-1) replacing the alphabetical es:<lemma> grouping.
y3salsw4an	llevarse [algo]	to take away [something]	supporting	topic:verb-tomar-general-2	Verb subtopic redesign: thematic categorization (tomar-general-2) replacing the alphabetical es:<lemma> grouping.
3lpcerxf58	sacar [algo]	to take out [something]	supporting	topic:verb-tomar-general-2	Verb subtopic redesign: thematic categorization (tomar-general-2) replacing the alphabetical es:<lemma> grouping.
gl1h3xyxfc	empezar a gustarle [algo] a alguien	to take to [something/somebody]	reference	topic:verb-tomar-general-1	Verb subtopic redesign: thematic categorization (tomar-general-1) replacing the alphabetical es:<lemma> grouping.
pj5xvxa76j	beber de [un recipiente]	to drink out of [a container]	reference	topic:verb-eating-drinking	Verb subtopic redesign: thematic categorization (eating-drinking) replacing the alphabetical es:<lemma> grouping.
y8vz5i8ugg	absorber [algo]	to drink in [something]	reference	topic:verb-eating-drinking	Verb subtopic redesign: thematic categorization (eating-drinking) replacing the alphabetical es:<lemma> grouping.
b9jycma895	engañar [a alguien]	to take in [somebody/something]	reference	topic:verb-tomar-general-1	Verb subtopic redesign: thematic categorization (tomar-general-1) replacing the alphabetical es:<lemma> grouping.
f70ddup216	participar en [algo]	to take part in [something]	reference	topic:verb-tomar-general-2	Verb subtopic redesign: thematic categorization (tomar-general-2) replacing the alphabetical es:<lemma> grouping.
sk978mgwus	convencer a [alguien] de [hacer algo]	to talk [somebody] into [doing something]	reference	topic:verb-communication-talking	Verb subtopic redesign: thematic categorization (communication-talking) replacing the alphabetical es:<lemma> grouping.
t817imxlpf	pronunciarse sobre [algo]	to speak out about [something]	reference	topic:verb-communication-talking	Verb subtopic redesign: thematic categorization (communication-talking) replacing the alphabetical es:<lemma> grouping.
22hirk8mdw	explicarle [algo] paso a paso a [alguien]	to talk [somebody] through [something]	reference	topic:verb-communication-talking	Verb subtopic redesign: thematic categorization (communication-talking) replacing the alphabetical es:<lemma> grouping.
ixtmrjrh95	brindar por [alguien/algo]	to drink to [somebody/something]	reference	topic:verb-eating-drinking	Verb subtopic redesign: thematic categorization (eating-drinking) replacing the alphabetical es:<lemma> grouping.
sgxn0d27nm	hablar de [algo] antes de decidir	to talk [something] over	reference	topic:verb-communication-talking	Verb subtopic redesign: thematic categorization (communication-talking) replacing the alphabetical es:<lemma> grouping.
vmxu8tislh	beber [algo] para olvidar	to drink away [something]	reference	topic:verb-eating-drinking	Verb subtopic redesign: thematic categorization (eating-drinking) replacing the alphabetical es:<lemma> grouping.
0k0bl4mcur	cuidar de [alguien/algo]	to take care of [somebody/something]	supporting	topic:verb-tomar-general-1	Verb subtopic redesign: thematic categorization (tomar-general-1) replacing the alphabetical es:<lemma> grouping.
tyi7ultt7w	empezar [una actividad]	to take up [something]	reference	topic:verb-tomar-general-1	Verb subtopic redesign: thematic categorization (tomar-general-1) replacing the alphabetical es:<lemma> grouping.
xnti52ho63	hablar con [alguien]	to talk to [somebody]	supporting	topic:verb-communication-talking	Verb subtopic redesign: thematic categorization (communication-talking) replacing the alphabetical es:<lemma> grouping.
im9dazjhez	hablarle a [alguien]	to speak to [somebody]	core	topic:verb-communication-talking	Verb subtopic redesign: thematic categorization (communication-talking) replacing the alphabetical es:<lemma> grouping.
gbsx4jxjdu	decir que [algo sucede]	to say that [something happens]	core	topic:verb-communication-saying	Verb subtopic redesign: thematic categorization (communication-saying) replacing the alphabetical es:<lemma> grouping.
0t7sh9pmmo	delatar a [alguien]	to tell on [somebody]	reference	topic:verb-communication-saying	Verb subtopic redesign: thematic categorization (communication-saying) replacing the alphabetical es:<lemma> grouping.
du61aoc74y	decir una mentira	to tell a lie	supporting	topic:verb-communication-saying	Verb subtopic redesign: thematic categorization (communication-saying) replacing the alphabetical es:<lemma> grouping.
y4eh6045j1	dar lugar a [algo]	to give rise to [something]	reference	topic:verb-dar-giving	Verb subtopic redesign: thematic categorization (dar-giving) replacing the alphabetical es:<lemma> grouping.
6oqdoh7ax7	darle a [un video]	to play [a video]	reference	topic:verb-dar-giving	Verb subtopic redesign: thematic categorization (dar-giving) replacing the alphabetical es:<lemma> grouping.
yaznk7a47n	darse [un evento]	to take place	reference	topic:verb-dar-idioms	Verb subtopic redesign: thematic categorization (dar-idioms) replacing the alphabetical es:<lemma> grouping.
8ck7889dtr	contradecir a [alguien]	to contradict [somebody]	reference	topic:verb-communication-saying	Verb subtopic redesign: thematic categorization (communication-saying) replacing the alphabetical es:<lemma> grouping.
b1tjm939pm	darle sed a [alguien]	to make [somebody] thirsty	reference	topic:verb-dar-idioms	Verb subtopic redesign: thematic categorization (dar-idioms) replacing the alphabetical es:<lemma> grouping.
chpomdclwr	darle miedo a [alguien]	to scare [somebody]	reference	topic:verb-dar-idioms	Verb subtopic redesign: thematic categorization (dar-idioms) replacing the alphabetical es:<lemma> grouping.
xz843dw8lb	darle vergüenza a [alguien]	to embarrass [somebody]	reference	topic:verb-dar-idioms	Verb subtopic redesign: thematic categorization (dar-idioms) replacing the alphabetical es:<lemma> grouping.
z1hv68g2f4	dar a [un lugar]	to overlook [a place]	reference	topic:verb-dar-giving	Verb subtopic redesign: thematic categorization (dar-giving) replacing the alphabetical es:<lemma> grouping.
47jjg9x6gu	darle sueño a [alguien]	to make [somebody] sleepy	reference	topic:verb-dar-idioms	Verb subtopic redesign: thematic categorization (dar-idioms) replacing the alphabetical es:<lemma> grouping.
kwqo05li9i	decir que sí	to say yes	supporting	topic:verb-communication-saying	Verb subtopic redesign: thematic categorization (communication-saying) replacing the alphabetical es:<lemma> grouping.
l6c2h7kj9j	darle hambre a [alguien]	to make [somebody] hungry	reference	topic:verb-dar-idioms	Verb subtopic redesign: thematic categorization (dar-idioms) replacing the alphabetical es:<lemma> grouping.
0uwakesgf2	decir que no	to say no	supporting	topic:verb-communication-saying	Verb subtopic redesign: thematic categorization (communication-saying) replacing the alphabetical es:<lemma> grouping.
mx0rz2zmur	distinguir a [alguien] de [alguien]	to tell [somebody] apart	reference	topic:verb-communication-saying	Verb subtopic redesign: thematic categorization (communication-saying) replacing the alphabetical es:<lemma> grouping.
ie6c5rc7ri	darle risa a [alguien]	to make [somebody] laugh	reference	topic:verb-dar-idioms	Verb subtopic redesign: thematic categorization (dar-idioms) replacing the alphabetical es:<lemma> grouping.
nx9vadk8zr	darse [un evento]	to happen	reference	topic:verb-dar-idioms	Verb subtopic redesign: thematic categorization (dar-idioms) replacing the alphabetical es:<lemma> grouping.
iuyce294go	predecir [algo]	to predict [something]	reference	topic:verb-communication-saying	Verb subtopic redesign: thematic categorization (communication-saying) replacing the alphabetical es:<lemma> grouping.
7n09vmo7kn	reprender a [alguien]	to tell [somebody] off	reference	topic:verb-communication-saying	Verb subtopic redesign: thematic categorization (communication-saying) replacing the alphabetical es:<lemma> grouping.
aw96cncl64	bendecir a [alguien]	to bless [somebody]	reference	topic:verb-communication-saying	Verb subtopic redesign: thematic categorization (communication-saying) replacing the alphabetical es:<lemma> grouping.
ut05s5dusz	decirle [algo] a [alguien]	to say [something] to [somebody]	core	topic:verb-communication-saying	Verb subtopic redesign: thematic categorization (communication-saying) replacing the alphabetical es:<lemma> grouping.
btsojlg7v0	maldecir a [alguien]	to curse [somebody]	reference	topic:verb-communication-saying	Verb subtopic redesign: thematic categorization (communication-saying) replacing the alphabetical es:<lemma> grouping.
b11jnq9i7f	dar permiso	to give permission	supporting	topic:verb-dar-giving	Verb subtopic redesign: thematic categorization (dar-giving) replacing the alphabetical es:<lemma> grouping.
rv2tbtvssk	distinguir [algo] de [algo]	to tell [something] from [something]	reference	topic:verb-communication-saying	Verb subtopic redesign: thematic categorization (communication-saying) replacing the alphabetical es:<lemma> grouping.
5zyk11qlrm	darse cuenta de que [algo sucede]	to realize that [something happens]	supporting	topic:verb-communication-other-2	Verb subtopic redesign: thematic categorization (communication-other-2) replacing the alphabetical es:<lemma> grouping.
2qfu76z9es	darle [algo] a [alguien]	to give [somebody] [something]	core	topic:verb-dar-giving	Verb subtopic redesign: thematic categorization (dar-giving) replacing the alphabetical es:<lemma> grouping.
rr5humr251	dar [algo] a [alguien]	to give [something] to [somebody]	core	topic:verb-dar-giving	Verb subtopic redesign: thematic categorization (dar-giving) replacing the alphabetical es:<lemma> grouping.
cgzwyy7tb0	dar a [una dirección]	to face [a direction]	reference	topic:verb-dar-giving	Verb subtopic redesign: thematic categorization (dar-giving) replacing the alphabetical es:<lemma> grouping.
ukz1l748d8	darle a [un botón]	to press [a button]	reference	topic:verb-dar-giving	Verb subtopic redesign: thematic categorization (dar-giving) replacing the alphabetical es:<lemma> grouping.
l9xp6c0qlt	decirle a [alguien] que [haga algo]	to tell [somebody] to [do something]	core	topic:verb-communication-saying	Verb subtopic redesign: thematic categorization (communication-saying) replacing the alphabetical es:<lemma> grouping.
jpaidkfhw8	dar resultado	to work	reference	topic:verb-work-employment	Verb subtopic redesign: thematic categorization (work-employment) replacing the alphabetical es:<lemma> grouping.
a7tobu5j5o	decir la verdad	to tell the truth	supporting	topic:verb-communication-saying	Verb subtopic redesign: thematic categorization (communication-saying) replacing the alphabetical es:<lemma> grouping.
3uulufvfpt	darle permiso a [alguien] para [hacer algo]	to allow [somebody] to [do something]	supporting	topic:verb-dar-idioms	Verb subtopic redesign: thematic categorization (dar-idioms) replacing the alphabetical es:<lemma> grouping.
gbxjc99tyx	dar resultado	to pay off	reference	topic:verb-money-commerce-1	Verb subtopic redesign: thematic categorization (money-commerce-1) replacing the alphabetical es:<lemma> grouping.
tc9rpq3ivd	dar lugar a [algo]	to lead to [something]	reference	topic:verb-dar-giving	Verb subtopic redesign: thematic categorization (dar-giving) replacing the alphabetical es:<lemma> grouping.
3yjxjrevpn	dar a luz a [un bebé]	to give birth to [a baby]	reference	topic:verb-dar-giving	Verb subtopic redesign: thematic categorization (dar-giving) replacing the alphabetical es:<lemma> grouping.
el36dqux2e	invitar a salir a [alguien]	to ask [somebody] out	reference	topic:verb-asking-requesting	Verb subtopic redesign: thematic categorization (asking-requesting) replacing the alphabetical es:<lemma> grouping.
f8j54x3ds4	pedir una cita con [alguien]	to book an appointment with [somebody]	reference	topic:verb-asking-requesting	Verb subtopic redesign: thematic categorization (asking-requesting) replacing the alphabetical es:<lemma> grouping.
srjl4vz5st	pedirle prestado [algo] a [alguien]	to borrow [something] from [somebody]	supporting	topic:verb-asking-requesting	Verb subtopic redesign: thematic categorization (asking-requesting) replacing the alphabetical es:<lemma> grouping.
fefhc4duwl	publicar [algo]	to put [something] out	reference	topic:verb-poner-idioms-2	Verb subtopic redesign: thematic categorization (poner-idioms-2) replacing the alphabetical es:<lemma> grouping.
r3pecbwlhk	pedirle a [alguien] que [haga algo]	to ask [somebody] to [do something]	core	topic:verb-asking-requesting	Verb subtopic redesign: thematic categorization (asking-requesting) replacing the alphabetical es:<lemma> grouping.
1g3jfa9eo7	pedir permiso para [hacer algo]	to ask for permission to [do something]	supporting	topic:verb-asking-requesting	Verb subtopic redesign: thematic categorization (asking-requesting) replacing the alphabetical es:<lemma> grouping.
lydbe3sj98	darle poder a [alguien] para [hacer algo]	to authorize [somebody] to [do something]	reference	topic:verb-dar-idioms	Verb subtopic redesign: thematic categorization (dar-idioms) replacing the alphabetical es:<lemma> grouping.
8k4ud8dmsv	repartir [algo]	to give [something] out	reference	topic:verb-dar-idioms	Verb subtopic redesign: thematic categorization (dar-idioms) replacing the alphabetical es:<lemma> grouping.
2j339tyd27	pedir formalmente [algo]	to request [something]	reference	topic:verb-asking-requesting	Verb subtopic redesign: thematic categorization (asking-requesting) replacing the alphabetical es:<lemma> grouping.
cje0h2p81t	pedir [algo] a [alguien] formalmente	to request [something] from [somebody]	reference	topic:verb-asking-requesting	Verb subtopic redesign: thematic categorization (asking-requesting) replacing the alphabetical es:<lemma> grouping.
sfix1omn3j	preguntarles a varias personas	to ask around	reference	topic:verb-asking-requesting	Verb subtopic redesign: thematic categorization (asking-requesting) replacing the alphabetical es:<lemma> grouping.
070rfgth5n	pedir limosna	to beg	reference	topic:verb-asking-requesting	Verb subtopic redesign: thematic categorization (asking-requesting) replacing the alphabetical es:<lemma> grouping.
rtsiqg8t58	poner [algo] [en algún lugar]	to put [something] [somewhere]	core	topic:verb-poner-placement	Verb subtopic redesign: thematic categorization (poner-placement) replacing the alphabetical es:<lemma> grouping.
ryokdbzs7y	dar poder a [alguien]	to give power to [somebody]	reference	topic:verb-dar-giving	Verb subtopic redesign: thematic categorization (dar-giving) replacing the alphabetical es:<lemma> grouping.
o7o4ftsalw	preguntar por [alguien]	to ask after [somebody]	reference	topic:verb-asking-requesting	Verb subtopic redesign: thematic categorization (asking-requesting) replacing the alphabetical es:<lemma> grouping.
f03pn31r0v	mandar a [alguien] de un lado a otro	to order [somebody] around	reference	topic:verb-asking-requesting	Verb subtopic redesign: thematic categorization (asking-requesting) replacing the alphabetical es:<lemma> grouping.
kdt4ocawe0	pedir una cita con [alguien]	to make an appointment with [somebody]	reference	topic:verb-asking-requesting	Verb subtopic redesign: thematic categorization (asking-requesting) replacing the alphabetical es:<lemma> grouping.
15fzbnc0u4	ordenarle salir a [alguien]	to order [somebody] out	reference	topic:verb-asking-requesting	Verb subtopic redesign: thematic categorization (asking-requesting) replacing the alphabetical es:<lemma> grouping.
lnjk7w9ssw	pedir [algo]	to ask for [something]	core	topic:verb-asking-requesting	Verb subtopic redesign: thematic categorization (asking-requesting) replacing the alphabetical es:<lemma> grouping.
x71u2ua4d3	pedir [una visa]	to apply for [a visa]	reference	topic:verb-asking-requesting	Verb subtopic redesign: thematic categorization (asking-requesting) replacing the alphabetical es:<lemma> grouping.
6r69ejgtqp	ceder	to give in	reference	topic:verb-dar-giving	Verb subtopic redesign: thematic categorization (dar-giving) replacing the alphabetical es:<lemma> grouping.
qpudxn2cb2	regalar [algo]	to give [something] away	supporting	topic:verb-dar-idioms	Verb subtopic redesign: thematic categorization (dar-idioms) replacing the alphabetical es:<lemma> grouping.
0d7663jbyo	pedirle [algo] a [alguien]	to ask [somebody] for [something]	core	topic:verb-asking-requesting	Verb subtopic redesign: thematic categorization (asking-requesting) replacing the alphabetical es:<lemma> grouping.
fjv6xhktcy	pedir [comida o bebida]	to order [food or a drink]	supporting	topic:verb-eating-drinking	Verb subtopic redesign: thematic categorization (eating-drinking) replacing the alphabetical es:<lemma> grouping.
ktumc7kivz	dejar de funcionar	to give out	reference	topic:verb-dar-idioms	Verb subtopic redesign: thematic categorization (dar-idioms) replacing the alphabetical es:<lemma> grouping.
akiq3fgnfg	pedir [un producto]	to order [a product]	supporting	topic:verb-asking-requesting	Verb subtopic redesign: thematic categorization (asking-requesting) replacing the alphabetical es:<lemma> grouping.
ngfffkccp9	emitir [algo]	to give off [something]	reference	topic:verb-dar-idioms	Verb subtopic redesign: thematic categorization (dar-idioms) replacing the alphabetical es:<lemma> grouping.
x2fc6shlo3	invitar a [alguien] a casa	to ask [somebody] over	reference	topic:verb-asking-requesting	Verb subtopic redesign: thematic categorization (asking-requesting) replacing the alphabetical es:<lemma> grouping.
ei0hj29low	ayudar a [alguien]	to give [somebody] a hand	reference	topic:verb-dar-giving	Verb subtopic redesign: thematic categorization (dar-giving) replacing the alphabetical es:<lemma> grouping.
7o1ka5pyoo	dar poder a [alguien]	to empower [somebody]	reference	topic:verb-dar-giving	Verb subtopic redesign: thematic categorization (dar-giving) replacing the alphabetical es:<lemma> grouping.
af25juocs7	pedirle cuentas a [alguien]	to demand an explanation from [somebody]	reference	topic:verb-asking-requesting	Verb subtopic redesign: thematic categorization (asking-requesting) replacing the alphabetical es:<lemma> grouping.
ka5uny00ga	pedir [comida] a domicilio	to order [food] for delivery	reference	topic:verb-eating-drinking	Verb subtopic redesign: thematic categorization (eating-drinking) replacing the alphabetical es:<lemma> grouping.
chlit99d2v	pedir disculpas por [algo]	to apologize for [something]	reference	topic:verb-asking-requesting	Verb subtopic redesign: thematic categorization (asking-requesting) replacing the alphabetical es:<lemma> grouping.
ixbwufuza6	invitar a entrar a [alguien]	to ask [somebody] in	reference	topic:verb-asking-requesting	Verb subtopic redesign: thematic categorization (asking-requesting) replacing the alphabetical es:<lemma> grouping.
hhmv0g9xlh	pedir [comida] para llevar	to order [food] to go	reference	topic:verb-eating-drinking	Verb subtopic redesign: thematic categorization (eating-drinking) replacing the alphabetical es:<lemma> grouping.
5bq8gctf3g	poner [algo] dentro de [un lugar]	to put [something] into [a place]	supporting	topic:verb-poner-placement	Verb subtopic redesign: thematic categorization (poner-placement) replacing the alphabetical es:<lemma> grouping.
29l8pgm5cm	darle asco a [alguien]	to disgust [somebody]	reference	topic:verb-dar-giving	Verb subtopic redesign: thematic categorization (dar-giving) replacing the alphabetical es:<lemma> grouping.
sxzbibq8jq	revelar [un secreto]	to give [a secret] away	reference	topic:verb-dar-idioms	Verb subtopic redesign: thematic categorization (dar-idioms) replacing the alphabetical es:<lemma> grouping.
dh16jcovbo	poner una alarma para [una hora]	to set an alarm for [a time]	reference	topic:verb-poner-idioms-2	Verb subtopic redesign: thematic categorization (poner-idioms-2) replacing the alphabetical es:<lemma> grouping.
r97jh0nzir	poner una fecha para [algo]	to set a date for [something]	reference	topic:verb-social-relationships	Verb subtopic redesign: thematic categorization (social-relationships) replacing the alphabetical es:<lemma> grouping.
icqfdrme98	poner [una luz o un aparato]	to turn on [a light or device]	supporting	topic:verb-poner-turning-on	Verb subtopic redesign: thematic categorization (poner-turning-on) replacing the alphabetical es:<lemma> grouping.
xzd9s8bgpf	poner fin a [algo]	to put an end to [something]	reference	topic:verb-poner-idioms-2	Verb subtopic redesign: thematic categorization (poner-idioms-2) replacing the alphabetical es:<lemma> grouping.
wsy0zl0ir1	ponerse [una prenda]	to put on [an item of clothing]	supporting	topic:verb-bringing	Verb subtopic redesign: thematic categorization (bringing) replacing the alphabetical es:<lemma> grouping.
4gnnj2lqzl	poner [música o un video]	to put on [music or a video]	reference	topic:verb-poner-turning-on	Verb subtopic redesign: thematic categorization (poner-turning-on) replacing the alphabetical es:<lemma> grouping.
lc4ekh76su	poner [algo] en riesgo	to put [something] at risk	reference	topic:verb-poner-idioms-2	Verb subtopic redesign: thematic categorization (poner-idioms-2) replacing the alphabetical es:<lemma> grouping.
wpfrk73j3o	llevar puesto [una prenda]	to wear [an item of clothing]	supporting	topic:verb-bringing	Verb subtopic redesign: thematic categorization (bringing) replacing the alphabetical es:<lemma> grouping.
aq5xocbm7o	poner [música o un video]	to play [music or a video]	supporting	topic:verb-poner-idioms-2	Verb subtopic redesign: thematic categorization (poner-idioms-2) replacing the alphabetical es:<lemma> grouping.
79080668rq	ponerse en contacto con [alguien]	to get in touch with [somebody]	reference	topic:verb-taking-removing-2	Verb subtopic redesign: thematic categorization (taking-removing-2) replacing the alphabetical es:<lemma> grouping.
u8ocx1l1ad	poner [algo] debajo de [algo]	to put [something] under [something]	supporting	topic:verb-poner-idioms-2	Verb subtopic redesign: thematic categorization (poner-idioms-2) replacing the alphabetical es:<lemma> grouping.
fvn3ipywv9	ponerse de pie	to stand up	supporting	topic:verb-poner-idioms-2	Verb subtopic redesign: thematic categorization (poner-idioms-2) replacing the alphabetical es:<lemma> grouping.
tyej3rsl7u	ponerle un precio a [algo]	to set a price for [something]	reference	topic:verb-money-commerce-2	Verb subtopic redesign: thematic categorization (money-commerce-2) replacing the alphabetical es:<lemma> grouping.
7462tgsu12	poner [algo] junto a [algo]	to put [something] next to [something]	supporting	topic:verb-poner-idioms-2	Verb subtopic redesign: thematic categorization (poner-idioms-2) replacing the alphabetical es:<lemma> grouping.
8tlst3bo6o	poner [algo] por escrito	to put [something] in writing	reference	topic:verb-poner-idioms-2	Verb subtopic redesign: thematic categorization (poner-idioms-2) replacing the alphabetical es:<lemma> grouping.
jwap9vw9gm	ponerle nombre a [algo]	to name [something]	reference	topic:verb-poner-idioms-2	Verb subtopic redesign: thematic categorization (poner-idioms-2) replacing the alphabetical es:<lemma> grouping.
s8zforv9i3	poner a [alguien] a cargo de [algo]	to put [somebody] in charge of [something]	reference	topic:verb-money-commerce-1	Verb subtopic redesign: thematic categorization (money-commerce-1) replacing the alphabetical es:<lemma> grouping.
dtodl04vtu	poner [algo] en práctica	to put [something] into practice	reference	topic:verb-poner-placement	Verb subtopic redesign: thematic categorization (poner-placement) replacing the alphabetical es:<lemma> grouping.
dq9hw47p1r	ponerse al día con [algo o alguien]	to catch up with [something or somebody]	reference	topic:verb-poner-idioms-2	Verb subtopic redesign: thematic categorization (poner-idioms-2) replacing the alphabetical es:<lemma> grouping.
6m87utf0dm	poner atención a [algo]	to pay attention to [something]	reference	topic:verb-money-commerce-2	Verb subtopic redesign: thematic categorization (money-commerce-2) replacing the alphabetical es:<lemma> grouping.
sga7fa9bp9	ponerse a [hacer algo]	to begin to [do something]	supporting	topic:verb-poner-idioms-2	Verb subtopic redesign: thematic categorization (poner-idioms-2) replacing the alphabetical es:<lemma> grouping.
s6q036agkz	desanimar a [alguien]	to put [somebody] off	reference	topic:verb-poner-idioms-1	Verb subtopic redesign: thematic categorization (poner-idioms-1) replacing the alphabetical es:<lemma> grouping.
79su3o2kda	guardar [algo]	to put [something] away	supporting	topic:verb-poner-idioms-1	Verb subtopic redesign: thematic categorization (poner-idioms-1) replacing the alphabetical es:<lemma> grouping.
yq888yksqh	posponer [algo]	to put [something] off	reference	topic:verb-poner-idioms-2	Verb subtopic redesign: thematic categorization (poner-idioms-2) replacing the alphabetical es:<lemma> grouping.
meqlrplce4	dejar [algo] sobre [una superficie]	to put [something] down	supporting	topic:verb-poner-idioms-1	Verb subtopic redesign: thematic categorization (poner-idioms-1) replacing the alphabetical es:<lemma> grouping.
jf2aw2elxh	menospreciar a [alguien]	to put [somebody] down	reference	topic:verb-poner-idioms-2	Verb subtopic redesign: thematic categorization (poner-idioms-2) replacing the alphabetical es:<lemma> grouping.
o1dt8eusto	volver a poner [algo] en su lugar	to put [something] back	supporting	topic:verb-poner-idioms-2	Verb subtopic redesign: thematic categorization (poner-idioms-2) replacing the alphabetical es:<lemma> grouping.
zn5lcx080u	apagar [un incendio]	to put out [a fire]	reference	topic:verb-poner-idioms-1	Verb subtopic redesign: thematic categorization (poner-idioms-1) replacing the alphabetical es:<lemma> grouping.
5niiiqvgsg	colgar [algo]	to put [something] up	reference	topic:verb-poner-idioms-1	Verb subtopic redesign: thematic categorization (poner-idioms-1) replacing the alphabetical es:<lemma> grouping.
1u1hrquecd	molestar a [alguien]	to put [somebody] out	reference	topic:verb-poner-idioms-2	Verb subtopic redesign: thematic categorization (poner-idioms-2) replacing the alphabetical es:<lemma> grouping.
cur1zfeps2	alojar a [alguien]	to put [somebody] up	reference	topic:verb-poner-idioms-1	Verb subtopic redesign: thematic categorization (poner-idioms-1) replacing the alphabetical es:<lemma> grouping.
wcvwv6uubd	aguantar [algo]	to put up with [something]	reference	topic:verb-poner-idioms-1	Verb subtopic redesign: thematic categorization (poner-idioms-1) replacing the alphabetical es:<lemma> grouping.
9rl1sd6idk	comunicar a [alguien] por teléfono	to put [somebody] through	reference	topic:verb-poner-idioms-1	Verb subtopic redesign: thematic categorization (poner-idioms-1) replacing the alphabetical es:<lemma> grouping.
3ub96rf8ci	hacer pasar a [alguien] por [algo]	to put [somebody] through [something]	reference	topic:verb-poner-idioms-1	Verb subtopic redesign: thematic categorization (poner-idioms-1) replacing the alphabetical es:<lemma> grouping.
c6s5ipa7sg	comunicar [una idea]	to put [an idea] across	reference	topic:verb-poner-idioms-1	Verb subtopic redesign: thematic categorization (poner-idioms-1) replacing the alphabetical es:<lemma> grouping.
sgssxq75yi	apartar [algo]	to put [something] aside	reference	topic:verb-poner-idioms-1	Verb subtopic redesign: thematic categorization (poner-idioms-1) replacing the alphabetical es:<lemma> grouping.
srdsgbfh59	proponer [una idea]	to put [an idea] forward	reference	topic:verb-poner-idioms-2	Verb subtopic redesign: thematic categorization (poner-idioms-2) replacing the alphabetical es:<lemma> grouping.
v0h48i7zia	armar [algo]	to put [something] together	reference	topic:verb-poner-idioms-1	Verb subtopic redesign: thematic categorization (poner-idioms-1) replacing the alphabetical es:<lemma> grouping.
ligtxfh1ka	presentar [una solicitud]	to put in [an application]	reference	topic:verb-poner-idioms-2	Verb subtopic redesign: thematic categorization (poner-idioms-2) replacing the alphabetical es:<lemma> grouping.
elx2dgp3mq	atribuir [algo] a [algo]	to put [something] down to [something]	reference	topic:verb-poner-idioms-1	Verb subtopic redesign: thematic categorization (poner-idioms-1) replacing the alphabetical es:<lemma> grouping.
b8k9avr7st	hacerse [algo]	to become [something]	reference	topic:verb-creation-hacer	Verb subtopic redesign: thematic categorization (creation-hacer) replacing the alphabetical es:<lemma> grouping.
lz3nxrm63o	ponerse de acuerdo con [alguien]	to agree with [somebody]	supporting	topic:verb-poner-idioms-2	Verb subtopic redesign: thematic categorization (poner-idioms-2) replacing the alphabetical es:<lemma> grouping.
xy9ovfmmwc	poner la mesa	to set the table	reference	topic:verb-poner-placement	Verb subtopic redesign: thematic categorization (poner-placement) replacing the alphabetical es:<lemma> grouping.
a1p4uhtcxu	ponerse a [hacer algo]	to start [doing something]	supporting	topic:verb-poner-idioms-2	Verb subtopic redesign: thematic categorization (poner-idioms-2) replacing the alphabetical es:<lemma> grouping.
66ib6vkhnq	ceder el paso	to give way	reference	topic:verb-dar-giving	Verb subtopic redesign: thematic categorization (dar-giving) replacing the alphabetical es:<lemma> grouping.
4uwg2evrwf	saludar a [alguien]	to say hello to [somebody]	supporting	topic:verb-communication-saying	Verb subtopic redesign: thematic categorization (communication-saying) replacing the alphabetical es:<lemma> grouping.
ehmy6i5qti	rezar [una oración]	to say [a prayer]	reference	topic:verb-communication-saying	Verb subtopic redesign: thematic categorization (communication-saying) replacing the alphabetical es:<lemma> grouping.
5zamvuatdn	hablar por sí solo	to speak for itself	reference	topic:verb-communication-talking	Verb subtopic redesign: thematic categorization (communication-talking) replacing the alphabetical es:<lemma> grouping.
468rurvzg1	salir de viaje	to set off	reference	topic:verb-poner-idioms-2	Verb subtopic redesign: thematic categorization (poner-idioms-2) replacing the alphabetical es:<lemma> grouping.
xhqmbm1djm	emprender un viaje	to set out	reference	topic:verb-poner-idioms-1	Verb subtopic redesign: thematic categorization (poner-idioms-1) replacing the alphabetical es:<lemma> grouping.
oi3ndfk0qf	contarle [una historia] a [alguien]	to tell [somebody] [a story]	supporting	topic:verb-communication-saying	Verb subtopic redesign: thematic categorization (communication-saying) replacing the alphabetical es:<lemma> grouping.
bb8a9kyess	avisar a [alguien] sobre [algo]	to put [somebody] onto [something]	reference	topic:verb-poner-idioms-1	Verb subtopic redesign: thematic categorization (poner-idioms-1) replacing the alphabetical es:<lemma> grouping.
4ifnatwu0r	enfrentar a [alguien] con [alguien]	to put [somebody] against [somebody]	reference	topic:verb-poner-idioms-1	Verb subtopic redesign: thematic categorization (poner-idioms-1) replacing the alphabetical es:<lemma> grouping.
bjms2exzmh	organizar [un evento]	to put on [an event]	reference	topic:verb-poner-turning-on	Verb subtopic redesign: thematic categorization (poner-turning-on) replacing the alphabetical es:<lemma> grouping.
uenjlmb8j9	subir de peso	to put on weight	reference	topic:verb-health-body	Verb subtopic redesign: thematic categorization (health-body) replacing the alphabetical es:<lemma> grouping.
cuvs1emqwk	instalar [algo]	to set [something] up	reference	topic:verb-poner-idioms-1	Verb subtopic redesign: thematic categorization (poner-idioms-1) replacing the alphabetical es:<lemma> grouping.
8omp49yd4o	organizar [una reunión]	to set up [a meeting]	reference	topic:verb-poner-idioms-2	Verb subtopic redesign: thematic categorization (poner-idioms-2) replacing the alphabetical es:<lemma> grouping.
xt2fc8yvaz	fundar [una organización]	to set up [an organization]	reference	topic:verb-poner-idioms-1	Verb subtopic redesign: thematic categorization (poner-idioms-1) replacing the alphabetical es:<lemma> grouping.
gsjekkk0qa	tenderle una trampa a [alguien]	to set [somebody] up	reference	topic:verb-poner-idioms-2	Verb subtopic redesign: thematic categorization (poner-idioms-2) replacing the alphabetical es:<lemma> grouping.
gb7y8wpma4	activar [una alarma]	to set off [an alarm]	reference	topic:verb-poner-idioms-1	Verb subtopic redesign: thematic categorization (poner-idioms-1) replacing the alphabetical es:<lemma> grouping.
0cqp4imsbo	exponer [una idea]	to set out [an idea]	reference	topic:verb-poner-idioms-1	Verb subtopic redesign: thematic categorization (poner-idioms-1) replacing the alphabetical es:<lemma> grouping.
jgjoy3pa91	reservar [algo]	to set [something] aside	reference	topic:verb-poner-idioms-2	Verb subtopic redesign: thematic categorization (poner-idioms-2) replacing the alphabetical es:<lemma> grouping.
r6x05dewcz	retrasar [algo]	to set [something] back	reference	topic:verb-poner-idioms-2	Verb subtopic redesign: thematic categorization (poner-idioms-2) replacing the alphabetical es:<lemma> grouping.
yn8vqkd99o	instalarse [una condición]	to set in	reference	topic:verb-poner-idioms-1	Verb subtopic redesign: thematic categorization (poner-idioms-1) replacing the alphabetical es:<lemma> grouping.
txq22yyto3	distinguir a [alguien o algo]	to set [somebody or something] apart	reference	topic:verb-poner-idioms-1	Verb subtopic redesign: thematic categorization (poner-idioms-1) replacing the alphabetical es:<lemma> grouping.
amm42otpmw	ponerse a [hacer algo]	to set about [doing something]	reference	topic:verb-poner-idioms-2	Verb subtopic redesign: thematic categorization (poner-idioms-2) replacing the alphabetical es:<lemma> grouping.
4tbjc26h9n	anotar [algo]	to set [something] down	reference	topic:verb-poner-idioms-1	Verb subtopic redesign: thematic categorization (poner-idioms-1) replacing the alphabetical es:<lemma> grouping.
wv4hem1a62	darse cuenta de que [algo sucede]	to be able to tell that [something happens]	reference	topic:verb-communication-saying	Verb subtopic redesign: thematic categorization (communication-saying) replacing the alphabetical es:<lemma> grouping.
klmbnws5k3	expresar [algo] de cierta manera	to put [something] a certain way	reference	topic:verb-poner-idioms-1	Verb subtopic redesign: thematic categorization (poner-idioms-1) replacing the alphabetical es:<lemma> grouping.
bz9j3yr4at	estar ambientado en [un lugar o época]	to be set in [a place or time]	reference	topic:verb-poner-placement	Verb subtopic redesign: thematic categorization (poner-placement) replacing the alphabetical es:<lemma> grouping.
y5m2967r1t	enseñar [algo]	to teach [something]	supporting	topic:verb-learning-teaching	Verb subtopic redesign: thematic categorization (learning-teaching) replacing the alphabetical es:<lemma> grouping.
zxcbetb8oc	enseñarle [algo] a [alguien]	to teach [somebody] [something]	supporting	topic:verb-learning-teaching	Verb subtopic redesign: thematic categorization (learning-teaching) replacing the alphabetical es:<lemma> grouping.
2p0bc0cfql	enseñarle a [alguien] cómo [hacer algo]	to show [somebody] how to [do something]	supporting	topic:verb-learning-teaching	Verb subtopic redesign: thematic categorization (learning-teaching) replacing the alphabetical es:<lemma> grouping.
0ftendy74s	escuchar	to listen	core	topic:verb-perception-hearing	Verb subtopic redesign: thematic categorization (perception-hearing) replacing the alphabetical es:<lemma> grouping.
g3b5forkd3	escuchar [algo o a alguien]	to listen to [something or somebody]	core	topic:verb-perception-hearing	Verb subtopic redesign: thematic categorization (perception-hearing) replacing the alphabetical es:<lemma> grouping.
35tfe8nazs	escuchar a escondidas	to listen in	reference	topic:verb-perception-hearing	Verb subtopic redesign: thematic categorization (perception-hearing) replacing the alphabetical es:<lemma> grouping.
jcuielpn6g	oír [algo]	to hear [something]	core	topic:verb-perception-hearing	Verb subtopic redesign: thematic categorization (perception-hearing) replacing the alphabetical es:<lemma> grouping.
05i9h58vk5	oír de [alguien]	to hear from [somebody]	supporting	topic:verb-perception-hearing	Verb subtopic redesign: thematic categorization (perception-hearing) replacing the alphabetical es:<lemma> grouping.
70esj4z10e	oír hablar de [algo]	to hear about [something]	supporting	topic:verb-perception-hearing	Verb subtopic redesign: thematic categorization (perception-hearing) replacing the alphabetical es:<lemma> grouping.
0b3lh44wbd	esperar	to wait	core	topic:verb-hoping-waiting	Verb subtopic redesign: thematic categorization (hoping-waiting) replacing the alphabetical es:<lemma> grouping.
icy9w1jbof	tomar [un curso]	to take [a course]	reference	topic:verb-learning-teaching	Verb subtopic redesign: thematic categorization (learning-teaching) replacing the alphabetical es:<lemma> grouping.
5f0wqk4dj5	¡escucha!	listen up!	supporting	topic:verb-perception-hearing	Verb subtopic redesign: thematic categorization (perception-hearing) replacing the alphabetical es:<lemma> grouping.
tc6g9iudcp	tomar una foto de [algo]	to take a photo of [something]	reference	topic:verb-communication-formal	Verb subtopic redesign: thematic categorization (communication-formal) replacing the alphabetical es:<lemma> grouping.
vuz1ghifyr	fijarse una meta	to set a goal	reference	topic:verb-poner-idioms-1	Verb subtopic redesign: thematic categorization (poner-idioms-1) replacing the alphabetical es:<lemma> grouping.
is9jng7ihx	oír a [alguien] [hacer algo]	to hear [somebody] [do something]	reference	topic:verb-perception-hearing	Verb subtopic redesign: thematic categorization (perception-hearing) replacing the alphabetical es:<lemma> grouping.
s85ujijsq3	enseñarle a [alguien] a [hacer algo]	to teach [somebody] to [do something]	supporting	topic:verb-learning-teaching	Verb subtopic redesign: thematic categorization (learning-teaching) replacing the alphabetical es:<lemma> grouping.
jjnf1ruwjg	cuajar	to set	reference	topic:verb-poner-idioms-1	Verb subtopic redesign: thematic categorization (poner-idioms-1) replacing the alphabetical es:<lemma> grouping.
usqslj38q0	establecer [una regla o límite]	to set [a rule or limit]	reference	topic:verb-poner-idioms-1	Verb subtopic redesign: thematic categorization (poner-idioms-1) replacing the alphabetical es:<lemma> grouping.
3g6io2gum3	liberar a [alguien]	to set [somebody] free	reference	topic:verb-poner-idioms-1	Verb subtopic redesign: thematic categorization (poner-idioms-1) replacing the alphabetical es:<lemma> grouping.
a2i51axsd5	poner [algo] en marcha	to set [something] in motion	reference	topic:verb-poner-idioms-2	Verb subtopic redesign: thematic categorization (poner-idioms-2) replacing the alphabetical es:<lemma> grouping.
vk46q1bynf	poner [algo] [en algún lugar]	to set [something] [somewhere]	reference	topic:verb-poner-placement	Verb subtopic redesign: thematic categorization (poner-placement) replacing the alphabetical es:<lemma> grouping.
mdje6aroac	regalarle [algo] a [alguien]	to give [somebody] [something] as a gift	reference	topic:verb-dar-idioms	Verb subtopic redesign: thematic categorization (dar-idioms) replacing the alphabetical es:<lemma> grouping.
hu185l5pt9	esperar [a alguien o algo]	to wait for [somebody or something]	core	topic:verb-hoping-waiting	Verb subtopic redesign: thematic categorization (hoping-waiting) replacing the alphabetical es:<lemma> grouping.
de07i743wz	esperar a que [alguien] [haga algo]	to wait for [somebody] to [do something]	supporting	topic:verb-hoping-waiting	Verb subtopic redesign: thematic categorization (hoping-waiting) replacing the alphabetical es:<lemma> grouping.
v6srxq2n55	hacer	do	core	topic:verb-creation-hacer	Verb subtopic redesign: thematic categorization (creation-hacer) replacing the alphabetical es:<lemma> grouping.
t8a1fhkjvh	esperar hasta que [ocurra algo]	to wait until [something happens]	supporting	topic:verb-hoping-waiting	Verb subtopic redesign: thematic categorization (hoping-waiting) replacing the alphabetical es:<lemma> grouping.
4fpkte1t8z	esperar que [ocurra algo]	to hope [something happens]	supporting	topic:verb-hoping-waiting	Verb subtopic redesign: thematic categorization (hoping-waiting) replacing the alphabetical es:<lemma> grouping.
t8nz7yo86j	esperar [algo deseado]	to hope for [something]	reference	topic:verb-hoping-waiting	Verb subtopic redesign: thematic categorization (hoping-waiting) replacing the alphabetical es:<lemma> grouping.
xe14ng4ctb	esperar [algo probable]	to expect [something]	supporting	topic:verb-hoping-waiting	Verb subtopic redesign: thematic categorization (hoping-waiting) replacing the alphabetical es:<lemma> grouping.
dnm638drfa	¿cómo estar [alguien]?	how is [somebody] feeling?	supporting	topic:verb-tobe-present	Verb subtopic redesign: thematic categorization (tobe-present) replacing the alphabetical es:<lemma> grouping.
obf74hel79	estar [en un lugar]	to be [in a place]	core	topic:verb-estar-idioms-1	Verb subtopic redesign: thematic categorization (estar-idioms-1) replacing the alphabetical es:<lemma> grouping.
0h3qydzurd	esperar [hacer algo]	to hope to [do something]	supporting	topic:verb-hoping-waiting	Verb subtopic redesign: thematic categorization (hoping-waiting) replacing the alphabetical es:<lemma> grouping.
4x7v5qc7de	esperar que [alguien] [haga algo]	to expect [somebody] to [do something]	supporting	topic:verb-hoping-waiting	Verb subtopic redesign: thematic categorization (hoping-waiting) replacing the alphabetical es:<lemma> grouping.
nqyror4j5f	estar [en un estado]	to be [in a state]	core	topic:verb-estar-idioms-1	Verb subtopic redesign: thematic categorization (estar-idioms-1) replacing the alphabetical es:<lemma> grouping.
f5h0hvcv1d	estar de acuerdo	to agree	supporting	topic:verb-estar-idioms-1	Verb subtopic redesign: thematic categorization (estar-idioms-1) replacing the alphabetical es:<lemma> grouping.
e6gbegp44a	estar a punto de [hacer algo]	to be about to [do something]	supporting	topic:verb-estar-idioms-1	Verb subtopic redesign: thematic categorization (estar-idioms-1) replacing the alphabetical es:<lemma> grouping.
b2kvvgg1ke	estar por [hacer algo]	to be about to [do something]	reference	topic:verb-estar-idioms-2	Verb subtopic redesign: thematic categorization (estar-idioms-2) replacing the alphabetical es:<lemma> grouping.
d495hfe6co	estar al tanto de [algo]	to be aware of [something]	reference	topic:verb-estar-idioms-1	Verb subtopic redesign: thematic categorization (estar-idioms-1) replacing the alphabetical es:<lemma> grouping.
p76va4jmyy	estar a cargo de [algo]	to be in charge of [something]	reference	topic:verb-estar-idioms-1	Verb subtopic redesign: thematic categorization (estar-idioms-1) replacing the alphabetical es:<lemma> grouping.
8pa5w8lhu0	estar bien	to be okay	core	topic:verb-estar-idioms-1	Verb subtopic redesign: thematic categorization (estar-idioms-1) replacing the alphabetical es:<lemma> grouping.
bvwjgfiqzf	estar mal	to be unwell	reference	topic:verb-estar-idioms-2	Verb subtopic redesign: thematic categorization (estar-idioms-2) replacing the alphabetical es:<lemma> grouping.
vx5dkts0j1	estar encendido	to be on	supporting	topic:verb-estar-idioms-2	Verb subtopic redesign: thematic categorization (estar-idioms-2) replacing the alphabetical es:<lemma> grouping.
fbhhwzgo6j	estar apagado	to be off	supporting	topic:verb-estar-idioms-1	Verb subtopic redesign: thematic categorization (estar-idioms-1) replacing the alphabetical es:<lemma> grouping.
gha0bijm3j	estar fuera	to be out	reference	topic:verb-estar-idioms-2	Verb subtopic redesign: thematic categorization (estar-idioms-2) replacing the alphabetical es:<lemma> grouping.
x9rvf35d7y	estar a tiempo	to be on time	supporting	topic:verb-estar-idioms-1	Verb subtopic redesign: thematic categorization (estar-idioms-1) replacing the alphabetical es:<lemma> grouping.
ahj6apo9ri	estar de vacaciones	to be on vacation	reference	topic:verb-estar-idioms-2	Verb subtopic redesign: thematic categorization (estar-idioms-2) replacing the alphabetical es:<lemma> grouping.
6ywiv1c0l5	estar a favor de [algo]	to be in favor of [something]	reference	topic:verb-estar-idioms-1	Verb subtopic redesign: thematic categorization (estar-idioms-1) replacing the alphabetical es:<lemma> grouping.
nfursmvnpb	estar en contra de [algo]	to be against [something]	reference	topic:verb-estar-idioms-2	Verb subtopic redesign: thematic categorization (estar-idioms-2) replacing the alphabetical es:<lemma> grouping.
69tvlt4ak1	extrañar a [alguien]	to miss [somebody]	supporting	topic:verb-feelings-dislike-worry	Verb subtopic redesign: thematic categorization (feelings-dislike-worry) replacing the alphabetical es:<lemma> grouping.
it72cwjhed	extrañar [algo]	to miss [something]	supporting	topic:verb-feelings-dislike-worry	Verb subtopic redesign: thematic categorization (feelings-dislike-worry) replacing the alphabetical es:<lemma> grouping.
k6iafnbzra	[algo] extraña a [alguien]	[something] puzzles [somebody]	reference	topic:verb-feelings-dislike-worry	Verb subtopic redesign: thematic categorization (feelings-dislike-worry) replacing the alphabetical es:<lemma> grouping.
myuguvt6ul	estar de pie	to be standing	reference	topic:verb-estar-idioms-2	Verb subtopic redesign: thematic categorization (estar-idioms-2) replacing the alphabetical es:<lemma> grouping.
vf8v3tcztr	estar sentado	to be sitting	reference	topic:verb-estar-idioms-2	Verb subtopic redesign: thematic categorization (estar-idioms-2) replacing the alphabetical es:<lemma> grouping.
i2sih4q1lh	estar en lo cierto	to be right	reference	topic:verb-estar-idioms-2	Verb subtopic redesign: thematic categorization (estar-idioms-2) replacing the alphabetical es:<lemma> grouping.
5ym0n1ham4	faltarle [algo] a [algo]	[something] lacks [something]	reference	topic:verb-feelings-dislike-worry	Verb subtopic redesign: thematic categorization (feelings-dislike-worry) replacing the alphabetical es:<lemma> grouping.
swyolg0a4s	faltarle [algo] a [alguien]	[somebody] needs [something]	reference	topic:verb-feelings-dislike-worry	Verb subtopic redesign: thematic categorization (feelings-dislike-worry) replacing the alphabetical es:<lemma> grouping.
9qzgymygsa	estar mal	to be wrong	reference	topic:verb-estar-idioms-2	Verb subtopic redesign: thematic categorization (estar-idioms-2) replacing the alphabetical es:<lemma> grouping.
fwzmjvs06n	faltar a [un evento]	to miss [an event]	reference	topic:verb-feelings-dislike-worry	Verb subtopic redesign: thematic categorization (feelings-dislike-worry) replacing the alphabetical es:<lemma> grouping.
6wu6m8g0qn	faltar a [un evento]	to be absent from [an event]	reference	topic:verb-feelings-dislike-worry	Verb subtopic redesign: thematic categorization (feelings-dislike-worry) replacing the alphabetical es:<lemma> grouping.
2473ghkde3	faltar a [una promesa]	to break [a promise]	reference	topic:verb-feelings-dislike-worry	Verb subtopic redesign: thematic categorization (feelings-dislike-worry) replacing the alphabetical es:<lemma> grouping.
f2zryn85p8	estar [haciendo algo]	to be [doing something]	core	topic:verb-estar-idioms-1	Verb subtopic redesign: thematic categorization (estar-idioms-1) replacing the alphabetical es:<lemma> grouping.
cycrgcf78l	hacer [adjetivo] a [alguien]	to make [somebody] [adjective]	supporting	topic:verb-creation-hacer	Verb subtopic redesign: thematic categorization (creation-hacer) replacing the alphabetical es:<lemma> grouping.
1uo0obtd8h	gustarle [algo] a [alguien]	[somebody] likes [something]	core	topic:verb-feelings-love-like	Verb subtopic redesign: thematic categorization (feelings-love-like) replacing the alphabetical es:<lemma> grouping.
hx7cadgvj9	va a haber [algo singular]	there is going to be [something singular]	supporting	topic:verb-tobe-existence-hay	Verb subtopic redesign: thematic categorization (tobe-existence-hay) replacing the alphabetical es:<lemma> grouping.
fr2zv8cgr5	gustaría [algo]	would like [something]	core	topic:verb-feelings-love-like	Verb subtopic redesign: thematic categorization (feelings-love-like) replacing the alphabetical es:<lemma> grouping.
ok7p2o1dce	había [cosas plurales]	there were [plural things]	supporting	topic:verb-tobe-existence-hay	Verb subtopic redesign: thematic categorization (tobe-existence-hay) replacing the alphabetical es:<lemma> grouping.
y19rhj9ey3	hacer [reparar algo]	to have [something] repaired	reference	topic:verb-creation-hacer	Verb subtopic redesign: thematic categorization (creation-hacer) replacing the alphabetical es:<lemma> grouping.
ofxncx6grm	puede haber [algo]	there may be [something]	reference	topic:verb-tobe-existence-hay	Verb subtopic redesign: thematic categorization (tobe-existence-hay) replacing the alphabetical es:<lemma> grouping.
v8ez2mbu1u	hubo [algo]	there was [something]	reference	topic:verb-tobe-existence-hay	Verb subtopic redesign: thematic categorization (tobe-existence-hay) replacing the alphabetical es:<lemma> grouping.
c9mgqdsqvo	habrá [algo]	there will be [something]	supporting	topic:verb-tobe-existence-hay	Verb subtopic redesign: thematic categorization (tobe-existence-hay) replacing the alphabetical es:<lemma> grouping.
u2xyysd9xq	hacerle bien a [alguien]	to be good for [somebody]	reference	topic:verb-creation-hacer	Verb subtopic redesign: thematic categorization (creation-hacer) replacing the alphabetical es:<lemma> grouping.
4pgifzt26u	hay que [hacer algo]	you have to [do something]	supporting	topic:verb-perfect-auxiliary	Verb subtopic redesign: thematic categorization (perfect-auxiliary) replacing the alphabetical es:<lemma> grouping.
48tg24dwk2	hacer que [alguien] [haga algo]	to make [somebody] [do something]	supporting	topic:verb-creation-hacer	Verb subtopic redesign: thematic categorization (creation-hacer) replacing the alphabetical es:<lemma> grouping.
2ml5xgxl0t	va a haber [cosas plurales]	there are going to be [plural things]	reference	topic:verb-tobe-existence-hay	Verb subtopic redesign: thematic categorization (tobe-existence-hay) replacing the alphabetical es:<lemma> grouping.
laom4z3bwd	hay que [hacer algo]	we need to [do something]	supporting	topic:verb-perfect-auxiliary	Verb subtopic redesign: thematic categorization (perfect-auxiliary) replacing the alphabetical es:<lemma> grouping.
cp5hmttaq2	hay [algo singular]	there's [something singular]	supporting	topic:verb-tobe-existence-hay	Verb subtopic redesign: thematic categorization (tobe-existence-hay) replacing the alphabetical es:<lemma> grouping.
zqul6ydgwq	había [algo singular]	there was [something singular]	supporting	topic:verb-tobe-existence-hay	Verb subtopic redesign: thematic categorization (tobe-existence-hay) replacing the alphabetical es:<lemma> grouping.
xzu44okx8u	ganar [un premio]	to win [a prize]	reference	topic:verb-money-earning-spending	Verb subtopic redesign: thematic categorization (money-earning-spending) replacing the alphabetical es:<lemma> grouping.
m9dfm9pbq2	hacer [algo creado o preparado]	to make [something]	core	topic:verb-creation-hacer	Verb subtopic redesign: thematic categorization (creation-hacer) replacing the alphabetical es:<lemma> grouping.
1qz4qeh9oi	hacer [una tarea o actividad]	to do [a task or activity]	core	topic:verb-creation-hacer	Verb subtopic redesign: thematic categorization (creation-hacer) replacing the alphabetical es:<lemma> grouping.
qhznzi6ug8	no hay [algo singular]	there isn't [something singular]	core	topic:verb-tobe-existence-hay	Verb subtopic redesign: thematic categorization (tobe-existence-hay) replacing the alphabetical es:<lemma> grouping.
54mbh87vk1	hay [cosas plurales]	there are [plural things]	core	topic:verb-tobe-existence-hay	Verb subtopic redesign: thematic categorization (tobe-existence-hay) replacing the alphabetical es:<lemma> grouping.
g7zuuumnig	¿hay [cosas plurales]?	are there [plural things]?	core	topic:verb-tobe-existence-hay	Verb subtopic redesign: thematic categorization (tobe-existence-hay) replacing the alphabetical es:<lemma> grouping.
nuo847x66j	hay [algo singular]	there is [something singular]	core	topic:verb-tobe-existence-hay	Verb subtopic redesign: thematic categorization (tobe-existence-hay) replacing the alphabetical es:<lemma> grouping.
ker7jy3lyb	no hay [cosas plurales]	there aren't [plural things]	core	topic:verb-tobe-existence-hay	Verb subtopic redesign: thematic categorization (tobe-existence-hay) replacing the alphabetical es:<lemma> grouping.
esf7i85ozv	¿hay [algo singular]?	is there [something singular]?	core	topic:verb-tobe-existence-hay	Verb subtopic redesign: thematic categorization (tobe-existence-hay) replacing the alphabetical es:<lemma> grouping.
o6ai5zj4rm	hacerle daño a [alguien]	to hurt [somebody]	reference	topic:verb-health-body	Verb subtopic redesign: thematic categorization (health-body) replacing the alphabetical es:<lemma> grouping.
be5damq4by	habría [algo]	there would be [something]	reference	topic:verb-tobe-existence-hay	Verb subtopic redesign: thematic categorization (tobe-existence-hay) replacing the alphabetical es:<lemma> grouping.
9jt3xxrxse	gustaría [hacer algo]	would like to [do something]	core	topic:verb-feelings-love-like	Verb subtopic redesign: thematic categorization (feelings-love-like) replacing the alphabetical es:<lemma> grouping.
evibiw8ufb	ganarle a [alguien]	to beat [somebody]	reference	topic:verb-money-earning-spending	Verb subtopic redesign: thematic categorization (money-earning-spending) replacing the alphabetical es:<lemma> grouping.
82ydmvggbd	ganarse [algo]	to earn [something]	reference	topic:verb-money-earning-spending	Verb subtopic redesign: thematic categorization (money-earning-spending) replacing the alphabetical es:<lemma> grouping.
iz4606mcoe	ganar [apoyo o una ventaja]	to gain [support or an advantage]	reference	topic:verb-money-earning-spending	Verb subtopic redesign: thematic categorization (money-earning-spending) replacing the alphabetical es:<lemma> grouping.
miud8kxiic	encantarle [algo] a [alguien]	[somebody] loves [something]	supporting	topic:verb-feelings-love-like	Verb subtopic redesign: thematic categorization (feelings-love-like) replacing the alphabetical es:<lemma> grouping.
2a5bbtm7cl	irse	to leave	core	topic:verb-movement-leaving	Verb subtopic redesign: thematic categorization (movement-leaving) replacing the alphabetical es:<lemma> grouping.
nis5rixomq	irse	to go away	reference	topic:verb-movement-leaving	Verb subtopic redesign: thematic categorization (movement-leaving) replacing the alphabetical es:<lemma> grouping.
vnowmg0rlw	llamar a [alguien]	to call [somebody]	core	topic:verb-communication-naming	Verb subtopic redesign: thematic categorization (communication-naming) replacing the alphabetical es:<lemma> grouping.
tea1mmftnt	llamar por teléfono a [alguien]	to phone [somebody]	reference	topic:verb-communication-naming	Verb subtopic redesign: thematic categorization (communication-naming) replacing the alphabetical es:<lemma> grouping.
9701k29zz9	llamar [nombre] a [algo o alguien]	to name [something or somebody] [name]	reference	topic:verb-communication-naming	Verb subtopic redesign: thematic categorization (communication-naming) replacing the alphabetical es:<lemma> grouping.
zanvhwodyn	llamar [descripción] a [algo]	to call [something] [a description]	reference	topic:verb-communication-naming	Verb subtopic redesign: thematic categorization (communication-naming) replacing the alphabetical es:<lemma> grouping.
u7wvzyhnyh	volver a llamar a [alguien]	to call [somebody] back	supporting	topic:verb-communication-naming	Verb subtopic redesign: thematic categorization (communication-naming) replacing the alphabetical es:<lemma> grouping.
ovzll1ynso	llegar a tiempo	to arrive on time	supporting	topic:verb-movement-arriving-passing	Verb subtopic redesign: thematic categorization (movement-arriving-passing) replacing the alphabetical es:<lemma> grouping.
oh2mhln5f2	llamar la atención	to attract attention	reference	topic:verb-communication-naming	Verb subtopic redesign: thematic categorization (communication-naming) replacing the alphabetical es:<lemma> grouping.
vuq3vxf107	hacerse el tonto	to pretend not to understand	reference	topic:verb-creation-hacer	Verb subtopic redesign: thematic categorization (creation-hacer) replacing the alphabetical es:<lemma> grouping.
ryd2rbiwn8	llamar la atención sobre [algo]	to draw attention to [something]	reference	topic:verb-communication-naming	Verb subtopic redesign: thematic categorization (communication-naming) replacing the alphabetical es:<lemma> grouping.
k9y5vq9p06	ir a casa	to go home	supporting	topic:verb-movement-going	Verb subtopic redesign: thematic categorization (movement-going) replacing the alphabetical es:<lemma> grouping.
cpwm5oqh8t	ir a pie	to go on foot	reference	topic:verb-movement-going	Verb subtopic redesign: thematic categorization (movement-going) replacing the alphabetical es:<lemma> grouping.
whfyozgbyl	llegar a ser [algo]	to become [something]	reference	topic:verb-movement-arriving-passing	Verb subtopic redesign: thematic categorization (movement-arriving-passing) replacing the alphabetical es:<lemma> grouping.
uriamnzen2	hacer las paces con [alguien]	to make up with [somebody]	reference	topic:verb-creation-hacer	Verb subtopic redesign: thematic categorization (creation-hacer) replacing the alphabetical es:<lemma> grouping.
pu6juowymn	hacerle un favor a [alguien]	to do [somebody] a favor	supporting	topic:verb-creation-hacer	Verb subtopic redesign: thematic categorization (creation-hacer) replacing the alphabetical es:<lemma> grouping.
edcjj9goei	hacer un viaje	to take a trip	reference	topic:verb-creation-hacer	Verb subtopic redesign: thematic categorization (creation-hacer) replacing the alphabetical es:<lemma> grouping.
rjnvvjdloq	llegar a [hacer algo]	to manage to [do something]	reference	topic:verb-movement-arriving-passing	Verb subtopic redesign: thematic categorization (movement-arriving-passing) replacing the alphabetical es:<lemma> grouping.
tpmllm0cqq	llamarle la atención a [alguien]	to tell [somebody] off	reference	topic:verb-movement-leaving	Verb subtopic redesign: thematic categorization (movement-leaving) replacing the alphabetical es:<lemma> grouping.
w43ib0sqsf	hacer tiempo	to kill time	reference	topic:verb-conflict-crime	Verb subtopic redesign: thematic categorization (conflict-crime) replacing the alphabetical es:<lemma> grouping.
jdjgsh7ufu	llegar a [un nivel o cantidad]	to reach [a level or amount]	reference	topic:verb-movement-arriving-passing	Verb subtopic redesign: thematic categorization (movement-arriving-passing) replacing the alphabetical es:<lemma> grouping.
bioalll4vj	llegar a [un lugar]	to get to [a place]	core	topic:verb-movement-arriving-passing	Verb subtopic redesign: thematic categorization (movement-arriving-passing) replacing the alphabetical es:<lemma> grouping.
irvw3l9fwm	hacer una pregunta	to ask a question	supporting	topic:verb-offering	Verb subtopic redesign: thematic categorization (offering) replacing the alphabetical es:<lemma> grouping.
wbogepd2hz	llamarse [nombre]	to be called [name]	supporting	topic:verb-communication-naming	Verb subtopic redesign: thematic categorization (communication-naming) replacing the alphabetical es:<lemma> grouping.
v48t8redzw	ir con [algo]	to go with [something]	reference	topic:verb-movement-going	Verb subtopic redesign: thematic categorization (movement-going) replacing the alphabetical es:<lemma> grouping.
7n967goat0	llegar a ser [algo]	to go on to become [something]	reference	topic:verb-movement-arriving-passing	Verb subtopic redesign: thematic categorization (movement-arriving-passing) replacing the alphabetical es:<lemma> grouping.
qwj72o0pgh	hacerle caso a [alguien]	to pay attention to [somebody]	reference	topic:verb-money-commerce-1	Verb subtopic redesign: thematic categorization (money-commerce-1) replacing the alphabetical es:<lemma> grouping.
1vzkonyjt2	hacer una llamada	to make a call	reference	topic:verb-creation-hacer	Verb subtopic redesign: thematic categorization (creation-hacer) replacing the alphabetical es:<lemma> grouping.
qwp1msjfsn	hacer ejercicio	to work out	reference	topic:verb-work-employment	Verb subtopic redesign: thematic categorization (work-employment) replacing the alphabetical es:<lemma> grouping.
38d1kfif1b	ir a [hacer algo]	to be going [to do something]	core	topic:verb-movement-going	Verb subtopic redesign: thematic categorization (movement-going) replacing the alphabetical es:<lemma> grouping.
wlsh5f0c4u	hacer una reserva	to make a reservation	supporting	topic:verb-creation-hacer	Verb subtopic redesign: thematic categorization (creation-hacer) replacing the alphabetical es:<lemma> grouping.
nsdu5c6q9d	ir en [un medio de transporte]	to go by [a means of transport]	supporting	topic:verb-movement-going	Verb subtopic redesign: thematic categorization (movement-going) replacing the alphabetical es:<lemma> grouping.
hm7k1xxksu	hacer una sugerencia	to make a suggestion	reference	topic:verb-creation-hacer	Verb subtopic redesign: thematic categorization (creation-hacer) replacing the alphabetical es:<lemma> grouping.
6rym81cqq5	hacer cola	to stand in line	reference	topic:verb-creation-hacer	Verb subtopic redesign: thematic categorization (creation-hacer) replacing the alphabetical es:<lemma> grouping.
1gru886lce	hacer las maletas	to pack	reference	topic:verb-creation-hacer	Verb subtopic redesign: thematic categorization (creation-hacer) replacing the alphabetical es:<lemma> grouping.
2iiyjrogmc	ir a [un lugar]	to go to [a place]	core	topic:verb-movement-going	Verb subtopic redesign: thematic categorization (movement-going) replacing the alphabetical es:<lemma> grouping.
9sc3t5iw76	no parar de [hacer algo]	to keep [doing something]	supporting	topic:verb-locomotion-general	Verb subtopic redesign: thematic categorization (locomotion-general) replacing the alphabetical es:<lemma> grouping.
kliqfbzr2f	llevar la cuenta de [algo]	to keep track of [something]	reference	topic:verb-communication-other-2	Verb subtopic redesign: thematic categorization (communication-other-2) replacing the alphabetical es:<lemma> grouping.
d8gypldglm	llevar [tiempo] [haciendo algo]	to have been [doing something] for [time]	supporting	topic:verb-carrying	Verb subtopic redesign: thematic categorization (carrying) replacing the alphabetical es:<lemma> grouping.
ev8gdc8deh	llevar [algo físicamente]	to carry [something]	supporting	topic:verb-carrying	Verb subtopic redesign: thematic categorization (carrying) replacing the alphabetical es:<lemma> grouping.
id2e6gz2kt	parecer [hacer algo]	to seem to [do something]	reference	topic:verb-watching-other	Verb subtopic redesign: thematic categorization (watching-other) replacing the alphabetical es:<lemma> grouping.
6l4jfrb95m	parar en [un lugar]	to stop at [a place]	supporting	topic:verb-locomotion-general	Verb subtopic redesign: thematic categorization (locomotion-general) replacing the alphabetical es:<lemma> grouping.
6w6meulfin	pasar [tiempo] con [alguien]	to spend [time] with [somebody]	supporting	topic:verb-movement-arriving-passing	Verb subtopic redesign: thematic categorization (movement-arriving-passing) replacing the alphabetical es:<lemma> grouping.
9ydqb8w1ak	llevar a [alguien] en carro	to give [somebody] a ride	reference	topic:verb-movement-leaving	Verb subtopic redesign: thematic categorization (movement-leaving) replacing the alphabetical es:<lemma> grouping.
ai9e7ob627	mandar a [alguien] a [hacer algo]	to send [somebody] to [do something]	supporting	topic:verb-communication-other-2	Verb subtopic redesign: thematic categorization (communication-other-2) replacing the alphabetical es:<lemma> grouping.
9q3ezcaa3k	parar de [hacer algo]	to stop [doing something]	supporting	topic:verb-locomotion-general	Verb subtopic redesign: thematic categorization (locomotion-general) replacing the alphabetical es:<lemma> grouping.
jdb560wluh	llevar [ropa o accesorios]	to wear [clothing or accessories]	supporting	topic:verb-carrying	Verb subtopic redesign: thematic categorization (carrying) replacing the alphabetical es:<lemma> grouping.
3oj2b62moq	mandar [algo] de vuelta	to send [something] back	reference	topic:verb-communication-other-2	Verb subtopic redesign: thematic categorization (communication-other-2) replacing the alphabetical es:<lemma> grouping.
uhk2loskh5	parar en [un hotel]	to stay at [a hotel]	reference	topic:verb-locomotion-general	Verb subtopic redesign: thematic categorization (locomotion-general) replacing the alphabetical es:<lemma> grouping.
za3b558g1u	llevar a cabo [algo]	to carry out [something]	reference	topic:verb-carrying	Verb subtopic redesign: thematic categorization (carrying) replacing the alphabetical es:<lemma> grouping.
q0dipekeiv	pasar frente a [un lugar]	to go past [a place]	reference	topic:verb-movement-arriving-passing	Verb subtopic redesign: thematic categorization (movement-arriving-passing) replacing the alphabetical es:<lemma> grouping.
rjswr2t3e6	parar por [un lugar]	to stop by [a place]	reference	topic:verb-locomotion-general	Verb subtopic redesign: thematic categorization (locomotion-general) replacing the alphabetical es:<lemma> grouping.
5lt6vf4na4	pasar por [un lugar]	to go through [a place]	supporting	topic:verb-movement-arriving-passing	Verb subtopic redesign: thematic categorization (movement-arriving-passing) replacing the alphabetical es:<lemma> grouping.
9o8xleny13	llevar a [un resultado]	to lead to [a result]	reference	topic:verb-carrying	Verb subtopic redesign: thematic categorization (carrying) replacing the alphabetical es:<lemma> grouping.
t5kcjkgoio	parecerse entre sí	to look alike	reference	topic:verb-watching-other	Verb subtopic redesign: thematic categorization (watching-other) replacing the alphabetical es:<lemma> grouping.
zm2w4r32ri	pasar (ocurrir)	to happen	core	topic:verb-movement-arriving-passing	Verb subtopic redesign: thematic categorization (movement-arriving-passing) replacing the alphabetical es:<lemma> grouping.
pwxlw3xx2t	pasar por [un lugar]	to pass by [a place]	reference	topic:verb-movement-arriving-passing	Verb subtopic redesign: thematic categorization (movement-arriving-passing) replacing the alphabetical es:<lemma> grouping.
mo76rkcg2d	mandar a buscar a [alguien]	to send for [somebody]	reference	topic:verb-communication-other-2	Verb subtopic redesign: thematic categorization (communication-other-2) replacing the alphabetical es:<lemma> grouping.
4of879pazj	mandar a [alguien] a otro lugar	to send [somebody] away	reference	topic:verb-communication-other-2	Verb subtopic redesign: thematic categorization (communication-other-2) replacing the alphabetical es:<lemma> grouping.
0gn1cne1me	mandar (tener autoridad)	to be in charge	reference	topic:verb-money-commerce-1	Verb subtopic redesign: thematic categorization (money-commerce-1) replacing the alphabetical es:<lemma> grouping.
x765otzaij	llevar [tiempo] [en un estado]	to have been [in a state] for [time]	reference	topic:verb-carrying	Verb subtopic redesign: thematic categorization (carrying) replacing the alphabetical es:<lemma> grouping.
jd4xjwg557	parar [algo]	to stop [something]	core	topic:verb-locomotion-general	Verb subtopic redesign: thematic categorization (locomotion-general) replacing the alphabetical es:<lemma> grouping.
0g80eirvrz	parar a un lado	to pull over	reference	topic:verb-locomotion-general	Verb subtopic redesign: thematic categorization (locomotion-general) replacing the alphabetical es:<lemma> grouping.
2wa96n35mw	pasar por [un puente]	to cross [a bridge]	reference	topic:verb-movement-arriving-passing	Verb subtopic redesign: thematic categorization (movement-arriving-passing) replacing the alphabetical es:<lemma> grouping.
kai7mys6il	mandar a [alguien] [hacer algo]	to tell [somebody] to [do something]	core	topic:verb-communication-other-2	Verb subtopic redesign: thematic categorization (communication-other-2) replacing the alphabetical es:<lemma> grouping.
80jaaa2rlj	parecer [hacer algo] (formal)	to appear to [do something]	reference	topic:verb-watching-other	Verb subtopic redesign: thematic categorization (watching-other) replacing the alphabetical es:<lemma> grouping.
ggm7pz4s38	mandar a [alguien] [hacer algo]	to order [somebody] to [do something]	reference	topic:verb-communication-other-2	Verb subtopic redesign: thematic categorization (communication-other-2) replacing the alphabetical es:<lemma> grouping.
szfqmpo1uv	pasarla bien	to have a good time	supporting	topic:verb-movement-arriving-passing	Verb subtopic redesign: thematic categorization (movement-arriving-passing) replacing the alphabetical es:<lemma> grouping.
subaw4lf2e	pasarla mal	to have a bad time	reference	topic:verb-movement-arriving-passing	Verb subtopic redesign: thematic categorization (movement-arriving-passing) replacing the alphabetical es:<lemma> grouping.
spqggf97ma	pensar [hacer algo]	to intend to [do something]	reference	topic:verb-thinking-opinions	Verb subtopic redesign: thematic categorization (thinking-opinions) replacing the alphabetical es:<lemma> grouping.
mxguwwzrxk	poder [hacer algo]	to be able [to do something]	core	topic:verb-modal-ability-1	Verb subtopic redesign: thematic categorization (modal-ability-1) replacing the alphabetical es:<lemma> grouping.
komqoyh86l	pasarle [algo] a [alguien]	to hand [something] to [somebody]	reference	topic:verb-movement-arriving-passing	Verb subtopic redesign: thematic categorization (movement-arriving-passing) replacing the alphabetical es:<lemma> grouping.
irkqfrah8h	perder contra [alguien]	to lose to [somebody]	reference	topic:verb-loss-death	Verb subtopic redesign: thematic categorization (loss-death) replacing the alphabetical es:<lemma> grouping.
euubcqf5w0	pasar a [otra cosa]	to move on to [something else]	reference	topic:verb-movement-arriving-passing	Verb subtopic redesign: thematic categorization (movement-arriving-passing) replacing the alphabetical es:<lemma> grouping.
fddpehe9zi	perder el tiempo	to waste time	supporting	topic:verb-loss-death	Verb subtopic redesign: thematic categorization (loss-death) replacing the alphabetical es:<lemma> grouping.
h92pv2aho7	pasar por alto [algo]	to overlook [something]	reference	topic:verb-movement-arriving-passing	Verb subtopic redesign: thematic categorization (movement-arriving-passing) replacing the alphabetical es:<lemma> grouping.
lptgwusb5o	pasarse	to go too far	reference	topic:verb-movement-arriving-passing	Verb subtopic redesign: thematic categorization (movement-arriving-passing) replacing the alphabetical es:<lemma> grouping.
inhrs98gy2	[algo] pierde agua	[something] leaks	reference	topic:verb-loss-death	Verb subtopic redesign: thematic categorization (loss-death) replacing the alphabetical es:<lemma> grouping.
a1eubfzyp5	poder [hacer algo] (tener permiso)	to be allowed to [do something]	supporting	topic:verb-modal-ability-2	Verb subtopic redesign: thematic categorization (modal-ability-2) replacing the alphabetical es:<lemma> grouping.
0zuw37lnfv	poder [hacer algo] (capacidad)	can [do something]	core	topic:verb-modal-ability-1	Verb subtopic redesign: thematic categorization (modal-ability-1) replacing the alphabetical es:<lemma> grouping.
9jo5861xgs	pensar que [ocurre algo]	to think [that something is happening]	core	topic:verb-thinking-opinions	Verb subtopic redesign: thematic categorization (thinking-opinions) replacing the alphabetical es:<lemma> grouping.
r94x2zhkl9	pensar en [algo]	to think about [something]	core	topic:verb-thinking-opinions	Verb subtopic redesign: thematic categorization (thinking-opinions) replacing the alphabetical es:<lemma> grouping.
zr2o52sx7y	pesar [algo]	to weigh [something]	reference	topic:verb-feelings-general	Verb subtopic redesign: thematic categorization (feelings-general) replacing the alphabetical es:<lemma> grouping.
iake34eucs	pesarle a [alguien] haber [hecho algo]	to regret [having done something]	reference	topic:verb-feelings-general	Verb subtopic redesign: thematic categorization (feelings-general) replacing the alphabetical es:<lemma> grouping.
as4ogkvga8	pesar en [un resultado]	to weigh on [an outcome]	reference	topic:verb-feelings-general	Verb subtopic redesign: thematic categorization (feelings-general) replacing the alphabetical es:<lemma> grouping.
mjncmw1m8b	puede [hacer algo] (permiso formal)	may [do something]	reference	topic:verb-modal-possibility	Verb subtopic redesign: thematic categorization (modal-possibility) replacing the alphabetical es:<lemma> grouping.
ltn1qfc1r6	no puede [hacer algo] (prohibición formal)	may not [do something]	reference	topic:verb-modal-possibility	Verb subtopic redesign: thematic categorization (modal-possibility) replacing the alphabetical es:<lemma> grouping.
uujozpaw2h	pensar en [algo]	to think of [something]	reference	topic:verb-thinking-opinions	Verb subtopic redesign: thematic categorization (thinking-opinions) replacing the alphabetical es:<lemma> grouping.
ery1618u7t	pensar en [hacer algo]	to consider [doing something]	supporting	topic:verb-thinking-opinions	Verb subtopic redesign: thematic categorization (thinking-opinions) replacing the alphabetical es:<lemma> grouping.
lqz6j6vdzn	perder [algo]	to lose [something]	core	topic:verb-loss-death	Verb subtopic redesign: thematic categorization (loss-death) replacing the alphabetical es:<lemma> grouping.
umiayx5iyo	perder [una oportunidad]	to miss [an opportunity]	supporting	topic:verb-loss-death	Verb subtopic redesign: thematic categorization (loss-death) replacing the alphabetical es:<lemma> grouping.
s9leem6i29	perderse [un evento]	to miss [an event]	reference	topic:verb-loss-death	Verb subtopic redesign: thematic categorization (loss-death) replacing the alphabetical es:<lemma> grouping.
al22a3sck3	pudo [hacer algo] (éxito específico)	was able to [do something]	reference	topic:verb-modal-ability-2	Verb subtopic redesign: thematic categorization (modal-ability-2) replacing the alphabetical es:<lemma> grouping.
o9amfhzn7k	podrá [hacer algo]	will be able to [do something]	supporting	topic:verb-modal-ability-2	Verb subtopic redesign: thematic categorization (modal-ability-2) replacing the alphabetical es:<lemma> grouping.
43z1s233ya	¿Puedes [hacer algo]? (capacidad)	Can you [do something]?	core	topic:verb-modal-ability-1	Verb subtopic redesign: thematic categorization (modal-ability-1) replacing the alphabetical es:<lemma> grouping.
oy4fp397cg	¿Podría [hacer algo]?	Could I [do something]?	supporting	topic:verb-modal-ability-1	Verb subtopic redesign: thematic categorization (modal-ability-1) replacing the alphabetical es:<lemma> grouping.
rhb07wm3u7	puede [hacer algo] (oportunidad)	gets to [do something]	reference	topic:verb-modal-ability-2	Verb subtopic redesign: thematic categorization (modal-ability-2) replacing the alphabetical es:<lemma> grouping.
rblsgxrrm1	he podido [hacer algo]	have been able to [do something]	reference	topic:verb-modal-ability-1	Verb subtopic redesign: thematic categorization (modal-ability-1) replacing the alphabetical es:<lemma> grouping.
dq62rzd2ga	si pudiera [hacer algo]	if [somebody] could [do something]	reference	topic:verb-modal-ability-2	Verb subtopic redesign: thematic categorization (modal-ability-2) replacing the alphabetical es:<lemma> grouping.
3qq5q3d71a	habría podido [hacer algo]	could have [done something]	reference	topic:verb-modal-possibility	Verb subtopic redesign: thematic categorization (modal-possibility) replacing the alphabetical es:<lemma> grouping.
93vebts2ml	habría podido [hacer algo] (hablado)	could've [done something]	reference	topic:verb-modal-ability-1	Verb subtopic redesign: thematic categorization (modal-ability-1) replacing the alphabetical es:<lemma> grouping.
q0xx0fzsx3	pueda [hacer algo] (cláusula subordinada)	can [do something]	reference	topic:verb-modal-ability-2	Verb subtopic redesign: thematic categorization (modal-ability-2) replacing the alphabetical es:<lemma> grouping.
wew9sag3jl	podría estar [en un estado o lugar]	could be [in a state or place]	reference	topic:verb-modal-ability-2	Verb subtopic redesign: thematic categorization (modal-ability-2) replacing the alphabetical es:<lemma> grouping.
g06ovsd470	¿Puedo [hacer algo]? (formal)	May I [do something]?	reference	topic:verb-modal-possibility	Verb subtopic redesign: thematic categorization (modal-possibility) replacing the alphabetical es:<lemma> grouping.
wgqppszkg9	puede que [ocurra algo]	[something] may happen	supporting	topic:verb-modal-possibility	Verb subtopic redesign: thematic categorization (modal-possibility) replacing the alphabetical es:<lemma> grouping.
wbadwkrywg	¿No puedes [hacer algo]? (capacidad)	Can't you [do something]?	reference	topic:verb-modal-ability-1	Verb subtopic redesign: thematic categorization (modal-ability-1) replacing the alphabetical es:<lemma> grouping.
ipa706hrsh	podría [hacer algo] (condición)	could [do something]	supporting	topic:verb-modal-ability-2	Verb subtopic redesign: thematic categorization (modal-ability-2) replacing the alphabetical es:<lemma> grouping.
rhfali1n6u	puede que [ocurra algo]	[something] might happen	supporting	topic:verb-modal-possibility	Verb subtopic redesign: thematic categorization (modal-possibility) replacing the alphabetical es:<lemma> grouping.
jdd2lebx6x	¿Puedo [hacer algo]?	Can I [do something]?	core	topic:verb-modal-ability-1	Verb subtopic redesign: thematic categorization (modal-ability-1) replacing the alphabetical es:<lemma> grouping.
gtr8psda9i	podría [hacer algo] (capacidad condicional explícita)	would be able to [do something]	reference	topic:verb-modal-ability-2	Verb subtopic redesign: thematic categorization (modal-ability-2) replacing the alphabetical es:<lemma> grouping.
mwqsbens4h	podría haber [hecho algo]	might have [done something]	reference	topic:verb-modal-possibility	Verb subtopic redesign: thematic categorization (modal-possibility) replacing the alphabetical es:<lemma> grouping.
3lk22b2pth	podía [hacer algo] (permiso habitual)	could [do something]	reference	topic:verb-modal-ability-2	Verb subtopic redesign: thematic categorization (modal-ability-2) replacing the alphabetical es:<lemma> grouping.
tlwmwkpfcj	podía [hacer algo] (permiso habitual)	was allowed to [do something]	reference	topic:verb-modal-ability-2	Verb subtopic redesign: thematic categorization (modal-ability-2) replacing the alphabetical es:<lemma> grouping.
v2jinicnwh	no pudo [hacer algo] (intento fallido)	couldn't [do something]	supporting	topic:verb-modal-ability-1	Verb subtopic redesign: thematic categorization (modal-ability-1) replacing the alphabetical es:<lemma> grouping.
9az16vn9mo	puede que [ocurra algo]	[something] could happen	reference	topic:verb-modal-ability-2	Verb subtopic redesign: thematic categorization (modal-ability-2) replacing the alphabetical es:<lemma> grouping.
0x5jkr1aja	no pudo [hacer algo] (oportunidad perdida)	didn't get to [do something]	reference	topic:verb-modal-ability-1	Verb subtopic redesign: thematic categorization (modal-ability-1) replacing the alphabetical es:<lemma> grouping.
278hopgdpm	había podido [hacer algo]	had been able to [do something]	reference	topic:verb-modal-ability-1	Verb subtopic redesign: thematic categorization (modal-ability-1) replacing the alphabetical es:<lemma> grouping.
12340xb2xp	podría [ocurrir algo] (posibilidad incierta)	[something] might happen	reference	topic:verb-modal-possibility	Verb subtopic redesign: thematic categorization (modal-possibility) replacing the alphabetical es:<lemma> grouping.
qvrmxadrwa	puede que haya [hecho algo]	may have [done something]	reference	topic:verb-modal-possibility	Verb subtopic redesign: thematic categorization (modal-possibility) replacing the alphabetical es:<lemma> grouping.
4onwfj2pow	pudo [hacer algo] (éxito específico)	managed to [do something]	supporting	topic:verb-modal-ability-2	Verb subtopic redesign: thematic categorization (modal-ability-2) replacing the alphabetical es:<lemma> grouping.
nr6s42kdwg	puede que haya [hecho algo]	might have [done something]	reference	topic:verb-modal-possibility	Verb subtopic redesign: thematic categorization (modal-possibility) replacing the alphabetical es:<lemma> grouping.
jy4xtdl0bz	puede que haya [hecho algo]	could have [done something]	reference	topic:verb-modal-possibility	Verb subtopic redesign: thematic categorization (modal-possibility) replacing the alphabetical es:<lemma> grouping.
qzm188rl47	podría haber [hecho algo] (especulación)	could have [done something]	reference	topic:verb-modal-possibility	Verb subtopic redesign: thematic categorization (modal-possibility) replacing the alphabetical es:<lemma> grouping.
7r5w8ljmzc	quizá pueda [hacer algo]	might be able to [do something]	reference	topic:verb-modal-possibility	Verb subtopic redesign: thematic categorization (modal-possibility) replacing the alphabetical es:<lemma> grouping.
cl4hfx7beh	podía [hacer algo] (capacidad general)	could [do something]	supporting	topic:verb-modal-ability-2	Verb subtopic redesign: thematic categorization (modal-ability-2) replacing the alphabetical es:<lemma> grouping.
kdqtl39s0m	pudo [hacer algo] (oportunidad)	got to [do something]	reference	topic:verb-modal-ability-2	Verb subtopic redesign: thematic categorization (modal-ability-2) replacing the alphabetical es:<lemma> grouping.
rwakqe331j	preguntarle [algo] a [alguien]	to ask [somebody] [something]	core	topic:verb-offering	Verb subtopic redesign: thematic categorization (offering) replacing the alphabetical es:<lemma> grouping.
6u7a74ndy9	quitar [música o sonido]	to turn off [music or sound]	supporting	topic:verb-household-2	Verb subtopic redesign: thematic categorization (household-2) replacing the alphabetical es:<lemma> grouping.
4w8lwiav5p	abrir [un negocio]	to start [a business]	reference	topic:verb-household-1	Verb subtopic redesign: thematic categorization (household-1) replacing the alphabetical es:<lemma> grouping.
5yj4uuuz48	preguntarse [qué ocurre]	to wonder [what is happening]	supporting	topic:verb-offering	Verb subtopic redesign: thematic categorization (offering) replacing the alphabetical es:<lemma> grouping.
nokrvtmufq	abrir [una reunión o un evento]	to open [a meeting or event]	reference	topic:verb-household-1	Verb subtopic redesign: thematic categorization (household-1) replacing the alphabetical es:<lemma> grouping.
lzwwxzjt9z	quedarse en [un lugar]	to stay in [a place]	core	topic:verb-quedar-remaining	Verb subtopic redesign: thematic categorization (quedar-remaining) replacing the alphabetical es:<lemma> grouping.
smq8nhlb78	quedarse con [algo]	to keep [something]	supporting	topic:verb-quedar-remaining	Verb subtopic redesign: thematic categorization (quedar-remaining) replacing the alphabetical es:<lemma> grouping.
v6af13c50w	prestar [algo] a [alguien]	to lend [something] to [somebody]	supporting	topic:verb-giving-lending-other	Verb subtopic redesign: thematic categorization (giving-lending-other) replacing the alphabetical es:<lemma> grouping.
x9hgaascge	prestarse para [hacer algo]	to volunteer to [do something]	reference	topic:verb-giving-lending-other	Verb subtopic redesign: thematic categorization (giving-lending-other) replacing the alphabetical es:<lemma> grouping.
ua4c3n110x	prestarse a [algo]	to lend itself to [something]	reference	topic:verb-giving-lending-other	Verb subtopic redesign: thematic categorization (giving-lending-other) replacing the alphabetical es:<lemma> grouping.
1wsmg2vcda	quitarle la concentración a [alguien]	to keep [somebody] from concentrating	reference	topic:verb-removing-stealing	Verb subtopic redesign: thematic categorization (removing-stealing) replacing the alphabetical es:<lemma> grouping.
go9ggtice2	quedarse sin [algo] (estado)	to be out of [something]	reference	topic:verb-quedar-remaining	Verb subtopic redesign: thematic categorization (quedar-remaining) replacing the alphabetical es:<lemma> grouping.
8m3dkw2zpm	quedarse atrás	to fall behind	reference	topic:verb-quedar-remaining	Verb subtopic redesign: thematic categorization (quedar-remaining) replacing the alphabetical es:<lemma> grouping.
r5nc7ng5l9	quitarse [algo no deseado]	to get rid of [something unwanted]	supporting	topic:verb-removing-stealing	Verb subtopic redesign: thematic categorization (removing-stealing) replacing the alphabetical es:<lemma> grouping.
2axlxx1nzw	quitar [algo] del camino	to get [something] out of the way	reference	topic:verb-removing-stealing	Verb subtopic redesign: thematic categorization (removing-stealing) replacing the alphabetical es:<lemma> grouping.
6a0qr8eums	abrirse a [algo]	to open up to [something]	reference	topic:verb-household-1	Verb subtopic redesign: thematic categorization (household-1) replacing the alphabetical es:<lemma> grouping.
hbyr6b4vte	quitar importancia a [algo]	to downplay [something]	reference	topic:verb-removing-stealing	Verb subtopic redesign: thematic categorization (removing-stealing) replacing the alphabetical es:<lemma> grouping.
l2xb1ildy3	prestar [algo] a otras personas	to lend [something] out	reference	topic:verb-giving-lending-other	Verb subtopic redesign: thematic categorization (giving-lending-other) replacing the alphabetical es:<lemma> grouping.
v92yqsjvi1	abrir a [un lugar]	to open onto [a place]	reference	topic:verb-household-1	Verb subtopic redesign: thematic categorization (household-1) replacing the alphabetical es:<lemma> grouping.
vyb77nksau	abrir [una cuenta]	to open [an account]	reference	topic:verb-household-1	Verb subtopic redesign: thematic categorization (household-1) replacing the alphabetical es:<lemma> grouping.
4wrjursav6	abrir fuego	to open fire	reference	topic:verb-household-1	Verb subtopic redesign: thematic categorization (household-1) replacing the alphabetical es:<lemma> grouping.
sszeanx1ia	quedarse fuera	to be left out	reference	topic:verb-quedar-remaining	Verb subtopic redesign: thematic categorization (quedar-remaining) replacing the alphabetical es:<lemma> grouping.
snogejtps3	quitarse un peso de encima	to get a weight off [somebody's] mind	reference	topic:verb-health-body	Verb subtopic redesign: thematic categorization (health-body) replacing the alphabetical es:<lemma> grouping.
l1mjp8ohc0	prestar [servicios]	to provide [services]	reference	topic:verb-giving-lending-other	Verb subtopic redesign: thematic categorization (giving-lending-other) replacing the alphabetical es:<lemma> grouping.
ip5b4c26sx	desquitarse con [alguien]	to take it out on [somebody]	reference	topic:verb-removing-stealing	Verb subtopic redesign: thematic categorization (removing-stealing) replacing the alphabetical es:<lemma> grouping.
hkptgj59vp	no quedar más remedio que [hacer algo]	to have no choice but to [do something]	reference	topic:verb-quedar-remaining	Verb subtopic redesign: thematic categorization (quedar-remaining) replacing the alphabetical es:<lemma> grouping.
e8nzmbgdqf	caer bien	to make a good impression	reference	topic:verb-movement-directional	Verb subtopic redesign: thematic categorization (movement-directional) replacing the alphabetical es:<lemma> grouping.
zydr65i7uf	preguntar [algo]	to ask [something]	core	topic:verb-offering	Verb subtopic redesign: thematic categorization (offering) replacing the alphabetical es:<lemma> grouping.
h1lszqhdfc	quedar en [un lugar]	to be located in [a place]	supporting	topic:verb-quedar-remaining	Verb subtopic redesign: thematic categorization (quedar-remaining) replacing the alphabetical es:<lemma> grouping.
tef3nelk2n	acabar de [hacer algo]	to finish [doing something]	supporting	topic:verb-formal-remainder-0	Verb subtopic redesign: thematic categorization (formal-remainder-0) replacing the alphabetical es:<lemma> grouping.
vm27w6wl2u	acabar de [hacer algo]	to have just [done something]	supporting	topic:verb-formal-remainder-0	Verb subtopic redesign: thematic categorization (formal-remainder-0) replacing the alphabetical es:<lemma> grouping.
jx3qdoooew	acababa de [hacer algo]	to have just [done something]	reference	topic:verb-formal-remainder-0	Verb subtopic redesign: thematic categorization (formal-remainder-0) replacing the alphabetical es:<lemma> grouping.
quixxkzli3	acabar [algo]	to finish [something]	core	topic:verb-formal-remainder-0	Verb subtopic redesign: thematic categorization (formal-remainder-0) replacing the alphabetical es:<lemma> grouping.
fzb5re8glc	acabar [haciendo algo]	to end up [doing something]	supporting	topic:verb-formal-remainder-0	Verb subtopic redesign: thematic categorization (formal-remainder-0) replacing the alphabetical es:<lemma> grouping.
c7ptjv43wf	acabar por [hacer algo]	to end up [doing something]	reference	topic:verb-formal-remainder-1	Verb subtopic redesign: thematic categorization (formal-remainder-1) replacing the alphabetical es:<lemma> grouping.
u9jiowfl65	acabarse [algo]	to finish [something]	reference	topic:verb-formal-remainder-1	Verb subtopic redesign: thematic categorization (formal-remainder-1) replacing the alphabetical es:<lemma> grouping.
ttxd6h84lo	¿hay [algo]?	is there [something]?	supporting	topic:verb-tobe-existence-hay	Verb subtopic redesign: thematic categorization (tobe-existence-hay) replacing the alphabetical es:<lemma> grouping.
pfhho20nqb	acabarse [algo]	to run out of [something]	supporting	topic:verb-formal-remainder-1	Verb subtopic redesign: thematic categorization (formal-remainder-1) replacing the alphabetical es:<lemma> grouping.
qf9u95fmxk	acabar con [algo]	to put an end to [something]	reference	topic:verb-formal-remainder-1	Verb subtopic redesign: thematic categorization (formal-remainder-1) replacing the alphabetical es:<lemma> grouping.
p24fut3n4q	acabarse [un evento]	to be over	supporting	topic:verb-formal-remainder-1	Verb subtopic redesign: thematic categorization (formal-remainder-1) replacing the alphabetical es:<lemma> grouping.
ofi77mzek8	acabarse [un evento]	to end	reference	topic:verb-formal-remainder-1	Verb subtopic redesign: thematic categorization (formal-remainder-1) replacing the alphabetical es:<lemma> grouping.
68ly0bl6ba	acabar con [algo]	to use up [something]	reference	topic:verb-formal-abstract-2	Verb subtopic redesign: thematic categorization (formal-abstract-2) replacing the alphabetical es:<lemma> grouping.
gr9qqtsbbn	acabar con [algo]	to do away with [something]	reference	topic:verb-formal-remainder-1	Verb subtopic redesign: thematic categorization (formal-remainder-1) replacing the alphabetical es:<lemma> grouping.
12y0cip3q1	acabar con [algo]	to kill [something]	reference	topic:verb-conflict-crime	Verb subtopic redesign: thematic categorization (conflict-crime) replacing the alphabetical es:<lemma> grouping.
kgmn4o9bd5	alcanzar [algo]	to reach [something]	supporting	topic:verb-movement-leaving	Verb subtopic redesign: thematic categorization (movement-leaving) replacing the alphabetical es:<lemma> grouping.
mmnv7qavpx	alcanzar [un medio de transporte]	to catch [transportation]	supporting	topic:verb-movement-leaving	Verb subtopic redesign: thematic categorization (movement-leaving) replacing the alphabetical es:<lemma> grouping.
0mp393y24p	alcanzar [una meta]	to achieve [a goal]	reference	topic:verb-movement-leaving	Verb subtopic redesign: thematic categorization (movement-leaving) replacing the alphabetical es:<lemma> grouping.
204wng99bx	alcanzar a [alguien]	to catch up with [somebody]	reference	topic:verb-movement-leaving	Verb subtopic redesign: thematic categorization (movement-leaving) replacing the alphabetical es:<lemma> grouping.
gff4ny55ob	caerse	to fall	supporting	topic:verb-movement-directional	Verb subtopic redesign: thematic categorization (movement-directional) replacing the alphabetical es:<lemma> grouping.
dcbjy0grcq	alcanzar	to be enough	reference	topic:verb-movement-leaving	Verb subtopic redesign: thematic categorization (movement-leaving) replacing the alphabetical es:<lemma> grouping.
dvjojvxntx	no alcanzarle a [alguien] para [algo]	to be unable to afford [something]	supporting	topic:verb-movement-leaving	Verb subtopic redesign: thematic categorization (movement-leaving) replacing the alphabetical es:<lemma> grouping.
v7qsq6oet3	alcanzar a [hacer algo]	to have time to [do something]	reference	topic:verb-movement-leaving	Verb subtopic redesign: thematic categorization (movement-leaving) replacing the alphabetical es:<lemma> grouping.
kz0e1id4s4	caerse de [algo]	to fall off [something]	reference	topic:verb-movement-directional	Verb subtopic redesign: thematic categorization (movement-directional) replacing the alphabetical es:<lemma> grouping.
z0627jhc6t	alcanzar a [hacer algo]	to manage to [do something]	supporting	topic:verb-movement-leaving	Verb subtopic redesign: thematic categorization (movement-leaving) replacing the alphabetical es:<lemma> grouping.
jkb4nwb6qj	caer en [un día o una fecha]	to fall on [a day or date]	reference	topic:verb-social-relationships	Verb subtopic redesign: thematic categorization (social-relationships) replacing the alphabetical es:<lemma> grouping.
6s0jnfqhv2	caer desde [un lugar]	to fall from [a place]	reference	topic:verb-movement-directional	Verb subtopic redesign: thematic categorization (movement-directional) replacing the alphabetical es:<lemma> grouping.
z4vwfqlj0b	caérsele [algo] a [alguien]	to drop [something]	supporting	topic:verb-movement-directional	Verb subtopic redesign: thematic categorization (movement-directional) replacing the alphabetical es:<lemma> grouping.
lu5wncr0kf	conocer a [alguien]	to know [somebody]	core	topic:verb-knowing	Verb subtopic redesign: thematic categorization (knowing) replacing the alphabetical es:<lemma> grouping.
t7h2p8595v	caer dormido	to fall asleep	reference	topic:verb-movement-directional	Verb subtopic redesign: thematic categorization (movement-directional) replacing the alphabetical es:<lemma> grouping.
jv7jdxmfpj	caer en [una trampa]	to fall into [a trap]	reference	topic:verb-movement-directional	Verb subtopic redesign: thematic categorization (movement-directional) replacing the alphabetical es:<lemma> grouping.
9y9odv6gw9	caerse a pedazos	to fall apart	reference	topic:verb-movement-directional	Verb subtopic redesign: thematic categorization (movement-directional) replacing the alphabetical es:<lemma> grouping.
2bpm3xi7ft	caer por debajo de [un nivel]	to fall below [a level]	reference	topic:verb-movement-directional	Verb subtopic redesign: thematic categorization (movement-directional) replacing the alphabetical es:<lemma> grouping.
lmbu8msbkt	conocer a [alguien] por primera vez	to meet [somebody]	core	topic:verb-knowing	Verb subtopic redesign: thematic categorization (knowing) replacing the alphabetical es:<lemma> grouping.
uh84kdr8vi	conocer [un lugar]	to know [a place]	supporting	topic:verb-knowing	Verb subtopic redesign: thematic categorization (knowing) replacing the alphabetical es:<lemma> grouping.
yztwsyb4p5	conseguir [algo difícil de encontrar]	to get one's hands on [something]	reference	topic:verb-possession-obtaining	Verb subtopic redesign: thematic categorization (possession-obtaining) replacing the alphabetical es:<lemma> grouping.
rgpsxhe7h3	caer en cuenta de que [algo sucede]	to realize that [something happens]	reference	topic:verb-movement-directional	Verb subtopic redesign: thematic categorization (movement-directional) replacing the alphabetical es:<lemma> grouping.
5hh1gjpr7c	conseguir [algo]	to obtain [something]	reference	topic:verb-possession-obtaining	Verb subtopic redesign: thematic categorization (possession-obtaining) replacing the alphabetical es:<lemma> grouping.
2y3nvlpqwe	conocer [un lugar] por primera vez	to visit [a place] for the first time	reference	topic:verb-knowing	Verb subtopic redesign: thematic categorization (knowing) replacing the alphabetical es:<lemma> grouping.
eeb29dpzj0	conseguir que [alguien] [haga algo]	to get [somebody] to [do something]	supporting	topic:verb-possession-obtaining	Verb subtopic redesign: thematic categorization (possession-obtaining) replacing the alphabetical es:<lemma> grouping.
bb7fukdi26	conocer [un tema o sistema]	to be familiar with [a topic or system]	reference	topic:verb-knowing	Verb subtopic redesign: thematic categorization (knowing) replacing the alphabetical es:<lemma> grouping.
ty4a0kmfe9	conocer de vista a [alguien]	to know [somebody] by sight	reference	topic:verb-knowing	Verb subtopic redesign: thematic categorization (knowing) replacing the alphabetical es:<lemma> grouping.
rnbbuspsv7	conseguir [algo]	to get [something]	core	topic:verb-possession-obtaining	Verb subtopic redesign: thematic categorization (possession-obtaining) replacing the alphabetical es:<lemma> grouping.
f2jyvf37n7	conseguir trabajo	to get a job	reference	topic:verb-work-employment	Verb subtopic redesign: thematic categorization (work-employment) replacing the alphabetical es:<lemma> grouping.
2rfxpupyvg	contar con [alguien]	to count on [somebody]	supporting	topic:verb-communication-other-1	Verb subtopic redesign: thematic categorization (communication-other-1) replacing the alphabetical es:<lemma> grouping.
g0guw4apm0	darse a conocer	to make oneself known	reference	topic:verb-knowing	Verb subtopic redesign: thematic categorization (knowing) replacing the alphabetical es:<lemma> grouping.
85utp3uzux	conseguir [algo]	to secure [something]	reference	topic:verb-possession-obtaining	Verb subtopic redesign: thematic categorization (possession-obtaining) replacing the alphabetical es:<lemma> grouping.
awrlr9z7v4	haber conocido a [alguien]	to have met [somebody]	reference	topic:verb-knowing	Verb subtopic redesign: thematic categorization (knowing) replacing the alphabetical es:<lemma> grouping.
ic3fla1k1p	contar [algo] dentro de [un total]	to include [something] in [a total]	reference	topic:verb-communication-other-1	Verb subtopic redesign: thematic categorization (communication-other-1) replacing the alphabetical es:<lemma> grouping.
sv4xcj3c16	conseguir [algo] para [alguien]	to get [something] for [somebody]	reference	topic:verb-possession-obtaining	Verb subtopic redesign: thematic categorization (possession-obtaining) replacing the alphabetical es:<lemma> grouping.
rtc3heix8c	conseguir apoyo	to win support	reference	topic:verb-possession-obtaining	Verb subtopic redesign: thematic categorization (possession-obtaining) replacing the alphabetical es:<lemma> grouping.
ylgvepe6wi	conseguir [algo]	to get hold of [something]	reference	topic:verb-possession-obtaining	Verb subtopic redesign: thematic categorization (possession-obtaining) replacing the alphabetical es:<lemma> grouping.
imzixo6ntc	no conseguir [hacer algo]	to fail to [do something]	reference	topic:verb-possession-obtaining	Verb subtopic redesign: thematic categorization (possession-obtaining) replacing the alphabetical es:<lemma> grouping.
xqrvzbv9iu	conseguirle [algo] a [alguien]	to get [somebody] [something]	supporting	topic:verb-possession-obtaining	Verb subtopic redesign: thematic categorization (possession-obtaining) replacing the alphabetical es:<lemma> grouping.
hpdisj6u7v	ser conocido por [algo]	to be known for [something]	reference	topic:verb-knowing	Verb subtopic redesign: thematic categorization (knowing) replacing the alphabetical es:<lemma> grouping.
hr7gsp7wkj	conseguir [hacer algo]	to manage to [do something]	supporting	topic:verb-possession-obtaining	Verb subtopic redesign: thematic categorization (possession-obtaining) replacing the alphabetical es:<lemma> grouping.
pjr9m3okp5	contarle a [alguien] que [algo sucedió]	to tell [somebody] that [something happened]	reference	topic:verb-communication-other-2	Verb subtopic redesign: thematic categorization (communication-other-2) replacing the alphabetical es:<lemma> grouping.
w03s2v6sq1	conseguir que [algo] quede [hecho]	to get [something] done	reference	topic:verb-possession-obtaining	Verb subtopic redesign: thematic categorization (possession-obtaining) replacing the alphabetical es:<lemma> grouping.
eb73rheyc0	contar [algo]	to count [something]	supporting	topic:verb-communication-other-1	Verb subtopic redesign: thematic categorization (communication-other-1) replacing the alphabetical es:<lemma> grouping.
0kj5wrzna7	contar [algo] como [algo]	to count [something] as [something]	reference	topic:verb-communication-other-1	Verb subtopic redesign: thematic categorization (communication-other-1) replacing the alphabetical es:<lemma> grouping.
u9mhk0r7wd	contarle [algo] a [alguien]	to tell [somebody] [something]	supporting	topic:verb-communication-other-1	Verb subtopic redesign: thematic categorization (communication-other-1) replacing the alphabetical es:<lemma> grouping.
v3arwl0pds	caer enfermo	to fall ill	reference	topic:verb-health-body	Verb subtopic redesign: thematic categorization (health-body) replacing the alphabetical es:<lemma> grouping.
vjb5yapkmy	conocer mejor a [alguien]	to get to know [somebody]	supporting	topic:verb-knowing	Verb subtopic redesign: thematic categorization (knowing) replacing the alphabetical es:<lemma> grouping.
uhisl4h91k	ser conocido como [algo]	to be known as [something]	reference	topic:verb-knowing	Verb subtopic redesign: thematic categorization (knowing) replacing the alphabetical es:<lemma> grouping.
vgflpedkcj	darse a conocer	to become known	reference	topic:verb-knowing	Verb subtopic redesign: thematic categorization (knowing) replacing the alphabetical es:<lemma> grouping.
q95c3kam4n	debería [hacer algo]	ought to [do something]	reference	topic:verb-modal-obligation	Verb subtopic redesign: thematic categorization (modal-obligation) replacing the alphabetical es:<lemma> grouping.
7uxwcm2q2o	no debería [hacer algo]	shouldn't [do something]	supporting	topic:verb-modal-obligation	Verb subtopic redesign: thematic categorization (modal-obligation) replacing the alphabetical es:<lemma> grouping.
uekbgu9nsq	deber [hacer algo]	must [do something]	supporting	topic:verb-modal-obligation	Verb subtopic redesign: thematic categorization (modal-obligation) replacing the alphabetical es:<lemma> grouping.
556o2u50np	contar con [alguien]	to rely on [somebody]	reference	topic:verb-communication-other-1	Verb subtopic redesign: thematic categorization (communication-other-1) replacing the alphabetical es:<lemma> grouping.
pvep99mzux	costar [una cantidad]	to cost [an amount]	core	topic:verb-money-earning-spending	Verb subtopic redesign: thematic categorization (money-earning-spending) replacing the alphabetical es:<lemma> grouping.
vjzoqo7829	contar con [algo]	to have [something] available	reference	topic:verb-communication-other-1	Verb subtopic redesign: thematic categorization (communication-other-1) replacing the alphabetical es:<lemma> grouping.
55k48ap3p8	contar hacia atrás	to count down	reference	topic:verb-communication-other-1	Verb subtopic redesign: thematic categorization (communication-other-1) replacing the alphabetical es:<lemma> grouping.
f4kds6r2gr	deber estar [en un estado o lugar]	must be [in a state or place]	supporting	topic:verb-modal-obligation	Verb subtopic redesign: thematic categorization (modal-obligation) replacing the alphabetical es:<lemma> grouping.
wd6uku1ojd	creer que [algo es cierto]	to think that [something is true]	core	topic:verb-thinking-opinions	Verb subtopic redesign: thematic categorization (thinking-opinions) replacing the alphabetical es:<lemma> grouping.
8wzfds4amd	creer en [algo]	to believe in [something]	supporting	topic:verb-thinking-opinions	Verb subtopic redesign: thematic categorization (thinking-opinions) replacing the alphabetical es:<lemma> grouping.
wii1500zn6	costarle [algo] a [alguien]	to cost [somebody] [something]	reference	topic:verb-money-earning-spending	Verb subtopic redesign: thematic categorization (money-earning-spending) replacing the alphabetical es:<lemma> grouping.
ar5ze0bqlr	creerse [algo falso]	to fall for [something]	reference	topic:verb-thinking-opinions	Verb subtopic redesign: thematic categorization (thinking-opinions) replacing the alphabetical es:<lemma> grouping.
d1bjmwehz9	deberle [algo] a [alguien]	to owe [somebody] [something]	supporting	topic:verb-modal-obligation	Verb subtopic redesign: thematic categorization (modal-obligation) replacing the alphabetical es:<lemma> grouping.
zkpnfrk8ch	costarle a [alguien] [hacer algo]	to be difficult for [somebody] to [do something]	supporting	topic:verb-money-earning-spending	Verb subtopic redesign: thematic categorization (money-earning-spending) replacing the alphabetical es:<lemma> grouping.
qe4q40qzw2	deber [hacer algo]	to be supposed to [do something]	supporting	topic:verb-modal-obligation	Verb subtopic redesign: thematic categorization (modal-obligation) replacing the alphabetical es:<lemma> grouping.
y239ieja7n	contar [un total]	to count up [a total]	reference	topic:verb-communication-other-1	Verb subtopic redesign: thematic categorization (communication-other-1) replacing the alphabetical es:<lemma> grouping.
1vu2pjhl3v	deber [hacer algo]	to be expected to [do something]	reference	topic:verb-modal-obligation	Verb subtopic redesign: thematic categorization (modal-obligation) replacing the alphabetical es:<lemma> grouping.
9bhhgek1hg	echar [humo u olor]	to give off [smoke or a smell]	reference	topic:verb-taking-removing-1	Verb subtopic redesign: thematic categorization (taking-removing-1) replacing the alphabetical es:<lemma> grouping.
i4siv85tf9	no deber [hacer algo]	must not [do something]	supporting	topic:verb-modal-obligation	Verb subtopic redesign: thematic categorization (modal-obligation) replacing the alphabetical es:<lemma> grouping.
p99yu0ey1y	creerse [adjetivo o sustantivo]	to think one is [an adjective or noun]	reference	topic:verb-thinking-opinions	Verb subtopic redesign: thematic categorization (thinking-opinions) replacing the alphabetical es:<lemma> grouping.
nyjodxeo12	no deber [hacer algo]	mustn't [do something]	supporting	topic:verb-modal-obligation	Verb subtopic redesign: thematic categorization (modal-obligation) replacing the alphabetical es:<lemma> grouping.
shtk95phvk	no debería [hacer algo]	should not [do something]	supporting	topic:verb-modal-obligation	Verb subtopic redesign: thematic categorization (modal-obligation) replacing the alphabetical es:<lemma> grouping.
61gghvt40a	deber [algo] a [alguien]	to owe [something] to [somebody]	reference	topic:verb-modal-obligation	Verb subtopic redesign: thematic categorization (modal-obligation) replacing the alphabetical es:<lemma> grouping.
hwcvqf6jnh	contar a [alguien] entre [un grupo]	to count [somebody] among [a group]	reference	topic:verb-communication-other-1	Verb subtopic redesign: thematic categorization (communication-other-1) replacing the alphabetical es:<lemma> grouping.
eemg8n6ho5	debí haber [hecho algo]	should have [done something]	reference	topic:verb-modal-obligation	Verb subtopic redesign: thematic categorization (modal-obligation) replacing the alphabetical es:<lemma> grouping.
ankhn3gvu6	costarle trabajo a [alguien] [hacer algo]	to have a hard time [doing something]	reference	topic:verb-money-earning-spending	Verb subtopic redesign: thematic categorization (money-earning-spending) replacing the alphabetical es:<lemma> grouping.
1cgmo681z0	creer [algo]	to believe [something]	supporting	topic:verb-thinking-opinions	Verb subtopic redesign: thematic categorization (thinking-opinions) replacing the alphabetical es:<lemma> grouping.
thr50jalym	hacerle creer [algo] a [alguien]	to make [somebody] believe [something]	reference	topic:verb-thinking-opinions	Verb subtopic redesign: thematic categorization (thinking-opinions) replacing the alphabetical es:<lemma> grouping.
axqcb6ldni	creerle a [alguien]	to believe [somebody]	supporting	topic:verb-thinking-opinions	Verb subtopic redesign: thematic categorization (thinking-opinions) replacing the alphabetical es:<lemma> grouping.
ayed7fqlj3	deber haber [hecho algo]	must have [done something]	reference	topic:verb-modal-obligation	Verb subtopic redesign: thematic categorization (modal-obligation) replacing the alphabetical es:<lemma> grouping.
yrb2jzggm4	debería [hacer algo]	should [do something]	core	topic:verb-modal-obligation	Verb subtopic redesign: thematic categorization (modal-obligation) replacing the alphabetical es:<lemma> grouping.
9bd5m6jcab	dejar [un proyecto o actividad]	to give up [a project or activity]	reference	topic:verb-keeping-storing	Verb subtopic redesign: thematic categorization (keeping-storing) replacing the alphabetical es:<lemma> grouping.
j5psxk7lpd	dejar [algo o alguien] encargado con [alguien]	to leave [something or somebody] in [somebody's] care	reference	topic:verb-keeping-storing	Verb subtopic redesign: thematic categorization (keeping-storing) replacing the alphabetical es:<lemma> grouping.
mhpsjzbw88	echar un vistazo a [algo]	to take a look at [something]	supporting	topic:verb-taking-removing-1	Verb subtopic redesign: thematic categorization (taking-removing-1) replacing the alphabetical es:<lemma> grouping.
qk02mephc9	dejar pasar [una oportunidad]	to pass up [an opportunity]	reference	topic:verb-keeping-storing	Verb subtopic redesign: thematic categorization (keeping-storing) replacing the alphabetical es:<lemma> grouping.
5vfdd7g6pp	echar a [alguien] de [un lugar]	to kick [somebody] out of [a place]	reference	topic:verb-taking-removing-1	Verb subtopic redesign: thematic categorization (taking-removing-1) replacing the alphabetical es:<lemma> grouping.
ve8mmxlgrz	echar a perder [algo]	to spoil [something]	reference	topic:verb-taking-removing-1	Verb subtopic redesign: thematic categorization (taking-removing-1) replacing the alphabetical es:<lemma> grouping.
scirzjermw	dejar [algo] atrás	to leave [something] behind	reference	topic:verb-movement-leaving	Verb subtopic redesign: thematic categorization (movement-leaving) replacing the alphabetical es:<lemma> grouping.
iuscz9in74	echar [algo]	to throw [something]	supporting	topic:verb-taking-removing-1	Verb subtopic redesign: thematic categorization (taking-removing-1) replacing the alphabetical es:<lemma> grouping.
hyx4uupf61	dejar [algo] encendido	to leave [something] on	reference	topic:verb-keeping-storing	Verb subtopic redesign: thematic categorization (keeping-storing) replacing the alphabetical es:<lemma> grouping.
vb2rixy6jn	echar raíces	to take root	reference	topic:verb-taking-removing-1	Verb subtopic redesign: thematic categorization (taking-removing-1) replacing the alphabetical es:<lemma> grouping.
5q4eehz3vn	echar [algo]	to toss [something]	reference	topic:verb-taking-removing-1	Verb subtopic redesign: thematic categorization (taking-removing-1) replacing the alphabetical es:<lemma> grouping.
15xrsrpy46	echarse a reír	to burst out laughing	reference	topic:verb-taking-removing-2	Verb subtopic redesign: thematic categorization (taking-removing-2) replacing the alphabetical es:<lemma> grouping.
cf5552jy9p	echarse a [hacer algo]	to start [doing something]	reference	topic:verb-taking-removing-1	Verb subtopic redesign: thematic categorization (taking-removing-1) replacing the alphabetical es:<lemma> grouping.
bhh5lkxsvd	deberle una a [alguien]	to owe [somebody] one	reference	topic:verb-modal-obligation	Verb subtopic redesign: thematic categorization (modal-obligation) replacing the alphabetical es:<lemma> grouping.
zu4n3xn4x8	dejar [algo o alguien] por fuera	to leave [something or somebody] out	supporting	topic:verb-keeping-storing	Verb subtopic redesign: thematic categorization (keeping-storing) replacing the alphabetical es:<lemma> grouping.
yxm2eedy90	dejar [algo] [en algún lugar]	to leave [something] [somewhere]	core	topic:verb-keeping-storing	Verb subtopic redesign: thematic categorization (keeping-storing) replacing the alphabetical es:<lemma> grouping.
84y1p0do9w	echar [algo] a la basura	to throw [something] away	reference	topic:verb-taking-removing-1	Verb subtopic redesign: thematic categorization (taking-removing-1) replacing the alphabetical es:<lemma> grouping.
e7nedtjuof	dejar que [alguien] [haga algo]	to let [somebody] [do something]	core	topic:verb-keeping-storing	Verb subtopic redesign: thematic categorization (keeping-storing) replacing the alphabetical es:<lemma> grouping.
zxbk3kr77z	dejar [algo] [en algún lugar]	to forget [something] [somewhere]	reference	topic:verb-keeping-storing	Verb subtopic redesign: thematic categorization (keeping-storing) replacing the alphabetical es:<lemma> grouping.
czlzxhiz8y	dejar [un proyecto o responsabilidad]	to abandon [a project or responsibility]	reference	topic:verb-keeping-storing	Verb subtopic redesign: thematic categorization (keeping-storing) replacing the alphabetical es:<lemma> grouping.
cz1u7ybmyj	dejarle [algo] a [alguien]	to lend [somebody] [something]	reference	topic:verb-keeping-storing	Verb subtopic redesign: thematic categorization (keeping-storing) replacing the alphabetical es:<lemma> grouping.
9ytu1uafba	dejar mucho que desear	to leave much to be desired	reference	topic:verb-keeping-storing	Verb subtopic redesign: thematic categorization (keeping-storing) replacing the alphabetical es:<lemma> grouping.
xf3bu4p3qr	dejar plantado a [alguien]	to stand [somebody] up	reference	topic:verb-keeping-storing	Verb subtopic redesign: thematic categorization (keeping-storing) replacing the alphabetical es:<lemma> grouping.
fzsfzh2mfr	dejar pasar [una oportunidad]	to let [an opportunity] pass	reference	topic:verb-keeping-storing	Verb subtopic redesign: thematic categorization (keeping-storing) replacing the alphabetical es:<lemma> grouping.
yfjyb31b9b	dejar de [hacer algo]	to stop [doing something]	core	topic:verb-keeping-storing	Verb subtopic redesign: thematic categorization (keeping-storing) replacing the alphabetical es:<lemma> grouping.
xfgzv2w5ro	echarse atrás	to back out	reference	topic:verb-taking-removing-2	Verb subtopic redesign: thematic categorization (taking-removing-2) replacing the alphabetical es:<lemma> grouping.
nbidca94v7	dejar que [alguien] [haga algo]	to allow [somebody] to [do something]	reference	topic:verb-keeping-storing	Verb subtopic redesign: thematic categorization (keeping-storing) replacing the alphabetical es:<lemma> grouping.
goxootramx	dejarse llevar	to get carried away	reference	topic:verb-keeping-storing	Verb subtopic redesign: thematic categorization (keeping-storing) replacing the alphabetical es:<lemma> grouping.
ycynxw1m3v	echarle [un ingrediente] a [algo]	to add [an ingredient] to [something]	supporting	topic:verb-taking-removing-1	Verb subtopic redesign: thematic categorization (taking-removing-1) replacing the alphabetical es:<lemma> grouping.
jwc22mmcyd	dejarle [algo] a [alguien]	to let [somebody] use [something]	reference	topic:verb-keeping-storing	Verb subtopic redesign: thematic categorization (keeping-storing) replacing the alphabetical es:<lemma> grouping.
0yil0wwbgv	echar de menos a [alguien]	to miss [somebody]	reference	topic:verb-taking-removing-1	Verb subtopic redesign: thematic categorization (taking-removing-1) replacing the alphabetical es:<lemma> grouping.
kpe00fplij	echar a perder [algo]	to ruin [something]	reference	topic:verb-taking-removing-1	Verb subtopic redesign: thematic categorization (taking-removing-1) replacing the alphabetical es:<lemma> grouping.
5qa1ueater	deberá [hacer algo]	will have to [do something]	reference	topic:verb-modal-obligation	Verb subtopic redesign: thematic categorization (modal-obligation) replacing the alphabetical es:<lemma> grouping.
c5032rvam7	echarle la culpa de [algo] a [alguien]	to blame [somebody] for [something]	supporting	topic:verb-taking-removing-1	Verb subtopic redesign: thematic categorization (taking-removing-1) replacing the alphabetical es:<lemma> grouping.
3wtzllym25	saber [algo]	to know [something]	core	topic:verb-knowing	Verb subtopic redesign: thematic categorization (knowing) replacing the alphabetical es:<lemma> grouping.
84ubxhmjpj	echar a andar [algo]	to get [something] going	reference	topic:verb-taking-removing-1	Verb subtopic redesign: thematic categorization (taking-removing-1) replacing the alphabetical es:<lemma> grouping.
qcpsrdimh2	sacar [algo] de [un lugar]	to remove [something] from [a place]	supporting	topic:verb-taking-removing-2	Verb subtopic redesign: thematic categorization (taking-removing-2) replacing the alphabetical es:<lemma> grouping.
c38n8crr5a	sacar una foto de [algo]	to take a photo of [something]	supporting	topic:verb-communication-formal	Verb subtopic redesign: thematic categorization (communication-formal) replacing the alphabetical es:<lemma> grouping.
rs8xew9ar7	recordar [hacer algo]	to remember [to do something]	supporting	topic:verb-remembering-forgetting	Verb subtopic redesign: thematic categorization (remembering-forgetting) replacing the alphabetical es:<lemma> grouping.
manx93glfl	saber que [algo]	to know that [something]	core	topic:verb-knowing	Verb subtopic redesign: thematic categorization (knowing) replacing the alphabetical es:<lemma> grouping.
2a7hnhmtu6	sacar [un producto]	to release [a product]	reference	topic:verb-taking-removing-2	Verb subtopic redesign: thematic categorization (taking-removing-2) replacing the alphabetical es:<lemma> grouping.
6xu8gu7squ	sacar [un producto]	to bring out [a product]	reference	topic:verb-taking-removing-2	Verb subtopic redesign: thematic categorization (taking-removing-2) replacing the alphabetical es:<lemma> grouping.
7ihfylaf0m	sacar a [alguien] de [un lugar]	to get [somebody] out of [a place]	reference	topic:verb-taking-removing-2	Verb subtopic redesign: thematic categorization (taking-removing-2) replacing the alphabetical es:<lemma> grouping.
3q9231a8nt	salir de [un lugar]	to leave [a place]	core	topic:verb-movement-directional-verbs	Verb subtopic redesign: thematic categorization (movement-directional-verbs) replacing the alphabetical es:<lemma> grouping.
wefybdb64a	sacar [algo]	to get [something]	supporting	topic:verb-taking-removing-2	Verb subtopic redesign: thematic categorization (taking-removing-2) replacing the alphabetical es:<lemma> grouping.
w1s5ow6rtn	sacar [una nota]	to get [a grade]	reference	topic:verb-taking-removing-2	Verb subtopic redesign: thematic categorization (taking-removing-2) replacing the alphabetical es:<lemma> grouping.
roc4s41s10	echarse a andar	to set off	reference	topic:verb-taking-removing-1	Verb subtopic redesign: thematic categorization (taking-removing-1) replacing the alphabetical es:<lemma> grouping.
8t1oov9cqo	sacar [una respuesta]	to figure out [an answer]	supporting	topic:verb-taking-removing-2	Verb subtopic redesign: thematic categorization (taking-removing-2) replacing the alphabetical es:<lemma> grouping.
9ockg94eza	sacar una conclusión	to draw a conclusion	reference	topic:verb-deciding-considering	Verb subtopic redesign: thematic categorization (deciding-considering) replacing the alphabetical es:<lemma> grouping.
r68cdfj171	salir de [un lugar]	to get out of [a place]	supporting	topic:verb-movement-directional-verbs	Verb subtopic redesign: thematic categorization (movement-directional-verbs) replacing the alphabetical es:<lemma> grouping.
z5glfbp5sq	saber [qué/dónde/cuándo/por qué]	to know [what, where, when, or why]	core	topic:verb-knowing	Verb subtopic redesign: thematic categorization (knowing) replacing the alphabetical es:<lemma> grouping.
nd8kf3g80o	salir bien	to turn out well	supporting	topic:verb-movement-directional-verbs	Verb subtopic redesign: thematic categorization (movement-directional-verbs) replacing the alphabetical es:<lemma> grouping.
kwh31erumh	saber [hacer algo]	to know how to [do something]	core	topic:verb-knowing	Verb subtopic redesign: thematic categorization (knowing) replacing the alphabetical es:<lemma> grouping.
0f8859fdfq	echar abajo [algo]	to knock [something] down	reference	topic:verb-taking-removing-1	Verb subtopic redesign: thematic categorization (taking-removing-1) replacing the alphabetical es:<lemma> grouping.
zl1azbv6vk	salir	to go out	core	topic:verb-movement-directional-verbs	Verb subtopic redesign: thematic categorization (movement-directional-verbs) replacing the alphabetical es:<lemma> grouping.
4n3bcm9qjj	salir afuera	to go outside	reference	topic:verb-movement-directional-verbs	Verb subtopic redesign: thematic categorization (movement-directional-verbs) replacing the alphabetical es:<lemma> grouping.
ahq54carab	saber si [algo]	to know whether [something]	supporting	topic:verb-knowing	Verb subtopic redesign: thematic categorization (knowing) replacing the alphabetical es:<lemma> grouping.
yj9f1tet8b	recordarle [algo] a [alguien]	to remind [somebody] about [something]	supporting	topic:verb-remembering-forgetting	Verb subtopic redesign: thematic categorization (remembering-forgetting) replacing the alphabetical es:<lemma> grouping.
93hf25tdab	recordar [algo]	to recall [something]	reference	topic:verb-remembering-forgetting	Verb subtopic redesign: thematic categorization (remembering-forgetting) replacing the alphabetical es:<lemma> grouping.
61rt52kj37	robarle [algo] a [alguien]	to steal [something] from [somebody]	supporting	topic:verb-conflict-crime	Verb subtopic redesign: thematic categorization (conflict-crime) replacing the alphabetical es:<lemma> grouping.
gyhcf0i5kb	robar a [alguien]	to rob [somebody]	reference	topic:verb-conflict-crime	Verb subtopic redesign: thematic categorization (conflict-crime) replacing the alphabetical es:<lemma> grouping.
tb9cpc7ypj	saber de [un tema]	to know about [a subject]	supporting	topic:verb-knowing	Verb subtopic redesign: thematic categorization (knowing) replacing the alphabetical es:<lemma> grouping.
n2cao0hxwp	recordar [algo]	to remember [something]	core	topic:verb-remembering-forgetting	Verb subtopic redesign: thematic categorization (remembering-forgetting) replacing the alphabetical es:<lemma> grouping.
ea80tvxv9q	recordarle a [alguien] que [algo]	to remind [somebody] that [something]	supporting	topic:verb-remembering-forgetting	Verb subtopic redesign: thematic categorization (remembering-forgetting) replacing the alphabetical es:<lemma> grouping.
muc3ps9ei8	robarse el show	to steal the show	reference	topic:verb-conflict-crime	Verb subtopic redesign: thematic categorization (conflict-crime) replacing the alphabetical es:<lemma> grouping.
bjifboq9ja	saberse [algo] de memoria	to know [something] by heart	reference	topic:verb-knowing	Verb subtopic redesign: thematic categorization (knowing) replacing the alphabetical es:<lemma> grouping.
othawv9u0f	ser [identidad]	to be [an identity]	core	topic:verb-ser-idioms-1	Verb subtopic redesign: thematic categorization (ser-idioms-1) replacing the alphabetical es:<lemma> grouping.
wx0aqskuor	no recordar [algo]	can't remember [something]	supporting	topic:verb-remembering-forgetting	Verb subtopic redesign: thematic categorization (remembering-forgetting) replacing the alphabetical es:<lemma> grouping.
wn89ieh7zn	echar cuentas	to work [something] out	reference	topic:verb-work-employment	Verb subtopic redesign: thematic categorization (work-employment) replacing the alphabetical es:<lemma> grouping.
ro9nxfyi16	dejar [algo] fuera	to leave [something] out	reference	topic:verb-movement-leaving	Verb subtopic redesign: thematic categorization (movement-leaving) replacing the alphabetical es:<lemma> grouping.
cqou51zh8d	compadecerse de [alguien]	to feel for [somebody]	reference	topic:verb-feelings-general	Verb subtopic redesign: thematic categorization (feelings-general) replacing the alphabetical es:<lemma> grouping.
7505bgiyyc	no entrar	to keep out	reference	topic:verb-following-continuing	Verb subtopic redesign: thematic categorization (following-continuing) replacing the alphabetical es:<lemma> grouping.
j7s4nn02ph	mantener [algo] bajo	to keep [something] down	reference	topic:verb-following-continuing	Verb subtopic redesign: thematic categorization (following-continuing) replacing the alphabetical es:<lemma> grouping.
2m5zc7v18r	reservarse [algo]	to keep [something] to yourself	reference	topic:verb-following-continuing	Verb subtopic redesign: thematic categorization (following-continuing) replacing the alphabetical es:<lemma> grouping.
gn6wgqx5vo	salir [caro/barato]	to cost [a lot or a little]	reference	topic:verb-money-commerce-2	Verb subtopic redesign: thematic categorization (money-commerce-2) replacing the alphabetical es:<lemma> grouping.
6vgdzpegua	ser [una hora o fecha]	to be [a time or date]	core	topic:verb-ser-idioms-1	Verb subtopic redesign: thematic categorization (ser-idioms-1) replacing the alphabetical es:<lemma> grouping.
hbm575ua4b	salir [publicado]	to come out	reference	topic:verb-movement-directional-verbs	Verb subtopic redesign: thematic categorization (movement-directional-verbs) replacing the alphabetical es:<lemma> grouping.
rnznavwcfr	salir con [alguien]	to date [somebody]	supporting	topic:verb-social-relationships	Verb subtopic redesign: thematic categorization (social-relationships) replacing the alphabetical es:<lemma> grouping.
ezq7209l2y	salir con [alguien]	to go out with [somebody]	reference	topic:verb-movement-directional-verbs	Verb subtopic redesign: thematic categorization (movement-directional-verbs) replacing the alphabetical es:<lemma> grouping.
odnmr4o3xv	seguir [haciendo algo]	to continue [doing something]	supporting	topic:verb-following-continuing	Verb subtopic redesign: thematic categorization (following-continuing) replacing the alphabetical es:<lemma> grouping.
ukd87mv2pz	seguir [haciendo algo]	to still be [doing something]	supporting	topic:verb-following-continuing	Verb subtopic redesign: thematic categorization (following-continuing) replacing the alphabetical es:<lemma> grouping.
na5kdv5rje	seguir [en un estado]	to still be [in a state]	supporting	topic:verb-following-continuing	Verb subtopic redesign: thematic categorization (following-continuing) replacing the alphabetical es:<lemma> grouping.
fhohvsakmg	seguir a [alguien] en redes	to follow [somebody] online	reference	topic:verb-following-continuing	Verb subtopic redesign: thematic categorization (following-continuing) replacing the alphabetical es:<lemma> grouping.
6fi09q216i	seguir [haciendo algo]	to keep [doing something]	core	topic:verb-following-continuing	Verb subtopic redesign: thematic categorization (following-continuing) replacing the alphabetical es:<lemma> grouping.
m5wxiwxpo1	ser [una clasificación]	to be [a classification]	core	topic:verb-ser-idioms-1	Verb subtopic redesign: thematic categorization (ser-idioms-1) replacing the alphabetical es:<lemma> grouping.
obznlhzdxe	ser en [un lugar]	to be at [a place]	supporting	topic:verb-ser-idioms-2	Verb subtopic redesign: thematic categorization (ser-idioms-2) replacing the alphabetical es:<lemma> grouping.
2z3yhpg9ve	ser de [un lugar]	to be from [a place]	core	topic:verb-ser-idioms-1	Verb subtopic redesign: thematic categorization (ser-idioms-1) replacing the alphabetical es:<lemma> grouping.
cme1al3v5p	ser de [un material]	to be made of [a material]	supporting	topic:verb-ser-idioms-1	Verb subtopic redesign: thematic categorization (ser-idioms-1) replacing the alphabetical es:<lemma> grouping.
qbdgh95q4i	ser de [alguien]	to belong to [somebody]	supporting	topic:verb-ser-idioms-1	Verb subtopic redesign: thematic categorization (ser-idioms-1) replacing the alphabetical es:<lemma> grouping.
snuyccf6qe	cumplir con [algo]	to follow through on [something]	reference	topic:verb-following-continuing	Verb subtopic redesign: thematic categorization (following-continuing) replacing the alphabetical es:<lemma> grouping.
ralwup7tfh	ser bueno para [hacer algo]	to be good at [doing something]	supporting	topic:verb-ser-idioms-1	Verb subtopic redesign: thematic categorization (ser-idioms-1) replacing the alphabetical es:<lemma> grouping.
i49be62rpv	ser bueno para [alguien/algo]	to be good for [somebody or something]	supporting	topic:verb-ser-idioms-1	Verb subtopic redesign: thematic categorization (ser-idioms-1) replacing the alphabetical es:<lemma> grouping.
kvedge4aey	no pisar [algo]	to keep off [something]	reference	topic:verb-following-continuing	Verb subtopic redesign: thematic categorization (following-continuing) replacing the alphabetical es:<lemma> grouping.
pdcy6981ld	ser malo para [alguien/algo]	to be bad for [somebody or something]	supporting	topic:verb-ser-idioms-2	Verb subtopic redesign: thematic categorization (ser-idioms-2) replacing the alphabetical es:<lemma> grouping.
wtwbsaolgx	sentir que [algo]	to feel that [something]	supporting	topic:verb-feelings-general	Verb subtopic redesign: thematic categorization (feelings-general) replacing the alphabetical es:<lemma> grouping.
o6vs3cstlt	sentir algo por [alguien]	to have feelings for [somebody]	reference	topic:verb-feelings-general	Verb subtopic redesign: thematic categorization (feelings-general) replacing the alphabetical es:<lemma> grouping.
wbo46b952m	sentirse con ánimo de [hacer algo]	to feel up to [doing something]	reference	topic:verb-feelings-general	Verb subtopic redesign: thematic categorization (feelings-general) replacing the alphabetical es:<lemma> grouping.
172vkaz4pw	tener la oportunidad de [hacer algo]	to get a chance to [do something]	reference	topic:verb-possession-having	Verb subtopic redesign: thematic categorization (possession-having) replacing the alphabetical es:<lemma> grouping.
8zgoedsnqi	tener que [hacer algo]	to have got to [do something]	supporting	topic:verb-modal-obligation	Verb subtopic redesign: thematic categorization (modal-obligation) replacing the alphabetical es:<lemma> grouping.
ezg4akzhx1	significar [algo]	to mean [something]	core	topic:verb-communication-other-2	Verb subtopic redesign: thematic categorization (communication-other-2) replacing the alphabetical es:<lemma> grouping.
2djpxpuaet	significar [algo simbólico]	to symbolize [something]	reference	topic:verb-communication-other-2	Verb subtopic redesign: thematic categorization (communication-other-2) replacing the alphabetical es:<lemma> grouping.
iku0m5311z	significar [hacer algo]	to mean [doing something]	reference	topic:verb-communication-other-2	Verb subtopic redesign: thematic categorization (communication-other-2) replacing the alphabetical es:<lemma> grouping.
kp75v3jgay	suponer que [algo]	to suppose that [something]	supporting	topic:verb-deciding-considering	Verb subtopic redesign: thematic categorization (deciding-considering) replacing the alphabetical es:<lemma> grouping.
hi6i8bgabk	tener prisa	to be in a hurry	supporting	topic:verb-possession-having	Verb subtopic redesign: thematic categorization (possession-having) replacing the alphabetical es:<lemma> grouping.
be41h3a6k4	suponer [algo]	to involve [something]	reference	topic:verb-deciding-considering	Verb subtopic redesign: thematic categorization (deciding-considering) replacing the alphabetical es:<lemma> grouping.
li9fwc94cq	solía [hacer algo]	would [do something]	reference	topic:verb-modal-obligation	Verb subtopic redesign: thematic categorization (modal-obligation) replacing the alphabetical es:<lemma> grouping.
n6hfkj5rh5	tener afán	to be in a rush	reference	topic:verb-possession-having	Verb subtopic redesign: thematic categorization (possession-having) replacing the alphabetical es:<lemma> grouping.
960sk4aws1	tener éxito	to succeed	supporting	topic:verb-possession-having	Verb subtopic redesign: thematic categorization (possession-having) replacing the alphabetical es:<lemma> grouping.
j65dvjawel	tener la culpa	to be at fault	reference	topic:verb-possession-having	Verb subtopic redesign: thematic categorization (possession-having) replacing the alphabetical es:<lemma> grouping.
7xfrxi3jd5	tener en cuenta [algo]	to take [something] into account	reference	topic:verb-possession-having	Verb subtopic redesign: thematic categorization (possession-having) replacing the alphabetical es:<lemma> grouping.
nkqygp49l4	tener dificultad para [hacer algo]	to have trouble [doing something]	supporting	topic:verb-possession-having	Verb subtopic redesign: thematic categorization (possession-having) replacing the alphabetical es:<lemma> grouping.
qdd1gcrv5r	traerle [algo] a [alguien]	to bring [somebody] [something]	core	topic:verb-bringing	Verb subtopic redesign: thematic categorization (bringing) replacing the alphabetical es:<lemma> grouping.
ezz9e68yjj	trabajar con [alguien]	to work with [somebody]	supporting	topic:verb-work-employment	Verb subtopic redesign: thematic categorization (work-employment) replacing the alphabetical es:<lemma> grouping.
kb4ibauh35	tocar [un instrumento]	to play [an instrument]	supporting	topic:verb-taking-removing-2	Verb subtopic redesign: thematic categorization (taking-removing-2) replacing the alphabetical es:<lemma> grouping.
mvvc2s3vas	traer a colación [un tema]	to bring up [a topic]	reference	topic:verb-bringing	Verb subtopic redesign: thematic categorization (bringing) replacing the alphabetical es:<lemma> grouping.
zgwnnnusii	trabajar como [profesión]	to work as [a profession]	supporting	topic:verb-work-employment	Verb subtopic redesign: thematic categorization (work-employment) replacing the alphabetical es:<lemma> grouping.
im138izvv7	valer [una cantidad]	to be worth [an amount]	supporting	topic:verb-money-earning-spending	Verb subtopic redesign: thematic categorization (money-earning-spending) replacing the alphabetical es:<lemma> grouping.
fs8u8cu63l	tener a [alguien] [haciendo algo]	to keep [somebody] [doing something]	reference	topic:verb-possession-having	Verb subtopic redesign: thematic categorization (possession-having) replacing the alphabetical es:<lemma> grouping.
57q3yd0rpd	trabajar desde casa	to work from home	reference	topic:verb-work-employment	Verb subtopic redesign: thematic categorization (work-employment) replacing the alphabetical es:<lemma> grouping.
gebby1bfyk	valer para [un propósito]	to work for [a purpose]	reference	topic:verb-work-employment	Verb subtopic redesign: thematic categorization (work-employment) replacing the alphabetical es:<lemma> grouping.
7em182ixyo	tocar la puerta	to knock on the door	supporting	topic:verb-household-2	Verb subtopic redesign: thematic categorization (household-2) replacing the alphabetical es:<lemma> grouping.
9ntay6p4fs	traer [algo] de vuelta	to bring [something] back	supporting	topic:verb-bringing	Verb subtopic redesign: thematic categorization (bringing) replacing the alphabetical es:<lemma> grouping.
i48d81wy3v	traer a [alguien]	to bring [somebody]	reference	topic:verb-bringing	Verb subtopic redesign: thematic categorization (bringing) replacing the alphabetical es:<lemma> grouping.
z9prfddx9z	tener permiso para [hacer algo]	to be allowed to [do something]	reference	topic:verb-possession-having	Verb subtopic redesign: thematic categorization (possession-having) replacing the alphabetical es:<lemma> grouping.
p3nun0nd0p	traer [algo] consigo	to bring [something] with you	reference	topic:verb-bringing	Verb subtopic redesign: thematic categorization (bringing) replacing the alphabetical es:<lemma> grouping.
15zg97fs0p	traer [problemas o consecuencias]	to cause [problems or consequences]	reference	topic:verb-bringing	Verb subtopic redesign: thematic categorization (bringing) replacing the alphabetical es:<lemma> grouping.
zzhshorqxj	traer [problemas o consecuencias]	to bring [problems or consequences]	reference	topic:verb-bringing	Verb subtopic redesign: thematic categorization (bringing) replacing the alphabetical es:<lemma> grouping.
3f40un1zgj	trabajar para [lograr algo]	to work toward [a goal]	reference	topic:verb-work-employment	Verb subtopic redesign: thematic categorization (work-employment) replacing the alphabetical es:<lemma> grouping.
idex89b72k	traer puesto [una prenda]	to wear [an item of clothing]	reference	topic:verb-bringing	Verb subtopic redesign: thematic categorization (bringing) replacing the alphabetical es:<lemma> grouping.
bct589etct	retocar [algo]	to touch [something] up	reference	topic:verb-taking-removing-2	Verb subtopic redesign: thematic categorization (taking-removing-2) replacing the alphabetical es:<lemma> grouping.
bzurrkgjau	[algo] toca a [alguien]	[something] affects [somebody]	reference	topic:verb-taking-removing-1	Verb subtopic redesign: thematic categorization (taking-removing-1) replacing the alphabetical es:<lemma> grouping.
m1qskewn43	traer recuerdos	to bring back memories	reference	topic:verb-bringing	Verb subtopic redesign: thematic categorization (bringing) replacing the alphabetical es:<lemma> grouping.
pg7ymescs5	trabajar paso a paso en [un problema]	to work through [a problem]	reference	topic:verb-work-employment	Verb subtopic redesign: thematic categorization (work-employment) replacing the alphabetical es:<lemma> grouping.
abw14te962	trabajar [un material]	to work [a material]	reference	topic:verb-work-employment	Verb subtopic redesign: thematic categorization (work-employment) replacing the alphabetical es:<lemma> grouping.
jocx4z0vrr	tocar [un tema]	to touch on [a topic]	reference	topic:verb-taking-removing-2	Verb subtopic redesign: thematic categorization (taking-removing-2) replacing the alphabetical es:<lemma> grouping.
s2wih9tkp4	trabajar	to work	core	topic:verb-work-employment	Verb subtopic redesign: thematic categorization (work-employment) replacing the alphabetical es:<lemma> grouping.
5qr32psjlf	tener [algo] puesto	to have [something] on	reference	topic:verb-possession-having	Verb subtopic redesign: thematic categorization (possession-having) replacing the alphabetical es:<lemma> grouping.
edf5jy4zrf	trabajar en [un sector]	to work in [a field]	reference	topic:verb-work-employment	Verb subtopic redesign: thematic categorization (work-employment) replacing the alphabetical es:<lemma> grouping.
55moihfqeu	trabajar para [alguien u organización]	to work for [somebody or an organization]	supporting	topic:verb-work-employment	Verb subtopic redesign: thematic categorization (work-employment) replacing the alphabetical es:<lemma> grouping.
nrtrolt1b0	traer [algo] de [un lugar]	to bring [something] from [a place]	supporting	topic:verb-bringing	Verb subtopic redesign: thematic categorization (bringing) replacing the alphabetical es:<lemma> grouping.
2xv5qqprqp	venir a [la casa de alguien]	to come over	reference	topic:verb-movement-coming	Verb subtopic redesign: thematic categorization (movement-coming) replacing the alphabetical es:<lemma> grouping.
b97077wlu1	venir a [hacer algo]	to come to [do something]	reference	topic:verb-movement-coming	Verb subtopic redesign: thematic categorization (movement-coming) replacing the alphabetical es:<lemma> grouping.
ei20exbswc	despedir a [alguien]	to see [somebody] off	reference	topic:verb-seeing-ver	Verb subtopic redesign: thematic categorization (seeing-ver) replacing the alphabetical es:<lemma> grouping.
xha8i0ahr5	venir a [un lugar]	to come to [a place]	core	topic:verb-movement-coming	Verb subtopic redesign: thematic categorization (movement-coming) replacing the alphabetical es:<lemma> grouping.
fhw00gyy28	venir de [un lugar de origen]	to be from [a place]	core	topic:verb-movement-coming	Verb subtopic redesign: thematic categorization (movement-coming) replacing the alphabetical es:<lemma> grouping.
bfvjcgo2if	venir con [un grupo]	to come along	reference	topic:verb-movement-coming	Verb subtopic redesign: thematic categorization (movement-coming) replacing the alphabetical es:<lemma> grouping.
ukhf4ausef	encargarse de [algo]	to see to [something]	reference	topic:verb-seeing-ver	Verb subtopic redesign: thematic categorization (seeing-ver) replacing the alphabetical es:<lemma> grouping.
4l5ip3gcjx	ver a [alguien] [haciendo algo]	to see [somebody] [doing something]	reference	topic:verb-seeing-ver	Verb subtopic redesign: thematic categorization (seeing-ver) replacing the alphabetical es:<lemma> grouping.
ic3jjkgfi7	volverse [algo]	to turn into [something]	reference	topic:verb-movement-directional-verbs	Verb subtopic redesign: thematic categorization (movement-directional-verbs) replacing the alphabetical es:<lemma> grouping.
y2yln6q4sp	ver a [alguien]	to see [somebody]	core	topic:verb-seeing-ver	Verb subtopic redesign: thematic categorization (seeing-ver) replacing the alphabetical es:<lemma> grouping.
w7bu9jslac	querer [algo]	to want [something]	core	topic:verb-feelings-love-like	Verb subtopic redesign: thematic categorization (feelings-love-like) replacing the alphabetical es:<lemma> grouping.
sxospymxsu	volverse atrás	to turn back	reference	topic:verb-movement-directional-verbs	Verb subtopic redesign: thematic categorization (movement-directional-verbs) replacing the alphabetical es:<lemma> grouping.
rn5bfzc47d	darse cuenta del engaño de [alguien]	to see through [somebody]	reference	topic:verb-seeing-ver	Verb subtopic redesign: thematic categorization (seeing-ver) replacing the alphabetical es:<lemma> grouping.
g1m78v9491	volverse para [hacer algo]	to turn around to [do something]	reference	topic:verb-movement-directional-verbs	Verb subtopic redesign: thematic categorization (movement-directional-verbs) replacing the alphabetical es:<lemma> grouping.
ivhec4s22m	valer la pena [hacer algo]	to be worth [doing something]	supporting	topic:verb-money-earning-spending	Verb subtopic redesign: thematic categorization (money-earning-spending) replacing the alphabetical es:<lemma> grouping.
jmoyai6ki1	venir a la mente	to come to mind	reference	topic:verb-movement-coming	Verb subtopic redesign: thematic categorization (movement-coming) replacing the alphabetical es:<lemma> grouping.
lfya25oahw	valer la pena	to be worth it	supporting	topic:verb-money-earning-spending	Verb subtopic redesign: thematic categorization (money-earning-spending) replacing the alphabetical es:<lemma> grouping.
xmp7uc93ba	dar la vuelta	to turn around	reference	topic:verb-movement-leaving	Verb subtopic redesign: thematic categorization (movement-leaving) replacing the alphabetical es:<lemma> grouping.
6ateoz7xed	venir de [un lugar]	to come from [a place]	supporting	topic:verb-movement-coming	Verb subtopic redesign: thematic categorization (movement-coming) replacing the alphabetical es:<lemma> grouping.
2krm0gf62n	venir con [alguien]	to come with [somebody]	reference	topic:verb-movement-coming	Verb subtopic redesign: thematic categorization (movement-coming) replacing the alphabetical es:<lemma> grouping.
p7wbkj3kbp	verse bien	to look good	reference	topic:verb-seeing-ver	Verb subtopic redesign: thematic categorization (seeing-ver) replacing the alphabetical es:<lemma> grouping.
xm8mzt42ci	ver [algo]	to see [something]	core	topic:verb-seeing-ver	Verb subtopic redesign: thematic categorization (seeing-ver) replacing the alphabetical es:<lemma> grouping.
1uefa34zyp	ver [una película o programa]	to watch [a movie or program]	supporting	topic:verb-seeing-ver	Verb subtopic redesign: thematic categorization (seeing-ver) replacing the alphabetical es:<lemma> grouping.
q9clnuhnis	volver a [un lugar]	to return to [a place]	supporting	topic:verb-movement-directional-verbs	Verb subtopic redesign: thematic categorization (movement-directional-verbs) replacing the alphabetical es:<lemma> grouping.
ugyd134ue3	ver a [alguien] [hacer algo]	to see [somebody] [do something]	supporting	topic:verb-seeing-ver	Verb subtopic redesign: thematic categorization (seeing-ver) replacing the alphabetical es:<lemma> grouping.
hzhx6yw5qb	enviar [algo]	to send [something]	supporting	topic:verb-formal-remainder-6	Verb subtopic redesign: thematic categorization (formal-remainder-6) replacing the alphabetical es:<lemma> grouping.
p8bg3qqy9j	lograr [hacer algo]	to manage to [do something]	reference	topic:verb-formal-remainder-9	Verb subtopic redesign: thematic categorization (formal-remainder-9) replacing the alphabetical es:<lemma> grouping.
o6fe83ho4h	hacer acordar	to remind	reference	topic:verb-remembering-forgetting	Verb subtopic redesign: thematic categorization (remembering-forgetting) replacing the alphabetical es:<lemma> grouping.
3vfsaych3z	acordar [hacer algo]	to decide to [do something]	reference	topic:verb-deciding-considering	Verb subtopic redesign: thematic categorization (deciding-considering) replacing the alphabetical es:<lemma> grouping.
476g3r2k4a	acordar [algo]	to agree on [something]	reference	topic:verb-remembering-forgetting	Verb subtopic redesign: thematic categorization (remembering-forgetting) replacing the alphabetical es:<lemma> grouping.
1j7btjr7um	aparecer	to appear	reference	topic:verb-watching-other	Verb subtopic redesign: thematic categorization (watching-other) replacing the alphabetical es:<lemma> grouping.
ygmwenyts4	acordarse de [algo]	to remember [something]	reference	topic:verb-remembering-forgetting	Verb subtopic redesign: thematic categorization (remembering-forgetting) replacing the alphabetical es:<lemma> grouping.
kfalstjcfy	postularse a [algo]	to apply for [something]	reference	topic:verb-admin-legal-formal	Verb subtopic redesign: thematic categorization (admin-legal-formal) replacing the alphabetical es:<lemma> grouping.
h01pvfsqvs	acordarse de [hacer algo]	to remember doing [something]	reference	topic:verb-remembering-forgetting	Verb subtopic redesign: thematic categorization (remembering-forgetting) replacing the alphabetical es:<lemma> grouping.
o4dhqa488k	devolver [algo]	to return [something]	reference	topic:verb-giving-lending-other	Verb subtopic redesign: thematic categorization (giving-lending-other) replacing the alphabetical es:<lemma> grouping.
my5u2xb3bf	entregar [algo]	to deliver [something]	reference	topic:verb-giving-lending-other	Verb subtopic redesign: thematic categorization (giving-lending-other) replacing the alphabetical es:<lemma> grouping.
umirnepxs1	buscar a [alguien]	to want [somebody] for questioning	reference	topic:verb-possession-obtaining	Verb subtopic redesign: thematic categorization (possession-obtaining) replacing the alphabetical es:<lemma> grouping.
zvkx50j9c5	detenerse para [hacer algo]	to stop to [do something]	supporting	topic:verb-conflict-crime	Verb subtopic redesign: thematic categorization (conflict-crime) replacing the alphabetical es:<lemma> grouping.
r8h4m5ktu7	devolver [algo]	to refund [something]	reference	topic:verb-money-commerce-1	Verb subtopic redesign: thematic categorization (money-commerce-1) replacing the alphabetical es:<lemma> grouping.
nuszqtk7fc	aparecer [en una lista]	to be listed	reference	topic:verb-watching-other	Verb subtopic redesign: thematic categorization (watching-other) replacing the alphabetical es:<lemma> grouping.
adhp7nfuvc	devolver [algo]	to give [something] back	supporting	topic:verb-giving-lending-other	Verb subtopic redesign: thematic categorization (giving-lending-other) replacing the alphabetical es:<lemma> grouping.
5hed68eq4q	no lograr [hacer algo]	can't seem to [do something]	reference	topic:verb-formal-remainder-9	Verb subtopic redesign: thematic categorization (formal-remainder-9) replacing the alphabetical es:<lemma> grouping.
ykeh4ro7pq	detener a [alguien]	to arrest [somebody]	reference	topic:verb-conflict-crime	Verb subtopic redesign: thematic categorization (conflict-crime) replacing the alphabetical es:<lemma> grouping.
9ievaodr1f	aparecer [una publicación]	to come out	reference	topic:verb-watching-other	Verb subtopic redesign: thematic categorization (watching-other) replacing the alphabetical es:<lemma> grouping.
p24l6ubhgf	entregarse	to turn oneself in	reference	topic:verb-giving-lending-other	Verb subtopic redesign: thematic categorization (giving-lending-other) replacing the alphabetical es:<lemma> grouping.
rdxs81dzm7	detener a [alguien]	to detain [somebody]	reference	topic:verb-conflict-crime	Verb subtopic redesign: thematic categorization (conflict-crime) replacing the alphabetical es:<lemma> grouping.
npbo00x4un	detener [algo/alguien]	to hold back [something/somebody]	reference	topic:verb-conflict-crime	Verb subtopic redesign: thematic categorization (conflict-crime) replacing the alphabetical es:<lemma> grouping.
xnmxa18y4p	entregar [algo]	to hand in [something]	reference	topic:verb-giving-lending-other	Verb subtopic redesign: thematic categorization (giving-lending-other) replacing the alphabetical es:<lemma> grouping.
9dbk50wj9u	abrir [algo]	to open [something]	core	topic:verb-household-1	Verb subtopic redesign: thematic categorization (household-1) replacing the alphabetical es:<lemma> grouping.
mnougxf39m	devolver la llamada	to return a call	reference	topic:verb-giving-lending-other	Verb subtopic redesign: thematic categorization (giving-lending-other) replacing the alphabetical es:<lemma> grouping.
937ruzq5uv	entregar [algo] a [alguien]	to hand [something] over to [somebody]	reference	topic:verb-giving-lending-other	Verb subtopic redesign: thematic categorization (giving-lending-other) replacing the alphabetical es:<lemma> grouping.
vzbnervzfr	buscar [algo]	to look for [something]	core	topic:verb-possession-obtaining	Verb subtopic redesign: thematic categorization (possession-obtaining) replacing the alphabetical es:<lemma> grouping.
y2sbyu4a5b	aparecer	to show up	supporting	topic:verb-watching-other	Verb subtopic redesign: thematic categorization (watching-other) replacing the alphabetical es:<lemma> grouping.
l3azcanzjs	lograr [algo]	to achieve [something]	reference	topic:verb-formal-remainder-9	Verb subtopic redesign: thematic categorization (formal-remainder-9) replacing the alphabetical es:<lemma> grouping.
mrytj7kn57	abrir [algo] por completo	to open [something] up	reference	topic:verb-household-1	Verb subtopic redesign: thematic categorization (household-1) replacing the alphabetical es:<lemma> grouping.
rgtlu9rlm3	lograr [algo]	to secure [something]	reference	topic:verb-formal-remainder-9	Verb subtopic redesign: thematic categorization (formal-remainder-9) replacing the alphabetical es:<lemma> grouping.
90l7vci1mc	no acordarse de [algo]	not to remember [something]	reference	topic:verb-remembering-forgetting	Verb subtopic redesign: thematic categorization (remembering-forgetting) replacing the alphabetical es:<lemma> grouping.
fywyjd1hm5	sincerarse con [alguien]	to open up to [somebody]	reference	topic:verb-formal-remainder-13	Verb subtopic redesign: thematic categorization (formal-remainder-13) replacing the alphabetical es:<lemma> grouping.
1j4lftiq84	enviar a [alguien]	to refer [somebody]	reference	topic:verb-formal-remainder-7	Verb subtopic redesign: thematic categorization (formal-remainder-7) replacing the alphabetical es:<lemma> grouping.
9vw489mt1w	ordenar que [alguien] [haga algo]	to order [somebody] [to do something]	reference	topic:verb-admin-legal-formal	Verb subtopic redesign: thematic categorization (admin-legal-formal) replacing the alphabetical es:<lemma> grouping.
nl064twuml	obtener [algo]	to get [something]	reference	topic:verb-possession-obtaining	Verb subtopic redesign: thematic categorization (possession-obtaining) replacing the alphabetical es:<lemma> grouping.
2w0dzl1mvl	ser alto	to be tall	reference	topic:verb-ser-idioms-1	Verb subtopic redesign: thematic categorization (ser-idioms-1) replacing the alphabetical es:<lemma> grouping.
1pgc6cfhvt	obtener [resultados]	to achieve [results]	reference	topic:verb-possession-obtaining	Verb subtopic redesign: thematic categorization (possession-obtaining) replacing the alphabetical es:<lemma> grouping.
3zg7nxwm6d	obtener [ganancia]	to make [a profit]	reference	topic:verb-money-commerce-1	Verb subtopic redesign: thematic categorization (money-commerce-1) replacing the alphabetical es:<lemma> grouping.
j84bvckgfu	obtener [ayuda]	to receive [help]	reference	topic:verb-possession-obtaining	Verb subtopic redesign: thematic categorization (possession-obtaining) replacing the alphabetical es:<lemma> grouping.
taszogayx6	ordenar [algo]	to sort [something]	reference	topic:verb-admin-legal-formal	Verb subtopic redesign: thematic categorization (admin-legal-formal) replacing the alphabetical es:<lemma> grouping.
zdbqkvbfi8	ordenar [un lugar]	to tidy [a place]	reference	topic:verb-admin-legal-formal	Verb subtopic redesign: thematic categorization (admin-legal-formal) replacing the alphabetical es:<lemma> grouping.
dczcf3gaak	regresar	to come back	reference	topic:verb-movement-directional-verbs	Verb subtopic redesign: thematic categorization (movement-directional-verbs) replacing the alphabetical es:<lemma> grouping.
9gk6xesysy	casi no [hacer algo]	to hardly [do something]	reference	topic:verb-wishes-1	Verb subtopic redesign: thematic categorization (wishes-1) replacing the alphabetical es:<lemma> grouping.
v72o9g7yjw	mantener [algo]	to keep [something]	supporting	topic:verb-keeping-storing	Verb subtopic redesign: thematic categorization (keeping-storing) replacing the alphabetical es:<lemma> grouping.
afxy3gj8g5	mantener [algo]	to maintain [something]	reference	topic:verb-keeping-storing	Verb subtopic redesign: thematic categorization (keeping-storing) replacing the alphabetical es:<lemma> grouping.
1vh5rntj16	mantener a [alguien]	to support [somebody]	reference	topic:verb-keeping-storing	Verb subtopic redesign: thematic categorization (keeping-storing) replacing the alphabetical es:<lemma> grouping.
e8u3dl9hno	mantener [una ventaja]	to hold [the lead]	reference	topic:verb-keeping-storing	Verb subtopic redesign: thematic categorization (keeping-storing) replacing the alphabetical es:<lemma> grouping.
69nlpxinr8	mirar [algo]	to look at [something]	core	topic:verb-watching-other	Verb subtopic redesign: thematic categorization (watching-other) replacing the alphabetical es:<lemma> grouping.
zxuys2r8q2	regresar	to go back	reference	topic:verb-movement-directional-verbs	Verb subtopic redesign: thematic categorization (movement-directional-verbs) replacing the alphabetical es:<lemma> grouping.
p70k7bfvql	mirar [algo]	to watch [something]	supporting	topic:verb-watching-other	Verb subtopic redesign: thematic categorization (watching-other) replacing the alphabetical es:<lemma> grouping.
m0mgste8it	regresar	to return	reference	topic:verb-movement-directional-verbs	Verb subtopic redesign: thematic categorization (movement-directional-verbs) replacing the alphabetical es:<lemma> grouping.
g54z8h8ci6	ordenar [comida o bebida]	to order [food or a drink]	reference	topic:verb-eating-drinking	Verb subtopic redesign: thematic categorization (eating-drinking) replacing the alphabetical es:<lemma> grouping.
mckle879y4	mirar hacia adelante	to look ahead	reference	topic:verb-watching-other	Verb subtopic redesign: thematic categorization (watching-other) replacing the alphabetical es:<lemma> grouping.
at6h8seokt	solicitar [algo]	to request [something]	reference	topic:verb-admin-legal-formal	Verb subtopic redesign: thematic categorization (admin-legal-formal) replacing the alphabetical es:<lemma> grouping.
cdmbvhyfgd	solicitar [algo]	to apply for [something]	reference	topic:verb-admin-legal-formal	Verb subtopic redesign: thematic categorization (admin-legal-formal) replacing the alphabetical es:<lemma> grouping.
jl3egs4efk	hablar en voz baja	to speak quietly/in a low voice	reference	topic:verb-communication-talking	Verb subtopic redesign: thematic categorization (communication-talking) replacing the alphabetical es:<lemma> grouping.
qfok7pguyz	mirar atrás	to look back	reference	topic:verb-watching-other	Verb subtopic redesign: thematic categorization (watching-other) replacing the alphabetical es:<lemma> grouping.
5oksfbyy9k	trabajar bastante	to work a lot	reference	topic:verb-work-employment	Verb subtopic redesign: thematic categorization (work-employment) replacing the alphabetical es:<lemma> grouping.
zuxigcomna	vivir abajo	to live downstairs	reference	topic:verb-daily-routine	Verb subtopic redesign: thematic categorization (daily-routine) replacing the alphabetical es:<lemma> grouping.
45izdwmxbd	estar ansioso por que [ocurra algo]	can hardly wait for [something] to happen	reference	topic:verb-estar-idioms-1	Verb subtopic redesign: thematic categorization (estar-idioms-1) replacing the alphabetical es:<lemma> grouping.
2s5vxvtzad	ser bajo	to be low	reference	topic:verb-ser-idioms-1	Verb subtopic redesign: thematic categorization (ser-idioms-1) replacing the alphabetical es:<lemma> grouping.
gss6t797jr	sentirse mejor	to feel better	reference	topic:verb-feelings-general	Verb subtopic redesign: thematic categorization (feelings-general) replacing the alphabetical es:<lemma> grouping.
75py7jmtq1	bastar	to be enough	reference	topic:verb-formal-remainder-2	Verb subtopic redesign: thematic categorization (formal-remainder-2) replacing the alphabetical es:<lemma> grouping.
r2a8013xq8	ser una buena idea	to be a good idea	reference	topic:verb-ser-idioms-2	Verb subtopic redesign: thematic categorization (ser-idioms-2) replacing the alphabetical es:<lemma> grouping.
rqwcklpzgf	ser cierto	to be true	reference	topic:verb-ser-idioms-1	Verb subtopic redesign: thematic categorization (ser-idioms-1) replacing the alphabetical es:<lemma> grouping.
jo1ruoxv9h	estar aquí	to be here	supporting	topic:verb-estar-idioms-1	Verb subtopic redesign: thematic categorization (estar-idioms-1) replacing the alphabetical es:<lemma> grouping.
3nytgzkkim	trabajar demasiado	to work too much	reference	topic:verb-work-employment	Verb subtopic redesign: thematic categorization (work-employment) replacing the alphabetical es:<lemma> grouping.
wine5n6gd9	depender de que [ocurra algo]	to depend on [something] happening	reference	topic:verb-formal-remainder-5	Verb subtopic redesign: thematic categorization (formal-remainder-5) replacing the alphabetical es:<lemma> grouping.
27gxfb0ajj	depender de [alguien/algo]	to depend on [somebody/something]	reference	topic:verb-formal-remainder-5	Verb subtopic redesign: thematic categorization (formal-remainder-5) replacing the alphabetical es:<lemma> grouping.
0v2r7ohznv	hablar después	to talk later	reference	topic:verb-communication-talking	Verb subtopic redesign: thematic categorization (communication-talking) replacing the alphabetical es:<lemma> grouping.
t9gvvynhud	llamar luego	to call later	reference	topic:verb-communication-naming	Verb subtopic redesign: thematic categorization (communication-naming) replacing the alphabetical es:<lemma> grouping.
6rm2kx5c4o	ser una mala idea	to be a bad idea	reference	topic:verb-ser-idioms-2	Verb subtopic redesign: thematic categorization (ser-idioms-2) replacing the alphabetical es:<lemma> grouping.
g2cfgdbyi3	ser malo	to be bad/evil	reference	topic:verb-ser-idioms-2	Verb subtopic redesign: thematic categorization (ser-idioms-2) replacing the alphabetical es:<lemma> grouping.
8g7yjhzzf4	estar entre [personas]	to be among [people]	reference	topic:verb-estar-idioms-2	Verb subtopic redesign: thematic categorization (estar-idioms-2) replacing the alphabetical es:<lemma> grouping.
506goyjb09	dormir bien/mal	to sleep well/badly	reference	topic:verb-daily-routine	Verb subtopic redesign: thematic categorization (daily-routine) replacing the alphabetical es:<lemma> grouping.
ws6aqyp5xd	hablar fuerte	to speak loudly	reference	topic:verb-communication-talking	Verb subtopic redesign: thematic categorization (communication-talking) replacing the alphabetical es:<lemma> grouping.
2xrg55t6l0	sentirse peor	to feel worse	reference	topic:verb-feelings-general	Verb subtopic redesign: thematic categorization (feelings-general) replacing the alphabetical es:<lemma> grouping.
fyziw2rb12	ser fuerte	to be strong	reference	topic:verb-ser-idioms-2	Verb subtopic redesign: thematic categorization (ser-idioms-2) replacing the alphabetical es:<lemma> grouping.
1nhgx0mth4	comer medio [algo]	to eat half [something]	reference	topic:verb-eating-drinking	Verb subtopic redesign: thematic categorization (eating-drinking) replacing the alphabetical es:<lemma> grouping.
8xc9lgyn8v	tomar notas	to take notes	reference	topic:verb-tomar-general-2	Verb subtopic redesign: thematic categorization (tomar-general-2) replacing the alphabetical es:<lemma> grouping.
4sabms9mlz	¿nunca has [hecho algo]?	haven't you ever [done something]?	reference	topic:verb-wishes-1	Verb subtopic redesign: thematic categorization (wishes-1) replacing the alphabetical es:<lemma> grouping.
j7dljg4amk	volver pronto	to come back soon	reference	topic:verb-movement-directional-verbs	Verb subtopic redesign: thematic categorization (movement-directional-verbs) replacing the alphabetical es:<lemma> grouping.
36f58l84gt	arrancar [un vehículo]	to start [a vehicle]	reference	topic:verb-formal-remainder-2	Verb subtopic redesign: thematic categorization (formal-remainder-2) replacing the alphabetical es:<lemma> grouping.
gwnpt7pmq9	asegurarse de que [algo]	to make sure [something]	reference	topic:verb-admin-legal-formal	Verb subtopic redesign: thematic categorization (admin-legal-formal) replacing the alphabetical es:<lemma> grouping.
56hciu6j5h	asegurar [algo]	to insure [something]	reference	topic:verb-admin-legal-formal	Verb subtopic redesign: thematic categorization (admin-legal-formal) replacing the alphabetical es:<lemma> grouping.
8sroghkesj	comenzar [algo]	to start [something]	reference	topic:verb-wishes-1	Verb subtopic redesign: thematic categorization (wishes-1) replacing the alphabetical es:<lemma> grouping.
16421aymo4	empezar [algo]	to start [something]	supporting	topic:verb-wishes-1	Verb subtopic redesign: thematic categorization (wishes-1) replacing the alphabetical es:<lemma> grouping.
of2xl1evmv	encender [un aparato]	to start [a machine]	reference	topic:verb-household-2	Verb subtopic redesign: thematic categorization (household-2) replacing the alphabetical es:<lemma> grouping.
ksf8aynt7s	no [hacer nada] sino [hacer algo]	to do nothing but [do something]	reference	topic:verb-wishes-2	Verb subtopic redesign: thematic categorization (wishes-2) replacing the alphabetical es:<lemma> grouping.
k3jg1rin0g	irse para siempre	to leave forever/for good	reference	topic:verb-movement-leaving	Verb subtopic redesign: thematic categorization (movement-leaving) replacing the alphabetical es:<lemma> grouping.
vmo1fuguve	tardar en [hacer algo]	to be slow to [do something]	reference	topic:verb-weather-time-duration	Verb subtopic redesign: thematic categorization (weather-time-duration) replacing the alphabetical es:<lemma> grouping.
g5nlbifpst	tardar	to take a long time	reference	topic:verb-weather-time-duration	Verb subtopic redesign: thematic categorization (weather-time-duration) replacing the alphabetical es:<lemma> grouping.
a600jvsbhd	vivir solo	to live alone	reference	topic:verb-daily-routine	Verb subtopic redesign: thematic categorization (daily-routine) replacing the alphabetical es:<lemma> grouping.
23jqqwk28f	tardar [tiempo] en [hacer algo]	to take [an amount of time] to [do something]	reference	topic:verb-weather-time-duration	Verb subtopic redesign: thematic categorization (weather-time-duration) replacing the alphabetical es:<lemma> grouping.
q6rtb3ph2x	acabar de hacer algo	to have just done something	reference	topic:verb-formal-remainder-1	Verb subtopic redesign: thematic categorization (formal-remainder-1) replacing the alphabetical es:<lemma> grouping.
nk3mx4ovzj	arreglarse	to get ready	reference	topic:verb-daily-routine	Verb subtopic redesign: thematic categorization (daily-routine) replacing the alphabetical es:<lemma> grouping.
q60j06yhe9	terminar [algo]	to finish [something]	reference	topic:verb-wishes-2	Verb subtopic redesign: thematic categorization (wishes-2) replacing the alphabetical es:<lemma> grouping.
z5hsuuicna	leer [algo]	to read [something]	core	topic:verb-formal-remainder-9	Verb subtopic redesign: thematic categorization (formal-remainder-9) replacing the alphabetical es:<lemma> grouping.
zwz7spfbzg	cruzar [algo]	to cross [something]	reference	topic:verb-formal-remainder-4	Verb subtopic redesign: thematic categorization (formal-remainder-4) replacing the alphabetical es:<lemma> grouping.
j1gh57080u	estar frente a [algo]	to be across from [something]	reference	topic:verb-estar-idioms-2	Verb subtopic redesign: thematic categorization (estar-idioms-2) replacing the alphabetical es:<lemma> grouping.
vsv7lpalf2	calcular [cantidad de tiempo] para [algo]	to allow [an amount of time] for [something]	reference	topic:verb-formal-remainder-3	Verb subtopic redesign: thematic categorization (formal-remainder-3) replacing the alphabetical es:<lemma> grouping.
36avddqr7m	salir en [una publicación]	to appear in [a publication]	reference	topic:verb-movement-directional-verbs	Verb subtopic redesign: thematic categorization (movement-directional-verbs) replacing the alphabetical es:<lemma> grouping.
dzzngcl5ri	no dejar de [hacer algo]	to keep [doing something]	reference	topic:verb-keeping-storing	Verb subtopic redesign: thematic categorization (keeping-storing) replacing the alphabetical es:<lemma> grouping.
oyxzv5jbvk	estar de acuerdo con [alguien]	to agree with [somebody]	reference	topic:verb-estar-idioms-1	Verb subtopic redesign: thematic categorization (estar-idioms-1) replacing the alphabetical es:<lemma> grouping.
y78uyi9c5c	dar acceso a [algo]	to give access to [something]	reference	topic:verb-dar-giving	Verb subtopic redesign: thematic categorization (dar-giving) replacing the alphabetical es:<lemma> grouping.
pw4jhrqiyg	permitir que [alguien] [haga algo]	to allow [somebody] to [do something]	reference	topic:verb-admin-legal-formal	Verb subtopic redesign: thematic categorization (admin-legal-formal) replacing the alphabetical es:<lemma> grouping.
ajrzidjskb	aceptar [algo]	to agree to [something]	reference	topic:verb-formal-remainder-1	Verb subtopic redesign: thematic categorization (formal-remainder-1) replacing the alphabetical es:<lemma> grouping.
xvopup6s8x	coincidir	to agree	reference	topic:verb-deciding-considering	Verb subtopic redesign: thematic categorization (deciding-considering) replacing the alphabetical es:<lemma> grouping.
bkizaixxrv	comparecer ante [una autoridad]	to appear before [an authority]	reference	topic:verb-admin-legal-formal	Verb subtopic redesign: thematic categorization (admin-legal-formal) replacing the alphabetical es:<lemma> grouping.
dtu9mjoclb	ir bien	to come along well	reference	topic:verb-movement-going	Verb subtopic redesign: thematic categorization (movement-going) replacing the alphabetical es:<lemma> grouping.
q33oxlqbe5	traer [alguien] contigo	to bring [somebody] along	reference	topic:verb-bringing	Verb subtopic redesign: thematic categorization (bringing) replacing the alphabetical es:<lemma> grouping.
k3o01kfput	parecerse a [alguien]	to take after [somebody]	reference	topic:verb-watching-other	Verb subtopic redesign: thematic categorization (watching-other) replacing the alphabetical es:<lemma> grouping.
4fpgdvwxzu	ser muy aficionado a [un equipo]	to be a big fan of [a team]	reference	topic:verb-ser-idioms-2	Verb subtopic redesign: thematic categorization (ser-idioms-2) replacing the alphabetical es:<lemma> grouping.
1rwj0kt7f8	desarrollar [algo]	to build on [something]	reference	topic:verb-creation-repair-other	Verb subtopic redesign: thematic categorization (creation-repair-other) replacing the alphabetical es:<lemma> grouping.
lp0ljdtgp7	aumentar	to build	reference	topic:verb-creation-repair-other	Verb subtopic redesign: thematic categorization (creation-repair-other) replacing the alphabetical es:<lemma> grouping.
xo44xzb3jh	formar [un equipo]	to build [a team]	reference	topic:verb-work-employment	Verb subtopic redesign: thematic categorization (work-employment) replacing the alphabetical es:<lemma> grouping.
t9r1fus19d	hacer transbordo	to change [transport]	reference	topic:verb-movement-leaving	Verb subtopic redesign: thematic categorization (movement-leaving) replacing the alphabetical es:<lemma> grouping.
fdeqgbcts4	creer [algo]	to buy [something]	reference	topic:verb-thinking-opinions	Verb subtopic redesign: thematic categorization (thinking-opinions) replacing the alphabetical es:<lemma> grouping.
a4g0kqya37	atrapar [algo]	to catch [something]	reference	topic:verb-formal-remainder-2	Verb subtopic redesign: thematic categorization (formal-remainder-2) replacing the alphabetical es:<lemma> grouping.
fkhe36qwae	convencerse de [algo]	to buy into [something]	reference	topic:verb-formal-remainder-4	Verb subtopic redesign: thematic categorization (formal-remainder-4) replacing the alphabetical es:<lemma> grouping.
e9hvnwnx5k	entender [algo]	to catch [something]	reference	topic:verb-learning-teaching	Verb subtopic redesign: thematic categorization (learning-teaching) replacing the alphabetical es:<lemma> grouping.
kp2hkv6bhh	cambiar [algo]	to change [something]	supporting	topic:verb-creation-repair-other	Verb subtopic redesign: thematic categorization (creation-repair-other) replacing the alphabetical es:<lemma> grouping.
xwfttsrbm4	despejar [algo]	to clear [something]	reference	topic:verb-formal-remainder-5	Verb subtopic redesign: thematic categorization (formal-remainder-5) replacing the alphabetical es:<lemma> grouping.
jsfywmwb2q	preocuparse por [algo]	to care about [something]	reference	topic:verb-formal-remainder-11	Verb subtopic redesign: thematic categorization (formal-remainder-11) replacing the alphabetical es:<lemma> grouping.
egrvgcm5hc	sorprender a [alguien] [haciendo algo]	to catch [somebody] [doing something]	reference	topic:verb-formal-remainder-13	Verb subtopic redesign: thematic categorization (formal-remainder-13) replacing the alphabetical es:<lemma> grouping.
j1hw054qpy	procesar [un pago]	to clear [a payment]	reference	topic:verb-formal-remainder-11	Verb subtopic redesign: thematic categorization (formal-remainder-11) replacing the alphabetical es:<lemma> grouping.
xwr40xdiyc	cuidar [alguien]	to care for [somebody]	reference	topic:verb-social-relationships	Verb subtopic redesign: thematic categorization (social-relationships) replacing the alphabetical es:<lemma> grouping.
huqjh8qslq	importarle [algo]	to care about [something]	reference	topic:verb-feelings-dislike-worry	Verb subtopic redesign: thematic categorization (feelings-dislike-worry) replacing the alphabetical es:<lemma> grouping.
t3k0bkap2f	resfriarse	to catch a cold	reference	topic:verb-formal-remainder-13	Verb subtopic redesign: thematic categorization (formal-remainder-13) replacing the alphabetical es:<lemma> grouping.
ujl7eyvp2d	cambiar [dinero]	to change [money]	reference	topic:verb-money-commerce-1	Verb subtopic redesign: thematic categorization (money-commerce-1) replacing the alphabetical es:<lemma> grouping.
cqxhnvo543	cambiarse de ropa	to change clothes	reference	topic:verb-creation-repair-other	Verb subtopic redesign: thematic categorization (creation-repair-other) replacing the alphabetical es:<lemma> grouping.
eff9tjrydf	darle tiempo a [alguien]	to buy [somebody] time	reference	topic:verb-dar-idioms	Verb subtopic redesign: thematic categorization (dar-idioms) replacing the alphabetical es:<lemma> grouping.
bijorvfnjq	alcanzar [un transporte]	to catch [transport]	reference	topic:verb-movement-leaving	Verb subtopic redesign: thematic categorization (movement-leaving) replacing the alphabetical es:<lemma> grouping.
svjll3kjxt	ocupar un cargo importante	to hold a high position	reference	topic:verb-work-employment	Verb subtopic redesign: thematic categorization (work-employment) replacing the alphabetical es:<lemma> grouping.
ldj6l0mdep	parecerle bien a [alguien]	to be fine with [somebody]	reference	topic:verb-watching-other	Verb subtopic redesign: thematic categorization (watching-other) replacing the alphabetical es:<lemma> grouping.
8w5qasxh42	pasarla muy bien	to have a great time	reference	topic:verb-movement-arriving-passing	Verb subtopic redesign: thematic categorization (movement-arriving-passing) replacing the alphabetical es:<lemma> grouping.
kh64q1xdfp	ser nuevo aquí	to be new here	reference	topic:verb-ser-idioms-2	Verb subtopic redesign: thematic categorization (ser-idioms-2) replacing the alphabetical es:<lemma> grouping.
2p5ynjsevh	ofrecerse a [hacer algo]	to offer to [do something]	reference	topic:verb-offering	Verb subtopic redesign: thematic categorization (offering) replacing the alphabetical es:<lemma> grouping.
le4iu71rle	proponer pagar [cantidad] por [algo]	to offer [an amount] for [something]	reference	topic:verb-formal-remainder-11	Verb subtopic redesign: thematic categorization (formal-remainder-11) replacing the alphabetical es:<lemma> grouping.
1bp41aco7p	ofrecerle [algo] a [alguien]	to offer [somebody] [something]	reference	topic:verb-offering	Verb subtopic redesign: thematic categorization (offering) replacing the alphabetical es:<lemma> grouping.
mfw6hilqre	admitir [algo]	to own up to [something]	reference	topic:verb-communication-formal	Verb subtopic redesign: thematic categorization (communication-formal) replacing the alphabetical es:<lemma> grouping.
foeoch6ql5	brindar [algo]	to offer [something]	reference	topic:verb-formal-remainder-3	Verb subtopic redesign: thematic categorization (formal-remainder-3) replacing the alphabetical es:<lemma> grouping.
9bwjp5cuaw	ofrecer [capacitación]	to provide [training]	reference	topic:verb-offering	Verb subtopic redesign: thematic categorization (offering) replacing the alphabetical es:<lemma> grouping.
u9zbsje4u6	saldar [una deuda]	to pay off [a debt]	reference	topic:verb-money-commerce-2	Verb subtopic redesign: thematic categorization (money-commerce-2) replacing the alphabetical es:<lemma> grouping.
gs1i2tjs8s	pagarle a [alguien]	to pay [somebody]	reference	topic:verb-money-earning-spending	Verb subtopic redesign: thematic categorization (money-earning-spending) replacing the alphabetical es:<lemma> grouping.
9mvkkm6znw	ser dueño de [algo]	to own [something]	reference	topic:verb-ser-idioms-2	Verb subtopic redesign: thematic categorization (ser-idioms-2) replacing the alphabetical es:<lemma> grouping.
thf9jt8qp9	ser propietario de [algo]	to own [something]	reference	topic:verb-ser-idioms-2	Verb subtopic redesign: thematic categorization (ser-idioms-2) replacing the alphabetical es:<lemma> grouping.
21ip23zino	darle [algo] a [alguien]	to provide [somebody] with [something]	reference	topic:verb-dar-giving	Verb subtopic redesign: thematic categorization (dar-giving) replacing the alphabetical es:<lemma> grouping.
3bbmjt77uh	rechazar	to refuse	reference	topic:verb-formal-remainder-12	Verb subtopic redesign: thematic categorization (formal-remainder-12) replacing the alphabetical es:<lemma> grouping.
kloejv5hcu	requerir [algo]	to require [something]	reference	topic:verb-admin-legal-formal	Verb subtopic redesign: thematic categorization (admin-legal-formal) replacing the alphabetical es:<lemma> grouping.
bptzo9fcux	llegar a un acuerdo	to reach an agreement	reference	topic:verb-movement-arriving-passing	Verb subtopic redesign: thematic categorization (movement-arriving-passing) replacing the alphabetical es:<lemma> grouping.
cvb5pdwpwg	llegar a [un lugar]	to reach [a place]	reference	topic:verb-movement-arriving-passing	Verb subtopic redesign: thematic categorization (movement-arriving-passing) replacing the alphabetical es:<lemma> grouping.
ionvi8pijp	exigir que [alguien] [haga algo]	to require [somebody] to [do something]	reference	topic:verb-admin-legal-formal	Verb subtopic redesign: thematic categorization (admin-legal-formal) replacing the alphabetical es:<lemma> grouping.
8nmzifpeq2	utilizar	to use	reference	topic:verb-formal-abstract-2	Verb subtopic redesign: thematic categorization (formal-abstract-2) replacing the alphabetical es:<lemma> grouping.
mc2zmo0zzw	reembolsarle [algo] a [alguien]	to return [somebody's] money	reference	topic:verb-money-commerce-2	Verb subtopic redesign: thematic categorization (money-commerce-2) replacing the alphabetical es:<lemma> grouping.
ip4nnqfbwi	necesitar [algo]	to require [something]	reference	topic:verb-admin-legal-formal	Verb subtopic redesign: thematic categorization (admin-legal-formal) replacing the alphabetical es:<lemma> grouping.
j6008tp8dx	consignar	to transfer	reference	topic:verb-communication-formal	Verb subtopic redesign: thematic categorization (communication-formal) replacing the alphabetical es:<lemma> grouping.
qrdegrts3w	construir	to build	reference	topic:verb-creation-repair-other	Verb subtopic redesign: thematic categorization (creation-repair-other) replacing the alphabetical es:<lemma> grouping.
29il3kxdpo	reconstruir	to rebuild	reference	topic:verb-formal-remainder-12	Verb subtopic redesign: thematic categorization (formal-remainder-12) replacing the alphabetical es:<lemma> grouping.
itje57f5s3	comunicarse con [alguien]	to reach [somebody]	reference	topic:verb-formal-remainder-3	Verb subtopic redesign: thematic categorization (formal-remainder-3) replacing the alphabetical es:<lemma> grouping.
lp8l4wpj4p	transferir	to transfer	reference	topic:verb-communication-formal	Verb subtopic redesign: thematic categorization (communication-formal) replacing the alphabetical es:<lemma> grouping.
s4lg9gxq68	devolverle la llamada a [alguien]	to return [somebody's] call	reference	topic:verb-giving-lending-other	Verb subtopic redesign: thematic categorization (giving-lending-other) replacing the alphabetical es:<lemma> grouping.
3csk0n8wv5	aguantar [algo]	to stand [something]	reference	topic:verb-feelings-dislike-worry	Verb subtopic redesign: thematic categorization (feelings-dislike-worry) replacing the alphabetical es:<lemma> grouping.
uc3biyl1if	aguantar [algo]	to endure [something]	reference	topic:verb-feelings-dislike-worry	Verb subtopic redesign: thematic categorization (feelings-dislike-worry) replacing the alphabetical es:<lemma> grouping.
iw04703udx	arreglar [algo]	to fix [something]	reference	topic:verb-creation-repair-other	Verb subtopic redesign: thematic categorization (creation-repair-other) replacing the alphabetical es:<lemma> grouping.
v9e6hk1qoa	aguantar	to hold on	reference	topic:verb-feelings-dislike-worry	Verb subtopic redesign: thematic categorization (feelings-dislike-worry) replacing the alphabetical es:<lemma> grouping.
yuwen0h3mn	aguantar [un peso]	to support [a weight]	reference	topic:verb-health-body	Verb subtopic redesign: thematic categorization (health-body) replacing the alphabetical es:<lemma> grouping.
q9zbgkk8yk	arreglar [algo]	to arrange [something]	reference	topic:verb-creation-repair-other	Verb subtopic redesign: thematic categorization (creation-repair-other) replacing the alphabetical es:<lemma> grouping.
hx40f5mh59	arreglar [algo]	to tidy [something]	reference	topic:verb-creation-repair-other	Verb subtopic redesign: thematic categorization (creation-repair-other) replacing the alphabetical es:<lemma> grouping.
b1nubjxiqh	no hay problema	no problem	supporting	topic:verb-perfect-auxiliary	Verb subtopic redesign: thematic categorization (perfect-auxiliary) replacing the alphabetical es:<lemma> grouping.
mnhttsu43g	apagar [un dispositivo]	to shut down [a device]	reference	topic:verb-household-1	Verb subtopic redesign: thematic categorization (household-1) replacing the alphabetical es:<lemma> grouping.
mtyml2elsq	apagarse	to fade away	reference	topic:verb-household-1	Verb subtopic redesign: thematic categorization (household-1) replacing the alphabetical es:<lemma> grouping.
kqlemql5q9	aprovechar [algo]	to take advantage of [something]	reference	topic:verb-deciding-considering	Verb subtopic redesign: thematic categorization (deciding-considering) replacing the alphabetical es:<lemma> grouping.
fccjkbxo8e	aprovechar [algo]	to make good use of [something]	reference	topic:verb-deciding-considering	Verb subtopic redesign: thematic categorization (deciding-considering) replacing the alphabetical es:<lemma> grouping.
2303bj64di	aprovechar [algo]	to enjoy [something]	reference	topic:verb-deciding-considering	Verb subtopic redesign: thematic categorization (deciding-considering) replacing the alphabetical es:<lemma> grouping.
dzpf9yqfk0	aprovechar [algo]	to benefit from [something]	reference	topic:verb-deciding-considering	Verb subtopic redesign: thematic categorization (deciding-considering) replacing the alphabetical es:<lemma> grouping.
8r4z6jowv4	averiguar si [algo]	to check whether [something]	reference	topic:verb-analysis-investigation	Verb subtopic redesign: thematic categorization (analysis-investigation) replacing the alphabetical es:<lemma> grouping.
985gwu0ia6	avisarle a [alguien] que [algo]	to tell [somebody] that [something]	reference	topic:verb-communication-other-1	Verb subtopic redesign: thematic categorization (communication-other-1) replacing the alphabetical es:<lemma> grouping.
t8qj2utyn9	cargar [algo]	to load [something]	reference	topic:verb-carrying	Verb subtopic redesign: thematic categorization (carrying) replacing the alphabetical es:<lemma> grouping.
bqsknok02n	averiguar [algo]	to investigate [something]	reference	topic:verb-analysis-investigation	Verb subtopic redesign: thematic categorization (analysis-investigation) replacing the alphabetical es:<lemma> grouping.
3azngvgkey	avisarle a [alguien]	to let [somebody] know	reference	topic:verb-communication-other-1	Verb subtopic redesign: thematic categorization (communication-other-1) replacing the alphabetical es:<lemma> grouping.
lulzol5k19	avisarle a [alguien]	to alert [somebody]	reference	topic:verb-communication-other-1	Verb subtopic redesign: thematic categorization (communication-other-1) replacing the alphabetical es:<lemma> grouping.
nhvpol4yeg	bajar [algo]	to lower [something]	reference	topic:verb-movement-directional	Verb subtopic redesign: thematic categorization (movement-directional) replacing the alphabetical es:<lemma> grouping.
ajw2q69mhg	bajar [un archivo]	to download [a file]	reference	topic:verb-household-1	Verb subtopic redesign: thematic categorization (household-1) replacing the alphabetical es:<lemma> grouping.
ciqmuidd85	bajar	to come down	reference	topic:verb-movement-directional	Verb subtopic redesign: thematic categorization (movement-directional) replacing the alphabetical es:<lemma> grouping.
nzirmwwqz0	bajar	to fall	reference	topic:verb-movement-directional	Verb subtopic redesign: thematic categorization (movement-directional) replacing the alphabetical es:<lemma> grouping.
60j5r1u055	bajarse de [un transporte]	to get off [transportation]	reference	topic:verb-movement-directional	Verb subtopic redesign: thematic categorization (movement-directional) replacing the alphabetical es:<lemma> grouping.
tztlzyvj4i	cargarse [algo] al hombro	to take on [something]	reference	topic:verb-carrying	Verb subtopic redesign: thematic categorization (carrying) replacing the alphabetical es:<lemma> grouping.
vrgb6w3s8v	bajar [un ajuste]	to turn down [a setting]	reference	topic:verb-movement-directional	Verb subtopic redesign: thematic categorization (movement-directional) replacing the alphabetical es:<lemma> grouping.
3iu0b08m81	buscar [algo]	to seek [something]	reference	topic:verb-possession-obtaining	Verb subtopic redesign: thematic categorization (possession-obtaining) replacing the alphabetical es:<lemma> grouping.
qwu0of4uv5	caber la posibilidad de que [algo]	for it to be possible that [something]	reference	topic:verb-formal-remainder-3	Verb subtopic redesign: thematic categorization (formal-remainder-3) replacing the alphabetical es:<lemma> grouping.
n01pzhcp0p	caber	to fit	reference	topic:verb-formal-remainder-3	Verb subtopic redesign: thematic categorization (formal-remainder-3) replacing the alphabetical es:<lemma> grouping.
2h41m9g49b	caber [alguien/algo]	for there to be room for [somebody/something]	reference	topic:verb-formal-remainder-3	Verb subtopic redesign: thematic categorization (formal-remainder-3) replacing the alphabetical es:<lemma> grouping.
gltra9r0tv	caber destacar [algo]	for [something] to be worth noting	reference	topic:verb-formal-remainder-3	Verb subtopic redesign: thematic categorization (formal-remainder-3) replacing the alphabetical es:<lemma> grouping.
1rve8jq2rm	cambiar [algo] por [algo]	to exchange [something] for [something]	reference	topic:verb-creation-repair-other	Verb subtopic redesign: thematic categorization (creation-repair-other) replacing the alphabetical es:<lemma> grouping.
bldd0u1kcp	dejar [algo] encargado a [alguien]	to leave [something] in [somebody's] care	reference	topic:verb-carrying	Verb subtopic redesign: thematic categorization (carrying) replacing the alphabetical es:<lemma> grouping.
t40gce06y2	cargar [algo]	to carry [something]	reference	topic:verb-carrying	Verb subtopic redesign: thematic categorization (carrying) replacing the alphabetical es:<lemma> grouping.
1c10sdwf8m	cambiarse	to get changed	reference	topic:verb-creation-repair-other	Verb subtopic redesign: thematic categorization (creation-repair-other) replacing the alphabetical es:<lemma> grouping.
bk7v369c35	cargarse [algo]	to wreck [something]	reference	topic:verb-carrying	Verb subtopic redesign: thematic categorization (carrying) replacing the alphabetical es:<lemma> grouping.
d5wk0wunlt	cargar [un dispositivo]	to charge [a device]	reference	topic:verb-money-commerce-1	Verb subtopic redesign: thematic categorization (money-commerce-1) replacing the alphabetical es:<lemma> grouping.
jjln6naurj	cargar con [algo]	to bear [something]	reference	topic:verb-carrying	Verb subtopic redesign: thematic categorization (carrying) replacing the alphabetical es:<lemma> grouping.
idq8drq64m	cargarle [algo] a [alguien]	to blame [somebody] for [something]	reference	topic:verb-carrying	Verb subtopic redesign: thematic categorization (carrying) replacing the alphabetical es:<lemma> grouping.
yiqjr127ed	encargarle a [alguien] que [haga algo]	to ask [somebody] to [do something]	reference	topic:verb-carrying	Verb subtopic redesign: thematic categorization (carrying) replacing the alphabetical es:<lemma> grouping.
7p36ly7jyy	arreglar [algo]	to sort out [something]	reference	topic:verb-creation-repair-other	Verb subtopic redesign: thematic categorization (creation-repair-other) replacing the alphabetical es:<lemma> grouping.
ekfnmwolxk	cargarse a [alguien]	to kill [somebody]	reference	topic:verb-conflict-crime	Verb subtopic redesign: thematic categorization (conflict-crime) replacing the alphabetical es:<lemma> grouping.
258notkgdg	encargar [algo]	to order [something]	reference	topic:verb-carrying	Verb subtopic redesign: thematic categorization (carrying) replacing the alphabetical es:<lemma> grouping.
aglyv4d8zx	encargar [algo]	to commission [something]	reference	topic:verb-carrying	Verb subtopic redesign: thematic categorization (carrying) replacing the alphabetical es:<lemma> grouping.
7ckfdreaoe	encargarle [algo] a [alguien]	to put [somebody] in charge of [something]	reference	topic:verb-money-commerce-1	Verb subtopic redesign: thematic categorization (money-commerce-1) replacing the alphabetical es:<lemma> grouping.
0mxnpd7krx	encargarse de [algo]	to take care of [something]	reference	topic:verb-carrying	Verb subtopic redesign: thematic categorization (carrying) replacing the alphabetical es:<lemma> grouping.
lhq2q49kwb	cambiar de [algo]	to switch [something]	reference	topic:verb-creation-repair-other	Verb subtopic redesign: thematic categorization (creation-repair-other) replacing the alphabetical es:<lemma> grouping.
qtbz9cya2h	cerrar [algo]	to close [something]	reference	topic:verb-household-1	Verb subtopic redesign: thematic categorization (household-1) replacing the alphabetical es:<lemma> grouping.
7956o3ws9x	cerrar un trato	to close a deal	reference	topic:verb-household-1	Verb subtopic redesign: thematic categorization (household-1) replacing the alphabetical es:<lemma> grouping.
y3q7db5o7c	cobrar [una vida]	to claim [a life]	reference	topic:verb-money-commerce-1	Verb subtopic redesign: thematic categorization (money-commerce-1) replacing the alphabetical es:<lemma> grouping.
dt5zczywaz	avisarle a [alguien] de [algo]	to warn [somebody] about [something]	reference	topic:verb-communication-other-1	Verb subtopic redesign: thematic categorization (communication-other-1) replacing the alphabetical es:<lemma> grouping.
8aqh4o1vop	cerrar [algo]	to block off [something]	reference	topic:verb-household-1	Verb subtopic redesign: thematic categorization (household-1) replacing the alphabetical es:<lemma> grouping.
4rr4ihku5z	cobrar [una cantidad]	to charge [an amount]	reference	topic:verb-money-commerce-1	Verb subtopic redesign: thematic categorization (money-commerce-1) replacing the alphabetical es:<lemma> grouping.
vaxrphuc47	cerrar sesión	to log out	reference	topic:verb-household-1	Verb subtopic redesign: thematic categorization (household-1) replacing the alphabetical es:<lemma> grouping.
nse7vj3fbs	estar encargado de [algo]	to be in charge of [something]	reference	topic:verb-money-commerce-1	Verb subtopic redesign: thematic categorization (money-commerce-1) replacing the alphabetical es:<lemma> grouping.
gq5djwrawm	cobrar [un cheque]	to cash [a check]	reference	topic:verb-money-commerce-1	Verb subtopic redesign: thematic categorization (money-commerce-1) replacing the alphabetical es:<lemma> grouping.
vb0be6c64h	cobrar	to get paid	reference	topic:verb-money-commerce-1	Verb subtopic redesign: thematic categorization (money-commerce-1) replacing the alphabetical es:<lemma> grouping.
r0b8fwymx2	coger [algo]	to catch [something]	reference	topic:verb-tomar-general-1	Verb subtopic redesign: thematic categorization (tomar-general-1) replacing the alphabetical es:<lemma> grouping.
faqcrnung3	coger [algo]	to take [something]	reference	topic:verb-tomar-general-1	Verb subtopic redesign: thematic categorization (tomar-general-1) replacing the alphabetical es:<lemma> grouping.
2wlkj6fsi0	averiguar [algo]	to find out [something]	reference	topic:verb-analysis-investigation	Verb subtopic redesign: thematic categorization (analysis-investigation) replacing the alphabetical es:<lemma> grouping.
wznipra1vi	encontrar [algo] [adjetivo]	to find [something] [adjective]	reference	topic:verb-formal-remainder-6	Verb subtopic redesign: thematic categorization (formal-remainder-6) replacing the alphabetical es:<lemma> grouping.
zrzt4f88zv	coger [un transporte]	to take [transportation]	reference	topic:verb-tomar-general-1	Verb subtopic redesign: thematic categorization (tomar-general-1) replacing the alphabetical es:<lemma> grouping.
zo1bmih61v	coger a [alguien]	to catch [somebody]	reference	topic:verb-tomar-general-1	Verb subtopic redesign: thematic categorization (tomar-general-1) replacing the alphabetical es:<lemma> grouping.
g976gj0kj7	recoger a [alguien]	to pick up [somebody]	reference	topic:verb-tomar-general-2	Verb subtopic redesign: thematic categorization (tomar-general-2) replacing the alphabetical es:<lemma> grouping.
4ke2yrlcfd	recoger [algo]	to fold [something]	reference	topic:verb-tomar-general-2	Verb subtopic redesign: thematic categorization (tomar-general-2) replacing the alphabetical es:<lemma> grouping.
0yy3snthgr	recoger [algo]	to pick up [something]	reference	topic:verb-tomar-general-2	Verb subtopic redesign: thematic categorization (tomar-general-2) replacing the alphabetical es:<lemma> grouping.
jamzrjyu53	recoger [algo]	to collect [something]	reference	topic:verb-tomar-general-2	Verb subtopic redesign: thematic categorization (tomar-general-2) replacing the alphabetical es:<lemma> grouping.
5etoq8ytib	recoger [algo]	to retrieve [something]	reference	topic:verb-tomar-general-2	Verb subtopic redesign: thematic categorization (tomar-general-2) replacing the alphabetical es:<lemma> grouping.
2lv3x5lyra	recoger [algo]	to gather [something]	reference	topic:verb-tomar-general-2	Verb subtopic redesign: thematic categorization (tomar-general-2) replacing the alphabetical es:<lemma> grouping.
06myksilk1	recoger [algo]	to tidy up [something]	reference	topic:verb-tomar-general-2	Verb subtopic redesign: thematic categorization (tomar-general-2) replacing the alphabetical es:<lemma> grouping.
7ahutb8oat	correr	to flow	reference	topic:verb-locomotion-general	Verb subtopic redesign: thematic categorization (locomotion-general) replacing the alphabetical es:<lemma> grouping.
h5hnajl1et	recoger [algo]	to harvest [something]	reference	topic:verb-tomar-general-2	Verb subtopic redesign: thematic categorization (tomar-general-2) replacing the alphabetical es:<lemma> grouping.
g8xlqd0im0	recoger [algo]	to take in [something]	reference	topic:verb-tomar-general-2	Verb subtopic redesign: thematic categorization (tomar-general-2) replacing the alphabetical es:<lemma> grouping.
o5cjflzcow	cuidar a [alguien]	to take care of [somebody]	reference	topic:verb-social-relationships	Verb subtopic redesign: thematic categorization (social-relationships) replacing the alphabetical es:<lemma> grouping.
7xz1ir7spt	comprar [una idea]	to buy into [an idea]	reference	topic:verb-money-commerce-1	Verb subtopic redesign: thematic categorization (money-commerce-1) replacing the alphabetical es:<lemma> grouping.
mnsgd6cvbc	elegir [hacer algo]	to choose to [do something]	reference	topic:verb-deciding-considering	Verb subtopic redesign: thematic categorization (deciding-considering) replacing the alphabetical es:<lemma> grouping.
yjqeu46wjo	correr [algo]	to move [something]	reference	topic:verb-locomotion-general	Verb subtopic redesign: thematic categorization (locomotion-general) replacing the alphabetical es:<lemma> grouping.
cb76eu618e	correr [un programa]	to run [a program]	reference	topic:verb-locomotion-general	Verb subtopic redesign: thematic categorization (locomotion-general) replacing the alphabetical es:<lemma> grouping.
ht05bqf0zg	coger [algo]	to pick up [something]	reference	topic:verb-tomar-general-1	Verb subtopic redesign: thematic categorization (tomar-general-1) replacing the alphabetical es:<lemma> grouping.
5ifvhmev6q	encontrarse [adjetivo]	to feel [adjective]	reference	topic:verb-formal-remainder-6	Verb subtopic redesign: thematic categorization (formal-remainder-6) replacing the alphabetical es:<lemma> grouping.
4hswrv4rqb	dolerle a [alguien] [algo]	for [something] to hurt [somebody] emotionally	reference	topic:verb-health-body	Verb subtopic redesign: thematic categorization (health-body) replacing the alphabetical es:<lemma> grouping.
q95d0isu40	despertar a [alguien]	to wake [somebody]	reference	topic:verb-daily-routine	Verb subtopic redesign: thematic categorization (daily-routine) replacing the alphabetical es:<lemma> grouping.
cxbxbe3chs	dolerle a [alguien] haber [hecho algo]	to be sorry to have [done something]	reference	topic:verb-feelings-dislike-worry	Verb subtopic redesign: thematic categorization (feelings-dislike-worry) replacing the alphabetical es:<lemma> grouping.
zkrc7g5j4s	coger [una enfermedad]	to catch [an illness]	reference	topic:verb-tomar-general-1	Verb subtopic redesign: thematic categorization (tomar-general-1) replacing the alphabetical es:<lemma> grouping.
mhrr71qehn	dormirse	to fall asleep	reference	topic:verb-daily-routine	Verb subtopic redesign: thematic categorization (daily-routine) replacing the alphabetical es:<lemma> grouping.
j3k1bs0v53	dormir en casa de [alguien]	to stay overnight at [somebody's] house	reference	topic:verb-daily-routine	Verb subtopic redesign: thematic categorization (daily-routine) replacing the alphabetical es:<lemma> grouping.
4m126edqdj	cuidar [algo]	to watch [something]	reference	topic:verb-social-relationships	Verb subtopic redesign: thematic categorization (social-relationships) replacing the alphabetical es:<lemma> grouping.
fds16n18cd	dormir a [alguien]	to put [somebody] to sleep	reference	topic:verb-daily-routine	Verb subtopic redesign: thematic categorization (daily-routine) replacing the alphabetical es:<lemma> grouping.
ooo5pxwt1y	empezar	to start	reference	topic:verb-wishes-1	Verb subtopic redesign: thematic categorization (wishes-1) replacing the alphabetical es:<lemma> grouping.
0b4hc13d3y	despertar [algo]	to arouse [something]	reference	topic:verb-daily-routine	Verb subtopic redesign: thematic categorization (daily-routine) replacing the alphabetical es:<lemma> grouping.
nk2i3367g9	despertar [algo]	to spark [something]	reference	topic:verb-daily-routine	Verb subtopic redesign: thematic categorization (daily-routine) replacing the alphabetical es:<lemma> grouping.
kova6764iw	dolerle [algo] a [alguien]	for [something] to hurt [somebody]	reference	topic:verb-health-body	Verb subtopic redesign: thematic categorization (health-body) replacing the alphabetical es:<lemma> grouping.
pwk8rwyqxo	empezar a [hacer algo]	to begin [doing something]	reference	topic:verb-wishes-1	Verb subtopic redesign: thematic categorization (wishes-1) replacing the alphabetical es:<lemma> grouping.
ngpbpfvmft	encender [algo]	to light [something]	reference	topic:verb-household-2	Verb subtopic redesign: thematic categorization (household-2) replacing the alphabetical es:<lemma> grouping.
eeqa5shfq0	empezar por [hacer algo]	to start by [doing something]	reference	topic:verb-wishes-2	Verb subtopic redesign: thematic categorization (wishes-2) replacing the alphabetical es:<lemma> grouping.
1wrulf5p6q	correr un riesgo	to take a risk	reference	topic:verb-locomotion-general	Verb subtopic redesign: thematic categorization (locomotion-general) replacing the alphabetical es:<lemma> grouping.
jgf787l3a9	encender [algo]	to spark [something]	reference	topic:verb-household-2	Verb subtopic redesign: thematic categorization (household-2) replacing the alphabetical es:<lemma> grouping.
tk7obpumjc	encender [un vehículo]	to start [a vehicle]	reference	topic:verb-household-2	Verb subtopic redesign: thematic categorization (household-2) replacing the alphabetical es:<lemma> grouping.
ng08o0l6bt	gastar [algo]	to waste [something]	reference	topic:verb-money-earning-spending	Verb subtopic redesign: thematic categorization (money-earning-spending) replacing the alphabetical es:<lemma> grouping.
ytf51bteap	encontrar [algo]	to find [something]	core	topic:verb-formal-remainder-6	Verb subtopic redesign: thematic categorization (formal-remainder-6) replacing the alphabetical es:<lemma> grouping.
qvh1dhowu6	encontrarse con [alguien]	to run into [somebody]	reference	topic:verb-formal-remainder-6	Verb subtopic redesign: thematic categorization (formal-remainder-6) replacing the alphabetical es:<lemma> grouping.
bmeoatx5uw	encontrarse en [un lugar]	to be located in [a place]	reference	topic:verb-formal-remainder-6	Verb subtopic redesign: thematic categorization (formal-remainder-6) replacing the alphabetical es:<lemma> grouping.
luo268lj6k	gastarse	to wear out	reference	topic:verb-bringing	Verb subtopic redesign: thematic categorization (bringing) replacing the alphabetical es:<lemma> grouping.
3t68o5qzoy	guardar [algo]	to keep [something]	reference	topic:verb-keeping-storing	Verb subtopic redesign: thematic categorization (keeping-storing) replacing the alphabetical es:<lemma> grouping.
4dots3x0dv	gastar [algo]	to use up [something]	reference	topic:verb-money-earning-spending	Verb subtopic redesign: thematic categorization (money-earning-spending) replacing the alphabetical es:<lemma> grouping.
6ufoal1lhk	encender [algo]	to turn on [something]	reference	topic:verb-household-2	Verb subtopic redesign: thematic categorization (household-2) replacing the alphabetical es:<lemma> grouping.
3u7kob7n30	guardar [un archivo]	to save [a file]	reference	topic:verb-household-2	Verb subtopic redesign: thematic categorization (household-2) replacing the alphabetical es:<lemma> grouping.
swig6imniy	tener dolor de [algo]	to have an ache in [something]	reference	topic:verb-feelings-dislike-worry	Verb subtopic redesign: thematic categorization (feelings-dislike-worry) replacing the alphabetical es:<lemma> grouping.
ly7bh5hzsw	coger [algo]	to grab [something]	reference	topic:verb-tomar-general-1	Verb subtopic redesign: thematic categorization (tomar-general-1) replacing the alphabetical es:<lemma> grouping.
jysogq3l7e	olvidársele [algo] a [alguien]	for [somebody] to forget [something]	reference	topic:verb-remembering-forgetting	Verb subtopic redesign: thematic categorization (remembering-forgetting) replacing the alphabetical es:<lemma> grouping.
z3mhhaiia2	jugar [dinero]	to gamble [money]	reference	topic:verb-money-commerce-1	Verb subtopic redesign: thematic categorization (money-commerce-1) replacing the alphabetical es:<lemma> grouping.
fsiaz32aji	jugar un papel	to play a role	reference	topic:verb-social-relationships	Verb subtopic redesign: thematic categorization (social-relationships) replacing the alphabetical es:<lemma> grouping.
krz97g2k8a	jugar con [algo]	to play with [something]	reference	topic:verb-social-relationships	Verb subtopic redesign: thematic categorization (social-relationships) replacing the alphabetical es:<lemma> grouping.
q8k4rkte05	meter [algo] en [algo]	to insert [something] into [something]	reference	topic:verb-household-2	Verb subtopic redesign: thematic categorization (household-2) replacing the alphabetical es:<lemma> grouping.
9a1cfj0hhj	matar el tiempo	to kill time	reference	topic:verb-conflict-crime	Verb subtopic redesign: thematic categorization (conflict-crime) replacing the alphabetical es:<lemma> grouping.
0xc6cj4q1g	meter a [alguien] en [algo]	to involve [somebody] in [something]	reference	topic:verb-household-2	Verb subtopic redesign: thematic categorization (household-2) replacing the alphabetical es:<lemma> grouping.
n59cs066v8	matar a [alguien]	to be killing [somebody]	reference	topic:verb-conflict-crime	Verb subtopic redesign: thematic categorization (conflict-crime) replacing the alphabetical es:<lemma> grouping.
8on4ssnvkm	meter [algo] en [algo]	to put [something] into [something]	reference	topic:verb-household-2	Verb subtopic redesign: thematic categorization (household-2) replacing the alphabetical es:<lemma> grouping.
8eeezi57j4	meterse en [un lugar]	to get into [a place]	reference	topic:verb-household-2	Verb subtopic redesign: thematic categorization (household-2) replacing the alphabetical es:<lemma> grouping.
4c8iabv3yz	meterse en problemas	to get into trouble	reference	topic:verb-household-2	Verb subtopic redesign: thematic categorization (household-2) replacing the alphabetical es:<lemma> grouping.
grcvzooa7a	meterse en [algo]	to interfere in [something]	reference	topic:verb-household-2	Verb subtopic redesign: thematic categorization (household-2) replacing the alphabetical es:<lemma> grouping.
wq1ejblx66	meter a [alguien] en [un horario]	to fit [somebody] into [a schedule]	reference	topic:verb-household-2	Verb subtopic redesign: thematic categorization (household-2) replacing the alphabetical es:<lemma> grouping.
8pin6oau9g	meterse a [hacer algo]	to get into [doing something]	reference	topic:verb-household-2	Verb subtopic redesign: thematic categorization (household-2) replacing the alphabetical es:<lemma> grouping.
jyvm1fkdq7	morirse [un dispositivo]	for [a device] to die	reference	topic:verb-household-2	Verb subtopic redesign: thematic categorization (household-2) replacing the alphabetical es:<lemma> grouping.
8i7uc2z97a	pagar	to pay	reference	topic:verb-money-earning-spending	Verb subtopic redesign: thematic categorization (money-earning-spending) replacing the alphabetical es:<lemma> grouping.
oshtugnaxs	morirse de hambre	to be starving	reference	topic:verb-loss-death	Verb subtopic redesign: thematic categorization (loss-death) replacing the alphabetical es:<lemma> grouping.
4ljeo66brr	mostrar [algo]	to display [something]	reference	topic:verb-formal-remainder-9	Verb subtopic redesign: thematic categorization (formal-remainder-9) replacing the alphabetical es:<lemma> grouping.
vrgsv4wzfo	morirse por [hacer algo]	to be dying to [do something]	reference	topic:verb-loss-death	Verb subtopic redesign: thematic categorization (loss-death) replacing the alphabetical es:<lemma> grouping.
xt44tlzdyx	olvidarse de [algo]	to forget about [something]	reference	topic:verb-remembering-forgetting	Verb subtopic redesign: thematic categorization (remembering-forgetting) replacing the alphabetical es:<lemma> grouping.
w5bg13n1o0	mostrar [algo]	to demonstrate [something]	reference	topic:verb-formal-remainder-9	Verb subtopic redesign: thematic categorization (formal-remainder-9) replacing the alphabetical es:<lemma> grouping.
72un3vv3hn	mostrar [algo]	to reveal [something]	reference	topic:verb-formal-remainder-9	Verb subtopic redesign: thematic categorization (formal-remainder-9) replacing the alphabetical es:<lemma> grouping.
93aj677j3n	olvidar [algo]	to forget [something]	core	topic:verb-remembering-forgetting	Verb subtopic redesign: thematic categorization (remembering-forgetting) replacing the alphabetical es:<lemma> grouping.
99ewwc904m	olvidar [algo] en [un lugar]	to leave [something] in [a place]	reference	topic:verb-remembering-forgetting	Verb subtopic redesign: thematic categorization (remembering-forgetting) replacing the alphabetical es:<lemma> grouping.
xe9qmpnpef	pagar por [algo]	to pay for [something]	reference	topic:verb-money-earning-spending	Verb subtopic redesign: thematic categorization (money-earning-spending) replacing the alphabetical es:<lemma> grouping.
9s6oz3nwye	pegarle a [algo/alguien]	to hit [something/somebody]	reference	topic:verb-conflict-crime	Verb subtopic redesign: thematic categorization (conflict-crime) replacing the alphabetical es:<lemma> grouping.
1a5rmyh1gn	guardar silencio	to remain silent	reference	topic:verb-keeping-storing	Verb subtopic redesign: thematic categorization (keeping-storing) replacing the alphabetical es:<lemma> grouping.
m0s1jmkq6a	pegar [algo] a [algo]	to stick [something] onto [something]	reference	topic:verb-conflict-crime	Verb subtopic redesign: thematic categorization (conflict-crime) replacing the alphabetical es:<lemma> grouping.
7b0w8087fh	pegarle al premio mayor	to hit the jackpot	reference	topic:verb-conflict-crime	Verb subtopic redesign: thematic categorization (conflict-crime) replacing the alphabetical es:<lemma> grouping.
lgialq6b94	matar a [algo/alguien]	to kill [something/somebody]	reference	topic:verb-conflict-crime	Verb subtopic redesign: thematic categorization (conflict-crime) replacing the alphabetical es:<lemma> grouping.
bebv5oi2xq	romper con [alguien]	to break up with [somebody]	reference	topic:verb-creation-repair-other	Verb subtopic redesign: thematic categorization (creation-repair-other) replacing the alphabetical es:<lemma> grouping.
caf1qnikua	pegar con [algo]	to match [something]	reference	topic:verb-conflict-crime	Verb subtopic redesign: thematic categorization (conflict-crime) replacing the alphabetical es:<lemma> grouping.
bby0sovznk	pegarle [una enfermedad] a [alguien]	to give [somebody] an illness	reference	topic:verb-conflict-crime	Verb subtopic redesign: thematic categorization (conflict-crime) replacing the alphabetical es:<lemma> grouping.
m1opppp4s5	pegarse a [algo/alguien]	to stay close to [something/somebody]	reference	topic:verb-conflict-crime	Verb subtopic redesign: thematic categorization (conflict-crime) replacing the alphabetical es:<lemma> grouping.
op2g7f5we1	pegársele [algo] a [alguien]	for [something] to rub off on [somebody]	reference	topic:verb-conflict-crime	Verb subtopic redesign: thematic categorization (conflict-crime) replacing the alphabetical es:<lemma> grouping.
2su9hktaqm	pagar todo	to pay up	reference	topic:verb-money-earning-spending	Verb subtopic redesign: thematic categorization (money-earning-spending) replacing the alphabetical es:<lemma> grouping.
z7amf9jjbu	romper un récord	to break a record	reference	topic:verb-communication-formal	Verb subtopic redesign: thematic categorization (communication-formal) replacing the alphabetical es:<lemma> grouping.
i20yai9d87	romper [algo]	to tear up [something]	reference	topic:verb-creation-repair-other	Verb subtopic redesign: thematic categorization (creation-repair-other) replacing the alphabetical es:<lemma> grouping.
hpvtk2xnfe	romper [algo]	to interrupt [something]	reference	topic:verb-creation-repair-other	Verb subtopic redesign: thematic categorization (creation-repair-other) replacing the alphabetical es:<lemma> grouping.
y7vpfl2o2f	subir [un archivo]	to upload [a file]	reference	topic:verb-household-2	Verb subtopic redesign: thematic categorization (household-2) replacing the alphabetical es:<lemma> grouping.
pzy17gtc2h	subir [algo]	to raise [something]	reference	topic:verb-movement-directional	Verb subtopic redesign: thematic categorization (movement-directional) replacing the alphabetical es:<lemma> grouping.
rbub08uirg	subir	to come up	reference	topic:verb-movement-directional	Verb subtopic redesign: thematic categorization (movement-directional) replacing the alphabetical es:<lemma> grouping.
sao8m0fmzs	subirse a [un transporte]	to get on [transportation]	reference	topic:verb-movement-directional	Verb subtopic redesign: thematic categorization (movement-directional) replacing the alphabetical es:<lemma> grouping.
nzqc17mu73	pegarse a [algo]	to get stuck to [something]	reference	topic:verb-conflict-crime	Verb subtopic redesign: thematic categorization (conflict-crime) replacing the alphabetical es:<lemma> grouping.
yqer3iro9h	guardar un secreto	to keep a secret	reference	topic:verb-keeping-storing	Verb subtopic redesign: thematic categorization (keeping-storing) replacing the alphabetical es:<lemma> grouping.
ytwtdcyakg	devolverle dinero a [alguien]	to pay [somebody] back	reference	topic:verb-money-earning-spending	Verb subtopic redesign: thematic categorization (money-earning-spending) replacing the alphabetical es:<lemma> grouping.
i4yza7s44d	subir [algo]	to bring up [something]	reference	topic:verb-movement-directional	Verb subtopic redesign: thematic categorization (movement-directional) replacing the alphabetical es:<lemma> grouping.
6ts6qcxven	levantar [algo]	to remove [something]	reference	topic:verb-movement-directional	Verb subtopic redesign: thematic categorization (movement-directional) replacing the alphabetical es:<lemma> grouping.
bh82sh21dr	venderse [algo]	to sell out	reference	topic:verb-money-commerce-2	Verb subtopic redesign: thematic categorization (money-commerce-2) replacing the alphabetical es:<lemma> grouping.
evssaeefeq	levantar [algo]	to raise [something]	reference	topic:verb-movement-directional	Verb subtopic redesign: thematic categorization (movement-directional) replacing the alphabetical es:<lemma> grouping.
8et9s26o6q	hacer callar a [alguien]	to silence [somebody]	reference	topic:verb-communication-other-2	Verb subtopic redesign: thematic categorization (communication-other-2) replacing the alphabetical es:<lemma> grouping.
kuaroen0t1	vender [algo]	to sell off [something]	reference	topic:verb-money-commerce-2	Verb subtopic redesign: thematic categorization (money-commerce-2) replacing the alphabetical es:<lemma> grouping.
zhppsm0ril	lucir	to shine	reference	topic:verb-watching-other	Verb subtopic redesign: thematic categorization (watching-other) replacing the alphabetical es:<lemma> grouping.
yg6xltanht	hacer lucir [adjetivo] a [algo]	to make [something] look [adjective]	reference	topic:verb-watching-other	Verb subtopic redesign: thematic categorization (watching-other) replacing the alphabetical es:<lemma> grouping.
s6qz7seduj	despedir a [alguien]	to fire [somebody]	reference	topic:verb-social-relationships	Verb subtopic redesign: thematic categorization (social-relationships) replacing the alphabetical es:<lemma> grouping.
kxzo7hrvsf	andar [un dispositivo]	for [a device] to work	reference	topic:verb-household-1	Verb subtopic redesign: thematic categorization (household-1) replacing the alphabetical es:<lemma> grouping.
ilhsuo6j13	andar con [alguien]	to be seeing [somebody]	reference	topic:verb-locomotion-general	Verb subtopic redesign: thematic categorization (locomotion-general) replacing the alphabetical es:<lemma> grouping.
p7tqiahqw5	apuntarse a [algo]	to sign up for [something]	reference	topic:verb-communication-naming	Verb subtopic redesign: thematic categorization (communication-naming) replacing the alphabetical es:<lemma> grouping.
v8tjp3s2k0	apuntar hacia [algo]	to point toward [something]	reference	topic:verb-communication-naming	Verb subtopic redesign: thematic categorization (communication-naming) replacing the alphabetical es:<lemma> grouping.
i0nrqvquwp	levantar [algo]	to pick up [something]	reference	topic:verb-movement-directional	Verb subtopic redesign: thematic categorization (movement-directional) replacing the alphabetical es:<lemma> grouping.
hg0fms84jb	apuntar a [algo]	to point to [something]	reference	topic:verb-communication-naming	Verb subtopic redesign: thematic categorization (communication-naming) replacing the alphabetical es:<lemma> grouping.
olvheflsx5	apuntarse	to join in	reference	topic:verb-communication-naming	Verb subtopic redesign: thematic categorization (communication-naming) replacing the alphabetical es:<lemma> grouping.
7g9t44368j	apuntar a [hacer algo]	to aim to [do something]	reference	topic:verb-communication-naming	Verb subtopic redesign: thematic categorization (communication-naming) replacing the alphabetical es:<lemma> grouping.
tbicbtr0u6	apuntar [algo]	to record [something]	reference	topic:verb-communication-formal	Verb subtopic redesign: thematic categorization (communication-formal) replacing the alphabetical es:<lemma> grouping.
keipu2amzu	despedir [algo]	to give off [something]	reference	topic:verb-social-relationships	Verb subtopic redesign: thematic categorization (social-relationships) replacing the alphabetical es:<lemma> grouping.
yfiloyn264	callar	to remain silent	reference	topic:verb-communication-other-1	Verb subtopic redesign: thematic categorization (communication-other-1) replacing the alphabetical es:<lemma> grouping.
l9nbah9qj7	ayudar a [hacer algo]	to help [do something]	reference	topic:verb-social-relationships	Verb subtopic redesign: thematic categorization (social-relationships) replacing the alphabetical es:<lemma> grouping.
6zok4qn7s1	ayudarse de [algo]	to use [something] to help oneself	reference	topic:verb-social-relationships	Verb subtopic redesign: thematic categorization (social-relationships) replacing the alphabetical es:<lemma> grouping.
fkr7q6ehdp	casar a [alguien]	to marry [somebody]	reference	topic:verb-social-relationships	Verb subtopic redesign: thematic categorization (social-relationships) replacing the alphabetical es:<lemma> grouping.
0jgdkhwoy1	callar [algo]	to keep [something] quiet	reference	topic:verb-communication-other-1	Verb subtopic redesign: thematic categorization (communication-other-1) replacing the alphabetical es:<lemma> grouping.
w8obyhwxnh	andar por [un lugar]	to go around [a place]	reference	topic:verb-locomotion-general	Verb subtopic redesign: thematic categorization (locomotion-general) replacing the alphabetical es:<lemma> grouping.
knv7edhbxa	dirigirse hacia [un lugar]	to head toward [a place]	reference	topic:verb-formal-remainder-5	Verb subtopic redesign: thematic categorization (formal-remainder-5) replacing the alphabetical es:<lemma> grouping.
27wshog3ea	casar con [algo]	to match [something]	reference	topic:verb-social-relationships	Verb subtopic redesign: thematic categorization (social-relationships) replacing the alphabetical es:<lemma> grouping.
gx8qvdgggd	casar [algo] con [algo]	to reconcile [something] with [something]	reference	topic:verb-social-relationships	Verb subtopic redesign: thematic categorization (social-relationships) replacing the alphabetical es:<lemma> grouping.
jeknschyp1	dirigir [algo]	to run [something]	reference	topic:verb-formal-remainder-5	Verb subtopic redesign: thematic categorization (formal-remainder-5) replacing the alphabetical es:<lemma> grouping.
1w53owbdde	despedirse de [alguien]	to say goodbye to [somebody]	reference	topic:verb-social-relationships	Verb subtopic redesign: thematic categorization (social-relationships) replacing the alphabetical es:<lemma> grouping.
7ga4rwg1hq	lucirse	to do brilliantly	reference	topic:verb-watching-other	Verb subtopic redesign: thematic categorization (watching-other) replacing the alphabetical es:<lemma> grouping.
sw4rfj6xiz	dirigir [algo]	to lead [something]	reference	topic:verb-formal-remainder-5	Verb subtopic redesign: thematic categorization (formal-remainder-5) replacing the alphabetical es:<lemma> grouping.
5wn1kdo8om	apuntar [algo]	to write down [something]	reference	topic:verb-communication-formal	Verb subtopic redesign: thematic categorization (communication-formal) replacing the alphabetical es:<lemma> grouping.
jx30cy0knp	dirigir [algo] a [alguien]	to address [something] to [somebody]	reference	topic:verb-formal-remainder-5	Verb subtopic redesign: thematic categorization (formal-remainder-5) replacing the alphabetical es:<lemma> grouping.
9hg67ws4uf	lucir [algo]	to wear [something]	reference	topic:verb-bringing	Verb subtopic redesign: thematic categorization (bringing) replacing the alphabetical es:<lemma> grouping.
cpirdm8nas	apuntar a [algo]	to aim at [something]	reference	topic:verb-communication-naming	Verb subtopic redesign: thematic categorization (communication-naming) replacing the alphabetical es:<lemma> grouping.
ilvyid32a1	lucir [adjetivo]	to look [adjective]	reference	topic:verb-watching-other	Verb subtopic redesign: thematic categorization (watching-other) replacing the alphabetical es:<lemma> grouping.
gld2us3kz8	lucir [algo]	to display [something]	reference	topic:verb-watching-other	Verb subtopic redesign: thematic categorization (watching-other) replacing the alphabetical es:<lemma> grouping.
l4v9bkfwpa	subir	to rise	reference	topic:verb-movement-directional	Verb subtopic redesign: thematic categorization (movement-directional) replacing the alphabetical es:<lemma> grouping.
nam9b22zd9	lucirse	to show off	reference	topic:verb-watching-other	Verb subtopic redesign: thematic categorization (watching-other) replacing the alphabetical es:<lemma> grouping.
w93c07l74k	marcar [algo]	to mark [something]	reference	topic:verb-communication-naming	Verb subtopic redesign: thematic categorization (communication-naming) replacing the alphabetical es:<lemma> grouping.
vg4oykxghk	lucirle bien [algo] a [alguien]	for [something] to look good on [somebody]	reference	topic:verb-watching-other	Verb subtopic redesign: thematic categorization (watching-other) replacing the alphabetical es:<lemma> grouping.
bsy2e9mwlo	subir de peso	to gain weight	reference	topic:verb-health-body	Verb subtopic redesign: thematic categorization (health-body) replacing the alphabetical es:<lemma> grouping.
hjs9ep6fcx	andar [haciendo algo]	to be [doing something]	reference	topic:verb-locomotion-general	Verb subtopic redesign: thematic categorization (locomotion-general) replacing the alphabetical es:<lemma> grouping.
9j908ncq6v	marcar [un número]	to dial [a number]	reference	topic:verb-communication-naming	Verb subtopic redesign: thematic categorization (communication-naming) replacing the alphabetical es:<lemma> grouping.
od7ue4t4a8	marcar [un punto]	to score [a point]	reference	topic:verb-communication-naming	Verb subtopic redesign: thematic categorization (communication-naming) replacing the alphabetical es:<lemma> grouping.
5b4zdy92e4	subir [un ajuste]	to turn up [a setting]	reference	topic:verb-movement-directional	Verb subtopic redesign: thematic categorization (movement-directional) replacing the alphabetical es:<lemma> grouping.
h1hgpmfjqn	levantar [algo]	to lift [something]	reference	topic:verb-movement-directional	Verb subtopic redesign: thematic categorization (movement-directional) replacing the alphabetical es:<lemma> grouping.
72hxaia566	rendir frutos	to pay off	reference	topic:verb-money-commerce-2	Verb subtopic redesign: thematic categorization (money-commerce-2) replacing the alphabetical es:<lemma> grouping.
ue5wg57wnn	rendirse	to surrender	reference	topic:verb-money-commerce-2	Verb subtopic redesign: thematic categorization (money-commerce-2) replacing the alphabetical es:<lemma> grouping.
hqusqt34k6	rendirse	to give up	reference	topic:verb-money-commerce-2	Verb subtopic redesign: thematic categorization (money-commerce-2) replacing the alphabetical es:<lemma> grouping.
jj2s83qp8n	salvar a [alguien]	to save [somebody]	reference	topic:verb-formal-remainder-13	Verb subtopic redesign: thematic categorization (formal-remainder-13) replacing the alphabetical es:<lemma> grouping.
jfmjm99m19	salvarle la vida a [alguien]	to save [somebody's] life	reference	topic:verb-formal-remainder-13	Verb subtopic redesign: thematic categorization (formal-remainder-13) replacing the alphabetical es:<lemma> grouping.
hkmhxwijiw	marcar [una medida]	to indicate [a measurement]	reference	topic:verb-communication-naming	Verb subtopic redesign: thematic categorization (communication-naming) replacing the alphabetical es:<lemma> grouping.
vb4hrz9umj	marcar [una fecha u hora]	to schedule [a date or time]	reference	topic:verb-social-relationships	Verb subtopic redesign: thematic categorization (social-relationships) replacing the alphabetical es:<lemma> grouping.
jtxyzlj6nv	salvar [un obstáculo]	to overcome [an obstacle]	reference	topic:verb-formal-remainder-13	Verb subtopic redesign: thematic categorization (formal-remainder-13) replacing the alphabetical es:<lemma> grouping.
4t3k0v5chd	sentar las bases de [algo]	to lay the foundation for [something]	reference	topic:verb-daily-routine	Verb subtopic redesign: thematic categorization (daily-routine) replacing the alphabetical es:<lemma> grouping.
x3aciqvw7q	marcar [algo]	to shape [something]	reference	topic:verb-communication-naming	Verb subtopic redesign: thematic categorization (communication-naming) replacing the alphabetical es:<lemma> grouping.
khn4nszu77	tirar de [algo]	to pull [something]	reference	topic:verb-taking-removing-2	Verb subtopic redesign: thematic categorization (taking-removing-2) replacing the alphabetical es:<lemma> grouping.
5fj4e797ml	partir [algo]	to split [something]	reference	topic:verb-movement-leaving	Verb subtopic redesign: thematic categorization (movement-leaving) replacing the alphabetical es:<lemma> grouping.
qbmtcey423	tirar [algo]	to throw away [something]	reference	topic:verb-taking-removing-2	Verb subtopic redesign: thematic categorization (taking-removing-2) replacing the alphabetical es:<lemma> grouping.
i45j20q1be	tirar [algo]	to waste [something]	reference	topic:verb-taking-removing-2	Verb subtopic redesign: thematic categorization (taking-removing-2) replacing the alphabetical es:<lemma> grouping.
qdhjj8exwl	tirar hacia [un lugar]	to pull toward [a place]	reference	topic:verb-taking-removing-2	Verb subtopic redesign: thematic categorization (taking-removing-2) replacing the alphabetical es:<lemma> grouping.
bqha0lt3ra	partir de [algo]	to start from [something]	reference	topic:verb-movement-leaving	Verb subtopic redesign: thematic categorization (movement-leaving) replacing the alphabetical es:<lemma> grouping.
r307dnrn4m	partirle el corazón a [alguien]	to break [somebody's] heart	reference	topic:verb-movement-directional-verbs	Verb subtopic redesign: thematic categorization (movement-directional-verbs) replacing the alphabetical es:<lemma> grouping.
zzwblkhtbk	rendir	to perform	reference	topic:verb-money-commerce-2	Verb subtopic redesign: thematic categorization (money-commerce-2) replacing the alphabetical es:<lemma> grouping.
si6tzlf06j	salvar [algo]	to rescue [something]	reference	topic:verb-formal-remainder-13	Verb subtopic redesign: thematic categorization (formal-remainder-13) replacing the alphabetical es:<lemma> grouping.
spmns9bg07	rendir [resultados]	to yield [results]	reference	topic:verb-money-commerce-2	Verb subtopic redesign: thematic categorization (money-commerce-2) replacing the alphabetical es:<lemma> grouping.
y2s6dt7bku	sentar a [alguien]	to seat [somebody]	reference	topic:verb-daily-routine	Verb subtopic redesign: thematic categorization (daily-routine) replacing the alphabetical es:<lemma> grouping.
977cxas6wl	marcar la diferencia	to make a difference	reference	topic:verb-communication-naming	Verb subtopic redesign: thematic categorization (communication-naming) replacing the alphabetical es:<lemma> grouping.
ed3n0mj0i5	sentar un precedente	to set a precedent	reference	topic:verb-daily-routine	Verb subtopic redesign: thematic categorization (daily-routine) replacing the alphabetical es:<lemma> grouping.
bvc9f4ew19	estar activo ==> la actividad	to be active ==> the activity	reference	topic:verb-estar-idioms-1	Verb subtopic redesign: thematic categorization (estar-idioms-1) replacing the alphabetical es:<lemma> grouping.
43l3giqx0c	estar disponible ==> la disponibilidad	to be available ==> the availability	reference	topic:verb-estar-idioms-2	Verb subtopic redesign: thematic categorization (estar-idioms-2) replacing the alphabetical es:<lemma> grouping.
r2sms8158b	estar aburrido ==> el aburrimiento	to be bored ==> the boredom	reference	topic:verb-estar-idioms-1	Verb subtopic redesign: thematic categorization (estar-idioms-1) replacing the alphabetical es:<lemma> grouping.
zjixrrmhoh	estar de acuerdo ==> el acuerdo	to agree ==> the agreement	reference	topic:verb-estar-idioms-1	Verb subtopic redesign: thematic categorization (estar-idioms-1) replacing the alphabetical es:<lemma> grouping.
zjoxpuz3cv	ser el blanco de [algo]	to be the target of [something]	reference	topic:verb-ser-idioms-2	Verb subtopic redesign: thematic categorization (ser-idioms-2) replacing the alphabetical es:<lemma> grouping.
p4jf3voka2	el poder ==> ser poderoso	the power ==> to be powerful	supporting	topic:verb-modal-ability-1	Verb subtopic redesign: thematic categorization (modal-ability-1) replacing the alphabetical es:<lemma> grouping.
rfob016mlk	el poder ==> ser impotente	the power ==> to be powerless	reference	topic:verb-modal-ability-1	Verb subtopic redesign: thematic categorization (modal-ability-1) replacing the alphabetical es:<lemma> grouping.
4hvzrkx09y	adoptar	to adopt	supporting	topic:verb-formal-remainder-1	Verb subtopic redesign: thematic categorization (formal-remainder-1) replacing the alphabetical es:<lemma> grouping.
nu004oqkyq	adaptar	to adapt	supporting	topic:verb-formal-remainder-1	Verb subtopic redesign: thematic categorization (formal-remainder-1) replacing the alphabetical es:<lemma> grouping.
qonttifuhw	encriptar	to encrypt	reference	topic:verb-technology-digital	Verb subtopic redesign: thematic categorization (technology-digital) replacing the alphabetical es:<lemma> grouping.
eg9n4h2vxt	interceptar	to intercept	reference	topic:verb-formal-remainder-8	Verb subtopic redesign: thematic categorization (formal-remainder-8) replacing the alphabetical es:<lemma> grouping.
4m1gtdvtrc	cancelar	to cancel	supporting	topic:verb-formal-remainder-3	Verb subtopic redesign: thematic categorization (formal-remainder-3) replacing the alphabetical es:<lemma> grouping.
6e9qxav69p	considerar	to consider	supporting	topic:verb-deciding-considering	Verb subtopic redesign: thematic categorization (deciding-considering) replacing the alphabetical es:<lemma> grouping.
heyjux7tob	confirmar	to confirm	supporting	topic:verb-formal-remainder-4	Verb subtopic redesign: thematic categorization (formal-remainder-4) replacing the alphabetical es:<lemma> grouping.
qjzcabgyb5	informar	to inform	supporting	topic:verb-communication-formal	Verb subtopic redesign: thematic categorization (communication-formal) replacing the alphabetical es:<lemma> grouping.
oze11uouhg	transformar	to transform	supporting	topic:verb-creation-repair-other	Verb subtopic redesign: thematic categorization (creation-repair-other) replacing the alphabetical es:<lemma> grouping.
xd020ctw06	costar	to cost	supporting	topic:verb-money-earning-spending	Verb subtopic redesign: thematic categorization (money-earning-spending) replacing the alphabetical es:<lemma> grouping.
8oqv3z5q0v	reformar	to reform	reference	topic:verb-formal-remainder-12	Verb subtopic redesign: thematic categorization (formal-remainder-12) replacing the alphabetical es:<lemma> grouping.
60quwmubtn	afirmar	to affirm	reference	topic:verb-formal-remainder-2	Verb subtopic redesign: thematic categorization (formal-remainder-2) replacing the alphabetical es:<lemma> grouping.
wi8vr5itjx	formar	to form	supporting	topic:verb-creation-repair-other	Verb subtopic redesign: thematic categorization (creation-repair-other) replacing the alphabetical es:<lemma> grouping.
nam8t6o2da	alarmar	to alarm	reference	topic:verb-household-1	Verb subtopic redesign: thematic categorization (household-1) replacing the alphabetical es:<lemma> grouping.
357bx3sba4	existir	to exist	supporting	topic:verb-wishes-2	Verb subtopic redesign: thematic categorization (wishes-2) replacing the alphabetical es:<lemma> grouping.
vm9w0mrckd	persistir	to persist	reference	topic:verb-wishes-2	Verb subtopic redesign: thematic categorization (wishes-2) replacing the alphabetical es:<lemma> grouping.
szl8div93d	resistir	to resist	supporting	topic:verb-conflict-crime	Verb subtopic redesign: thematic categorization (conflict-crime) replacing the alphabetical es:<lemma> grouping.
p1ujqiawh0	insistir	to insist	supporting	topic:verb-formal-remainder-8	Verb subtopic redesign: thematic categorization (formal-remainder-8) replacing the alphabetical es:<lemma> grouping.
7u4e2bcy3x	armar	to arm	reference	topic:verb-formal-remainder-2	Verb subtopic redesign: thematic categorization (formal-remainder-2) replacing the alphabetical es:<lemma> grouping.
qszqbcro8d	desarmar	to disarm	reference	topic:verb-creation-repair-other	Verb subtopic redesign: thematic categorization (creation-repair-other) replacing the alphabetical es:<lemma> grouping.
6k53g7qqh7	consistir en	to consist of	supporting	topic:verb-formal-remainder-4	Verb subtopic redesign: thematic categorization (formal-remainder-4) replacing the alphabetical es:<lemma> grouping.
fn4t06n2a1	desistir de	to desist from	reference	topic:verb-formal-remainder-5	Verb subtopic redesign: thematic categorization (formal-remainder-5) replacing the alphabetical es:<lemma> grouping.
594or6yxdx	funcionar	to function	supporting	topic:verb-formal-remainder-7	Verb subtopic redesign: thematic categorization (formal-remainder-7) replacing the alphabetical es:<lemma> grouping.
j9tc00ai4d	mencionar	to mention	supporting	topic:verb-communication-formal	Verb subtopic redesign: thematic categorization (communication-formal) replacing the alphabetical es:<lemma> grouping.
n4p1guor4u	condicionar	to condition	reference	topic:verb-formal-remainder-3	Verb subtopic redesign: thematic categorization (formal-remainder-3) replacing the alphabetical es:<lemma> grouping.
15acw0vdrq	someterse	to submit	reference	topic:verb-admin-legal-formal	Verb subtopic redesign: thematic categorization (admin-legal-formal) replacing the alphabetical es:<lemma> grouping.
7193nsmx07	remitir	to remit	reference	topic:verb-formal-remainder-12	Verb subtopic redesign: thematic categorization (formal-remainder-12) replacing the alphabetical es:<lemma> grouping.
hpqr1ns3w1	referirse a	to refer to	supporting	topic:verb-formal-remainder-12	Verb subtopic redesign: thematic categorization (formal-remainder-12) replacing the alphabetical es:<lemma> grouping.
cl6jhf2u3u	transmitir	to transmit	reference	topic:verb-communication-formal	Verb subtopic redesign: thematic categorization (communication-formal) replacing the alphabetical es:<lemma> grouping.
4b6y1dtam9	permitir	to permit	supporting	topic:verb-admin-legal-formal	Verb subtopic redesign: thematic categorization (admin-legal-formal) replacing the alphabetical es:<lemma> grouping.
pqwwsqguca	coexistir	to coexist	reference	topic:verb-wishes-1	Verb subtopic redesign: thematic categorization (wishes-1) replacing the alphabetical es:<lemma> grouping.
31t4x032vy	controlar	to control	supporting	topic:verb-formal-remainder-4	Verb subtopic redesign: thematic categorization (formal-remainder-4) replacing the alphabetical es:<lemma> grouping.
huqj9mq0gj	admitir	to admit	supporting	topic:verb-communication-formal	Verb subtopic redesign: thematic categorization (communication-formal) replacing the alphabetical es:<lemma> grouping.
9y3wackzb5	omitir	to omit	reference	topic:verb-formal-remainder-10	Verb subtopic redesign: thematic categorization (formal-remainder-10) replacing the alphabetical es:<lemma> grouping.
znnmxrglvi	preferir	to prefer	supporting	topic:verb-formal-remainder-11	Verb subtopic redesign: thematic categorization (formal-remainder-11) replacing the alphabetical es:<lemma> grouping.
bm5xv1t2ju	emitir	to emit	reference	topic:verb-formal-remainder-6	Verb subtopic redesign: thematic categorization (formal-remainder-6) replacing the alphabetical es:<lemma> grouping.
9p7i1zi6h6	aceptar	to accept	supporting	topic:verb-formal-remainder-1	Verb subtopic redesign: thematic categorization (formal-remainder-1) replacing the alphabetical es:<lemma> grouping.
137ua2ss5b	experimentar	to experiment	reference	topic:verb-formal-remainder-7	Verb subtopic redesign: thematic categorization (formal-remainder-7) replacing the alphabetical es:<lemma> grouping.
p1p6rjy1g1	ofrecer	to offer	supporting	topic:verb-offering	Verb subtopic redesign: thematic categorization (offering) replacing the alphabetical es:<lemma> grouping.
lwdg45y70j	complementar	to complement	reference	topic:verb-formal-abstract-2	Verb subtopic redesign: thematic categorization (formal-abstract-2) replacing the alphabetical es:<lemma> grouping.
zkqs98jt1l	orientar	to orient	reference	topic:verb-formal-remainder-10	Verb subtopic redesign: thematic categorization (formal-remainder-10) replacing the alphabetical es:<lemma> grouping.
uzmwwefycv	suspender	to suspend	reference	topic:verb-formal-remainder-14	Verb subtopic redesign: thematic categorization (formal-remainder-14) replacing the alphabetical es:<lemma> grouping.
xc3uttauvw	ascender	to ascend	reference	topic:verb-formal-remainder-2	Verb subtopic redesign: thematic categorization (formal-remainder-2) replacing the alphabetical es:<lemma> grouping.
ar0hh5n2qk	descender	to descend	reference	topic:verb-formal-remainder-5	Verb subtopic redesign: thematic categorization (formal-remainder-5) replacing the alphabetical es:<lemma> grouping.
yavmgezich	recomendar	to recommend	supporting	topic:verb-formal-remainder-12	Verb subtopic redesign: thematic categorization (formal-remainder-12) replacing the alphabetical es:<lemma> grouping.
qz1w4uhz07	depender	to depend	supporting	topic:verb-formal-remainder-5	Verb subtopic redesign: thematic categorization (formal-remainder-5) replacing the alphabetical es:<lemma> grouping.
g56qy8ibkk	trascender	to transcend	reference	topic:verb-formal-remainder-14	Verb subtopic redesign: thematic categorization (formal-remainder-14) replacing the alphabetical es:<lemma> grouping.
5ktdhyqktc	reportar	to report	supporting	topic:verb-communication-formal	Verb subtopic redesign: thematic categorization (communication-formal) replacing the alphabetical es:<lemma> grouping.
buxp2vht7l	deportar	to deport	reference	topic:verb-formal-remainder-5	Verb subtopic redesign: thematic categorization (formal-remainder-5) replacing the alphabetical es:<lemma> grouping.
yudkd8ppow	responder	to respond	supporting	topic:verb-formal-remainder-13	Verb subtopic redesign: thematic categorization (formal-remainder-13) replacing the alphabetical es:<lemma> grouping.
s2ykj8ztvj	visitar	to visit	supporting	topic:verb-social-relationships	Verb subtopic redesign: thematic categorization (social-relationships) replacing the alphabetical es:<lemma> grouping.
dv6yuzifmm	limitar	to limit	supporting	topic:verb-formal-remainder-9	Verb subtopic redesign: thematic categorization (formal-remainder-9) replacing the alphabetical es:<lemma> grouping.
qk9p697786	acreditar	to credit	reference	topic:verb-formal-remainder-1	Verb subtopic redesign: thematic categorization (formal-remainder-1) replacing the alphabetical es:<lemma> grouping.
4vjw5ypya0	editar	to edit	supporting	topic:verb-formal-remainder-6	Verb subtopic redesign: thematic categorization (formal-remainder-6) replacing the alphabetical es:<lemma> grouping.
6pov7295wy	auditar	to audit	reference	topic:verb-formal-remainder-2	Verb subtopic redesign: thematic categorization (formal-remainder-2) replacing the alphabetical es:<lemma> grouping.
4bw8ouizxd	vomitar	to vomit	reference	topic:verb-health-body	Verb subtopic redesign: thematic categorization (health-body) replacing the alphabetical es:<lemma> grouping.
ux6olw5wle	representar	to represent	supporting	topic:verb-formal-remainder-12	Verb subtopic redesign: thematic categorization (formal-remainder-12) replacing the alphabetical es:<lemma> grouping.
i1d5xyswv5	inventar	to invent	supporting	topic:verb-formal-remainder-8	Verb subtopic redesign: thematic categorization (formal-remainder-8) replacing the alphabetical es:<lemma> grouping.
v4jvn24z90	comentar	to comment	supporting	topic:verb-communication-formal	Verb subtopic redesign: thematic categorization (communication-formal) replacing the alphabetical es:<lemma> grouping.
dpcbf2wx7l	sufrir	to suffer	supporting	topic:verb-health-body	Verb subtopic redesign: thematic categorization (health-body) replacing the alphabetical es:<lemma> grouping.
ktufkog3lp	inferir	to infer	reference	topic:verb-deciding-considering	Verb subtopic redesign: thematic categorization (deciding-considering) replacing the alphabetical es:<lemma> grouping.
psjycfzsmh	conferir	to confer	reference	topic:verb-formal-remainder-4	Verb subtopic redesign: thematic categorization (formal-remainder-4) replacing the alphabetical es:<lemma> grouping.
w9bz3hfyb4	defender	to defend	supporting	topic:verb-conflict-crime	Verb subtopic redesign: thematic categorization (conflict-crime) replacing the alphabetical es:<lemma> grouping.
816fu6ayqa	presentar	to present	supporting	topic:verb-formal-remainder-11	Verb subtopic redesign: thematic categorization (formal-remainder-11) replacing the alphabetical es:<lemma> grouping.
vbyvw1ar60	estar frío ==> estar algo frío	to be cold ==> to be coldish	reference	topic:verb-estar-idioms-2	Verb subtopic redesign: thematic categorization (estar-idioms-2) replacing the alphabetical es:<lemma> grouping.
yx2twx4lyf	estar enfermo ==> la enfermedad	to be ill ==> the illness	reference	topic:verb-estar-idioms-2	Verb subtopic redesign: thematic categorization (estar-idioms-2) replacing the alphabetical es:<lemma> grouping.
c0ycs4sr3d	estar listo ==> la preparación	to be ready ==> the readiness	reference	topic:verb-estar-idioms-2	Verb subtopic redesign: thematic categorization (estar-idioms-2) replacing the alphabetical es:<lemma> grouping.
tozoznqlli	estar sin esperanza ==> la desesperanza	to be hopeless ==> the hopelessness	reference	topic:verb-estar-idioms-2	Verb subtopic redesign: thematic categorization (estar-idioms-2) replacing the alphabetical es:<lemma> grouping.
6du2hkieee	estar muerto ==> la muerte	to be dead ==> the death	reference	topic:verb-estar-idioms-2	Verb subtopic redesign: thematic categorization (estar-idioms-2) replacing the alphabetical es:<lemma> grouping.
z5nq5xkxnd	estar listo ==> estar más o menos listo	to be ready ==> to be ready-ish	reference	topic:verb-estar-idioms-2	Verb subtopic redesign: thematic categorization (estar-idioms-2) replacing the alphabetical es:<lemma> grouping.
vbtrrcbmlc	estar cálido ==> la calidez	to be warm ==> the warmth	reference	topic:verb-estar-idioms-1	Verb subtopic redesign: thematic categorization (estar-idioms-1) replacing the alphabetical es:<lemma> grouping.
q603v2185b	estar bien ==> estar más o menos bien	to be okay ==> to be okay-ish	reference	topic:verb-estar-idioms-1	Verb subtopic redesign: thematic categorization (estar-idioms-1) replacing the alphabetical es:<lemma> grouping.
23teiayo6g	convertirse en [algo]	to become [something]	reference	topic:verb-creation-repair-other	Verb subtopic redesign: thematic categorization (creation-repair-other) replacing the alphabetical es:<lemma> grouping.
ut8jfj84nw	permitir [hacer algo]	to allow [doing something]	reference	topic:verb-admin-legal-formal	Verb subtopic redesign: thematic categorization (admin-legal-formal) replacing the alphabetical es:<lemma> grouping.
ytr81haq2m	estar de acuerdo ==> estar en desacuerdo	to agree ==> to disagree	supporting	topic:verb-estar-idioms-1	Verb subtopic redesign: thematic categorization (estar-idioms-1) replacing the alphabetical es:<lemma> grouping.
28wuv5j1dp	comenzar a [hacer algo]	to begin [to do something]	reference	topic:verb-wishes-1	Verb subtopic redesign: thematic categorization (wishes-1) replacing the alphabetical es:<lemma> grouping.
wlak5wglp1	continuar [haciendo algo]	to continue [to do something]	reference	topic:verb-wishes-1	Verb subtopic redesign: thematic categorization (wishes-1) replacing the alphabetical es:<lemma> grouping.
cbhs0k69zd	ser [adjetivo] [hacer algo]	it is [adjective] [to do something]	core	topic:verb-tobe-present	Verb subtopic redesign: thematic categorization (tobe-present) replacing the alphabetical es:<lemma> grouping.
c16i76gpbx	hace	does	core	topic:verb-creation-hacer	Verb subtopic redesign: thematic categorization (creation-hacer) replacing the alphabetical es:<lemma> grouping.
gis8rns2at	esperar con ilusión [algo]	to look forward to [something]	reference	topic:verb-hoping-waiting	Verb subtopic redesign: thematic categorization (hoping-waiting) replacing the alphabetical es:<lemma> grouping.
ywf23kyjgw	[hacer algo] (futuro)	will [do something]	core	topic:verb-wishes-1	Verb subtopic redesign: thematic categorization (wishes-1) replacing the alphabetical es:<lemma> grouping.
was02kzdys	continuar [haciendo algo]	to continue [doing something]	reference	topic:verb-wishes-1	Verb subtopic redesign: thematic categorization (wishes-1) replacing the alphabetical es:<lemma> grouping.
aojc7un24g	no lo hagas	don't do it	supporting	topic:verb-wishes-2	Verb subtopic redesign: thematic categorization (wishes-2) replacing the alphabetical es:<lemma> grouping.
ext92eedsy	empezar a [hacer algo]	to start [doing something]	reference	topic:verb-wishes-1	Verb subtopic redesign: thematic categorization (wishes-1) replacing the alphabetical es:<lemma> grouping.
4mkm6qyxir	elegir [hacer algo]	to choose [to do something]	reference	topic:verb-deciding-considering	Verb subtopic redesign: thematic categorization (deciding-considering) replacing the alphabetical es:<lemma> grouping.
58sc7ad4dy	ayudarle a [alguien] a [hacer algo]	to help [somebody] [to do something]	supporting	topic:verb-social-relationships	Verb subtopic redesign: thematic categorization (social-relationships) replacing the alphabetical es:<lemma> grouping.
dxmrjpsxuk	haciendo	doing	core	topic:verb-wishes-2	Verb subtopic redesign: thematic categorization (wishes-2) replacing the alphabetical es:<lemma> grouping.
16bgwsuy7m	hacer que [alguien] [haga algo]	to have [somebody] [do something]	reference	topic:verb-creation-hacer	Verb subtopic redesign: thematic categorization (creation-hacer) replacing the alphabetical es:<lemma> grouping.
fe4son9mxi	decidir [hacer algo]	to decide [to do something]	supporting	topic:verb-deciding-considering	Verb subtopic redesign: thematic categorization (deciding-considering) replacing the alphabetical es:<lemma> grouping.
te8x9qnkt0	comenzar a [hacer algo]	to begin [doing something]	reference	topic:verb-wishes-1	Verb subtopic redesign: thematic categorization (wishes-1) replacing the alphabetical es:<lemma> grouping.
0jznmegke5	ayudarle a [alguien] a [hacer algo]	to help [somebody] [do something]	supporting	topic:verb-social-relationships	Verb subtopic redesign: thematic categorization (social-relationships) replacing the alphabetical es:<lemma> grouping.
uu4qjzuter	intentar [hacer algo]	to try [to do something]	supporting	topic:verb-formal-remainder-8	Verb subtopic redesign: thematic categorization (formal-remainder-8) replacing the alphabetical es:<lemma> grouping.
3f2ohlydl9	obligar a [alguien] a [hacer algo]	to make [somebody] [do something]	supporting	topic:verb-formal-remainder-10	Verb subtopic redesign: thematic categorization (formal-remainder-10) replacing the alphabetical es:<lemma> grouping.
39u2srbvlk	[hacer algo] (condicional)	would [do something]	core	topic:verb-wishes-1	Verb subtopic redesign: thematic categorization (wishes-1) replacing the alphabetical es:<lemma> grouping.
lxgkm4sg3u	hecho	done	core	topic:verb-wishes-2	Verb subtopic redesign: thematic categorization (wishes-2) replacing the alphabetical es:<lemma> grouping.
h4it1wwpn1	empezar a [hacer algo]	to start [to do something]	reference	topic:verb-wishes-2	Verb subtopic redesign: thematic categorization (wishes-2) replacing the alphabetical es:<lemma> grouping.
8jc9z3a7z4	puede que [alguien] [haga algo]	[somebody] might [do something]	reference	topic:verb-modal-possibility	Verb subtopic redesign: thematic categorization (modal-possibility) replacing the alphabetical es:<lemma> grouping.
qt9aqatj4f	hacer	to do	core	topic:verb-creation-hacer	Verb subtopic redesign: thematic categorization (creation-hacer) replacing the alphabetical es:<lemma> grouping.
sgum9oyi5l	hizo	did	core	topic:verb-creation-hacer	Verb subtopic redesign: thematic categorization (creation-hacer) replacing the alphabetical es:<lemma> grouping.
am1zzaxcoi	venir a [hacer algo]	to come [do something]	reference	topic:verb-movement-coming	Verb subtopic redesign: thematic categorization (movement-coming) replacing the alphabetical es:<lemma> grouping.
8wpdwqvpbe	ir a [hacer algo]	to go [do something]	supporting	topic:verb-movement-going	Verb subtopic redesign: thematic categorization (movement-going) replacing the alphabetical es:<lemma> grouping.
yqvaxktaxf	notar a [alguien] [haciendo algo]	to notice [somebody] [doing something]	reference	topic:verb-watching-other	Verb subtopic redesign: thematic categorization (watching-other) replacing the alphabetical es:<lemma> grouping.
3y3hr4u7s0	evitar [hacer algo]	to avoid [doing something]	supporting	topic:verb-formal-remainder-7	Verb subtopic redesign: thematic categorization (formal-remainder-7) replacing the alphabetical es:<lemma> grouping.
wikkywcgdf	disfrutar [hacer algo]	to enjoy [doing something]	reference	topic:verb-formal-remainder-6	Verb subtopic redesign: thematic categorization (formal-remainder-6) replacing the alphabetical es:<lemma> grouping.
b9jbbszwof	hacer [hacer algo]	to have [something] [done]	supporting	topic:verb-creation-hacer	Verb subtopic redesign: thematic categorization (creation-hacer) replacing the alphabetical es:<lemma> grouping.
leowvp7a8n	estudiar ==> estudia	to study ==> studies	reference	topic:verb-learning-teaching	Verb subtopic redesign: thematic categorization (learning-teaching) replacing the alphabetical es:<lemma> grouping.
qg82ypat4e	tratar ==> trata	to try ==> tries	reference	topic:verb-formal-remainder-14	Verb subtopic redesign: thematic categorization (formal-remainder-14) replacing the alphabetical es:<lemma> grouping.
rirmatii98	ser visto [hacer algo]	to be seen to [do something]	reference	topic:verb-ser-idioms-2	Verb subtopic redesign: thematic categorization (ser-idioms-2) replacing the alphabetical es:<lemma> grouping.
nescdc4of4	oír a [alguien] [haciendo algo]	to hear [somebody] [doing something]	reference	topic:verb-perception-hearing	Verb subtopic redesign: thematic categorization (perception-hearing) replacing the alphabetical es:<lemma> grouping.
5ghn7qdcb9	observar a [alguien] [hacer algo]	to watch [somebody] [do something]	reference	topic:verb-watching-other	Verb subtopic redesign: thematic categorization (watching-other) replacing the alphabetical es:<lemma> grouping.
k0xotyudww	observar a [alguien] [haciendo algo]	to watch [somebody] [doing something]	reference	topic:verb-watching-other	Verb subtopic redesign: thematic categorization (watching-other) replacing the alphabetical es:<lemma> grouping.
md76l01y42	sentir a [alguien o algo] [hacer algo]	to feel [somebody or something] [do something]	reference	topic:verb-feelings-general	Verb subtopic redesign: thematic categorization (feelings-general) replacing the alphabetical es:<lemma> grouping.
yxx7sx1wqo	sentir a [alguien o algo] [haciendo algo]	to feel [somebody or something] [doing something]	reference	topic:verb-feelings-general	Verb subtopic redesign: thematic categorization (feelings-general) replacing the alphabetical es:<lemma> grouping.
irjthpqcky	notar a [alguien] [hacer algo]	to notice [somebody] [do something]	reference	topic:verb-watching-other	Verb subtopic redesign: thematic categorization (watching-other) replacing the alphabetical es:<lemma> grouping.
r6gr6g96nw	esperar con ilusión [hacer algo]	to look forward to [doing something]	reference	topic:verb-hoping-waiting	Verb subtopic redesign: thematic categorization (hoping-waiting) replacing the alphabetical es:<lemma> grouping.
d34gfs3yws	recomendar [hacer algo]	to recommend [doing something]	reference	topic:verb-formal-remainder-12	Verb subtopic redesign: thematic categorization (formal-remainder-12) replacing the alphabetical es:<lemma> grouping.
s56jevo2vw	sugerir [hacer algo]	to suggest [doing something]	reference	topic:verb-formal-remainder-14	Verb subtopic redesign: thematic categorization (formal-remainder-14) replacing the alphabetical es:<lemma> grouping.
kuessz92cm	terminar de [hacer algo]	to finish [doing something]	supporting	topic:verb-wishes-2	Verb subtopic redesign: thematic categorization (wishes-2) replacing the alphabetical es:<lemma> grouping.
qldej05yfp	ir a correr	to go running	reference	topic:verb-movement-going	Verb subtopic redesign: thematic categorization (movement-going) replacing the alphabetical es:<lemma> grouping.
cvw44cpv4h	ir a bailar	to go dancing	reference	topic:verb-movement-going	Verb subtopic redesign: thematic categorization (movement-going) replacing the alphabetical es:<lemma> grouping.
tw7e8xdtme	quedar [hecho]	to get [done]	supporting	topic:verb-quedar-remaining	Verb subtopic redesign: thematic categorization (quedar-remaining) replacing the alphabetical es:<lemma> grouping.
v7ltrzxban	intentar ==> intenta	to try ==> tries	reference	topic:verb-formal-remainder-8	Verb subtopic redesign: thematic categorization (formal-remainder-8) replacing the alphabetical es:<lemma> grouping.
0l9aed93ze	aplicar	to apply	supporting	topic:verb-formal-remainder-2	Verb subtopic redesign: thematic categorization (formal-remainder-2) replacing the alphabetical es:<lemma> grouping.
yxxk3scerp	causar	to cause	supporting	topic:verb-formal-remainder-3	Verb subtopic redesign: thematic categorization (formal-remainder-3) replacing the alphabetical es:<lemma> grouping.
715ron2lud	estar ==> está	to be ==> is	supporting	topic:verb-tobe-present	Verb subtopic redesign: thematic categorization (tobe-present) replacing the alphabetical es:<lemma> grouping.
0hrde16ahz	comunicar	to communicate	supporting	topic:verb-communication-formal	Verb subtopic redesign: thematic categorization (communication-formal) replacing the alphabetical es:<lemma> grouping.
xjwylsxod0	transcribir	to transcribe	reference	topic:verb-communication-formal	Verb subtopic redesign: thematic categorization (communication-formal) replacing the alphabetical es:<lemma> grouping.
64la95zkw9	confinar	to confine	reference	topic:verb-formal-remainder-4	Verb subtopic redesign: thematic categorization (formal-remainder-4) replacing the alphabetical es:<lemma> grouping.
ecvnd0ir3u	instituir	to institute	reference	topic:verb-formal-remainder-8	Verb subtopic redesign: thematic categorization (formal-remainder-8) replacing the alphabetical es:<lemma> grouping.
5k3hommin3	ejecutar	to execute	reference	topic:verb-formal-remainder-6	Verb subtopic redesign: thematic categorization (formal-remainder-6) replacing the alphabetical es:<lemma> grouping.
fguxguiyas	constituir	to constitute	reference	topic:verb-formal-remainder-4	Verb subtopic redesign: thematic categorization (formal-remainder-4) replacing the alphabetical es:<lemma> grouping.
opym3wa19f	crear	to create	supporting	topic:verb-formal-remainder-4	Verb subtopic redesign: thematic categorization (formal-remainder-4) replacing the alphabetical es:<lemma> grouping.
m4haqep8h2	eliminar	to eliminate	reference	topic:verb-formal-remainder-6	Verb subtopic redesign: thematic categorization (formal-remainder-6) replacing the alphabetical es:<lemma> grouping.
gklngg6dry	imaginar	to imagine	supporting	topic:verb-deciding-considering	Verb subtopic redesign: thematic categorization (deciding-considering) replacing the alphabetical es:<lemma> grouping.
ix1pir0fgb	inclinar	to incline	reference	topic:verb-formal-remainder-8	Verb subtopic redesign: thematic categorization (formal-remainder-8) replacing the alphabetical es:<lemma> grouping.
gofzjv65s0	entrar	to enter	supporting	topic:verb-movement-leaving	Verb subtopic redesign: thematic categorization (movement-leaving) replacing the alphabetical es:<lemma> grouping.
ky42p9r4c6	encontrar	to encounter	reference	topic:verb-formal-remainder-6	Verb subtopic redesign: thematic categorization (formal-remainder-6) replacing the alphabetical es:<lemma> grouping.
3m3l646xr4	examinar	to examine	supporting	topic:verb-analysis-investigation	Verb subtopic redesign: thematic categorization (analysis-investigation) replacing the alphabetical es:<lemma> grouping.
8c3fxz63mh	inmigrar	to immigrate	reference	topic:verb-formal-remainder-8	Verb subtopic redesign: thematic categorization (formal-remainder-8) replacing the alphabetical es:<lemma> grouping.
sl4u8g4jfs	decorar	to decorate	reference	topic:verb-formal-remainder-5	Verb subtopic redesign: thematic categorization (formal-remainder-5) replacing the alphabetical es:<lemma> grouping.
vptbm9fgxy	acelerar	to accelerate	reference	topic:verb-formal-remainder-1	Verb subtopic redesign: thematic categorization (formal-remainder-1) replacing the alphabetical es:<lemma> grouping.
ustq836daj	presidir	to preside	reference	topic:verb-formal-remainder-11	Verb subtopic redesign: thematic categorization (formal-remainder-11) replacing the alphabetical es:<lemma> grouping.
rvy6cpjlbl	definir	to define	supporting	topic:verb-analysis-investigation	Verb subtopic redesign: thematic categorization (analysis-investigation) replacing the alphabetical es:<lemma> grouping.
p34vsonve4	atribuir	to attribute	reference	topic:verb-formal-remainder-2	Verb subtopic redesign: thematic categorization (formal-remainder-2) replacing the alphabetical es:<lemma> grouping.
6gvilwx92s	refinar	to refine	reference	topic:verb-formal-remainder-12	Verb subtopic redesign: thematic categorization (formal-remainder-12) replacing the alphabetical es:<lemma> grouping.
flw5i68vuy	combinar	to combine	supporting	topic:verb-formal-abstract-2	Verb subtopic redesign: thematic categorization (formal-abstract-2) replacing the alphabetical es:<lemma> grouping.
9gngsscsy0	liberar	to liberate	reference	topic:verb-formal-remainder-9	Verb subtopic redesign: thematic categorization (formal-remainder-9) replacing the alphabetical es:<lemma> grouping.
j0hovpxufz	decidir	to decide	supporting	topic:verb-deciding-considering	Verb subtopic redesign: thematic categorization (deciding-considering) replacing the alphabetical es:<lemma> grouping.
fz6zup8oeg	traducir	to translate	supporting	topic:verb-communication-formal	Verb subtopic redesign: thematic categorization (communication-formal) replacing the alphabetical es:<lemma> grouping.
5dphe27cg7	determinar	to determine	supporting	topic:verb-analysis-investigation	Verb subtopic redesign: thematic categorization (analysis-investigation) replacing the alphabetical es:<lemma> grouping.
gskdto3d00	celebrar	to celebrate	supporting	topic:verb-formal-remainder-3	Verb subtopic redesign: thematic categorization (formal-remainder-3) replacing the alphabetical es:<lemma> grouping.
b4qf2uute8	dividir	to divide	supporting	topic:verb-formal-abstract-2	Verb subtopic redesign: thematic categorization (formal-abstract-2) replacing the alphabetical es:<lemma> grouping.
2055jsg4lz	residir	to reside	reference	topic:verb-formal-remainder-13	Verb subtopic redesign: thematic categorization (formal-remainder-13) replacing the alphabetical es:<lemma> grouping.
xnwi7nn794	coincidir	to coincide	reference	topic:verb-deciding-considering	Verb subtopic redesign: thematic categorization (deciding-considering) replacing the alphabetical es:<lemma> grouping.
5jet54qdcc	declinar	to decline	reference	topic:verb-formal-remainder-5	Verb subtopic redesign: thematic categorization (formal-remainder-5) replacing the alphabetical es:<lemma> grouping.
xcxz8s6caf	participar	to participate	supporting	topic:verb-formal-remainder-10	Verb subtopic redesign: thematic categorization (formal-remainder-10) replacing the alphabetical es:<lemma> grouping.
4ur7u7wdv4	describir	to describe	supporting	topic:verb-communication-formal	Verb subtopic redesign: thematic categorization (communication-formal) replacing the alphabetical es:<lemma> grouping.
f3de9phcrp	disciplinar	to discipline	reference	topic:verb-formal-business	Verb subtopic redesign: thematic categorization (formal-business) replacing the alphabetical es:<lemma> grouping.
1bs20nqq1z	inscribir	to inscribe	reference	topic:verb-formal-remainder-8	Verb subtopic redesign: thematic categorization (formal-remainder-8) replacing the alphabetical es:<lemma> grouping.
l99hc4crr3	ignorar	to ignore	supporting	topic:verb-formal-remainder-7	Verb subtopic redesign: thematic categorization (formal-remainder-7) replacing the alphabetical es:<lemma> grouping.
ur8kfuni1s	cuantificar	to quantify	reference	topic:verb-analysis-investigation	Verb subtopic redesign: thematic categorization (analysis-investigation) replacing the alphabetical es:<lemma> grouping.
6zl0myxp6t	explorar	to explore	supporting	topic:verb-formal-remainder-7	Verb subtopic redesign: thematic categorization (formal-remainder-7) replacing the alphabetical es:<lemma> grouping.
t8ze0gyt3p	invitar	to invite	supporting	topic:verb-social-relationships	Verb subtopic redesign: thematic categorization (social-relationships) replacing the alphabetical es:<lemma> grouping.
0r24apl3e1	adorar	to adore	reference	topic:verb-formal-remainder-2	Verb subtopic redesign: thematic categorization (formal-remainder-2) replacing the alphabetical es:<lemma> grouping.
feqh05bu0e	implorar	to implore	reference	topic:verb-formal-remainder-7	Verb subtopic redesign: thematic categorization (formal-remainder-7) replacing the alphabetical es:<lemma> grouping.
ljjs4igbh8	inducir	to induce	reference	topic:verb-formal-remainder-8	Verb subtopic redesign: thematic categorization (formal-remainder-8) replacing the alphabetical es:<lemma> grouping.
dwu519xf0p	incluir	to include	supporting	topic:verb-formal-remainder-8	Verb subtopic redesign: thematic categorization (formal-remainder-8) replacing the alphabetical es:<lemma> grouping.
919255rvxl	aludir a	to allude to	reference	topic:verb-formal-remainder-2	Verb subtopic redesign: thematic categorization (formal-remainder-2) replacing the alphabetical es:<lemma> grouping.
bfazbua3qx	eludir	to elude	reference	topic:verb-formal-remainder-6	Verb subtopic redesign: thematic categorization (formal-remainder-6) replacing the alphabetical es:<lemma> grouping.
v3a51wsgs5	clasificar	to classify	reference	topic:verb-analysis-investigation	Verb subtopic redesign: thematic categorization (analysis-investigation) replacing the alphabetical es:<lemma> grouping.
uayl1xev1n	simplificar	to simplify	reference	topic:verb-formal-remainder-13	Verb subtopic redesign: thematic categorization (formal-remainder-13) replacing the alphabetical es:<lemma> grouping.
gkn28jhn0w	modificar	to modify	reference	topic:verb-creation-repair-other	Verb subtopic redesign: thematic categorization (creation-repair-other) replacing the alphabetical es:<lemma> grouping.
t8xl5ujrhi	introducir	to introduce	supporting	topic:verb-formal-remainder-8	Verb subtopic redesign: thematic categorization (formal-remainder-8) replacing the alphabetical es:<lemma> grouping.
bgidx11mt2	clarificar	to clarify	reference	topic:verb-formal-remainder-3	Verb subtopic redesign: thematic categorization (formal-remainder-3) replacing the alphabetical es:<lemma> grouping.
iwrrtg66rv	producir	to produce	supporting	topic:verb-formal-remainder-11	Verb subtopic redesign: thematic categorization (formal-remainder-11) replacing the alphabetical es:<lemma> grouping.
z0ppej4qej	seducir	to seduce	reference	topic:verb-formal-remainder-13	Verb subtopic redesign: thematic categorization (formal-remainder-13) replacing the alphabetical es:<lemma> grouping.
czdf4gnfnp	reproducir	to reproduce	reference	topic:verb-formal-remainder-13	Verb subtopic redesign: thematic categorization (formal-remainder-13) replacing the alphabetical es:<lemma> grouping.
alnivw5ja6	reservar	to reserve	supporting	topic:verb-formal-remainder-13	Verb subtopic redesign: thematic categorization (formal-remainder-13) replacing the alphabetical es:<lemma> grouping.
a7e5b40skc	organizar	to organize	supporting	topic:verb-formal-remainder-10	Verb subtopic redesign: thematic categorization (formal-remainder-10) replacing the alphabetical es:<lemma> grouping.
teeid30z0y	incitar	to incite	reference	topic:verb-formal-remainder-7	Verb subtopic redesign: thematic categorization (formal-remainder-7) replacing the alphabetical es:<lemma> grouping.
3q52q39i7l	recitar	to recite	reference	topic:verb-communication-formal	Verb subtopic redesign: thematic categorization (communication-formal) replacing the alphabetical es:<lemma> grouping.
rr0xrddhra	memorizar	to memorize	supporting	topic:verb-formal-remainder-9	Verb subtopic redesign: thematic categorization (formal-remainder-9) replacing the alphabetical es:<lemma> grouping.
lsvapg7c2c	priorizar	to prioritize	reference	topic:verb-formal-remainder-11	Verb subtopic redesign: thematic categorization (formal-remainder-11) replacing the alphabetical es:<lemma> grouping.
spi4yvy862	purificar	to purify	reference	topic:verb-formal-remainder-12	Verb subtopic redesign: thematic categorization (formal-remainder-12) replacing the alphabetical es:<lemma> grouping.
9t2o4ihtoi	categorizar	to categorize	reference	topic:verb-analysis-investigation	Verb subtopic redesign: thematic categorization (analysis-investigation) replacing the alphabetical es:<lemma> grouping.
j0hw7h1rsw	identificar	to identify	supporting	topic:verb-formal-remainder-7	Verb subtopic redesign: thematic categorization (formal-remainder-7) replacing the alphabetical es:<lemma> grouping.
5jhih86mlc	verificar	to verify	supporting	topic:verb-analysis-investigation	Verb subtopic redesign: thematic categorization (analysis-investigation) replacing the alphabetical es:<lemma> grouping.
4e8xlbp20p	reducir	to reduce	supporting	topic:verb-creation-repair-other	Verb subtopic redesign: thematic categorization (creation-repair-other) replacing the alphabetical es:<lemma> grouping.
5e1wj91ui6	unificar	to unify	reference	topic:verb-formal-remainder-14	Verb subtopic redesign: thematic categorization (formal-remainder-14) replacing the alphabetical es:<lemma> grouping.
mabi7dom4b	digitalizar	to digitize	reference	topic:verb-technology-digital	Verb subtopic redesign: thematic categorization (technology-digital) replacing the alphabetical es:<lemma> grouping.
752sk009k3	actuar	to act	supporting	topic:verb-formal-remainder-1	Verb subtopic redesign: thematic categorization (formal-remainder-1) replacing the alphabetical es:<lemma> grouping.
49q4uk89ud	reaccionar	to react	supporting	topic:verb-formal-remainder-12	Verb subtopic redesign: thematic categorization (formal-remainder-12) replacing the alphabetical es:<lemma> grouping.
9nxtl23uza	aprehender	to apprehend	reference	topic:verb-formal-remainder-2	Verb subtopic redesign: thematic categorization (formal-remainder-2) replacing the alphabetical es:<lemma> grouping.
nk0a8snhq8	reprimir	to repress	reference	topic:verb-formal-remainder-12	Verb subtopic redesign: thematic categorization (formal-remainder-12) replacing the alphabetical es:<lemma> grouping.
zz361ii5vv	atraer	to attract	supporting	topic:verb-formal-remainder-2	Verb subtopic redesign: thematic categorization (formal-remainder-2) replacing the alphabetical es:<lemma> grouping.
xuo5hy2tk4	recibir	to receive	supporting	topic:verb-formal-remainder-12	Verb subtopic redesign: thematic categorization (formal-remainder-12) replacing the alphabetical es:<lemma> grouping.
286sjydeon	concebir	to conceive	reference	topic:verb-deciding-considering	Verb subtopic redesign: thematic categorization (deciding-considering) replacing the alphabetical es:<lemma> grouping.
jck1nkdlkp	resolver	to resolve	supporting	topic:verb-formal-remainder-13	Verb subtopic redesign: thematic categorization (formal-remainder-13) replacing the alphabetical es:<lemma> grouping.
ph8exwfohx	sugerir	to suggest	supporting	topic:verb-formal-remainder-14	Verb subtopic redesign: thematic categorization (formal-remainder-14) replacing the alphabetical es:<lemma> grouping.
905ihja4zo	extraer	to extract	reference	topic:verb-formal-abstract-2	Verb subtopic redesign: thematic categorization (formal-abstract-2) replacing the alphabetical es:<lemma> grouping.
p4scw97v1h	contraer	to contract	reference	topic:verb-formal-remainder-4	Verb subtopic redesign: thematic categorization (formal-remainder-4) replacing the alphabetical es:<lemma> grouping.
j0h2wd9lh8	contactar	to contact	supporting	topic:verb-formal-remainder-4	Verb subtopic redesign: thematic categorization (formal-remainder-4) replacing the alphabetical es:<lemma> grouping.
a3bhdljvih	suprimir	to suppress	reference	topic:verb-formal-remainder-14	Verb subtopic redesign: thematic categorization (formal-remainder-14) replacing the alphabetical es:<lemma> grouping.
xltdt2bpq9	preceder	to precede	reference	topic:verb-formal-remainder-10	Verb subtopic redesign: thematic categorization (formal-remainder-10) replacing the alphabetical es:<lemma> grouping.
vmofgr1p4a	invertir	to invert	reference	topic:verb-formal-remainder-9	Verb subtopic redesign: thematic categorization (formal-remainder-9) replacing the alphabetical es:<lemma> grouping.
19v3shosi9	corregir	to correct	supporting	topic:verb-formal-remainder-4	Verb subtopic redesign: thematic categorization (formal-remainder-4) replacing the alphabetical es:<lemma> grouping.
8drl1wmuon	visualizar	to visualize	reference	topic:verb-formal-remainder-14	Verb subtopic redesign: thematic categorization (formal-remainder-14) replacing the alphabetical es:<lemma> grouping.
7edrci2tcy	preparar	to prepare	supporting	topic:verb-formal-remainder-11	Verb subtopic redesign: thematic categorization (formal-remainder-11) replacing the alphabetical es:<lemma> grouping.
mgdq7n4g99	comparar	to compare	supporting	topic:verb-analysis-investigation	Verb subtopic redesign: thematic categorization (analysis-investigation) replacing the alphabetical es:<lemma> grouping.
55iitmw0d7	absolver	to absolve	reference	topic:verb-formal-remainder-0	Verb subtopic redesign: thematic categorization (formal-remainder-0) replacing the alphabetical es:<lemma> grouping.
9oke1wki5z	reparar	to repair	supporting	topic:verb-creation-repair-other	Verb subtopic redesign: thematic categorization (creation-repair-other) replacing the alphabetical es:<lemma> grouping.
dfw51tn4hy	expresar	to express	supporting	topic:verb-communication-formal	Verb subtopic redesign: thematic categorization (communication-formal) replacing the alphabetical es:<lemma> grouping.
hyjsumzen7	convertir	to convert	supporting	topic:verb-creation-repair-other	Verb subtopic redesign: thematic categorization (creation-repair-other) replacing the alphabetical es:<lemma> grouping.
2y98aummee	sobrevivir	to survive	supporting	topic:verb-wishes-2	Verb subtopic redesign: thematic categorization (wishes-2) replacing the alphabetical es:<lemma> grouping.
6vrwq0uujo	privar de	to deprive of	reference	topic:verb-formal-remainder-11	Verb subtopic redesign: thematic categorization (formal-remainder-11) replacing the alphabetical es:<lemma> grouping.
ahkjwrez5w	inhibir	to inhibit	reference	topic:verb-formal-remainder-8	Verb subtopic redesign: thematic categorization (formal-remainder-8) replacing the alphabetical es:<lemma> grouping.
6hc9qj9an6	ingerir	to ingest	reference	topic:verb-health-body	Verb subtopic redesign: thematic categorization (health-body) replacing the alphabetical es:<lemma> grouping.
z9ytm2qbqw	impactar	to impact	reference	topic:verb-formal-remainder-7	Verb subtopic redesign: thematic categorization (formal-remainder-7) replacing the alphabetical es:<lemma> grouping.
208ry1ffqk	sustraer	to subtract	reference	topic:verb-formal-remainder-14	Verb subtopic redesign: thematic categorization (formal-remainder-14) replacing the alphabetical es:<lemma> grouping.
ukwulq0hup	aspirar a	to aspire to	reference	topic:verb-formal-remainder-2	Verb subtopic redesign: thematic categorization (formal-remainder-2) replacing the alphabetical es:<lemma> grouping.
q6nk7om8xl	obtener	to obtain	supporting	topic:verb-possession-obtaining	Verb subtopic redesign: thematic categorization (possession-obtaining) replacing the alphabetical es:<lemma> grouping.
jbffg23epm	mantener	to maintain	supporting	topic:verb-keeping-storing	Verb subtopic redesign: thematic categorization (keeping-storing) replacing the alphabetical es:<lemma> grouping.
3sxzs54o8t	dirigir	to direct	supporting	topic:verb-formal-remainder-5	Verb subtopic redesign: thematic categorization (formal-remainder-5) replacing the alphabetical es:<lemma> grouping.
mjvhe37ien	elegir	to elect	reference	topic:verb-deciding-considering	Verb subtopic redesign: thematic categorization (deciding-considering) replacing the alphabetical es:<lemma> grouping.
mpao4yhv55	conspirar	to conspire	reference	topic:verb-formal-remainder-4	Verb subtopic redesign: thematic categorization (formal-remainder-4) replacing the alphabetical es:<lemma> grouping.
nk60yb6f9o	contener	to contain	supporting	topic:verb-formal-remainder-4	Verb subtopic redesign: thematic categorization (formal-remainder-4) replacing the alphabetical es:<lemma> grouping.
q4hcooj6w7	admirar	to admire	supporting	topic:verb-formal-remainder-1	Verb subtopic redesign: thematic categorization (formal-remainder-1) replacing the alphabetical es:<lemma> grouping.
hbbltk5r4f	obstruir	to obstruct	reference	topic:verb-formal-remainder-10	Verb subtopic redesign: thematic categorization (formal-remainder-10) replacing the alphabetical es:<lemma> grouping.
mpxfwjh99r	retener	to retain	reference	topic:verb-formal-remainder-13	Verb subtopic redesign: thematic categorization (formal-remainder-13) replacing the alphabetical es:<lemma> grouping.
dpp6pujrc4	entretener	to entertain	reference	topic:verb-social-relationships	Verb subtopic redesign: thematic categorization (social-relationships) replacing the alphabetical es:<lemma> grouping.
mvddgib5ti	abstenerse	to abstain	reference	topic:verb-formal-remainder-0	Verb subtopic redesign: thematic categorization (formal-remainder-0) replacing the alphabetical es:<lemma> grouping.
hh62oet6li	inspirar	to inspire	supporting	topic:verb-formal-remainder-8	Verb subtopic redesign: thematic categorization (formal-remainder-8) replacing the alphabetical es:<lemma> grouping.
0weozcxz12	proyectar	to project	reference	topic:verb-formal-remainder-11	Verb subtopic redesign: thematic categorization (formal-remainder-11) replacing the alphabetical es:<lemma> grouping.
00igen7v9s	subvalorar	to undervalue	reference	topic:verb-money-commerce-2	Verb subtopic redesign: thematic categorization (money-commerce-2) replacing the alphabetical es:<lemma> grouping.
crnaqu05jw	perfeccionar	to perfect	reference	topic:verb-formal-remainder-10	Verb subtopic redesign: thematic categorization (formal-remainder-10) replacing the alphabetical es:<lemma> grouping.
p0b6bsx2vd	ocurrir	to occur	supporting	topic:verb-formal-remainder-10	Verb subtopic redesign: thematic categorization (formal-remainder-10) replacing the alphabetical es:<lemma> grouping.
kklu7hedoy	valorar	to value	supporting	topic:verb-money-commerce-2	Verb subtopic redesign: thematic categorization (money-commerce-2) replacing the alphabetical es:<lemma> grouping.
mo3m4rjpyo	sobrevalorar	to overvalue	reference	topic:verb-money-commerce-2	Verb subtopic redesign: thematic categorization (money-commerce-2) replacing the alphabetical es:<lemma> grouping.
w5ymlrexk6	inspeccionar	to inspect	reference	topic:verb-analysis-investigation	Verb subtopic redesign: thematic categorization (analysis-investigation) replacing the alphabetical es:<lemma> grouping.
349woeqgw3	devaluar	to devalue	reference	topic:verb-money-commerce-1	Verb subtopic redesign: thematic categorization (money-commerce-1) replacing the alphabetical es:<lemma> grouping.
3lzsofawpo	explicar	to explain	supporting	topic:verb-communication-formal	Verb subtopic redesign: thematic categorization (communication-formal) replacing the alphabetical es:<lemma> grouping.
nxk7dtjdpe	sostener	to sustain	reference	topic:verb-formal-remainder-14	Verb subtopic redesign: thematic categorization (formal-remainder-14) replacing the alphabetical es:<lemma> grouping.
j7ecz0bqjs	requerir	to require	supporting	topic:verb-admin-legal-formal	Verb subtopic redesign: thematic categorization (admin-legal-formal) replacing the alphabetical es:<lemma> grouping.
x2avxaorkd	suponer	to suppose	supporting	topic:verb-deciding-considering	Verb subtopic redesign: thematic categorization (deciding-considering) replacing the alphabetical es:<lemma> grouping.
piqic5esem	continuar	to continue	supporting	topic:verb-wishes-1	Verb subtopic redesign: thematic categorization (wishes-1) replacing the alphabetical es:<lemma> grouping.
qta6ei3b67	componer	to compose	reference	topic:verb-formal-remainder-3	Verb subtopic redesign: thematic categorization (formal-remainder-3) replacing the alphabetical es:<lemma> grouping.
zuvh5lsd8u	incurrir en	to incur	reference	topic:verb-formal-remainder-8	Verb subtopic redesign: thematic categorization (formal-remainder-8) replacing the alphabetical es:<lemma> grouping.
3x6gdy36k9	deponer	to depose	reference	topic:verb-formal-remainder-5	Verb subtopic redesign: thematic categorization (formal-remainder-5) replacing the alphabetical es:<lemma> grouping.
cencbpbbei	interponer	to interpose	reference	topic:verb-formal-remainder-8	Verb subtopic redesign: thematic categorization (formal-remainder-8) replacing the alphabetical es:<lemma> grouping.
cb15a9bkk6	tener permiso para [hacer algo]	to be permitted to [do something]	reference	topic:verb-possession-having	Verb subtopic redesign: thematic categorization (possession-having) replacing the alphabetical es:<lemma> grouping.
u2q8wxrslu	proteger	to protect	supporting	topic:verb-formal-remainder-11	Verb subtopic redesign: thematic categorization (formal-remainder-11) replacing the alphabetical es:<lemma> grouping.
ay52qg5p32	erigir	to erect	reference	topic:verb-formal-remainder-7	Verb subtopic redesign: thematic categorization (formal-remainder-7) replacing the alphabetical es:<lemma> grouping.
wre5v1rrgt	conectar	to connect	supporting	topic:verb-formal-remainder-4	Verb subtopic redesign: thematic categorization (formal-remainder-4) replacing the alphabetical es:<lemma> grouping.
fktf9mepcn	predisponer	to predispose	reference	topic:verb-formal-remainder-11	Verb subtopic redesign: thematic categorization (formal-remainder-11) replacing the alphabetical es:<lemma> grouping.
u1njnze2ss	detener	to detain	reference	topic:verb-conflict-crime	Verb subtopic redesign: thematic categorization (conflict-crime) replacing the alphabetical es:<lemma> grouping.
u22ptddek2	espiar	to spy	reference	topic:verb-formal-remainder-7	Verb subtopic redesign: thematic categorization (formal-remainder-7) replacing the alphabetical es:<lemma> grouping.
ggyjh7g2dw	establecer	to establish	supporting	topic:verb-admin-legal-formal	Verb subtopic redesign: thematic categorization (admin-legal-formal) replacing the alphabetical es:<lemma> grouping.
y4vzfsns1u	escanear	to scan	supporting	topic:verb-technology-digital	Verb subtopic redesign: thematic categorization (technology-digital) replacing the alphabetical es:<lemma> grouping.
rvo8g5gv94	haber [hecho algo]	to have [done something]	core	topic:verb-perfect-auxiliary	Verb subtopic redesign: thematic categorization (perfect-auxiliary) replacing the alphabetical es:<lemma> grouping.
dm6zd12erf	incrementar	to increase	supporting	topic:verb-creation-repair-other	Verb subtopic redesign: thematic categorization (creation-repair-other) replacing the alphabetical es:<lemma> grouping.
im3warqgr0	publicar	to publish	supporting	topic:verb-formal-remainder-11	Verb subtopic redesign: thematic categorization (formal-remainder-11) replacing the alphabetical es:<lemma> grouping.
z0t602y5w0	estudiar	to study	supporting	topic:verb-learning-teaching	Verb subtopic redesign: thematic categorization (learning-teaching) replacing the alphabetical es:<lemma> grouping.
fyldm4hx88	decrementar	to decrease	reference	topic:verb-creation-repair-other	Verb subtopic redesign: thematic categorization (creation-repair-other) replacing the alphabetical es:<lemma> grouping.
vnrarozvhe	cesar	to cease	reference	topic:verb-formal-remainder-3	Verb subtopic redesign: thematic categorization (formal-remainder-3) replacing the alphabetical es:<lemma> grouping.
ut0poxmq1d	practicar	to practice	supporting	topic:verb-formal-remainder-10	Verb subtopic redesign: thematic categorization (formal-remainder-10) replacing the alphabetical es:<lemma> grouping.
awo387st2o	prometer	to promise	supporting	topic:verb-formal-remainder-11	Verb subtopic redesign: thematic categorization (formal-remainder-11) replacing the alphabetical es:<lemma> grouping.
lhqwt7vhxe	sacrificar	to sacrifice	reference	topic:verb-formal-remainder-13	Verb subtopic redesign: thematic categorization (formal-remainder-13) replacing the alphabetical es:<lemma> grouping.
3m6jm8uts6	liberar	to release	supporting	topic:verb-formal-remainder-9	Verb subtopic redesign: thematic categorization (formal-remainder-9) replacing the alphabetical es:<lemma> grouping.
l12jegmf94	disminuir	to diminish	reference	topic:verb-formal-remainder-6	Verb subtopic redesign: thematic categorization (formal-remainder-6) replacing the alphabetical es:<lemma> grouping.
avla9wxl8x	barnizar	to varnish	reference	topic:verb-formal-remainder-2	Verb subtopic redesign: thematic categorization (formal-remainder-2) replacing the alphabetical es:<lemma> grouping.
2hq1d8gi4c	notar	to notice	supporting	topic:verb-watching-other	Verb subtopic redesign: thematic categorization (watching-other) replacing the alphabetical es:<lemma> grouping.
04f7x5sjwc	excusar	to excuse	supporting	topic:verb-formal-remainder-7	Verb subtopic redesign: thematic categorization (formal-remainder-7) replacing the alphabetical es:<lemma> grouping.
3xlw2zhcdr	confundir	to confuse	supporting	topic:verb-formal-remainder-4	Verb subtopic redesign: thematic categorization (formal-remainder-4) replacing the alphabetical es:<lemma> grouping.
1nm2wdol3n	terminar	to finish	supporting	topic:verb-wishes-2	Verb subtopic redesign: thematic categorization (wishes-2) replacing the alphabetical es:<lemma> grouping.
pltwlpitcz	rehusar	to refuse	reference	topic:verb-formal-remainder-12	Verb subtopic redesign: thematic categorization (formal-remainder-12) replacing the alphabetical es:<lemma> grouping.
67xfwgpbci	abusar de	to abuse	reference	topic:verb-formal-remainder-0	Verb subtopic redesign: thematic categorization (formal-remainder-0) replacing the alphabetical es:<lemma> grouping.
tjn9t0zmm4	pulir	to polish	reference	topic:verb-creation-repair-other	Verb subtopic redesign: thematic categorization (creation-repair-other) replacing the alphabetical es:<lemma> grouping.
azzxq4wu4n	extinguir	to extinguish	reference	topic:verb-formal-remainder-7	Verb subtopic redesign: thematic categorization (formal-remainder-7) replacing the alphabetical es:<lemma> grouping.
pud3q68taq	revaluar	to revalue	reference	topic:verb-money-commerce-2	Verb subtopic redesign: thematic categorization (money-commerce-2) replacing the alphabetical es:<lemma> grouping.
v6f48guuvb	bajar de peso	to lose weight	reference	topic:verb-health-body	Verb subtopic redesign: thematic categorization (health-body) replacing the alphabetical es:<lemma> grouping.
ndldiki9y2	buscar [algo]	to search for [something]	reference	topic:verb-possession-obtaining	Verb subtopic redesign: thematic categorization (possession-obtaining) replacing the alphabetical es:<lemma> grouping.
6mkt3ys5cc	abolir	to abolish	reference	topic:verb-formal-remainder-0	Verb subtopic redesign: thematic categorization (formal-remainder-0) replacing the alphabetical es:<lemma> grouping.
90thzh7p12	demoler	to demolish	reference	topic:verb-creation-repair-other	Verb subtopic redesign: thematic categorization (creation-repair-other) replacing the alphabetical es:<lemma> grouping.
id9rfte04s	florecer	to flourish	reference	topic:verb-formal-remainder-7	Verb subtopic redesign: thematic categorization (formal-remainder-7) replacing the alphabetical es:<lemma> grouping.
rr7hwdqvpq	entrenar	to train	supporting	topic:verb-movement-leaving	Verb subtopic redesign: thematic categorization (movement-leaving) replacing the alphabetical es:<lemma> grouping.
rz2ue36k0f	[alguien] no [hizo algo]	[somebody] didn't [do something]	core	topic:verb-formal-remainder-0	Verb subtopic redesign: thematic categorization (formal-remainder-0) replacing the alphabetical es:<lemma> grouping.
2xqn998l77	ojalá [alguien] cambiara [una conducta]	I wish [somebody] would change [a behavior]	reference	topic:verb-wishes-2	Verb subtopic redesign: thematic categorization (wishes-2) replacing the alphabetical es:<lemma> grouping.
jgfakbesvj	¿[alguien] [hace algo]?	does [somebody] [do something]?	core	topic:verb-formal-remainder-0	Verb subtopic redesign: thematic categorization (formal-remainder-0) replacing the alphabetical es:<lemma> grouping.
zctehn9sxz	¿[alguien] [hizo algo]?	did [somebody] [do something]?	core	topic:verb-formal-remainder-0	Verb subtopic redesign: thematic categorization (formal-remainder-0) replacing the alphabetical es:<lemma> grouping.
ft6li4zkws	estar [adverbio de frecuencia] [estado]	to be [frequency adverb] [state]	supporting	topic:verb-estar-idioms-1	Verb subtopic redesign: thematic categorization (estar-idioms-1) replacing the alphabetical es:<lemma> grouping.
vhmwfhqxmx	ojalá tuviera [algo]	I wish I had [something]	supporting	topic:verb-wishes-2	Verb subtopic redesign: thematic categorization (wishes-2) replacing the alphabetical es:<lemma> grouping.
8oydioe8vl	ojalá hubiera [hecho algo]	I wish I had [done something]	reference	topic:verb-wishes-2	Verb subtopic redesign: thematic categorization (wishes-2) replacing the alphabetical es:<lemma> grouping.
mrssm64iu9	[alguien] no [hace algo]	[somebody] doesn't [do something]	core	topic:verb-formal-remainder-0	Verb subtopic redesign: thematic categorization (formal-remainder-0) replacing the alphabetical es:<lemma> grouping.
8hhxabswez	¿[haces algo]?	do you [do something]?	core	topic:verb-wishes-1	Verb subtopic redesign: thematic categorization (wishes-1) replacing the alphabetical es:<lemma> grouping.
2uzud05u1l	no [hago algo]	I don't [do something]	core	topic:verb-wishes-2	Verb subtopic redesign: thematic categorization (wishes-2) replacing the alphabetical es:<lemma> grouping.
hufvgyko3z	¿[alguien] había [hecho algo]?	had [somebody] [done something]?	supporting	topic:verb-perfect-auxiliary	Verb subtopic redesign: thematic categorization (perfect-auxiliary) replacing the alphabetical es:<lemma> grouping.
05v29ctfcb	[alguien] había [hecho algo]	[somebody] had [done something]	supporting	topic:verb-perfect-auxiliary	Verb subtopic redesign: thematic categorization (perfect-auxiliary) replacing the alphabetical es:<lemma> grouping.
fu708e83rg	[alguien] había estado [haciendo algo]	[somebody] had been [doing something]	reference	topic:verb-perfect-auxiliary	Verb subtopic redesign: thematic categorization (perfect-auxiliary) replacing the alphabetical es:<lemma> grouping.
wunmuiqosj	[alguien] habría [hecho algo]	[somebody] would have [done something]	reference	topic:verb-perfect-auxiliary	Verb subtopic redesign: thematic categorization (perfect-auxiliary) replacing the alphabetical es:<lemma> grouping.
e4t2bqlckp	cuidarlo	to look after it	supporting	topic:verb-formal-remainder-5	Verb subtopic redesign: thematic categorization (formal-remainder-5) replacing the alphabetical es:<lemma> grouping.
sp3ppxsht4	chocar con [algo]	to run into [something]	reference	topic:verb-formal-remainder-3	Verb subtopic redesign: thematic categorization (formal-remainder-3) replacing the alphabetical es:<lemma> grouping.
qeak5scchp	[alguien] habrá [hecho algo]	[somebody] will have [done something]	reference	topic:verb-perfect-auxiliary	Verb subtopic redesign: thematic categorization (perfect-auxiliary) replacing the alphabetical es:<lemma> grouping.
bvjzllj20d	¿[estabas haciendo algo]?	were you [doing something]?	supporting	topic:verb-tobe-past-future	Verb subtopic redesign: thematic categorization (tobe-past-future) replacing the alphabetical es:<lemma> grouping.
4dtd8lj623	[alguien] habrá estado [haciendo algo]	[somebody] will have been [doing something]	reference	topic:verb-perfect-auxiliary	Verb subtopic redesign: thematic categorization (perfect-auxiliary) replacing the alphabetical es:<lemma> grouping.
84arllzyhs	no podría [hacer algo]	couldn't [do something]	supporting	topic:verb-modal-ability-1	Verb subtopic redesign: thematic categorization (modal-ability-1) replacing the alphabetical es:<lemma> grouping.
yqiin6tdtl	haber estado [haciendo algo]	to have been [doing something]	supporting	topic:verb-perfect-auxiliary	Verb subtopic redesign: thematic categorization (perfect-auxiliary) replacing the alphabetical es:<lemma> grouping.
mfqqgurgok	apagarlo	to turn it off	supporting	topic:verb-formal-remainder-2	Verb subtopic redesign: thematic categorization (formal-remainder-2) replacing the alphabetical es:<lemma> grouping.
vn67aoztgf	[alguien] habría estado [haciendo algo]	[somebody] would have been [doing something]	reference	topic:verb-perfect-auxiliary	Verb subtopic redesign: thematic categorization (perfect-auxiliary) replacing the alphabetical es:<lemma> grouping.
89ut7cha5j	haber [algo] (pasado singular)	there was [something]	supporting	topic:verb-tobe-existence-hay	Verb subtopic redesign: thematic categorization (tobe-existence-hay) replacing the alphabetical es:<lemma> grouping.
4w8zmnbknt	haber [cosas] (pasado plural)	there were [things]	supporting	topic:verb-tobe-existence-hay	Verb subtopic redesign: thematic categorization (tobe-existence-hay) replacing the alphabetical es:<lemma> grouping.
78zjjk2mwo	¿debes [hacer algo]?	must you [do something]?	reference	topic:verb-modal-obligation	Verb subtopic redesign: thematic categorization (modal-obligation) replacing the alphabetical es:<lemma> grouping.
2g4mul96oa	¿[alguien] va a [hacer algo]?	is [somebody] going to [do something]?	core	topic:verb-movement-going	Verb subtopic redesign: thematic categorization (movement-going) replacing the alphabetical es:<lemma> grouping.
jsajob6okd	¿[alguien] estaba [haciendo algo]?	was [somebody] [doing something]?	supporting	topic:verb-tobe-past-future	Verb subtopic redesign: thematic categorization (tobe-past-future) replacing the alphabetical es:<lemma> grouping.
hux5cpb40q	recogerlo	to pick it up	supporting	topic:verb-formal-remainder-12	Verb subtopic redesign: thematic categorization (formal-remainder-12) replacing the alphabetical es:<lemma> grouping.
spnqzmy3g5	¿[alguien] está [haciendo algo]?	is [somebody] [doing something]?	core	topic:verb-tobe-present	Verb subtopic redesign: thematic categorization (tobe-present) replacing the alphabetical es:<lemma> grouping.
r30tfgius4	¿puedes [hacer algo]?	can you [do something]?	core	topic:verb-wishes-1	Verb subtopic redesign: thematic categorization (wishes-1) replacing the alphabetical es:<lemma> grouping.
5pzoflm3f4	[alguien] estaba [haciendo algo]	[somebody] was [doing something]	supporting	topic:verb-tobe-past-future	Verb subtopic redesign: thematic categorization (tobe-past-future) replacing the alphabetical es:<lemma> grouping.
9kb0lubk35	buscar [algo] en una referencia	to look [something] up	supporting	topic:verb-possession-obtaining	Verb subtopic redesign: thematic categorization (possession-obtaining) replacing the alphabetical es:<lemma> grouping.
xuzwzg1iov	apagar [un objeto largo]	to turn off [a long object]	reference	topic:verb-household-1	Verb subtopic redesign: thematic categorization (household-1) replacing the alphabetical es:<lemma> grouping.
rnbqgo3fk9	¿[estás haciendo algo]?	are you [doing something]?	core	topic:verb-wishes-1	Verb subtopic redesign: thematic categorization (wishes-1) replacing the alphabetical es:<lemma> grouping.
lxes3mwyig	querer saber si hay [algo]	to want to know if there is [something]	supporting	topic:verb-feelings-love-like	Verb subtopic redesign: thematic categorization (feelings-love-like) replacing the alphabetical es:<lemma> grouping.
lr3gy47etf	querer saber si [alguien] [hace algo]	to want to know if [somebody] [does something]	supporting	topic:verb-feelings-love-like	Verb subtopic redesign: thematic categorization (feelings-love-like) replacing the alphabetical es:<lemma> grouping.
dtlxfmo16j	¿deberías [hacer algo]?	should you [do something]?	supporting	topic:verb-modal-obligation	Verb subtopic redesign: thematic categorization (modal-obligation) replacing the alphabetical es:<lemma> grouping.
lh84ieti4z	¿[alguien] ha [hecho algo]?	has [somebody] [done something]?	core	topic:verb-perfect-auxiliary	Verb subtopic redesign: thematic categorization (perfect-auxiliary) replacing the alphabetical es:<lemma> grouping.
2pvko71bzc	no haber [hecho algo] (hablado)	haven't [done something]	supporting	topic:verb-perfect-auxiliary	Verb subtopic redesign: thematic categorization (perfect-auxiliary) replacing the alphabetical es:<lemma> grouping.
id38r2eakh	no haber [hecho algo]	not to have [done something]	supporting	topic:verb-perfect-auxiliary	Verb subtopic redesign: thematic categorization (perfect-auxiliary) replacing the alphabetical es:<lemma> grouping.
8aej7jfu2y	¿tienes que [hacer algo]?	do you have to [do something]?	core	topic:verb-possession-having	Verb subtopic redesign: thematic categorization (possession-having) replacing the alphabetical es:<lemma> grouping.
zugopbh0jt	¿[alguien] tiene que [hacer algo]?	does [somebody] have to [do something]?	core	topic:verb-possession-having	Verb subtopic redesign: thematic categorization (possession-having) replacing the alphabetical es:<lemma> grouping.
v7y40xtgb3	¿has [hecho algo]?	have you [done something]?	core	topic:verb-perfect-auxiliary	Verb subtopic redesign: thematic categorization (perfect-auxiliary) replacing the alphabetical es:<lemma> grouping.
ihsw7a0ggn	¿vas a [hacer algo]?	are you going [to do something]?	core	topic:verb-movement-going	Verb subtopic redesign: thematic categorization (movement-going) replacing the alphabetical es:<lemma> grouping.
dy3hauy404	querer saber por qué [alguien] no [hace algo]	to want to know why [somebody] doesn't [do something]	supporting	topic:verb-feelings-love-like	Verb subtopic redesign: thematic categorization (feelings-love-like) replacing the alphabetical es:<lemma> grouping.
22pjks5vmh	no tener que [hacer algo]	not to have to [do something]	core	topic:verb-modal-obligation	Verb subtopic redesign: thematic categorization (modal-obligation) replacing the alphabetical es:<lemma> grouping.
ytzftmquqs	estar prohibido [hacer algo]	mustn't [do something]	supporting	topic:verb-estar-idioms-2	Verb subtopic redesign: thematic categorization (estar-idioms-2) replacing the alphabetical es:<lemma> grouping.
m2op0ycc10	¿[harás algo]?	will you [do something]?	core	topic:verb-formal-remainder-0	Verb subtopic redesign: thematic categorization (formal-remainder-0) replacing the alphabetical es:<lemma> grouping.
qoxz39dr3t	¿[harías algo]?	would you [do something]?	core	topic:verb-formal-remainder-0	Verb subtopic redesign: thematic categorization (formal-remainder-0) replacing the alphabetical es:<lemma> grouping.
di2yhfha43	no [haré algo]	won't [do something]	core	topic:verb-formal-remainder-0	Verb subtopic redesign: thematic categorization (formal-remainder-0) replacing the alphabetical es:<lemma> grouping.
23wqurqvf5	apagar [algo]	to turn off [something]	supporting	topic:verb-household-1	Verb subtopic redesign: thematic categorization (household-1) replacing the alphabetical es:<lemma> grouping.
d20bdrzjfo	cuidar a [alguien]	to look after [somebody]	supporting	topic:verb-social-relationships	Verb subtopic redesign: thematic categorization (social-relationships) replacing the alphabetical es:<lemma> grouping.
s06vm98ww1	gustarle los gatos a [alguien] (en general)	[somebody] likes cats	supporting	topic:verb-feelings-love-like	Verb subtopic redesign: thematic categorization (feelings-love-like) replacing the alphabetical es:<lemma> grouping.
j69jaw6dew	gustarle los gatos específicos a [alguien]	[somebody] likes the specific cats	core	topic:verb-feelings-love-like	Verb subtopic redesign: thematic categorization (feelings-love-like) replacing the alphabetical es:<lemma> grouping.
a9tdq9f0xr	necesitar información (en general)	to need information	supporting	topic:verb-formal-remainder-10	Verb subtopic redesign: thematic categorization (formal-remainder-10) replacing the alphabetical es:<lemma> grouping.
t0gq5vym7f	necesitar la información específica	to need the specific information	core	topic:verb-formal-remainder-10	Verb subtopic redesign: thematic categorization (formal-remainder-10) replacing the alphabetical es:<lemma> grouping.
jwk81y46bp	no poder [hacer algo]	can't [do something]	core	topic:verb-modal-ability-1	Verb subtopic redesign: thematic categorization (modal-ability-1) replacing the alphabetical es:<lemma> grouping.
zgny1ugayh	¿Podrías [hacer algo]?	Could you [do something]?	core	topic:verb-modal-ability-1	Verb subtopic redesign: thematic categorization (modal-ability-1) replacing the alphabetical es:<lemma> grouping.
wwwc8jugby	tener [algo]	to have [something]	core	topic:verb-possession-having	Verb subtopic redesign: thematic categorization (possession-having) replacing the alphabetical es:<lemma> grouping.
7s7vnrgxud	tener que [hacer algo]	to have to [do something]	core	topic:verb-modal-obligation	Verb subtopic redesign: thematic categorization (modal-obligation) replacing the alphabetical es:<lemma> grouping.
ffr5aig4sd	ser alto	to be high	reference	topic:verb-ser-idioms-1	Verb subtopic redesign: thematic categorization (ser-idioms-1) replacing the alphabetical es:<lemma> grouping.
feiqarcmnl	llegar tarde	to arrive late	reference	topic:verb-movement-arriving-passing	Verb subtopic redesign: thematic categorization (movement-arriving-passing) replacing the alphabetical es:<lemma> grouping.
