f0rd6stx7x	[la] abundancia	abundance	reference	topic:cognate-transparent-1|topic:cognate-encia-ancia-1	Subtopic split (size rule): cognate:transparent (367) is a generic catch-all with no additional split axis beyond what the page's suffix-family buttons already cover, chunked alphabetically.
vptbm9fgxy	acelerar	to accelerate	reference	topic:cognate-transparent-1	Subtopic split (size rule): cognate:transparent (367) is a generic catch-all with no additional split axis beyond what the page's suffix-family buttons already cover, chunked alphabetically.
0fq9g236b6	aceptado	accepted	reference	topic:cognate-transparent-1	Subtopic split (size rule): cognate:transparent (367) is a generic catch-all with no additional split axis beyond what the page's suffix-family buttons already cover, chunked alphabetically.
9p7i1zi6h6	aceptar	to accept	supporting	topic:cognate-transparent-1	Subtopic split (size rule): cognate:transparent (367) is a generic catch-all with no additional split axis beyond what the page's suffix-family buttons already cover, chunked alphabetically.
qk9p697786	acreditar	to credit	reference	topic:cognate-transparent-1	Subtopic split (size rule): cognate:transparent (367) is a generic catch-all with no additional split axis beyond what the page's suffix-family buttons already cover, chunked alphabetically.
eqn1fdvots	[la] actividad	activity	reference	topic:cognate-transparent-1|topic:cognate-latin-root-1	Subtopic split (size rule): cognate:transparent (367) is a generic catch-all with no additional split axis beyond what the page's suffix-family buttons already cover, chunked alphabetically.
ez3zsvb5bs	[el] actor	actor	reference	topic:cognate-transparent-1	Subtopic split (size rule): cognate:transparent (367) is a generic catch-all with no additional split axis beyond what the page's suffix-family buttons already cover, chunked alphabetically.
752sk009k3	actuar	to act	supporting	topic:cognate-transparent-1|topic:cognate-latin-root-1	Subtopic split (size rule): cognate:transparent (367) is a generic catch-all with no additional split axis beyond what the page's suffix-family buttons already cover, chunked alphabetically.
nu004oqkyq	adaptar	to adapt	supporting	topic:cognate-transparent-1	Subtopic split (size rule): cognate:transparent (367) is a generic catch-all with no additional split axis beyond what the page's suffix-family buttons already cover, chunked alphabetically.
huqj9mq0gj	admitir	to admit	supporting	topic:cognate-transparent-1|topic:cognate-latin-root-1	Subtopic split (size rule): cognate:transparent (367) is a generic catch-all with no additional split axis beyond what the page's suffix-family buttons already cover, chunked alphabetically.
4hvzrkx09y	adoptar	to adopt	supporting	topic:cognate-transparent-1	Subtopic split (size rule): cognate:transparent (367) is a generic catch-all with no additional split axis beyond what the page's suffix-family buttons already cover, chunked alphabetically.
0r24apl3e1	adorar	to adore	reference	topic:cognate-transparent-1|topic:cognate-latin-root-1	Subtopic split (size rule): cognate:transparent (367) is a generic catch-all with no additional split axis beyond what the page's suffix-family buttons already cover, chunked alphabetically.
60quwmubtn	afirmar	to affirm	reference	topic:cognate-transparent-1	Subtopic split (size rule): cognate:transparent (367) is a generic catch-all with no additional split axis beyond what the page's suffix-family buttons already cover, chunked alphabetically.
fyvjibhkek	[ser] africano	[to be] African	reference	topic:cognate-transparent-1	Subtopic split (size rule): cognate:transparent (367) is a generic catch-all with no additional split axis beyond what the page's suffix-family buttons already cover, chunked alphabetically.
nam8t6o2da	alarmar	to alarm	reference	topic:cognate-transparent-1	Subtopic split (size rule): cognate:transparent (367) is a generic catch-all with no additional split axis beyond what the page's suffix-family buttons already cover, chunked alphabetically.
rbn15onoif	[el] alfabeto	alphabet	reference	topic:cognate-transparent-1|topic:cognate-latin-root-1	Subtopic split (size rule): cognate:transparent (367) is a generic catch-all with no additional split axis beyond what the page's suffix-family buttons already cover, chunked alphabetically.
919255rvxl	aludir a	to allude to	reference	topic:cognate-transparent-1|topic:cognate-latin-root-1	Subtopic split (size rule): cognate:transparent (367) is a generic catch-all with no additional split axis beyond what the page's suffix-family buttons already cover, chunked alphabetically.
5op38mdcjt	[ser] americano	[to be] American	reference	topic:cognate-transparent-1	Subtopic split (size rule): cognate:transparent (367) is a generic catch-all with no additional split axis beyond what the page's suffix-family buttons already cover, chunked alphabetically.
5e48uv0rbs	[el] anagrama	anagram	reference	topic:cognate-transparent-1|topic:cognate-latin-root-1	Subtopic split (size rule): cognate:transparent (367) is a generic catch-all with no additional split axis beyond what the page's suffix-family buttons already cover, chunked alphabetically.
ryhs9zkp1i	analizar	to analyze	reference	topic:cognate-transparent-1|topic:cognate-latin-root-1	Subtopic split (size rule): cognate:transparent (367) is a generic catch-all with no additional split axis beyond what the page's suffix-family buttons already cover, chunked alphabetically.
fdp64mnbuv	[la] anatomía	anatomy	reference	topic:cognate-transparent-2	Subtopic split (size rule): cognate:transparent (367) is a generic catch-all with no additional split axis beyond what the page's suffix-family buttons already cover, chunked alphabetically.
jn2e358cct	[el] apartamento	apartment	reference	topic:cognate-transparent-2	Subtopic split (size rule): cognate:transparent (367) is a generic catch-all with no additional split axis beyond what the page's suffix-family buttons already cover, chunked alphabetically.
jgqbst55jt	[el] argumento	argument	reference	topic:cognate-transparent-2	Subtopic split (size rule): cognate:transparent (367) is a generic catch-all with no additional split axis beyond what the page's suffix-family buttons already cover, chunked alphabetically.
7u4e2bcy3x	armar	to arm	reference	topic:cognate-transparent-2	Subtopic split (size rule): cognate:transparent (367) is a generic catch-all with no additional split axis beyond what the page's suffix-family buttons already cover, chunked alphabetically.
od2dt49kkn	[el/la] artista	artist	reference	topic:cognate-transparent-2	Subtopic split (size rule): cognate:transparent (367) is a generic catch-all with no additional split axis beyond what the page's suffix-family buttons already cover, chunked alphabetically.
xc3uttauvw	ascender	to ascend	reference	topic:cognate-transparent-2	Subtopic split (size rule): cognate:transparent (367) is a generic catch-all with no additional split axis beyond what the page's suffix-family buttons already cover, chunked alphabetically.
8lwxklvlox	[ser] astronómico	[to be] astronomical	reference	topic:cognate-transparent-2	Subtopic split (size rule): cognate:transparent (367) is a generic catch-all with no additional split axis beyond what the page's suffix-family buttons already cover, chunked alphabetically.
8xqxz4bf9f	[el] ataque	attack	reference	topic:cognate-transparent-2|topic:cognate-latin-root-1	Subtopic split (size rule): cognate:transparent (367) is a generic catch-all with no additional split axis beyond what the page's suffix-family buttons already cover, chunked alphabetically.
6xuxo8decu	[el/la] atleta	athlete	reference	topic:cognate-transparent-2|topic:cognate-latin-root-1	Subtopic split (size rule): cognate:transparent (367) is a generic catch-all with no additional split axis beyond what the page's suffix-family buttons already cover, chunked alphabetically.
6pov7295wy	auditar	to audit	reference	topic:cognate-transparent-2	Subtopic split (size rule): cognate:transparent (367) is a generic catch-all with no additional split axis beyond what the page's suffix-family buttons already cover, chunked alphabetically.
0bztz4k6hl	[la] ausencia	absence	reference	topic:cognate-transparent-2|topic:cognate-encia-ancia-1	Subtopic split (size rule): cognate:transparent (367) is a generic catch-all with no additional split axis beyond what the page's suffix-family buttons already cover, chunked alphabetically.
pmyn4pkqie	[el] autor	author	reference	topic:cognate-transparent-2|topic:cognate-latin-root-1	Subtopic split (size rule): cognate:transparent (367) is a generic catch-all with no additional split axis beyond what the page's suffix-family buttons already cover, chunked alphabetically.
k5bar7pzxw	autorizar	to authorize	reference	topic:cognate-transparent-2	Subtopic split (size rule): cognate:transparent (367) is a generic catch-all with no additional split axis beyond what the page's suffix-family buttons already cover, chunked alphabetically.
i4altfzocy	[la] biografía	biography	reference	topic:cognate-transparent-2	Subtopic split (size rule): cognate:transparent (367) is a generic catch-all with no additional split axis beyond what the page's suffix-family buttons already cover, chunked alphabetically.
j3vufl2m47	[la] biología	biology	reference	topic:cognate-transparent-2	Subtopic split (size rule): cognate:transparent (367) is a generic catch-all with no additional split axis beyond what the page's suffix-family buttons already cover, chunked alphabetically.
70rg25atoe	[el] bloque	block	reference	topic:cognate-transparent-2|topic:cognate-latin-root-1	Subtopic split (size rule): cognate:transparent (367) is a generic catch-all with no additional split axis beyond what the page's suffix-family buttons already cover, chunked alphabetically.
hudjcygfj0	[el] calendario	calendar	reference	topic:cognate-transparent-2	Subtopic split (size rule): cognate:transparent (367) is a generic catch-all with no additional split axis beyond what the page's suffix-family buttons already cover, chunked alphabetically.
2skg15ncs8	[la] calidad	quality	reference	topic:cognate-transparent-2|topic:cognate-latin-root-1	Subtopic split (size rule): cognate:transparent (367) is a generic catch-all with no additional split axis beyond what the page's suffix-family buttons already cover, chunked alphabetically.
4m1gtdvtrc	cancelar	to cancel	supporting	topic:cognate-transparent-2	Subtopic split (size rule): cognate:transparent (367) is a generic catch-all with no additional split axis beyond what the page's suffix-family buttons already cover, chunked alphabetically.
vuzvlbjndb	[el] capitalismo	capitalism	reference	topic:cognate-transparent-2	Subtopic split (size rule): cognate:transparent (367) is a generic catch-all with no additional split axis beyond what the page's suffix-family buttons already cover, chunked alphabetically.
m73r9f84te	[el/la] capitalista	capitalist	reference	topic:cognate-transparent-3	Subtopic split (size rule): cognate:transparent (367) is a generic catch-all with no additional split axis beyond what the page's suffix-family buttons already cover, chunked alphabetically.
9t2o4ihtoi	categorizar	to categorize	reference	topic:cognate-transparent-3	Subtopic split (size rule): cognate:transparent (367) is a generic catch-all with no additional split axis beyond what the page's suffix-family buttons already cover, chunked alphabetically.
yxxk3scerp	causar	to cause	supporting	topic:cognate-transparent-3|topic:cognate-latin-root-2	Subtopic split (size rule): cognate:transparent (367) is a generic catch-all with no additional split axis beyond what the page's suffix-family buttons already cover, chunked alphabetically.
gskdto3d00	celebrar	to celebrate	supporting	topic:cognate-transparent-3	Subtopic split (size rule): cognate:transparent (367) is a generic catch-all with no additional split axis beyond what the page's suffix-family buttons already cover, chunked alphabetically.
qqt1bizdh7	centrar	to center	reference	topic:cognate-transparent-3|topic:cognate-latin-root-2	Subtopic split (size rule): cognate:transparent (367) is a generic catch-all with no additional split axis beyond what the page's suffix-family buttons already cover, chunked alphabetically.
meaqtl8pnr	[el] cheque	check	reference	topic:cognate-transparent-3|topic:cognate-latin-root-2	Subtopic split (size rule): cognate:transparent (367) is a generic catch-all with no additional split axis beyond what the page's suffix-family buttons already cover, chunked alphabetically.
cgr3jxvkh4	[el/la] ciclista	cyclist	reference	topic:cognate-transparent-3	Subtopic split (size rule): cognate:transparent (367) is a generic catch-all with no additional split axis beyond what the page's suffix-family buttons already cover, chunked alphabetically.
s9ci9wweoe	[la] ciencia	science	reference	topic:cognate-transparent-3|topic:cognate-encia-ancia-1	Subtopic split (size rule): cognate:transparent (367) is a generic catch-all with no additional split axis beyond what the page's suffix-family buttons already cover, chunked alphabetically.
kofhrlar9b	[la] circunstancia	circumstance	reference	topic:cognate-transparent-3|topic:cognate-encia-ancia-1	Subtopic split (size rule): cognate:transparent (367) is a generic catch-all with no additional split axis beyond what the page's suffix-family buttons already cover, chunked alphabetically.
qdcruk7002	citar	to cite	reference	topic:cognate-transparent-3|topic:cognate-latin-root-2	Subtopic split (size rule): cognate:transparent (367) is a generic catch-all with no additional split axis beyond what the page's suffix-family buttons already cover, chunked alphabetically.
bgidx11mt2	clarificar	to clarify	reference	topic:cognate-transparent-3	Subtopic split (size rule): cognate:transparent (367) is a generic catch-all with no additional split axis beyond what the page's suffix-family buttons already cover, chunked alphabetically.
v3a51wsgs5	clasificar	to classify	reference	topic:cognate-transparent-3	Subtopic split (size rule): cognate:transparent (367) is a generic catch-all with no additional split axis beyond what the page's suffix-family buttons already cover, chunked alphabetically.
pqwwsqguca	coexistir	to coexist	reference	topic:cognate-transparent-3	Subtopic split (size rule): cognate:transparent (367) is a generic catch-all with no additional split axis beyond what the page's suffix-family buttons already cover, chunked alphabetically.
xnwi7nn794	coincidir	to coincide	reference	topic:cognate-transparent-3|topic:cognate-latin-root-2	Subtopic split (size rule): cognate:transparent (367) is a generic catch-all with no additional split axis beyond what the page's suffix-family buttons already cover, chunked alphabetically.
u9hxahpvn8	coleccionar	to collect	reference	topic:cognate-transparent-3|topic:cognate-latin-root-2	Subtopic split (size rule): cognate:transparent (367) is a generic catch-all with no additional split axis beyond what the page's suffix-family buttons already cover, chunked alphabetically.
cw25uiqi25	[ser] colombiano	[to be] Colombian	reference	topic:cognate-transparent-3	Subtopic split (size rule): cognate:transparent (367) is a generic catch-all with no additional split axis beyond what the page's suffix-family buttons already cover, chunked alphabetically.
xevu7180er	[el] color	color	reference	topic:cognate-transparent-3	Subtopic split (size rule): cognate:transparent (367) is a generic catch-all with no additional split axis beyond what the page's suffix-family buttons already cover, chunked alphabetically.
flw5i68vuy	combinar	to combine	supporting	topic:cognate-transparent-3	Subtopic split (size rule): cognate:transparent (367) is a generic catch-all with no additional split axis beyond what the page's suffix-family buttons already cover, chunked alphabetically.
v4jvn24z90	comentar	to comment	supporting	topic:cognate-transparent-3	Subtopic split (size rule): cognate:transparent (367) is a generic catch-all with no additional split axis beyond what the page's suffix-family buttons already cover, chunked alphabetically.
se694g3es1	cometer	to commit	reference	topic:cognate-transparent-3|topic:cognate-latin-root-2	Subtopic split (size rule): cognate:transparent (367) is a generic catch-all with no additional split axis beyond what the page's suffix-family buttons already cover, chunked alphabetically.
i58gx9ufoe	[la] compañía	company	reference	topic:cognate-transparent-4	Subtopic split (size rule): cognate:transparent (367) is a generic catch-all with no additional split axis beyond what the page's suffix-family buttons already cover, chunked alphabetically.
mgdq7n4g99	comparar	to compare	supporting	topic:cognate-transparent-4|topic:cognate-latin-root-2	Subtopic split (size rule): cognate:transparent (367) is a generic catch-all with no additional split axis beyond what the page's suffix-family buttons already cover, chunked alphabetically.
lwdg45y70j	complementar	to complement	reference	topic:cognate-transparent-4	Subtopic split (size rule): cognate:transparent (367) is a generic catch-all with no additional split axis beyond what the page's suffix-family buttons already cover, chunked alphabetically.
0hrde16ahz	comunicar	to communicate	supporting	topic:cognate-transparent-4	Subtopic split (size rule): cognate:transparent (367) is a generic catch-all with no additional split axis beyond what the page's suffix-family buttons already cover, chunked alphabetically.
o8ol2ar9h7	[la] comunidad	community	reference	topic:cognate-transparent-4|topic:cognate-latin-root-2	Subtopic split (size rule): cognate:transparent (367) is a generic catch-all with no additional split axis beyond what the page's suffix-family buttons already cover, chunked alphabetically.
010007hsii	[el] comunismo	communism	reference	topic:cognate-transparent-4	Subtopic split (size rule): cognate:transparent (367) is a generic catch-all with no additional split axis beyond what the page's suffix-family buttons already cover, chunked alphabetically.
7qttuz5h12	[el/la] comunista	communist	reference	topic:cognate-transparent-4	Subtopic split (size rule): cognate:transparent (367) is a generic catch-all with no additional split axis beyond what the page's suffix-family buttons already cover, chunked alphabetically.
n4p1guor4u	condicionar	to condition	reference	topic:cognate-transparent-4	Subtopic split (size rule): cognate:transparent (367) is a generic catch-all with no additional split axis beyond what the page's suffix-family buttons already cover, chunked alphabetically.
y51fnavydz	[el] conductor	conductor	reference	topic:cognate-transparent-4	Subtopic split (size rule): cognate:transparent (367) is a generic catch-all with no additional split axis beyond what the page's suffix-family buttons already cover, chunked alphabetically.
v7x2m7p57l	conectado	connected	reference	topic:cognate-transparent-4	Subtopic split (size rule): cognate:transparent (367) is a generic catch-all with no additional split axis beyond what the page's suffix-family buttons already cover, chunked alphabetically.
wre5v1rrgt	conectar	to connect	supporting	topic:cognate-transparent-4|topic:cognate-latin-root-2	Subtopic split (size rule): cognate:transparent (367) is a generic catch-all with no additional split axis beyond what the page's suffix-family buttons already cover, chunked alphabetically.
psjycfzsmh	conferir	to confer	reference	topic:cognate-transparent-4|topic:cognate-latin-root-2	Subtopic split (size rule): cognate:transparent (367) is a generic catch-all with no additional split axis beyond what the page's suffix-family buttons already cover, chunked alphabetically.
1s8k9i2k7r	[la] confianza	confidence	reference	topic:cognate-transparent-4	Subtopic split (size rule): cognate:transparent (367) is a generic catch-all with no additional split axis beyond what the page's suffix-family buttons already cover, chunked alphabetically.
64la95zkw9	confinar	to confine	reference	topic:cognate-transparent-4	Subtopic split (size rule): cognate:transparent (367) is a generic catch-all with no additional split axis beyond what the page's suffix-family buttons already cover, chunked alphabetically.
lane9d40z9	confirmado	confirmed	reference	topic:cognate-transparent-4	Subtopic split (size rule): cognate:transparent (367) is a generic catch-all with no additional split axis beyond what the page's suffix-family buttons already cover, chunked alphabetically.
heyjux7tob	confirmar	to confirm	supporting	topic:cognate-transparent-4	Subtopic split (size rule): cognate:transparent (367) is a generic catch-all with no additional split axis beyond what the page's suffix-family buttons already cover, chunked alphabetically.
y426oxqcyc	[la] consecuencia	consequence	reference	topic:cognate-transparent-4|topic:cognate-encia-ancia-1	Subtopic split (size rule): cognate:transparent (367) is a generic catch-all with no additional split axis beyond what the page's suffix-family buttons already cover, chunked alphabetically.
6e9qxav69p	considerar	to consider	supporting	topic:cognate-transparent-4	Subtopic split (size rule): cognate:transparent (367) is a generic catch-all with no additional split axis beyond what the page's suffix-family buttons already cover, chunked alphabetically.
j6008tp8dx	consignar	to transfer	reference	topic:cognate-transparent-4	Subtopic split (size rule): cognate:transparent (367) is a generic catch-all with no additional split axis beyond what the page's suffix-family buttons already cover, chunked alphabetically.
6k53g7qqh7	consistir en	to consist of	supporting	topic:cognate-transparent-4	Subtopic split (size rule): cognate:transparent (367) is a generic catch-all with no additional split axis beyond what the page's suffix-family buttons already cover, chunked alphabetically.
fguxguiyas	constituir	to constitute	reference	topic:cognate-transparent-5|topic:cognate-latin-root-2	Subtopic split (size rule): cognate:transparent (367) is a generic catch-all with no additional split axis beyond what the page's suffix-family buttons already cover, chunked alphabetically.
0xrtfpsxvb	contactado	contacted	reference	topic:cognate-transparent-5	Subtopic split (size rule): cognate:transparent (367) is a generic catch-all with no additional split axis beyond what the page's suffix-family buttons already cover, chunked alphabetically.
j0h2wd9lh8	contactar	to contact	supporting	topic:cognate-transparent-5|topic:cognate-latin-root-3	Subtopic split (size rule): cognate:transparent (367) is a generic catch-all with no additional split axis beyond what the page's suffix-family buttons already cover, chunked alphabetically.
qrn2vb926b	continuado	continued	reference	topic:cognate-transparent-5	Subtopic split (size rule): cognate:transparent (367) is a generic catch-all with no additional split axis beyond what the page's suffix-family buttons already cover, chunked alphabetically.
8ck7889dtr	contradecir a [alguien]	to contradict [somebody]	reference	topic:cognate-transparent-5|topic:cognate-latin-root-3	Subtopic split (size rule): cognate:transparent (367) is a generic catch-all with no additional split axis beyond what the page's suffix-family buttons already cover, chunked alphabetically.
h6ec5g8ke1	[el] contrato	contract	reference	topic:cognate-transparent-5	Subtopic split (size rule): cognate:transparent (367) is a generic catch-all with no additional split axis beyond what the page's suffix-family buttons already cover, chunked alphabetically.
31t4x032vy	controlar	to control	supporting	topic:cognate-transparent-5	Subtopic split (size rule): cognate:transparent (367) is a generic catch-all with no additional split axis beyond what the page's suffix-family buttons already cover, chunked alphabetically.
19v3shosi9	corregir	to correct	supporting	topic:cognate-transparent-5|topic:cognate-latin-root-3	Subtopic split (size rule): cognate:transparent (367) is a generic catch-all with no additional split axis beyond what the page's suffix-family buttons already cover, chunked alphabetically.
34qked2yf9	corresponder	to correspond	reference	topic:cognate-transparent-5	Subtopic split (size rule): cognate:transparent (367) is a generic catch-all with no additional split axis beyond what the page's suffix-family buttons already cover, chunked alphabetically.
xd020ctw06	costar	to cost	supporting	topic:cognate-transparent-5	Subtopic split (size rule): cognate:transparent (367) is a generic catch-all with no additional split axis beyond what the page's suffix-family buttons already cover, chunked alphabetically.
opym3wa19f	crear	to create	supporting	topic:cognate-transparent-5|topic:cognate-latin-root-3	Subtopic split (size rule): cognate:transparent (367) is a generic catch-all with no additional split axis beyond what the page's suffix-family buttons already cover, chunked alphabetically.
4es4xow5j6	[ser] cristiano	[to be] Christian	reference	topic:cognate-transparent-5	Subtopic split (size rule): cognate:transparent (367) is a generic catch-all with no additional split axis beyond what the page's suffix-family buttons already cover, chunked alphabetically.
ur8kfuni1s	cuantificar	to quantify	reference	topic:cognate-transparent-5	Subtopic split (size rule): cognate:transparent (367) is a generic catch-all with no additional split axis beyond what the page's suffix-family buttons already cover, chunked alphabetically.
rd4s3p0ahf	[la] cuestión	question	reference	topic:cognate-transparent-5	Subtopic split (size rule): cognate:transparent (367) is a generic catch-all with no additional split axis beyond what the page's suffix-family buttons already cover, chunked alphabetically.
qw412q5w2q	cuestionar	to question	reference	topic:cognate-transparent-5	Subtopic split (size rule): cognate:transparent (367) is a generic catch-all with no additional split axis beyond what the page's suffix-family buttons already cover, chunked alphabetically.
j0hovpxufz	decidir	to decide	supporting	topic:cognate-transparent-5|topic:cognate-latin-root-3	Subtopic split (size rule): cognate:transparent (367) is a generic catch-all with no additional split axis beyond what the page's suffix-family buttons already cover, chunked alphabetically.
q6rkgiwa5d	declarar	to declare	reference	topic:cognate-transparent-5|topic:cognate-latin-root-3	Subtopic split (size rule): cognate:transparent (367) is a generic catch-all with no additional split axis beyond what the page's suffix-family buttons already cover, chunked alphabetically.
5jet54qdcc	declinar	to decline	reference	topic:cognate-transparent-5	Subtopic split (size rule): cognate:transparent (367) is a generic catch-all with no additional split axis beyond what the page's suffix-family buttons already cover, chunked alphabetically.
sl4u8g4jfs	decorar	to decorate	reference	topic:cognate-transparent-5	Subtopic split (size rule): cognate:transparent (367) is a generic catch-all with no additional split axis beyond what the page's suffix-family buttons already cover, chunked alphabetically.
w9bz3hfyb4	defender	to defend	supporting	topic:cognate-transparent-5	Subtopic split (size rule): cognate:transparent (367) is a generic catch-all with no additional split axis beyond what the page's suffix-family buttons already cover, chunked alphabetically.
rvy6cpjlbl	definir	to define	supporting	topic:cognate-transparent-6|topic:cognate-latin-root-3	Subtopic split (size rule): cognate:transparent (367) is a generic catch-all with no additional split axis beyond what the page's suffix-family buttons already cover, chunked alphabetically.
pxa8yqnuhd	[la] democracia	democracy	reference	topic:cognate-transparent-6	Subtopic split (size rule): cognate:transparent (367) is a generic catch-all with no additional split axis beyond what the page's suffix-family buttons already cover, chunked alphabetically.
oahko0oasz	[el/la] dentista	dentist	reference	topic:cognate-transparent-6	Subtopic split (size rule): cognate:transparent (367) is a generic catch-all with no additional split axis beyond what the page's suffix-family buttons already cover, chunked alphabetically.
9tvb76739j	[el] departamento	department	reference	topic:cognate-transparent-6	Subtopic split (size rule): cognate:transparent (367) is a generic catch-all with no additional split axis beyond what the page's suffix-family buttons already cover, chunked alphabetically.
qz1w4uhz07	depender	to depend	supporting	topic:cognate-transparent-6	Subtopic split (size rule): cognate:transparent (367) is a generic catch-all with no additional split axis beyond what the page's suffix-family buttons already cover, chunked alphabetically.
buxp2vht7l	deportar	to deport	reference	topic:cognate-transparent-6	Subtopic split (size rule): cognate:transparent (367) is a generic catch-all with no additional split axis beyond what the page's suffix-family buttons already cover, chunked alphabetically.
i3832a491z	depositar	to deposit	reference	topic:cognate-transparent-6	Subtopic split (size rule): cognate:transparent (367) is a generic catch-all with no additional split axis beyond what the page's suffix-family buttons already cover, chunked alphabetically.
ph4y9pkwf1	derivar	to derive	reference	topic:cognate-transparent-6|topic:cognate-latin-root-3	Subtopic split (size rule): cognate:transparent (367) is a generic catch-all with no additional split axis beyond what the page's suffix-family buttons already cover, chunked alphabetically.
qszqbcro8d	desarmar	to disarm	reference	topic:cognate-transparent-6	Subtopic split (size rule): cognate:transparent (367) is a generic catch-all with no additional split axis beyond what the page's suffix-family buttons already cover, chunked alphabetically.
ar0hh5n2qk	descender	to descend	reference	topic:cognate-transparent-6	Subtopic split (size rule): cognate:transparent (367) is a generic catch-all with no additional split axis beyond what the page's suffix-family buttons already cover, chunked alphabetically.
fn4t06n2a1	desistir de	to desist from	reference	topic:cognate-transparent-6	Subtopic split (size rule): cognate:transparent (367) is a generic catch-all with no additional split axis beyond what the page's suffix-family buttons already cover, chunked alphabetically.
sieanaw5b9	detectar	to detect	reference	topic:cognate-transparent-6|topic:cognate-latin-root-3	Subtopic split (size rule): cognate:transparent (367) is a generic catch-all with no additional split axis beyond what the page's suffix-family buttons already cover, chunked alphabetically.
5dphe27cg7	determinar	to determine	supporting	topic:cognate-transparent-6	Subtopic split (size rule): cognate:transparent (367) is a generic catch-all with no additional split axis beyond what the page's suffix-family buttons already cover, chunked alphabetically.
mdyd02rnzc	[el] diagrama	diagram	reference	topic:cognate-transparent-6|topic:cognate-latin-root-3	Subtopic split (size rule): cognate:transparent (367) is a generic catch-all with no additional split axis beyond what the page's suffix-family buttons already cover, chunked alphabetically.
xb472n003b	[la] diferencia	difference	reference	topic:cognate-transparent-6|topic:cognate-encia-ancia-1	Subtopic split (size rule): cognate:transparent (367) is a generic catch-all with no additional split axis beyond what the page's suffix-family buttons already cover, chunked alphabetically.
ll708ai2nl	diferir	to differ	reference	topic:cognate-transparent-6|topic:cognate-latin-root-4	Subtopic split (size rule): cognate:transparent (367) is a generic catch-all with no additional split axis beyond what the page's suffix-family buttons already cover, chunked alphabetically.
mabi7dom4b	digitalizar	to digitize	reference	topic:cognate-transparent-6	Subtopic split (size rule): cognate:transparent (367) is a generic catch-all with no additional split axis beyond what the page's suffix-family buttons already cover, chunked alphabetically.
009wapgppb	[el] director	director	reference	topic:cognate-transparent-6	Subtopic split (size rule): cognate:transparent (367) is a generic catch-all with no additional split axis beyond what the page's suffix-family buttons already cover, chunked alphabetically.
3sxzs54o8t	dirigir	to direct	supporting	topic:cognate-transparent-6|topic:cognate-latin-root-4	Subtopic split (size rule): cognate:transparent (367) is a generic catch-all with no additional split axis beyond what the page's suffix-family buttons already cover, chunked alphabetically.
f3de9phcrp	disciplinar	to discipline	reference	topic:cognate-transparent-6	Subtopic split (size rule): cognate:transparent (367) is a generic catch-all with no additional split axis beyond what the page's suffix-family buttons already cover, chunked alphabetically.
ayau0sgeq7	[la] distancia	distance	reference	topic:cognate-transparent-7|topic:cognate-encia-ancia-1	Subtopic split (size rule): cognate:transparent (367) is a generic catch-all with no additional split axis beyond what the page's suffix-family buttons already cover, chunked alphabetically.
gi8q8b684l	[el] distrito	district	reference	topic:cognate-transparent-7	Subtopic split (size rule): cognate:transparent (367) is a generic catch-all with no additional split axis beyond what the page's suffix-family buttons already cover, chunked alphabetically.
pisgbls4zr	[la] diversidad	diversity	reference	topic:cognate-transparent-7|topic:cognate-latin-root-4	Subtopic split (size rule): cognate:transparent (367) is a generic catch-all with no additional split axis beyond what the page's suffix-family buttons already cover, chunked alphabetically.
b4qf2uute8	dividir	to divide	supporting	topic:cognate-transparent-7|topic:cognate-latin-root-4	Subtopic split (size rule): cognate:transparent (367) is a generic catch-all with no additional split axis beyond what the page's suffix-family buttons already cover, chunked alphabetically.
l89xxygsjn	[el] doctor	doctor	reference	topic:cognate-transparent-7	Subtopic split (size rule): cognate:transparent (367) is a generic catch-all with no additional split axis beyond what the page's suffix-family buttons already cover, chunked alphabetically.
z504kyatgz	[el] documento	document	reference	topic:cognate-transparent-7	Subtopic split (size rule): cognate:transparent (367) is a generic catch-all with no additional split axis beyond what the page's suffix-family buttons already cover, chunked alphabetically.
ziwsmwdplp	[la] economía	economy	reference	topic:cognate-transparent-7	Subtopic split (size rule): cognate:transparent (367) is a generic catch-all with no additional split axis beyond what the page's suffix-family buttons already cover, chunked alphabetically.
4vjw5ypya0	editar	to edit	supporting	topic:cognate-transparent-7	Subtopic split (size rule): cognate:transparent (367) is a generic catch-all with no additional split axis beyond what the page's suffix-family buttons already cover, chunked alphabetically.
5k3hommin3	ejecutar	to execute	reference	topic:cognate-transparent-7|topic:cognate-latin-root-4	Subtopic split (size rule): cognate:transparent (367) is a generic catch-all with no additional split axis beyond what the page's suffix-family buttons already cover, chunked alphabetically.
i6a8ckszic	[el] elefante	elephant	reference	topic:cognate-transparent-7|topic:cognate-latin-root-4	Subtopic split (size rule): cognate:transparent (367) is a generic catch-all with no additional split axis beyond what the page's suffix-family buttons already cover, chunked alphabetically.
8ndkxjyr8a	[la] elegancia	elegance	reference	topic:cognate-transparent-7|topic:cognate-encia-ancia-1	Subtopic split (size rule): cognate:transparent (367) is a generic catch-all with no additional split axis beyond what the page's suffix-family buttons already cover, chunked alphabetically.
mjvhe37ien	elegir	to elect	reference	topic:cognate-transparent-7|topic:cognate-latin-root-4	Subtopic split (size rule): cognate:transparent (367) is a generic catch-all with no additional split axis beyond what the page's suffix-family buttons already cover, chunked alphabetically.
3mzb7ucq3c	[el] elemento	element	reference	topic:cognate-transparent-7	Subtopic split (size rule): cognate:transparent (367) is a generic catch-all with no additional split axis beyond what the page's suffix-family buttons already cover, chunked alphabetically.
m4haqep8h2	eliminar	to eliminate	reference	topic:cognate-transparent-7	Subtopic split (size rule): cognate:transparent (367) is a generic catch-all with no additional split axis beyond what the page's suffix-family buttons already cover, chunked alphabetically.
bfazbua3qx	eludir	to elude	reference	topic:cognate-transparent-7|topic:cognate-latin-root-4	Subtopic split (size rule): cognate:transparent (367) is a generic catch-all with no additional split axis beyond what the page's suffix-family buttons already cover, chunked alphabetically.
bm5xv1t2ju	emitir	to emit	reference	topic:cognate-transparent-7|topic:cognate-latin-root-4	Subtopic split (size rule): cognate:transparent (367) is a generic catch-all with no additional split axis beyond what the page's suffix-family buttons already cover, chunked alphabetically.
3jyvhogwhm	[la] empresa	company	reference	topic:cognate-transparent-7|topic:cognate-latin-root-4	Subtopic split (size rule): cognate:transparent (367) is a generic catch-all with no additional split axis beyond what the page's suffix-family buttons already cover, chunked alphabetically.
ky42p9r4c6	encontrar	to encounter	reference	topic:cognate-transparent-7|topic:cognate-latin-root-4	Subtopic split (size rule): cognate:transparent (367) is a generic catch-all with no additional split axis beyond what the page's suffix-family buttons already cover, chunked alphabetically.
qonttifuhw	encriptar	to encrypt	reference	topic:cognate-transparent-7	Subtopic split (size rule): cognate:transparent (367) is a generic catch-all with no additional split axis beyond what the page's suffix-family buttons already cover, chunked alphabetically.
fthrcu4xvt	[la] energía	energy	reference	topic:cognate-transparent-7	Subtopic split (size rule): cognate:transparent (367) is a generic catch-all with no additional split axis beyond what the page's suffix-family buttons already cover, chunked alphabetically.
gofzjv65s0	entrar	to enter	supporting	topic:cognate-transparent-8|topic:cognate-latin-root-4	Subtopic split (size rule): cognate:transparent (367) is a generic catch-all with no additional split axis beyond what the page's suffix-family buttons already cover, chunked alphabetically.
ay52qg5p32	erigir	to erect	reference	topic:cognate-transparent-8|topic:cognate-latin-root-4	Subtopic split (size rule): cognate:transparent (367) is a generic catch-all with no additional split axis beyond what the page's suffix-family buttons already cover, chunked alphabetically.
wvccxadcjd	[el] error	error	reference	topic:cognate-transparent-8	Subtopic split (size rule): cognate:transparent (367) is a generic catch-all with no additional split axis beyond what the page's suffix-family buttons already cover, chunked alphabetically.
c3m4utcxtr	[el/la] especialista	specialist	reference	topic:cognate-transparent-8	Subtopic split (size rule): cognate:transparent (367) is a generic catch-all with no additional split axis beyond what the page's suffix-family buttons already cover, chunked alphabetically.
if5o5uocfp	especializar	to specialize	reference	topic:cognate-transparent-8	Subtopic split (size rule): cognate:transparent (367) is a generic catch-all with no additional split axis beyond what the page's suffix-family buttons already cover, chunked alphabetically.
lfg0ejcjnq	estimar	to estimate	reference	topic:cognate-transparent-8	Subtopic split (size rule): cognate:transparent (367) is a generic catch-all with no additional split axis beyond what the page's suffix-family buttons already cover, chunked alphabetically.
mbh0j4ycf9	[la] estrategia	strategy	reference	topic:cognate-transparent-8	Subtopic split (size rule): cognate:transparent (367) is a generic catch-all with no additional split axis beyond what the page's suffix-family buttons already cover, chunked alphabetically.
pq0vcgmueh	[el/la] estudiante	student	supporting	topic:cognate-transparent-8	Subtopic split (size rule): cognate:transparent (367) is a generic catch-all with no additional split axis beyond what the page's suffix-family buttons already cover, chunked alphabetically.
3e90ezzzgn	[la] ética	ethics	reference	topic:cognate-transparent-8|topic:cognate-latin-root-4	Subtopic split (size rule): cognate:transparent (367) is a generic catch-all with no additional split axis beyond what the page's suffix-family buttons already cover, chunked alphabetically.
7kkfxwklk0	[el] evento	event	reference	topic:cognate-transparent-8|topic:cognate-latin-root-4	Subtopic split (size rule): cognate:transparent (367) is a generic catch-all with no additional split axis beyond what the page's suffix-family buttons already cover, chunked alphabetically.
drst4ar6kz	[la] evidencia	evidence	reference	topic:cognate-transparent-8|topic:cognate-encia-ancia-1	Subtopic split (size rule): cognate:transparent (367) is a generic catch-all with no additional split axis beyond what the page's suffix-family buttons already cover, chunked alphabetically.
3m3l646xr4	examinar	to examine	supporting	topic:cognate-transparent-8	Subtopic split (size rule): cognate:transparent (367) is a generic catch-all with no additional split axis beyond what the page's suffix-family buttons already cover, chunked alphabetically.
n5fxf1nj7g	[la] excelencia	excellence	reference	topic:cognate-transparent-8|topic:cognate-encia-ancia-1	Subtopic split (size rule): cognate:transparent (367) is a generic catch-all with no additional split axis beyond what the page's suffix-family buttons already cover, chunked alphabetically.
qup86o9vnn	exhalar	to exhale	reference	topic:cognate-transparent-8|topic:cognate-latin-root-5	Subtopic split (size rule): cognate:transparent (367) is a generic catch-all with no additional split axis beyond what the page's suffix-family buttons already cover, chunked alphabetically.
357bx3sba4	existir	to exist	supporting	topic:cognate-transparent-8	Subtopic split (size rule): cognate:transparent (367) is a generic catch-all with no additional split axis beyond what the page's suffix-family buttons already cover, chunked alphabetically.
cshtvn6kwm	[la] experiencia	experience	reference	topic:cognate-transparent-8|topic:cognate-encia-ancia-1	Subtopic split (size rule): cognate:transparent (367) is a generic catch-all with no additional split axis beyond what the page's suffix-family buttons already cover, chunked alphabetically.
137ua2ss5b	experimentar	to experiment	reference	topic:cognate-transparent-8	Subtopic split (size rule): cognate:transparent (367) is a generic catch-all with no additional split axis beyond what the page's suffix-family buttons already cover, chunked alphabetically.
7vqbup0juw	[el] experimento	experiment	reference	topic:cognate-transparent-8	Subtopic split (size rule): cognate:transparent (367) is a generic catch-all with no additional split axis beyond what the page's suffix-family buttons already cover, chunked alphabetically.
6zl0myxp6t	explorar	to explore	supporting	topic:cognate-transparent-8|topic:cognate-latin-root-5	Subtopic split (size rule): cognate:transparent (367) is a generic catch-all with no additional split axis beyond what the page's suffix-family buttons already cover, chunked alphabetically.
psvaz2wxvv	exportar	to export	reference	topic:cognate-transparent-8	Subtopic split (size rule): cognate:transparent (367) is a generic catch-all with no additional split axis beyond what the page's suffix-family buttons already cover, chunked alphabetically.
nd8kd8q9fc	extender	to extend	reference	topic:cognate-transparent-9	Subtopic split (size rule): cognate:transparent (367) is a generic catch-all with no additional split axis beyond what the page's suffix-family buttons already cover, chunked alphabetically.
wjtdww32zz	[el] factor	factor	reference	topic:cognate-transparent-9	Subtopic split (size rule): cognate:transparent (367) is a generic catch-all with no additional split axis beyond what the page's suffix-family buttons already cover, chunked alphabetically.
116vm30sv8	[la] familia	family	supporting	topic:cognate-transparent-9|topic:cognate-latin-root-5	Subtopic split (size rule): cognate:transparent (367) is a generic catch-all with no additional split axis beyond what the page's suffix-family buttons already cover, chunked alphabetically.
t85d508oa1	[la] farmacia	pharmacy	reference	topic:cognate-transparent-9	Subtopic split (size rule): cognate:transparent (367) is a generic catch-all with no additional split axis beyond what the page's suffix-family buttons already cover, chunked alphabetically.
57l5ve6bmp	[la] fase	phase	reference	topic:cognate-transparent-9|topic:cognate-latin-root-5	Subtopic split (size rule): cognate:transparent (367) is a generic catch-all with no additional split axis beyond what the page's suffix-family buttons already cover, chunked alphabetically.
3n3pi38b08	[el] favor	favor	reference	topic:cognate-transparent-9	Subtopic split (size rule): cognate:transparent (367) is a generic catch-all with no additional split axis beyond what the page's suffix-family buttons already cover, chunked alphabetically.
an6n9dae4i	[el] fenómeno	phenomenon	reference	topic:cognate-transparent-9|topic:cognate-latin-root-5	Subtopic split (size rule): cognate:transparent (367) is a generic catch-all with no additional split axis beyond what the page's suffix-family buttons already cover, chunked alphabetically.
kqco74d77t	[la] filosofía	philosophy	reference	topic:cognate-transparent-9	Subtopic split (size rule): cognate:transparent (367) is a generic catch-all with no additional split axis beyond what the page's suffix-family buttons already cover, chunked alphabetically.
pqrq0blgqm	[ser] filosófico	[to be] philosophical	reference	topic:cognate-transparent-9	Subtopic split (size rule): cognate:transparent (367) is a generic catch-all with no additional split axis beyond what the page's suffix-family buttons already cover, chunked alphabetically.
hl9cjbokrp	finalizar	to finalize	reference	topic:cognate-transparent-9	Subtopic split (size rule): cognate:transparent (367) is a generic catch-all with no additional split axis beyond what the page's suffix-family buttons already cover, chunked alphabetically.
0abs5n4aji	[la] física	physics	reference	topic:cognate-transparent-9|topic:cognate-latin-root-5	Subtopic split (size rule): cognate:transparent (367) is a generic catch-all with no additional split axis beyond what the page's suffix-family buttons already cover, chunked alphabetically.
czbta5pgta	[ser] físico	[to be] physical	reference	topic:cognate-transparent-9	Subtopic split (size rule): cognate:transparent (367) is a generic catch-all with no additional split axis beyond what the page's suffix-family buttons already cover, chunked alphabetically.
wi8vr5itjx	formar	to form	supporting	topic:cognate-transparent-9	Subtopic split (size rule): cognate:transparent (367) is a generic catch-all with no additional split axis beyond what the page's suffix-family buttons already cover, chunked alphabetically.
txbqx8bugq	[la] foto	photo	reference	topic:cognate-transparent-9|topic:cognate-latin-root-5	Subtopic split (size rule): cognate:transparent (367) is a generic catch-all with no additional split axis beyond what the page's suffix-family buttons already cover, chunked alphabetically.
l98q5snji8	[la] fotografía	photography	reference	topic:cognate-transparent-9	Subtopic split (size rule): cognate:transparent (367) is a generic catch-all with no additional split axis beyond what the page's suffix-family buttons already cover, chunked alphabetically.
7aac2sx3se	[la] frase	phrase	reference	topic:cognate-transparent-9|topic:cognate-latin-root-5	Subtopic split (size rule): cognate:transparent (367) is a generic catch-all with no additional split axis beyond what the page's suffix-family buttons already cover, chunked alphabetically.
594or6yxdx	funcionar	to function	supporting	topic:cognate-transparent-9	Subtopic split (size rule): cognate:transparent (367) is a generic catch-all with no additional split axis beyond what the page's suffix-family buttons already cover, chunked alphabetically.
2ji12md64i	[el] garaje	garage	reference	topic:cognate-transparent-9|topic:cognate-latin-root-5	Subtopic split (size rule): cognate:transparent (367) is a generic catch-all with no additional split axis beyond what the page's suffix-family buttons already cover, chunked alphabetically.
tr7l0nrxpt	[la] geometría	geometry	reference	topic:cognate-transparent-9	Subtopic split (size rule): cognate:transparent (367) is a generic catch-all with no additional split axis beyond what the page's suffix-family buttons already cover, chunked alphabetically.
pnp6pglvyd	guiar	to guide	reference	topic:cognate-transparent-9|topic:cognate-latin-root-5	Subtopic split (size rule): cognate:transparent (367) is a generic catch-all with no additional split axis beyond what the page's suffix-family buttons already cover, chunked alphabetically.
w33cmw6ad6	[la] historia	history	reference	topic:cognate-transparent-10	Subtopic split (size rule): cognate:transparent (367) is a generic catch-all with no additional split axis beyond what the page's suffix-family buttons already cover, chunked alphabetically.
tyay5014w3	[el] holograma	hologram	reference	topic:cognate-transparent-10|topic:cognate-latin-root-5	Subtopic split (size rule): cognate:transparent (367) is a generic catch-all with no additional split axis beyond what the page's suffix-family buttons already cover, chunked alphabetically.
os4a2ac0tm	[el] honor	honor	reference	topic:cognate-transparent-10	Subtopic split (size rule): cognate:transparent (367) is a generic catch-all with no additional split axis beyond what the page's suffix-family buttons already cover, chunked alphabetically.
8i4pvwrh3c	[la] humanidad	humanity	reference	topic:cognate-transparent-10|topic:cognate-latin-root-5	Subtopic split (size rule): cognate:transparent (367) is a generic catch-all with no additional split axis beyond what the page's suffix-family buttons already cover, chunked alphabetically.
njm6razd2i	[ser] humano	[to be] human	reference	topic:cognate-transparent-10	Subtopic split (size rule): cognate:transparent (367) is a generic catch-all with no additional split axis beyond what the page's suffix-family buttons already cover, chunked alphabetically.
4u88izkkdc	[el] idealismo	idealism	reference	topic:cognate-transparent-10	Subtopic split (size rule): cognate:transparent (367) is a generic catch-all with no additional split axis beyond what the page's suffix-family buttons already cover, chunked alphabetically.
21ieglmh64	[la] identidad	identity	reference	topic:cognate-transparent-10|topic:cognate-latin-root-5	Subtopic split (size rule): cognate:transparent (367) is a generic catch-all with no additional split axis beyond what the page's suffix-family buttons already cover, chunked alphabetically.
j0hw7h1rsw	identificar	to identify	supporting	topic:cognate-transparent-10	Subtopic split (size rule): cognate:transparent (367) is a generic catch-all with no additional split axis beyond what the page's suffix-family buttons already cover, chunked alphabetically.
6zv7gcixac	[la] ignorancia	ignorance	reference	topic:cognate-transparent-10|topic:cognate-encia-ancia-1	Subtopic split (size rule): cognate:transparent (367) is a generic catch-all with no additional split axis beyond what the page's suffix-family buttons already cover, chunked alphabetically.
l99hc4crr3	ignorar	to ignore	supporting	topic:cognate-transparent-10|topic:cognate-latin-root-6	Subtopic split (size rule): cognate:transparent (367) is a generic catch-all with no additional split axis beyond what the page's suffix-family buttons already cover, chunked alphabetically.
jg09lmjqgp	[ser] ilegal	[to be] illegal	reference	topic:cognate-transparent-10|topic:cognate-latin-root-6	Subtopic split (size rule): cognate:transparent (367) is a generic catch-all with no additional split axis beyond what the page's suffix-family buttons already cover, chunked alphabetically.
8bgeggud65	[la] imagen	image	reference	topic:cognate-transparent-10|topic:cognate-latin-root-6	Subtopic split (size rule): cognate:transparent (367) is a generic catch-all with no additional split axis beyond what the page's suffix-family buttons already cover, chunked alphabetically.
gklngg6dry	imaginar	to imagine	supporting	topic:cognate-transparent-10	Subtopic split (size rule): cognate:transparent (367) is a generic catch-all with no additional split axis beyond what the page's suffix-family buttons already cover, chunked alphabetically.
z9ytm2qbqw	impactar	to impact	reference	topic:cognate-transparent-10|topic:cognate-latin-root-6	Subtopic split (size rule): cognate:transparent (367) is a generic catch-all with no additional split axis beyond what the page's suffix-family buttons already cover, chunked alphabetically.
oaj6w40rgj	implementar	to implement	reference	topic:cognate-transparent-10	Subtopic split (size rule): cognate:transparent (367) is a generic catch-all with no additional split axis beyond what the page's suffix-family buttons already cover, chunked alphabetically.
feqh05bu0e	implorar	to implore	reference	topic:cognate-transparent-10|topic:cognate-latin-root-6	Subtopic split (size rule): cognate:transparent (367) is a generic catch-all with no additional split axis beyond what the page's suffix-family buttons already cover, chunked alphabetically.
j6m2n8tuy3	[la] importancia	importance	reference	topic:cognate-transparent-10|topic:cognate-encia-ancia-2	Subtopic split (size rule): cognate:transparent (367) is a generic catch-all with no additional split axis beyond what the page's suffix-family buttons already cover, chunked alphabetically.
7fbf1yrpcu	importar	to import	reference	topic:cognate-transparent-10	Subtopic split (size rule): cognate:transparent (367) is a generic catch-all with no additional split axis beyond what the page's suffix-family buttons already cover, chunked alphabetically.
teeid30z0y	incitar	to incite	reference	topic:cognate-transparent-10|topic:cognate-latin-root-6	Subtopic split (size rule): cognate:transparent (367) is a generic catch-all with no additional split axis beyond what the page's suffix-family buttons already cover, chunked alphabetically.
ix1pir0fgb	inclinar	to incline	reference	topic:cognate-transparent-10	Subtopic split (size rule): cognate:transparent (367) is a generic catch-all with no additional split axis beyond what the page's suffix-family buttons already cover, chunked alphabetically.
e960mg2ceq	incluido	included	reference	topic:cognate-transparent-11	Subtopic split (size rule): cognate:transparent (367) is a generic catch-all with no additional split axis beyond what the page's suffix-family buttons already cover, chunked alphabetically.
ktufkog3lp	inferir	to infer	reference	topic:cognate-transparent-11|topic:cognate-latin-root-6	Subtopic split (size rule): cognate:transparent (367) is a generic catch-all with no additional split axis beyond what the page's suffix-family buttons already cover, chunked alphabetically.
y80ap26ri1	[la] influencia	influence	reference	topic:cognate-transparent-11|topic:cognate-encia-ancia-2	Subtopic split (size rule): cognate:transparent (367) is a generic catch-all with no additional split axis beyond what the page's suffix-family buttons already cover, chunked alphabetically.
qjzcabgyb5	informar	to inform	supporting	topic:cognate-transparent-11	Subtopic split (size rule): cognate:transparent (367) is a generic catch-all with no additional split axis beyond what the page's suffix-family buttons already cover, chunked alphabetically.
4u8htj8ocd	inhalar	to inhale	reference	topic:cognate-transparent-11|topic:cognate-latin-root-6	Subtopic split (size rule): cognate:transparent (367) is a generic catch-all with no additional split axis beyond what the page's suffix-family buttons already cover, chunked alphabetically.
4enrhv4xgq	[el/la] inmigrante	immigrant	reference	topic:cognate-transparent-11|topic:cognate-latin-root-6	Subtopic split (size rule): cognate:transparent (367) is a generic catch-all with no additional split axis beyond what the page's suffix-family buttons already cover, chunked alphabetically.
8c3fxz63mh	inmigrar	to immigrate	reference	topic:cognate-transparent-11|topic:cognate-latin-root-6	Subtopic split (size rule): cognate:transparent (367) is a generic catch-all with no additional split axis beyond what the page's suffix-family buttons already cover, chunked alphabetically.
pts3pt4ij8	[ser] inocente	[to be] innocent	reference	topic:cognate-transparent-11|topic:cognate-latin-root-6	Subtopic split (size rule): cognate:transparent (367) is a generic catch-all with no additional split axis beyond what the page's suffix-family buttons already cover, chunked alphabetically.
p1ujqiawh0	insistir	to insist	supporting	topic:cognate-transparent-11	Subtopic split (size rule): cognate:transparent (367) is a generic catch-all with no additional split axis beyond what the page's suffix-family buttons already cover, chunked alphabetically.
w5ymlrexk6	inspeccionar	to inspect	reference	topic:cognate-transparent-11|topic:cognate-latin-root-6	Subtopic split (size rule): cognate:transparent (367) is a generic catch-all with no additional split axis beyond what the page's suffix-family buttons already cover, chunked alphabetically.
ldr4e40ll4	[la] instancia	instance	reference	topic:cognate-transparent-11|topic:cognate-encia-ancia-2	Subtopic split (size rule): cognate:transparent (367) is a generic catch-all with no additional split axis beyond what the page's suffix-family buttons already cover, chunked alphabetically.
ecvnd0ir3u	instituir	to institute	reference	topic:cognate-transparent-11|topic:cognate-latin-root-7	Subtopic split (size rule): cognate:transparent (367) is a generic catch-all with no additional split axis beyond what the page's suffix-family buttons already cover, chunked alphabetically.
299fvl9uyc	[el] instructor	instructor	reference	topic:cognate-transparent-11	Subtopic split (size rule): cognate:transparent (367) is a generic catch-all with no additional split axis beyond what the page's suffix-family buttons already cover, chunked alphabetically.
acbzwvle6l	[el] instrumento	instrument	reference	topic:cognate-transparent-11	Subtopic split (size rule): cognate:transparent (367) is a generic catch-all with no additional split axis beyond what the page's suffix-family buttons already cover, chunked alphabetically.
zvx8c9mq5w	[la] inteligencia	intelligence	reference	topic:cognate-transparent-11|topic:cognate-encia-ancia-2	Subtopic split (size rule): cognate:transparent (367) is a generic catch-all with no additional split axis beyond what the page's suffix-family buttons already cover, chunked alphabetically.
qhthbncgk7	interactuar	to interact	reference	topic:cognate-transparent-11|topic:cognate-latin-root-7	Subtopic split (size rule): cognate:transparent (367) is a generic catch-all with no additional split axis beyond what the page's suffix-family buttons already cover, chunked alphabetically.
eg9n4h2vxt	interceptar	to intercept	reference	topic:cognate-transparent-11	Subtopic split (size rule): cognate:transparent (367) is a generic catch-all with no additional split axis beyond what the page's suffix-family buttons already cover, chunked alphabetically.
xpe7xser76	introducido	introduced	reference	topic:cognate-transparent-11	Subtopic split (size rule): cognate:transparent (367) is a generic catch-all with no additional split axis beyond what the page's suffix-family buttons already cover, chunked alphabetically.
i1d5xyswv5	inventar	to invent	supporting	topic:cognate-transparent-11	Subtopic split (size rule): cognate:transparent (367) is a generic catch-all with no additional split axis beyond what the page's suffix-family buttons already cover, chunked alphabetically.
t8ze0gyt3p	invitar	to invite	supporting	topic:cognate-transparent-11|topic:cognate-latin-root-7	Subtopic split (size rule): cognate:transparent (367) is a generic catch-all with no additional split axis beyond what the page's suffix-family buttons already cover, chunked alphabetically.
pzwlgwqlj8	[ser] italiano	[to be] Italian	reference	topic:cognate-transparent-12	Subtopic split (size rule): cognate:transparent (367) is a generic catch-all with no additional split axis beyond what the page's suffix-family buttons already cover, chunked alphabetically.
d74s6zcq9j	justificar	to justify	reference	topic:cognate-transparent-12	Subtopic split (size rule): cognate:transparent (367) is a generic catch-all with no additional split axis beyond what the page's suffix-family buttons already cover, chunked alphabetically.
qrwxhzalwx	[el] lenguaje	language	reference	topic:cognate-transparent-12|topic:cognate-latin-root-7	Subtopic split (size rule): cognate:transparent (367) is a generic catch-all with no additional split axis beyond what the page's suffix-family buttons already cover, chunked alphabetically.
9gngsscsy0	liberar	to liberate	reference	topic:cognate-transparent-12	Subtopic split (size rule): cognate:transparent (367) is a generic catch-all with no additional split axis beyond what the page's suffix-family buttons already cover, chunked alphabetically.
dv6yuzifmm	limitar	to limit	supporting	topic:cognate-transparent-12	Subtopic split (size rule): cognate:transparent (367) is a generic catch-all with no additional split axis beyond what the page's suffix-family buttons already cover, chunked alphabetically.
vyhgywssz1	[la] lista	list	reference	topic:cognate-transparent-12|topic:cognate-latin-root-7	Subtopic split (size rule): cognate:transparent (367) is a generic catch-all with no additional split axis beyond what the page's suffix-family buttons already cover, chunked alphabetically.
egfhp0pogp	[ser] lógico	[to be] logical	reference	topic:cognate-transparent-12	Subtopic split (size rule): cognate:transparent (367) is a generic catch-all with no additional split axis beyond what the page's suffix-family buttons already cover, chunked alphabetically.
2xwe3j8ujy	maximizar	to maximize	reference	topic:cognate-transparent-12	Subtopic split (size rule): cognate:transparent (367) is a generic catch-all with no additional split axis beyond what the page's suffix-family buttons already cover, chunked alphabetically.
7g6yi8yb4r	[el] mecanismo	mechanism	reference	topic:cognate-transparent-12	Subtopic split (size rule): cognate:transparent (367) is a generic catch-all with no additional split axis beyond what the page's suffix-family buttons already cover, chunked alphabetically.
2ju934poqh	[la] memoria	memory	reference	topic:cognate-transparent-12	Subtopic split (size rule): cognate:transparent (367) is a generic catch-all with no additional split axis beyond what the page's suffix-family buttons already cover, chunked alphabetically.
rr0xrddhra	memorizar	to memorize	supporting	topic:cognate-transparent-12	Subtopic split (size rule): cognate:transparent (367) is a generic catch-all with no additional split axis beyond what the page's suffix-family buttons already cover, chunked alphabetically.
j9tc00ai4d	mencionar	to mention	supporting	topic:cognate-transparent-12	Subtopic split (size rule): cognate:transparent (367) is a generic catch-all with no additional split axis beyond what the page's suffix-family buttons already cover, chunked alphabetically.
lod9t33ldz	[el] mensaje	message	reference	topic:cognate-transparent-12|topic:cognate-latin-root-7	Subtopic split (size rule): cognate:transparent (367) is a generic catch-all with no additional split axis beyond what the page's suffix-family buttons already cover, chunked alphabetically.
3sidna6ihb	[el] método	method	reference	topic:cognate-transparent-12|topic:cognate-latin-root-7	Subtopic split (size rule): cognate:transparent (367) is a generic catch-all with no additional split axis beyond what the page's suffix-family buttons already cover, chunked alphabetically.
4j667r55mx	[ser] militar	[to be] military	reference	topic:cognate-transparent-12	Subtopic split (size rule): cognate:transparent (367) is a generic catch-all with no additional split axis beyond what the page's suffix-family buttons already cover, chunked alphabetically.
nq7pa5v7aj	minimizar	to minimize	reference	topic:cognate-transparent-12	Subtopic split (size rule): cognate:transparent (367) is a generic catch-all with no additional split axis beyond what the page's suffix-family buttons already cover, chunked alphabetically.
gkn28jhn0w	modificar	to modify	reference	topic:cognate-transparent-12	Subtopic split (size rule): cognate:transparent (367) is a generic catch-all with no additional split axis beyond what the page's suffix-family buttons already cover, chunked alphabetically.
2v5h1ufbut	[el] momento	moment	reference	topic:cognate-transparent-12	Subtopic split (size rule): cognate:transparent (367) is a generic catch-all with no additional split axis beyond what the page's suffix-family buttons already cover, chunked alphabetically.
6jira4rxkz	[el] motor	motor	reference	topic:cognate-transparent-12	Subtopic split (size rule): cognate:transparent (367) is a generic catch-all with no additional split axis beyond what the page's suffix-family buttons already cover, chunked alphabetically.
kxa1ugvzna	[el] movimiento	movement	reference	topic:cognate-transparent-12	Subtopic split (size rule): cognate:transparent (367) is a generic catch-all with no additional split axis beyond what the page's suffix-family buttons already cover, chunked alphabetically.
ju53245u2i	[la] nacionalidad	nationality	reference	topic:cognate-transparent-13|topic:cognate-latin-root-7	Subtopic split (size rule): cognate:transparent (367) is a generic catch-all with no additional split axis beyond what the page's suffix-family buttons already cover, chunked alphabetically.
0powders6t	[el] nacionalismo	nationalism	reference	topic:cognate-transparent-13	Subtopic split (size rule): cognate:transparent (367) is a generic catch-all with no additional split axis beyond what the page's suffix-family buttons already cover, chunked alphabetically.
yenl2lq9oq	negociar	to negotiate	reference	topic:cognate-transparent-13	Subtopic split (size rule): cognate:transparent (367) is a generic catch-all with no additional split axis beyond what the page's suffix-family buttons already cover, chunked alphabetically.
oszot6y2pc	notado	noticed	reference	topic:cognate-transparent-13|topic:cognate-latin-root-7	Subtopic split (size rule): cognate:transparent (367) is a generic catch-all with no additional split axis beyond what the page's suffix-family buttons already cover, chunked alphabetically.
92pcswj82t	[el] número de teléfono	phone number	reference	topic:cognate-transparent-13|topic:cognate-latin-root-7	Subtopic split (size rule): cognate:transparent (367) is a generic catch-all with no additional split axis beyond what the page's suffix-family buttons already cover, chunked alphabetically.
vqnteutwjo	[el] objeto	object	reference	topic:cognate-transparent-13	Subtopic split (size rule): cognate:transparent (367) is a generic catch-all with no additional split axis beyond what the page's suffix-family buttons already cover, chunked alphabetically.
p0abu0rm9f	ofender	to offend	reference	topic:cognate-transparent-13	Subtopic split (size rule): cognate:transparent (367) is a generic catch-all with no additional split axis beyond what the page's suffix-family buttons already cover, chunked alphabetically.
p1p6rjy1g1	ofrecer	to offer	supporting	topic:cognate-transparent-13|topic:cognate-latin-root-8	Subtopic split (size rule): cognate:transparent (367) is a generic catch-all with no additional split axis beyond what the page's suffix-family buttons already cover, chunked alphabetically.
9y3wackzb5	omitir	to omit	reference	topic:cognate-transparent-13|topic:cognate-latin-root-8	Subtopic split (size rule): cognate:transparent (367) is a generic catch-all with no additional split axis beyond what the page's suffix-family buttons already cover, chunked alphabetically.
6em7hpnut9	operar	to operate	reference	topic:cognate-transparent-13	Subtopic split (size rule): cognate:transparent (367) is a generic catch-all with no additional split axis beyond what the page's suffix-family buttons already cover, chunked alphabetically.
7ivfnkj03u	[la] opinión	opinion	reference	topic:cognate-transparent-13	Subtopic split (size rule): cognate:transparent (367) is a generic catch-all with no additional split axis beyond what the page's suffix-family buttons already cover, chunked alphabetically.
lbpuhtzxi1	[el] optimismo	optimism	reference	topic:cognate-transparent-13	Subtopic split (size rule): cognate:transparent (367) is a generic catch-all with no additional split axis beyond what the page's suffix-family buttons already cover, chunked alphabetically.
b5yulihftv	[el/la] optimista	optimist	reference	topic:cognate-transparent-13	Subtopic split (size rule): cognate:transparent (367) is a generic catch-all with no additional split axis beyond what the page's suffix-family buttons already cover, chunked alphabetically.
357627uoh4	organizado	organized	reference	topic:cognate-transparent-13	Subtopic split (size rule): cognate:transparent (367) is a generic catch-all with no additional split axis beyond what the page's suffix-family buttons already cover, chunked alphabetically.
a7e5b40skc	organizar	to organize	supporting	topic:cognate-transparent-13	Subtopic split (size rule): cognate:transparent (367) is a generic catch-all with no additional split axis beyond what the page's suffix-family buttons already cover, chunked alphabetically.
zkqs98jt1l	orientar	to orient	reference	topic:cognate-transparent-13	Subtopic split (size rule): cognate:transparent (367) is a generic catch-all with no additional split axis beyond what the page's suffix-family buttons already cover, chunked alphabetically.
wy3zgc5fm8	[la] paciencia	patience	reference	topic:cognate-transparent-13|topic:cognate-encia-ancia-2	Subtopic split (size rule): cognate:transparent (367) is a generic catch-all with no additional split axis beyond what the page's suffix-family buttons already cover, chunked alphabetically.
ha6zwyi8pk	[el] parque	park	reference	topic:cognate-transparent-13|topic:cognate-latin-root-8	Subtopic split (size rule): cognate:transparent (367) is a generic catch-all with no additional split axis beyond what the page's suffix-family buttons already cover, chunked alphabetically.
xcxz8s6caf	participar	to participate	supporting	topic:cognate-transparent-13	Subtopic split (size rule): cognate:transparent (367) is a generic catch-all with no additional split axis beyond what the page's suffix-family buttons already cover, chunked alphabetically.
ujfd2cjj1t	pausar	to pause	reference	topic:cognate-transparent-13|topic:cognate-latin-root-8	Subtopic split (size rule): cognate:transparent (367) is a generic catch-all with no additional split axis beyond what the page's suffix-family buttons already cover, chunked alphabetically.
crnaqu05jw	perfeccionar	to perfect	reference	topic:cognate-transparent-14|topic:cognate-latin-root-8	Subtopic split (size rule): cognate:transparent (367) is a generic catch-all with no additional split axis beyond what the page's suffix-family buttons already cover, chunked alphabetically.
2tbttd1g5v	permitido	permitted	reference	topic:cognate-transparent-14	Subtopic split (size rule): cognate:transparent (367) is a generic catch-all with no additional split axis beyond what the page's suffix-family buttons already cover, chunked alphabetically.
4b6y1dtam9	permitir	to permit	supporting	topic:cognate-transparent-14|topic:cognate-latin-root-8	Subtopic split (size rule): cognate:transparent (367) is a generic catch-all with no additional split axis beyond what the page's suffix-family buttons already cover, chunked alphabetically.
vm9w0mrckd	persistir	to persist	reference	topic:cognate-transparent-14	Subtopic split (size rule): cognate:transparent (367) is a generic catch-all with no additional split axis beyond what the page's suffix-family buttons already cover, chunked alphabetically.
yjvu0jq0p2	[el] pesimismo	pessimism	reference	topic:cognate-transparent-14	Subtopic split (size rule): cognate:transparent (367) is a generic catch-all with no additional split axis beyond what the page's suffix-family buttons already cover, chunked alphabetically.
8nz776g9wr	[el/la] pesimista	pessimist	reference	topic:cognate-transparent-14	Subtopic split (size rule): cognate:transparent (367) is a generic catch-all with no additional split axis beyond what the page's suffix-family buttons already cover, chunked alphabetically.
rdjeqeilbf	[el] poema	poem	reference	topic:cognate-transparent-14	Subtopic split (size rule): cognate:transparent (367) is a generic catch-all with no additional split axis beyond what the page's suffix-family buttons already cover, chunked alphabetically.
vvx29t7wo5	[el] porcentaje	percentage	reference	topic:cognate-transparent-14|topic:cognate-latin-root-8	Subtopic split (size rule): cognate:transparent (367) is a generic catch-all with no additional split axis beyond what the page's suffix-family buttons already cover, chunked alphabetically.
rmlknzfo8g	[la] posibilidad	possibility	reference	topic:cognate-transparent-14|topic:cognate-latin-root-8	Subtopic split (size rule): cognate:transparent (367) is a generic catch-all with no additional split axis beyond what the page's suffix-family buttons already cover, chunked alphabetically.
lidfbq7lxa	posicionar	to position	reference	topic:cognate-transparent-14	Subtopic split (size rule): cognate:transparent (367) is a generic catch-all with no additional split axis beyond what the page's suffix-family buttons already cover, chunked alphabetically.
wo0sdm2f3u	practicado	practiced	reference	topic:cognate-transparent-14	Subtopic split (size rule): cognate:transparent (367) is a generic catch-all with no additional split axis beyond what the page's suffix-family buttons already cover, chunked alphabetically.
ccv1nte27w	[ser] práctico	[to be] practical	reference	topic:cognate-transparent-14	Subtopic split (size rule): cognate:transparent (367) is a generic catch-all with no additional split axis beyond what the page's suffix-family buttons already cover, chunked alphabetically.
iuyce294go	predecir [algo]	to predict [something]	reference	topic:cognate-transparent-14|topic:cognate-latin-root-8	Subtopic split (size rule): cognate:transparent (367) is a generic catch-all with no additional split axis beyond what the page's suffix-family buttons already cover, chunked alphabetically.
cai8r18zg7	[la] preferencia	preference	reference	topic:cognate-transparent-14|topic:cognate-encia-ancia-2	Subtopic split (size rule): cognate:transparent (367) is a generic catch-all with no additional split axis beyond what the page's suffix-family buttons already cover, chunked alphabetically.
znnmxrglvi	preferir	to prefer	supporting	topic:cognate-transparent-14|topic:cognate-latin-root-8	Subtopic split (size rule): cognate:transparent (367) is a generic catch-all with no additional split axis beyond what the page's suffix-family buttons already cover, chunked alphabetically.
59dz6zooe6	preparado	prepared	supporting	topic:cognate-transparent-14	Subtopic split (size rule): cognate:transparent (367) is a generic catch-all with no additional split axis beyond what the page's suffix-family buttons already cover, chunked alphabetically.
7edrci2tcy	preparar	to prepare	supporting	topic:cognate-transparent-14|topic:cognate-latin-root-8	Subtopic split (size rule): cognate:transparent (367) is a generic catch-all with no additional split axis beyond what the page's suffix-family buttons already cover, chunked alphabetically.
ttkskn92b3	[la] presencia	presence	reference	topic:cognate-transparent-14|topic:cognate-encia-ancia-2	Subtopic split (size rule): cognate:transparent (367) is a generic catch-all with no additional split axis beyond what the page's suffix-family buttons already cover, chunked alphabetically.
816fu6ayqa	presentar	to present	supporting	topic:cognate-transparent-14	Subtopic split (size rule): cognate:transparent (367) is a generic catch-all with no additional split axis beyond what the page's suffix-family buttons already cover, chunked alphabetically.
ustq836daj	presidir	to preside	reference	topic:cognate-transparent-14|topic:cognate-latin-root-8	Subtopic split (size rule): cognate:transparent (367) is a generic catch-all with no additional split axis beyond what the page's suffix-family buttons already cover, chunked alphabetically.
1d4wdwn3hx	[la] prioridad	priority	reference	topic:cognate-transparent-15|topic:cognate-latin-root-9	Subtopic split (size rule): cognate:transparent (367) is a generic catch-all with no additional split axis beyond what the page's suffix-family buttons already cover, chunked alphabetically.
lsvapg7c2c	priorizar	to prioritize	reference	topic:cognate-transparent-15	Subtopic split (size rule): cognate:transparent (367) is a generic catch-all with no additional split axis beyond what the page's suffix-family buttons already cover, chunked alphabetically.
6vrwq0uujo	privar de	to deprive of	reference	topic:cognate-transparent-15|topic:cognate-latin-root-9	Subtopic split (size rule): cognate:transparent (367) is a generic catch-all with no additional split axis beyond what the page's suffix-family buttons already cover, chunked alphabetically.
jd5jg6wx6v	[la] probabilidad	probability	reference	topic:cognate-transparent-15|topic:cognate-latin-root-9	Subtopic split (size rule): cognate:transparent (367) is a generic catch-all with no additional split axis beyond what the page's suffix-family buttons already cover, chunked alphabetically.
6xf273imwi	[el] problema	problem	supporting	topic:cognate-transparent-15	Subtopic split (size rule): cognate:transparent (367) is a generic catch-all with no additional split axis beyond what the page's suffix-family buttons already cover, chunked alphabetically.
g36a82xzg6	producido	produced	reference	topic:cognate-transparent-15	Subtopic split (size rule): cognate:transparent (367) is a generic catch-all with no additional split axis beyond what the page's suffix-family buttons already cover, chunked alphabetically.
lmtmwn90vz	[el] profesor	professor	reference	topic:cognate-transparent-15	Subtopic split (size rule): cognate:transparent (367) is a generic catch-all with no additional split axis beyond what the page's suffix-family buttons already cover, chunked alphabetically.
x8bxhkeczd	[el] programa	program	reference	topic:cognate-transparent-15|topic:cognate-latin-root-9	Subtopic split (size rule): cognate:transparent (367) is a generic catch-all with no additional split axis beyond what the page's suffix-family buttons already cover, chunked alphabetically.
u2q8wxrslu	proteger	to protect	supporting	topic:cognate-transparent-15|topic:cognate-latin-root-9	Subtopic split (size rule): cognate:transparent (367) is a generic catch-all with no additional split axis beyond what the page's suffix-family buttons already cover, chunked alphabetically.
0weozcxz12	proyectar	to project	reference	topic:cognate-transparent-15|topic:cognate-latin-root-9	Subtopic split (size rule): cognate:transparent (367) is a generic catch-all with no additional split axis beyond what the page's suffix-family buttons already cover, chunked alphabetically.
034exn35er	[la] psicología	psychology	reference	topic:cognate-transparent-15	Subtopic split (size rule): cognate:transparent (367) is a generic catch-all with no additional split axis beyond what the page's suffix-family buttons already cover, chunked alphabetically.
spi4yvy862	purificar	to purify	reference	topic:cognate-transparent-15	Subtopic split (size rule): cognate:transparent (367) is a generic catch-all with no additional split axis beyond what the page's suffix-family buttons already cover, chunked alphabetically.
hgfc2qkcz3	[el] racismo	racism	reference	topic:cognate-transparent-15	Subtopic split (size rule): cognate:transparent (367) is a generic catch-all with no additional split axis beyond what the page's suffix-family buttons already cover, chunked alphabetically.
49q4uk89ud	reaccionar	to react	supporting	topic:cognate-transparent-15|topic:cognate-latin-root-9	Subtopic split (size rule): cognate:transparent (367) is a generic catch-all with no additional split axis beyond what the page's suffix-family buttons already cover, chunked alphabetically.
x6ksz8xhcb	[el] realismo	realism	reference	topic:cognate-transparent-15	Subtopic split (size rule): cognate:transparent (367) is a generic catch-all with no additional split axis beyond what the page's suffix-family buttons already cover, chunked alphabetically.
4gcpbm6p3d	[el/la] realista	realist	reference	topic:cognate-transparent-15	Subtopic split (size rule): cognate:transparent (367) is a generic catch-all with no additional split axis beyond what the page's suffix-family buttons already cover, chunked alphabetically.
h7zrs6r2s1	recibido	received	reference	topic:cognate-transparent-15	Subtopic split (size rule): cognate:transparent (367) is a generic catch-all with no additional split axis beyond what the page's suffix-family buttons already cover, chunked alphabetically.
3q52q39i7l	recitar	to recite	reference	topic:cognate-transparent-15|topic:cognate-latin-root-9	Subtopic split (size rule): cognate:transparent (367) is a generic catch-all with no additional split axis beyond what the page's suffix-family buttons already cover, chunked alphabetically.
se5nl2c2cq	recomendado	recommended	reference	topic:cognate-transparent-15	Subtopic split (size rule): cognate:transparent (367) is a generic catch-all with no additional split axis beyond what the page's suffix-family buttons already cover, chunked alphabetically.
yavmgezich	recomendar	to recommend	supporting	topic:cognate-transparent-15	Subtopic split (size rule): cognate:transparent (367) is a generic catch-all with no additional split axis beyond what the page's suffix-family buttons already cover, chunked alphabetically.
hpqr1ns3w1	referirse a	to refer to	supporting	topic:cognate-transparent-16|topic:cognate-latin-root-9	Subtopic split (size rule): cognate:transparent (367) is a generic catch-all with no additional split axis beyond what the page's suffix-family buttons already cover, chunked alphabetically.
6gvilwx92s	refinar	to refine	reference	topic:cognate-transparent-16	Subtopic split (size rule): cognate:transparent (367) is a generic catch-all with no additional split axis beyond what the page's suffix-family buttons already cover, chunked alphabetically.
8oqv3z5q0v	reformar	to reform	reference	topic:cognate-transparent-16	Subtopic split (size rule): cognate:transparent (367) is a generic catch-all with no additional split axis beyond what the page's suffix-family buttons already cover, chunked alphabetically.
byraq79ac6	[la] relevancia	relevance	reference	topic:cognate-transparent-16|topic:cognate-encia-ancia-2	Subtopic split (size rule): cognate:transparent (367) is a generic catch-all with no additional split axis beyond what the page's suffix-family buttons already cover, chunked alphabetically.
7193nsmx07	remitir	to remit	reference	topic:cognate-transparent-16|topic:cognate-latin-root-9	Subtopic split (size rule): cognate:transparent (367) is a generic catch-all with no additional split axis beyond what the page's suffix-family buttons already cover, chunked alphabetically.
9oke1wki5z	reparar	to repair	supporting	topic:cognate-transparent-16|topic:cognate-latin-root-9	Subtopic split (size rule): cognate:transparent (367) is a generic catch-all with no additional split axis beyond what the page's suffix-family buttons already cover, chunked alphabetically.
5ktdhyqktc	reportar	to report	supporting	topic:cognate-transparent-16	Subtopic split (size rule): cognate:transparent (367) is a generic catch-all with no additional split axis beyond what the page's suffix-family buttons already cover, chunked alphabetically.
ux6olw5wle	representar	to represent	supporting	topic:cognate-transparent-16	Subtopic split (size rule): cognate:transparent (367) is a generic catch-all with no additional split axis beyond what the page's suffix-family buttons already cover, chunked alphabetically.
j01jlzf7hp	[ser] republicano	[to be] republican	reference	topic:cognate-transparent-16	Subtopic split (size rule): cognate:transparent (367) is a generic catch-all with no additional split axis beyond what the page's suffix-family buttons already cover, chunked alphabetically.
2055jsg4lz	residir	to reside	reference	topic:cognate-transparent-16|topic:cognate-latin-root-10	Subtopic split (size rule): cognate:transparent (367) is a generic catch-all with no additional split axis beyond what the page's suffix-family buttons already cover, chunked alphabetically.
szl8div93d	resistir	to resist	supporting	topic:cognate-transparent-16	Subtopic split (size rule): cognate:transparent (367) is a generic catch-all with no additional split axis beyond what the page's suffix-family buttons already cover, chunked alphabetically.
yudkd8ppow	responder	to respond	supporting	topic:cognate-transparent-16	Subtopic split (size rule): cognate:transparent (367) is a generic catch-all with no additional split axis beyond what the page's suffix-family buttons already cover, chunked alphabetically.
nh051geds0	[ser] responsable	[to be] responsible	reference	topic:cognate-transparent-16	Subtopic split (size rule): cognate:transparent (367) is a generic catch-all with no additional split axis beyond what the page's suffix-family buttons already cover, chunked alphabetically.
noyh1gv4we	restaurar	to restore	reference	topic:cognate-transparent-16|topic:cognate-latin-root-10	Subtopic split (size rule): cognate:transparent (367) is a generic catch-all with no additional split axis beyond what the page's suffix-family buttons already cover, chunked alphabetically.
ull88y8rzv	reunir	to reunite	reference	topic:cognate-transparent-16	Subtopic split (size rule): cognate:transparent (367) is a generic catch-all with no additional split axis beyond what the page's suffix-family buttons already cover, chunked alphabetically.
v6l6ujop47	revivir	to revive	reference	topic:cognate-transparent-16	Subtopic split (size rule): cognate:transparent (367) is a generic catch-all with no additional split axis beyond what the page's suffix-family buttons already cover, chunked alphabetically.
pc8997otnx	[el] segmento	segment	reference	topic:cognate-transparent-16	Subtopic split (size rule): cognate:transparent (367) is a generic catch-all with no additional split axis beyond what the page's suffix-family buttons already cover, chunked alphabetically.
uurh7i9ykr	[la] seguridad	security	reference	topic:cognate-transparent-16|topic:cognate-latin-root-10	Subtopic split (size rule): cognate:transparent (367) is a generic catch-all with no additional split axis beyond what the page's suffix-family buttons already cover, chunked alphabetically.
ngu4uuo5wj	[la] sensibilidad	sensitivity	reference	topic:cognate-transparent-16|topic:cognate-latin-root-10	Subtopic split (size rule): cognate:transparent (367) is a generic catch-all with no additional split axis beyond what the page's suffix-family buttons already cover, chunked alphabetically.
uayl1xev1n	simplificar	to simplify	reference	topic:cognate-transparent-16	Subtopic split (size rule): cognate:transparent (367) is a generic catch-all with no additional split axis beyond what the page's suffix-family buttons already cover, chunked alphabetically.
aw6dx0k65p	[el] sistema	system	reference	topic:cognate-transparent-17|topic:cognate-latin-root-10	Subtopic split (size rule): cognate:transparent (367) is a generic catch-all with no additional split axis beyond what the page's suffix-family buttons already cover, chunked alphabetically.
2y98aummee	sobrevivir	to survive	supporting	topic:cognate-transparent-17|topic:cognate-latin-root-10	Subtopic split (size rule): cognate:transparent (367) is a generic catch-all with no additional split axis beyond what the page's suffix-family buttons already cover, chunked alphabetically.
m1g01li4d2	[el] socialismo	socialism	reference	topic:cognate-transparent-17	Subtopic split (size rule): cognate:transparent (367) is a generic catch-all with no additional split axis beyond what the page's suffix-family buttons already cover, chunked alphabetically.
1lw31azha8	[la] sociedad	society	reference	topic:cognate-transparent-17|topic:cognate-latin-root-10	Subtopic split (size rule): cognate:transparent (367) is a generic catch-all with no additional split axis beyond what the page's suffix-family buttons already cover, chunked alphabetically.
15acw0vdrq	someterse	to submit	reference	topic:cognate-transparent-17|topic:cognate-latin-root-10	Subtopic split (size rule): cognate:transparent (367) is a generic catch-all with no additional split axis beyond what the page's suffix-family buttons already cover, chunked alphabetically.
dpcbf2wx7l	sufrir	to suffer	supporting	topic:cognate-transparent-17|topic:cognate-latin-root-10	Subtopic split (size rule): cognate:transparent (367) is a generic catch-all with no additional split axis beyond what the page's suffix-family buttons already cover, chunked alphabetically.
668xicbp81	[el] sujeto	subject	reference	topic:cognate-transparent-17	Subtopic split (size rule): cognate:transparent (367) is a generic catch-all with no additional split axis beyond what the page's suffix-family buttons already cover, chunked alphabetically.
uzmwwefycv	suspender	to suspend	reference	topic:cognate-transparent-17	Subtopic split (size rule): cognate:transparent (367) is a generic catch-all with no additional split axis beyond what the page's suffix-family buttons already cover, chunked alphabetically.
c3amoye6xz	sustituir	to substitute	reference	topic:cognate-transparent-17|topic:cognate-latin-root-11	Subtopic split (size rule): cognate:transparent (367) is a generic catch-all with no additional split axis beyond what the page's suffix-family buttons already cover, chunked alphabetically.
p863gmczt9	[el] talento	talent	reference	topic:cognate-transparent-17|topic:cognate-latin-root-11	Subtopic split (size rule): cognate:transparent (367) is a generic catch-all with no additional split axis beyond what the page's suffix-family buttons already cover, chunked alphabetically.
w2t6njopdt	[el] tanque	tank	reference	topic:cognate-transparent-17|topic:cognate-latin-root-11	Subtopic split (size rule): cognate:transparent (367) is a generic catch-all with no additional split axis beyond what the page's suffix-family buttons already cover, chunked alphabetically.
nwt92sdy1q	[el] teatro	theater	reference	topic:cognate-transparent-17|topic:cognate-latin-root-11	Subtopic split (size rule): cognate:transparent (367) is a generic catch-all with no additional split axis beyond what the page's suffix-family buttons already cover, chunked alphabetically.
npor8v0zk5	[la] tecnología	technology	reference	topic:cognate-transparent-17	Subtopic split (size rule): cognate:transparent (367) is a generic catch-all with no additional split axis beyond what the page's suffix-family buttons already cover, chunked alphabetically.
6dxba6d2ag	[el] teléfono	phone	supporting	topic:cognate-transparent-17|topic:cognate-latin-root-11	Subtopic split (size rule): cognate:transparent (367) is a generic catch-all with no additional split axis beyond what the page's suffix-family buttons already cover, chunked alphabetically.
248q0ci8ua	[el] teléfono	telephone	reference	topic:cognate-transparent-17|topic:cognate-latin-root-11	Subtopic split (size rule): cognate:transparent (367) is a generic catch-all with no additional split axis beyond what the page's suffix-family buttons already cover, chunked alphabetically.
3scyaehxzw	[el] telegrama	telegram	reference	topic:cognate-transparent-17|topic:cognate-latin-root-11	Subtopic split (size rule): cognate:transparent (367) is a generic catch-all with no additional split axis beyond what the page's suffix-family buttons already cover, chunked alphabetically.
e4r4z7w8s5	[la] teología	theology	reference	topic:cognate-transparent-17	Subtopic split (size rule): cognate:transparent (367) is a generic catch-all with no additional split axis beyond what the page's suffix-family buttons already cover, chunked alphabetically.
xkmwk6fexy	[el] teorema	theorem	reference	topic:cognate-transparent-17	Subtopic split (size rule): cognate:transparent (367) is a generic catch-all with no additional split axis beyond what the page's suffix-family buttons already cover, chunked alphabetically.
4fjhpc3lqp	[la] teoría	theory	reference	topic:cognate-transparent-17	Subtopic split (size rule): cognate:transparent (367) is a generic catch-all with no additional split axis beyond what the page's suffix-family buttons already cover, chunked alphabetically.
15ct5oid4t	[la] terapia	therapy	reference	topic:cognate-transparent-17	Subtopic split (size rule): cognate:transparent (367) is a generic catch-all with no additional split axis beyond what the page's suffix-family buttons already cover, chunked alphabetically.
zu6i0ca94w	[la] tolerancia	tolerance	reference	topic:cognate-transparent-18|topic:cognate-encia-ancia-2	Subtopic split (size rule): cognate:transparent (367) is a generic catch-all with no additional split axis beyond what the page's suffix-family buttons already cover, chunked alphabetically.
fz6zup8oeg	traducir	to translate	supporting	topic:cognate-transparent-18|topic:cognate-latin-root-11	Subtopic split (size rule): cognate:transparent (367) is a generic catch-all with no additional split axis beyond what the page's suffix-family buttons already cover, chunked alphabetically.
lp8l4wpj4p	transferir	to transfer	reference	topic:cognate-transparent-18|topic:cognate-latin-root-11	Subtopic split (size rule): cognate:transparent (367) is a generic catch-all with no additional split axis beyond what the page's suffix-family buttons already cover, chunked alphabetically.
oze11uouhg	transformar	to transform	supporting	topic:cognate-transparent-18	Subtopic split (size rule): cognate:transparent (367) is a generic catch-all with no additional split axis beyond what the page's suffix-family buttons already cover, chunked alphabetically.
cl6jhf2u3u	transmitir	to transmit	reference	topic:cognate-transparent-18|topic:cognate-latin-root-11	Subtopic split (size rule): cognate:transparent (367) is a generic catch-all with no additional split axis beyond what the page's suffix-family buttons already cover, chunked alphabetically.
ydrx4jlj20	transportar	to transport	reference	topic:cognate-transparent-18	Subtopic split (size rule): cognate:transparent (367) is a generic catch-all with no additional split axis beyond what the page's suffix-family buttons already cover, chunked alphabetically.
g56qy8ibkk	trascender	to transcend	reference	topic:cognate-transparent-18	Subtopic split (size rule): cognate:transparent (367) is a generic catch-all with no additional split axis beyond what the page's suffix-family buttons already cover, chunked alphabetically.
cnz2xzp3on	[el] tratamiento	treatment	reference	topic:cognate-transparent-18	Subtopic split (size rule): cognate:transparent (367) is a generic catch-all with no additional split axis beyond what the page's suffix-family buttons already cover, chunked alphabetically.
txqiolqr7i	[el] trofeo	trophy	reference	topic:cognate-transparent-18|topic:cognate-latin-root-11	Subtopic split (size rule): cognate:transparent (367) is a generic catch-all with no additional split axis beyond what the page's suffix-family buttons already cover, chunked alphabetically.
j1o6zzb447	[ser] tropical	[to be] tropical	reference	topic:cognate-transparent-18|topic:cognate-latin-root-11	Subtopic split (size rule): cognate:transparent (367) is a generic catch-all with no additional split axis beyond what the page's suffix-family buttons already cover, chunked alphabetically.
478pmalyyr	[el] trópico	tropic	reference	topic:cognate-transparent-18|topic:cognate-latin-root-11	Subtopic split (size rule): cognate:transparent (367) is a generic catch-all with no additional split axis beyond what the page's suffix-family buttons already cover, chunked alphabetically.
6xcuec3dxy	[el] turismo	tourism	reference	topic:cognate-transparent-18	Subtopic split (size rule): cognate:transparent (367) is a generic catch-all with no additional split axis beyond what the page's suffix-family buttons already cover, chunked alphabetically.
111m6z7o3m	[el/la] turista	tourist	reference	topic:cognate-transparent-18	Subtopic split (size rule): cognate:transparent (367) is a generic catch-all with no additional split axis beyond what the page's suffix-family buttons already cover, chunked alphabetically.
5e1wj91ui6	unificar	to unify	reference	topic:cognate-transparent-18	Subtopic split (size rule): cognate:transparent (367) is a generic catch-all with no additional split axis beyond what the page's suffix-family buttons already cover, chunked alphabetically.
7yc3ljvgss	unir	to unite	reference	topic:cognate-transparent-18	Subtopic split (size rule): cognate:transparent (367) is a generic catch-all with no additional split axis beyond what the page's suffix-family buttons already cover, chunked alphabetically.
gfdks2l475	[la] universidad	university	reference	topic:cognate-transparent-18|topic:cognate-latin-root-11	Subtopic split (size rule): cognate:transparent (367) is a generic catch-all with no additional split axis beyond what the page's suffix-family buttons already cover, chunked alphabetically.
8hjai212pn	[ser] urbano	[to be] urban	reference	topic:cognate-transparent-18	Subtopic split (size rule): cognate:transparent (367) is a generic catch-all with no additional split axis beyond what the page's suffix-family buttons already cover, chunked alphabetically.
emjqg3zyl6	usado	used	reference	topic:cognate-transparent-18	Subtopic split (size rule): cognate:transparent (367) is a generic catch-all with no additional split axis beyond what the page's suffix-family buttons already cover, chunked alphabetically.
wp6tfi9vqx	utilizar	to utilize	reference	topic:cognate-transparent-18	Subtopic split (size rule): cognate:transparent (367) is a generic catch-all with no additional split axis beyond what the page's suffix-family buttons already cover, chunked alphabetically.
5jhih86mlc	verificar	to verify	supporting	topic:cognate-transparent-18	Subtopic split (size rule): cognate:transparent (367) is a generic catch-all with no additional split axis beyond what the page's suffix-family buttons already cover, chunked alphabetically.
nltc1o2iyg	[la] victoria	victory	reference	topic:cognate-transparent-19	Subtopic split (size rule): cognate:transparent (367) is a generic catch-all with no additional split axis beyond what the page's suffix-family buttons already cover, chunked alphabetically.
x8tys64sra	[la] vigilancia	vigilance	reference	topic:cognate-transparent-19|topic:cognate-encia-ancia-2	Subtopic split (size rule): cognate:transparent (367) is a generic catch-all with no additional split axis beyond what the page's suffix-family buttons already cover, chunked alphabetically.
urlrunyef3	[el/la] violinista	violinist	reference	topic:cognate-transparent-19	Subtopic split (size rule): cognate:transparent (367) is a generic catch-all with no additional split axis beyond what the page's suffix-family buttons already cover, chunked alphabetically.
cpbvogwqlk	visitado	visited	supporting	topic:cognate-transparent-19	Subtopic split (size rule): cognate:transparent (367) is a generic catch-all with no additional split axis beyond what the page's suffix-family buttons already cover, chunked alphabetically.
s2ykj8ztvj	visitar	to visit	supporting	topic:cognate-transparent-19	Subtopic split (size rule): cognate:transparent (367) is a generic catch-all with no additional split axis beyond what the page's suffix-family buttons already cover, chunked alphabetically.
8drl1wmuon	visualizar	to visualize	reference	topic:cognate-transparent-19	Subtopic split (size rule): cognate:transparent (367) is a generic catch-all with no additional split axis beyond what the page's suffix-family buttons already cover, chunked alphabetically.
4bw8ouizxd	vomitar	to vomit	reference	topic:cognate-transparent-19	Subtopic split (size rule): cognate:transparent (367) is a generic catch-all with no additional split axis beyond what the page's suffix-family buttons already cover, chunked alphabetically.
55iitmw0d7	absolver	to absolve	reference	topic:cognate-latin-root-1	Subtopic split (size rule): cognate:latin-root (218) is a generic catch-all with no additional split axis beyond what the page's suffix-family buttons already cover, chunked alphabetically.
mvddgib5ti	abstenerse	to abstain	reference	topic:cognate-latin-root-1	Subtopic split (size rule): cognate:latin-root (218) is a generic catch-all with no additional split axis beyond what the page's suffix-family buttons already cover, chunked alphabetically.
0l9aed93ze	aplicar	to apply	supporting	topic:cognate-latin-root-1	Subtopic split (size rule): cognate:latin-root (218) is a generic catch-all with no additional split axis beyond what the page's suffix-family buttons already cover, chunked alphabetically.
9nxtl23uza	aprehender	to apprehend	reference	topic:cognate-latin-root-1	Subtopic split (size rule): cognate:latin-root (218) is a generic catch-all with no additional split axis beyond what the page's suffix-family buttons already cover, chunked alphabetically.
zz361ii5vv	atraer	to attract	supporting	topic:cognate-latin-root-1	Subtopic split (size rule): cognate:latin-root (218) is a generic catch-all with no additional split axis beyond what the page's suffix-family buttons already cover, chunked alphabetically.
p34vsonve4	atribuir	to attribute	reference	topic:cognate-latin-root-1	Subtopic split (size rule): cognate:latin-root (218) is a generic catch-all with no additional split axis beyond what the page's suffix-family buttons already cover, chunked alphabetically.
aw96cncl64	bendecir a [alguien]	to bless [somebody]	reference	topic:cognate-latin-root-1|topic:cognate-opaque-1	Subtopic split (size rule): cognate:latin-root (218) is a generic catch-all with no additional split axis beyond what the page's suffix-family buttons already cover, chunked alphabetically.
qta6ei3b67	componer	to compose	reference	topic:cognate-latin-root-2	Subtopic split (size rule): cognate:latin-root (218) is a generic catch-all with no additional split axis beyond what the page's suffix-family buttons already cover, chunked alphabetically.
98sen5xp7y	comprender	to comprehend	reference	topic:cognate-latin-root-2	Subtopic split (size rule): cognate:latin-root (218) is a generic catch-all with no additional split axis beyond what the page's suffix-family buttons already cover, chunked alphabetically.
4yf8ijcj19	comprimir	to compress	reference	topic:cognate-latin-root-2	Subtopic split (size rule): cognate:latin-root (218) is a generic catch-all with no additional split axis beyond what the page's suffix-family buttons already cover, chunked alphabetically.
286sjydeon	concebir	to conceive	reference	topic:cognate-latin-root-2	Subtopic split (size rule): cognate:latin-root (218) is a generic catch-all with no additional split axis beyond what the page's suffix-family buttons already cover, chunked alphabetically.
o3l6oubtj6	conceder	to concede	reference	topic:cognate-latin-root-2	Subtopic split (size rule): cognate:latin-root (218) is a generic catch-all with no additional split axis beyond what the page's suffix-family buttons already cover, chunked alphabetically.
pe06lzc5y3	concluir	to conclude	reference	topic:cognate-latin-root-2	Subtopic split (size rule): cognate:latin-root (218) is a generic catch-all with no additional split axis beyond what the page's suffix-family buttons already cover, chunked alphabetically.
invu1lmtuw	conservar	to conserve	reference	topic:cognate-latin-root-2	Subtopic split (size rule): cognate:latin-root (218) is a generic catch-all with no additional split axis beyond what the page's suffix-family buttons already cover, chunked alphabetically.
n0v5y8wx0o	construir	to construct	reference	topic:cognate-latin-root-2	Subtopic split (size rule): cognate:latin-root (218) is a generic catch-all with no additional split axis beyond what the page's suffix-family buttons already cover, chunked alphabetically.
qrdegrts3w	construir	to build	reference	topic:cognate-latin-root-3	Subtopic split (size rule): cognate:latin-root (218) is a generic catch-all with no additional split axis beyond what the page's suffix-family buttons already cover, chunked alphabetically.
nk60yb6f9o	contener	to contain	supporting	topic:cognate-latin-root-3	Subtopic split (size rule): cognate:latin-root (218) is a generic catch-all with no additional split axis beyond what the page's suffix-family buttons already cover, chunked alphabetically.
p4scw97v1h	contraer	to contract	reference	topic:cognate-latin-root-3	Subtopic split (size rule): cognate:latin-root (218) is a generic catch-all with no additional split axis beyond what the page's suffix-family buttons already cover, chunked alphabetically.
4r07khungy	contribuir	to contribute	reference	topic:cognate-latin-root-3	Subtopic split (size rule): cognate:latin-root (218) is a generic catch-all with no additional split axis beyond what the page's suffix-family buttons already cover, chunked alphabetically.
hyjsumzen7	convertir	to convert	supporting	topic:cognate-latin-root-3	Subtopic split (size rule): cognate:latin-root (218) is a generic catch-all with no additional split axis beyond what the page's suffix-family buttons already cover, chunked alphabetically.
d587f3ftw9	decir [algo]	to say [something]	core	topic:cognate-latin-root-3|topic:cognate-opaque-2	Subtopic split (size rule): cognate:latin-root (218) is a generic catch-all with no additional split axis beyond what the page's suffix-family buttons already cover, chunked alphabetically.
4w4rj5i3g0	deducir	to deduce	reference	topic:cognate-latin-root-3	Subtopic split (size rule): cognate:latin-root (218) is a generic catch-all with no additional split axis beyond what the page's suffix-family buttons already cover, chunked alphabetically.
3x6gdy36k9	deponer	to depose	reference	topic:cognate-latin-root-3	Subtopic split (size rule): cognate:latin-root (218) is a generic catch-all with no additional split axis beyond what the page's suffix-family buttons already cover, chunked alphabetically.
4ur7u7wdv4	describir	to describe	supporting	topic:cognate-latin-root-3	Subtopic split (size rule): cognate:latin-root (218) is a generic catch-all with no additional split axis beyond what the page's suffix-family buttons already cover, chunked alphabetically.
u1njnze2ss	detener	to detain	reference	topic:cognate-latin-root-3	Subtopic split (size rule): cognate:latin-root (218) is a generic catch-all with no additional split axis beyond what the page's suffix-family buttons already cover, chunked alphabetically.
gqqod0k0fl	digerir	to digest	reference	topic:cognate-latin-root-4	Subtopic split (size rule): cognate:latin-root (218) is a generic catch-all with no additional split axis beyond what the page's suffix-family buttons already cover, chunked alphabetically.
vuqfy6bg06	disolver	to dissolve	reference	topic:cognate-latin-root-4	Subtopic split (size rule): cognate:latin-root (218) is a generic catch-all with no additional split axis beyond what the page's suffix-family buttons already cover, chunked alphabetically.
4rbp4wgwso	distraer	to distract	reference	topic:cognate-latin-root-4	Subtopic split (size rule): cognate:latin-root (218) is a generic catch-all with no additional split axis beyond what the page's suffix-family buttons already cover, chunked alphabetically.
779ynouu11	distribuir	to distribute	reference	topic:cognate-latin-root-4	Subtopic split (size rule): cognate:latin-root (218) is a generic catch-all with no additional split axis beyond what the page's suffix-family buttons already cover, chunked alphabetically.
dpp6pujrc4	entretener	to entertain	reference	topic:cognate-latin-root-4	Subtopic split (size rule): cognate:latin-root (218) is a generic catch-all with no additional split axis beyond what the page's suffix-family buttons already cover, chunked alphabetically.
zb1r0lavqo	exceder	to exceed	reference	topic:cognate-latin-root-5	Subtopic split (size rule): cognate:latin-root (218) is a generic catch-all with no additional split axis beyond what the page's suffix-family buttons already cover, chunked alphabetically.
xklnks32qd	excluir	to exclude	reference	topic:cognate-latin-root-5	Subtopic split (size rule): cognate:latin-root (218) is a generic catch-all with no additional split axis beyond what the page's suffix-family buttons already cover, chunked alphabetically.
hzw88e00ad	exhibir	to exhibit	reference	topic:cognate-latin-root-5	Subtopic split (size rule): cognate:latin-root (218) is a generic catch-all with no additional split axis beyond what the page's suffix-family buttons already cover, chunked alphabetically.
3lzsofawpo	explicar	to explain	supporting	topic:cognate-latin-root-5	Subtopic split (size rule): cognate:latin-root (218) is a generic catch-all with no additional split axis beyond what the page's suffix-family buttons already cover, chunked alphabetically.
mt3fyxp4nv	exponer	to expose	reference	topic:cognate-latin-root-5	Subtopic split (size rule): cognate:latin-root (218) is a generic catch-all with no additional split axis beyond what the page's suffix-family buttons already cover, chunked alphabetically.
dfw51tn4hy	expresar	to express	supporting	topic:cognate-latin-root-5	Subtopic split (size rule): cognate:latin-root (218) is a generic catch-all with no additional split axis beyond what the page's suffix-family buttons already cover, chunked alphabetically.
905ihja4zo	extraer	to extract	reference	topic:cognate-latin-root-5	Subtopic split (size rule): cognate:latin-root (218) is a generic catch-all with no additional split axis beyond what the page's suffix-family buttons already cover, chunked alphabetically.
bp593daco9	implicar	to imply	reference	topic:cognate-latin-root-6	Subtopic split (size rule): cognate:latin-root (218) is a generic catch-all with no additional split axis beyond what the page's suffix-family buttons already cover, chunked alphabetically.
inf9g9dmd7	imponer	to impose	reference	topic:cognate-latin-root-6	Subtopic split (size rule): cognate:latin-root (218) is a generic catch-all with no additional split axis beyond what the page's suffix-family buttons already cover, chunked alphabetically.
dwu519xf0p	incluir	to include	supporting	topic:cognate-latin-root-6	Subtopic split (size rule): cognate:latin-root (218) is a generic catch-all with no additional split axis beyond what the page's suffix-family buttons already cover, chunked alphabetically.
zuvh5lsd8u	incurrir en	to incur	reference	topic:cognate-latin-root-6	Subtopic split (size rule): cognate:latin-root (218) is a generic catch-all with no additional split axis beyond what the page's suffix-family buttons already cover, chunked alphabetically.
ljjs4igbh8	inducir	to induce	reference	topic:cognate-latin-root-6	Subtopic split (size rule): cognate:latin-root (218) is a generic catch-all with no additional split axis beyond what the page's suffix-family buttons already cover, chunked alphabetically.
6hc9qj9an6	ingerir	to ingest	reference	topic:cognate-latin-root-6	Subtopic split (size rule): cognate:latin-root (218) is a generic catch-all with no additional split axis beyond what the page's suffix-family buttons already cover, chunked alphabetically.
ahkjwrez5w	inhibir	to inhibit	reference	topic:cognate-latin-root-6	Subtopic split (size rule): cognate:latin-root (218) is a generic catch-all with no additional split axis beyond what the page's suffix-family buttons already cover, chunked alphabetically.
1bs20nqq1z	inscribir	to inscribe	reference	topic:cognate-latin-root-6	Subtopic split (size rule): cognate:latin-root (218) is a generic catch-all with no additional split axis beyond what the page's suffix-family buttons already cover, chunked alphabetically.
3scspzwt5d	instruir	to instruct	reference	topic:cognate-latin-root-7	Subtopic split (size rule): cognate:latin-root (218) is a generic catch-all with no additional split axis beyond what the page's suffix-family buttons already cover, chunked alphabetically.
cencbpbbei	interponer	to interpose	reference	topic:cognate-latin-root-7	Subtopic split (size rule): cognate:latin-root (218) is a generic catch-all with no additional split axis beyond what the page's suffix-family buttons already cover, chunked alphabetically.
t8xl5ujrhi	introducir	to introduce	supporting	topic:cognate-latin-root-7	Subtopic split (size rule): cognate:latin-root (218) is a generic catch-all with no additional split axis beyond what the page's suffix-family buttons already cover, chunked alphabetically.
vmofgr1p4a	invertir	to invert	reference	topic:cognate-latin-root-7	Subtopic split (size rule): cognate:latin-root (218) is a generic catch-all with no additional split axis beyond what the page's suffix-family buttons already cover, chunked alphabetically.
btsojlg7v0	maldecir a [alguien]	to curse [somebody]	reference	topic:cognate-latin-root-7|topic:cognate-opaque-3	Subtopic split (size rule): cognate:latin-root (218) is a generic catch-all with no additional split axis beyond what the page's suffix-family buttons already cover, chunked alphabetically.
jbffg23epm	mantener	to maintain	supporting	topic:cognate-latin-root-7	Subtopic split (size rule): cognate:latin-root (218) is a generic catch-all with no additional split axis beyond what the page's suffix-family buttons already cover, chunked alphabetically.
uu1cnr3a36	multiplicar	to multiply	reference	topic:cognate-latin-root-7	Subtopic split (size rule): cognate:latin-root (218) is a generic catch-all with no additional split axis beyond what the page's suffix-family buttons already cover, chunked alphabetically.
5g4fbayz0u	observar	to observe	reference	topic:cognate-latin-root-7	Subtopic split (size rule): cognate:latin-root (218) is a generic catch-all with no additional split axis beyond what the page's suffix-family buttons already cover, chunked alphabetically.
hbbltk5r4f	obstruir	to obstruct	reference	topic:cognate-latin-root-7	Subtopic split (size rule): cognate:latin-root (218) is a generic catch-all with no additional split axis beyond what the page's suffix-family buttons already cover, chunked alphabetically.
q6nk7om8xl	obtener	to obtain	supporting	topic:cognate-latin-root-7	Subtopic split (size rule): cognate:latin-root (218) is a generic catch-all with no additional split axis beyond what the page's suffix-family buttons already cover, chunked alphabetically.
p0b6bsx2vd	ocurrir	to occur	supporting	topic:cognate-latin-root-8	Subtopic split (size rule): cognate:latin-root (218) is a generic catch-all with no additional split axis beyond what the page's suffix-family buttons already cover, chunked alphabetically.
g05qdfu47y	oponerse	to oppose	reference	topic:cognate-latin-root-8	Subtopic split (size rule): cognate:latin-root (218) is a generic catch-all with no additional split axis beyond what the page's suffix-family buttons already cover, chunked alphabetically.
a2ujxq83pk	percibir	to perceive	reference	topic:cognate-latin-root-8	Subtopic split (size rule): cognate:latin-root (218) is a generic catch-all with no additional split axis beyond what the page's suffix-family buttons already cover, chunked alphabetically.
rtsiqg8t58	poner [algo] [en algún lugar]	to put [something] [somewhere]	core	topic:cognate-latin-root-8|topic:cognate-opaque-3	Subtopic split (size rule): cognate:latin-root (218) is a generic catch-all with no additional split axis beyond what the page's suffix-family buttons already cover, chunked alphabetically.
xltdt2bpq9	preceder	to precede	reference	topic:cognate-latin-root-8	Subtopic split (size rule): cognate:latin-root (218) is a generic catch-all with no additional split axis beyond what the page's suffix-family buttons already cover, chunked alphabetically.
fktf9mepcn	predisponer	to predispose	reference	topic:cognate-latin-root-8	Subtopic split (size rule): cognate:latin-root (218) is a generic catch-all with no additional split axis beyond what the page's suffix-family buttons already cover, chunked alphabetically.
b6wua9uv0p	prescribir	to prescribe	reference	topic:cognate-latin-root-8	Subtopic split (size rule): cognate:latin-root (218) is a generic catch-all with no additional split axis beyond what the page's suffix-family buttons already cover, chunked alphabetically.
gbkix5lyv6	preservar	to preserve	reference	topic:cognate-latin-root-8	Subtopic split (size rule): cognate:latin-root (218) is a generic catch-all with no additional split axis beyond what the page's suffix-family buttons already cover, chunked alphabetically.
ihevpwrjl9	proceder	to proceed	reference	topic:cognate-latin-root-9	Subtopic split (size rule): cognate:latin-root (218) is a generic catch-all with no additional split axis beyond what the page's suffix-family buttons already cover, chunked alphabetically.
iwrrtg66rv	producir	to produce	supporting	topic:cognate-latin-root-9	Subtopic split (size rule): cognate:latin-root (218) is a generic catch-all with no additional split axis beyond what the page's suffix-family buttons already cover, chunked alphabetically.
3qo4l6ua2u	prohibir	to prohibit	reference	topic:cognate-latin-root-9	Subtopic split (size rule): cognate:latin-root (218) is a generic catch-all with no additional split axis beyond what the page's suffix-family buttons already cover, chunked alphabetically.
4fc2kcqip3	proponer	to propose	reference	topic:cognate-latin-root-9	Subtopic split (size rule): cognate:latin-root (218) is a generic catch-all with no additional split axis beyond what the page's suffix-family buttons already cover, chunked alphabetically.
xuo5hy2tk4	recibir	to receive	supporting	topic:cognate-latin-root-9	Subtopic split (size rule): cognate:latin-root (218) is a generic catch-all with no additional split axis beyond what the page's suffix-family buttons already cover, chunked alphabetically.
sz6kj23n5m	reconstruir	to reconstruct	reference	topic:cognate-latin-root-9	Subtopic split (size rule): cognate:latin-root (218) is a generic catch-all with no additional split axis beyond what the page's suffix-family buttons already cover, chunked alphabetically.
29il3kxdpo	reconstruir	to rebuild	reference	topic:cognate-latin-root-9	Subtopic split (size rule): cognate:latin-root (218) is a generic catch-all with no additional split axis beyond what the page's suffix-family buttons already cover, chunked alphabetically.
4e8xlbp20p	reducir	to reduce	supporting	topic:cognate-latin-root-9	Subtopic split (size rule): cognate:latin-root (218) is a generic catch-all with no additional split axis beyond what the page's suffix-family buttons already cover, chunked alphabetically.
nk0a8snhq8	reprimir	to repress	reference	topic:cognate-latin-root-9	Subtopic split (size rule): cognate:latin-root (218) is a generic catch-all with no additional split axis beyond what the page's suffix-family buttons already cover, chunked alphabetically.
czdf4gnfnp	reproducir	to reproduce	reference	topic:cognate-latin-root-10	Subtopic split (size rule): cognate:latin-root (218) is a generic catch-all with no additional split axis beyond what the page's suffix-family buttons already cover, chunked alphabetically.
alnivw5ja6	reservar	to reserve	supporting	topic:cognate-latin-root-10	Subtopic split (size rule): cognate:latin-root (218) is a generic catch-all with no additional split axis beyond what the page's suffix-family buttons already cover, chunked alphabetically.
jck1nkdlkp	resolver	to resolve	supporting	topic:cognate-latin-root-10	Subtopic split (size rule): cognate:latin-root (218) is a generic catch-all with no additional split axis beyond what the page's suffix-family buttons already cover, chunked alphabetically.
mpxfwjh99r	retener	to retain	reference	topic:cognate-latin-root-10	Subtopic split (size rule): cognate:latin-root (218) is a generic catch-all with no additional split axis beyond what the page's suffix-family buttons already cover, chunked alphabetically.
bwkdp2bsi4	revertir	to revert	reference	topic:cognate-latin-root-10	Subtopic split (size rule): cognate:latin-root (218) is a generic catch-all with no additional split axis beyond what the page's suffix-family buttons already cover, chunked alphabetically.
z0ppej4qej	seducir	to seduce	reference	topic:cognate-latin-root-10	Subtopic split (size rule): cognate:latin-root (218) is a generic catch-all with no additional split axis beyond what the page's suffix-family buttons already cover, chunked alphabetically.
nxk7dtjdpe	sostener	to sustain	reference	topic:cognate-latin-root-10	Subtopic split (size rule): cognate:latin-root (218) is a generic catch-all with no additional split axis beyond what the page's suffix-family buttons already cover, chunked alphabetically.
ph8exwfohx	sugerir	to suggest	supporting	topic:cognate-latin-root-10	Subtopic split (size rule): cognate:latin-root (218) is a generic catch-all with no additional split axis beyond what the page's suffix-family buttons already cover, chunked alphabetically.
x2avxaorkd	suponer	to suppose	supporting	topic:cognate-latin-root-10	Subtopic split (size rule): cognate:latin-root (218) is a generic catch-all with no additional split axis beyond what the page's suffix-family buttons already cover, chunked alphabetically.
a3bhdljvih	suprimir	to suppress	reference	topic:cognate-latin-root-10	Subtopic split (size rule): cognate:latin-root (218) is a generic catch-all with no additional split axis beyond what the page's suffix-family buttons already cover, chunked alphabetically.
gjh5b0lek7	suscribirse	to subscribe	reference	topic:cognate-latin-root-10	Subtopic split (size rule): cognate:latin-root (218) is a generic catch-all with no additional split axis beyond what the page's suffix-family buttons already cover, chunked alphabetically.
208ry1ffqk	sustraer	to subtract	reference	topic:cognate-latin-root-11	Subtopic split (size rule): cognate:latin-root (218) is a generic catch-all with no additional split axis beyond what the page's suffix-family buttons already cover, chunked alphabetically.
wwwc8jugby	tener [algo]	to have [something]	core	topic:cognate-latin-root-11|topic:cognate-opaque-4	Subtopic split (size rule): cognate:latin-root (218) is a generic catch-all with no additional split axis beyond what the page's suffix-family buttons already cover, chunked alphabetically.
qdd1gcrv5r	traerle [algo] a [alguien]	to bring [somebody] [something]	core	topic:cognate-latin-root-11|topic:cognate-opaque-4	Subtopic split (size rule): cognate:latin-root (218) is a generic catch-all with no additional split axis beyond what the page's suffix-family buttons already cover, chunked alphabetically.
xjwylsxod0	transcribir	to transcribe	reference	topic:cognate-latin-root-11	Subtopic split (size rule): cognate:latin-root (218) is a generic catch-all with no additional split axis beyond what the page's suffix-family buttons already cover, chunked alphabetically.
6mkt3ys5cc	abolir	to abolish	reference	topic:cognate-opaque-1	Subtopic split (size rule): cognate:opaque-gloss (65) is a generic catch-all with no additional split axis beyond what the page's suffix-family buttons already cover, chunked alphabetically.
67xfwgpbci	abusar de	to abuse	reference	topic:cognate-opaque-1	Subtopic split (size rule): cognate:opaque-gloss (65) is a generic catch-all with no additional split axis beyond what the page's suffix-family buttons already cover, chunked alphabetically.
t7xdhmoj13	acusar	to accuse	reference	topic:cognate-opaque-1	Subtopic split (size rule): cognate:opaque-gloss (65) is a generic catch-all with no additional split axis beyond what the page's suffix-family buttons already cover, chunked alphabetically.
q4hcooj6w7	admirar	to admire	supporting	topic:cognate-opaque-1	Subtopic split (size rule): cognate:opaque-gloss (65) is a generic catch-all with no additional split axis beyond what the page's suffix-family buttons already cover, chunked alphabetically.
f8vxtpc7m8	adquirir	to acquire	reference	topic:cognate-opaque-1	Subtopic split (size rule): cognate:opaque-gloss (65) is a generic catch-all with no additional split axis beyond what the page's suffix-family buttons already cover, chunked alphabetically.
btj4xcksut	[el] adulto	adult	reference	topic:cognate-opaque-1	Subtopic split (size rule): cognate:opaque-gloss (65) is a generic catch-all with no additional split axis beyond what the page's suffix-family buttons already cover, chunked alphabetically.
lmq979w5o9	[el] aeropuerto	airport	reference	topic:cognate-opaque-1	Subtopic split (size rule): cognate:opaque-gloss (65) is a generic catch-all with no additional split axis beyond what the page's suffix-family buttons already cover, chunked alphabetically.
ukwulq0hup	aspirar a	to aspire to	reference	topic:cognate-opaque-1	Subtopic split (size rule): cognate:opaque-gloss (65) is a generic catch-all with no additional split axis beyond what the page's suffix-family buttons already cover, chunked alphabetically.
pnr1qwchct	[el] banco	bank	reference	topic:cognate-opaque-1	Subtopic split (size rule): cognate:opaque-gloss (65) is a generic catch-all with no additional split axis beyond what the page's suffix-family buttons already cover, chunked alphabetically.
avla9wxl8x	barnizar	to varnish	reference	topic:cognate-opaque-1	Subtopic split (size rule): cognate:opaque-gloss (65) is a generic catch-all with no additional split axis beyond what the page's suffix-family buttons already cover, chunked alphabetically.
rgkaoqx4c0	[el] carro	car	supporting	topic:cognate-opaque-1	Subtopic split (size rule): cognate:opaque-gloss (65) is a generic catch-all with no additional split axis beyond what the page's suffix-family buttons already cover, chunked alphabetically.
f5l6clhdf8	castigar	to punish	reference	topic:cognate-opaque-1	Subtopic split (size rule): cognate:opaque-gloss (65) is a generic catch-all with no additional split axis beyond what the page's suffix-family buttons already cover, chunked alphabetically.
vnrarozvhe	cesar	to cease	reference	topic:cognate-opaque-1	Subtopic split (size rule): cognate:opaque-gloss (65) is a generic catch-all with no additional split axis beyond what the page's suffix-family buttons already cover, chunked alphabetically.
3xlw2zhcdr	confundir	to confuse	supporting	topic:cognate-opaque-1	Subtopic split (size rule): cognate:opaque-gloss (65) is a generic catch-all with no additional split axis beyond what the page's suffix-family buttons already cover, chunked alphabetically.
mpao4yhv55	conspirar	to conspire	reference	topic:cognate-opaque-1	Subtopic split (size rule): cognate:opaque-gloss (65) is a generic catch-all with no additional split axis beyond what the page's suffix-family buttons already cover, chunked alphabetically.
piqic5esem	continuar	to continue	supporting	topic:cognate-opaque-1	Subtopic split (size rule): cognate:opaque-gloss (65) is a generic catch-all with no additional split axis beyond what the page's suffix-family buttons already cover, chunked alphabetically.
vb2uvwnj0w	[el] costo	the cost	reference	topic:cognate-opaque-1	Subtopic split (size rule): cognate:opaque-gloss (65) is a generic catch-all with no additional split axis beyond what the page's suffix-family buttons already cover, chunked alphabetically.
vrd2xusmjs	[el] culto	cult	reference	topic:cognate-opaque-2	Subtopic split (size rule): cognate:opaque-gloss (65) is a generic catch-all with no additional split axis beyond what the page's suffix-family buttons already cover, chunked alphabetically.
fyldm4hx88	decrementar	to decrease	reference	topic:cognate-opaque-2	Subtopic split (size rule): cognate:opaque-gloss (65) is a generic catch-all with no additional split axis beyond what the page's suffix-family buttons already cover, chunked alphabetically.
90thzh7p12	demoler	to demolish	reference	topic:cognate-opaque-2	Subtopic split (size rule): cognate:opaque-gloss (65) is a generic catch-all with no additional split axis beyond what the page's suffix-family buttons already cover, chunked alphabetically.
349woeqgw3	devaluar	to devalue	reference	topic:cognate-opaque-2	Subtopic split (size rule): cognate:opaque-gloss (65) is a generic catch-all with no additional split axis beyond what the page's suffix-family buttons already cover, chunked alphabetically.
ksmdrxloop	[ser] difícil	[to be] difficult	supporting	topic:cognate-opaque-2	Subtopic split (size rule): cognate:opaque-gloss (65) is a generic catch-all with no additional split axis beyond what the page's suffix-family buttons already cover, chunked alphabetically.
l12jegmf94	disminuir	to diminish	reference	topic:cognate-opaque-2	Subtopic split (size rule): cognate:opaque-gloss (65) is a generic catch-all with no additional split axis beyond what the page's suffix-family buttons already cover, chunked alphabetically.
3tel071upm	distinguir	to distinguish	reference	topic:cognate-opaque-2	Subtopic split (size rule): cognate:opaque-gloss (65) is a generic catch-all with no additional split axis beyond what the page's suffix-family buttons already cover, chunked alphabetically.
rr7hwdqvpq	entrenar	to train	supporting	topic:cognate-opaque-2	Subtopic split (size rule): cognate:opaque-gloss (65) is a generic catch-all with no additional split axis beyond what the page's suffix-family buttons already cover, chunked alphabetically.
y4vzfsns1u	escanear	to scan	supporting	topic:cognate-opaque-2	Subtopic split (size rule): cognate:opaque-gloss (65) is a generic catch-all with no additional split axis beyond what the page's suffix-family buttons already cover, chunked alphabetically.
5mcu9ayadt	[la] escuela	school	supporting	topic:cognate-opaque-2	Subtopic split (size rule): cognate:opaque-gloss (65) is a generic catch-all with no additional split axis beyond what the page's suffix-family buttons already cover, chunked alphabetically.
u22ptddek2	espiar	to spy	reference	topic:cognate-opaque-2	Subtopic split (size rule): cognate:opaque-gloss (65) is a generic catch-all with no additional split axis beyond what the page's suffix-family buttons already cover, chunked alphabetically.
ggyjh7g2dw	establecer	to establish	supporting	topic:cognate-opaque-2	Subtopic split (size rule): cognate:opaque-gloss (65) is a generic catch-all with no additional split axis beyond what the page's suffix-family buttons already cover, chunked alphabetically.
z0t602y5w0	estudiar	to study	supporting	topic:cognate-opaque-2	Subtopic split (size rule): cognate:opaque-gloss (65) is a generic catch-all with no additional split axis beyond what the page's suffix-family buttons already cover, chunked alphabetically.
04f7x5sjwc	excusar	to excuse	supporting	topic:cognate-opaque-2	Subtopic split (size rule): cognate:opaque-gloss (65) is a generic catch-all with no additional split axis beyond what the page's suffix-family buttons already cover, chunked alphabetically.
2y6u1mwiqm	expirar	to expire	reference	topic:cognate-opaque-2	Subtopic split (size rule): cognate:opaque-gloss (65) is a generic catch-all with no additional split axis beyond what the page's suffix-family buttons already cover, chunked alphabetically.
azzxq4wu4n	extinguir	to extinguish	reference	topic:cognate-opaque-2	Subtopic split (size rule): cognate:opaque-gloss (65) is a generic catch-all with no additional split axis beyond what the page's suffix-family buttons already cover, chunked alphabetically.
id9rfte04s	florecer	to flourish	reference	topic:cognate-opaque-2	Subtopic split (size rule): cognate:opaque-gloss (65) is a generic catch-all with no additional split axis beyond what the page's suffix-family buttons already cover, chunked alphabetically.
dm6zd12erf	incrementar	to increase	supporting	topic:cognate-opaque-3	Subtopic split (size rule): cognate:opaque-gloss (65) is a generic catch-all with no additional split axis beyond what the page's suffix-family buttons already cover, chunked alphabetically.
hh62oet6li	inspirar	to inspire	supporting	topic:cognate-opaque-3	Subtopic split (size rule): cognate:opaque-gloss (65) is a generic catch-all with no additional split axis beyond what the page's suffix-family buttons already cover, chunked alphabetically.
bjymj06xqc	[el] insulto	insult	reference	topic:cognate-opaque-3	Subtopic split (size rule): cognate:opaque-gloss (65) is a generic catch-all with no additional split axis beyond what the page's suffix-family buttons already cover, chunked alphabetically.
3m6jm8uts6	liberar	to release	supporting	topic:cognate-opaque-3	Subtopic split (size rule): cognate:opaque-gloss (65) is a generic catch-all with no additional split axis beyond what the page's suffix-family buttons already cover, chunked alphabetically.
2hq1d8gi4c	notar	to notice	supporting	topic:cognate-opaque-3	Subtopic split (size rule): cognate:opaque-gloss (65) is a generic catch-all with no additional split axis beyond what the page's suffix-family buttons already cover, chunked alphabetically.
edcgr232an	[la] oficina	office	reference	topic:cognate-opaque-3	Subtopic split (size rule): cognate:opaque-gloss (65) is a generic catch-all with no additional split axis beyond what the page's suffix-family buttons already cover, chunked alphabetically.
bd134x1q1x	[la] petición	the request	reference	topic:cognate-opaque-3	Subtopic split (size rule): cognate:opaque-gloss (65) is a generic catch-all with no additional split axis beyond what the page's suffix-family buttons already cover, chunked alphabetically.
ut0poxmq1d	practicar	to practice	supporting	topic:cognate-opaque-3	Subtopic split (size rule): cognate:opaque-gloss (65) is a generic catch-all with no additional split axis beyond what the page's suffix-family buttons already cover, chunked alphabetically.
awo387st2o	prometer	to promise	supporting	topic:cognate-opaque-3	Subtopic split (size rule): cognate:opaque-gloss (65) is a generic catch-all with no additional split axis beyond what the page's suffix-family buttons already cover, chunked alphabetically.
im3warqgr0	publicar	to publish	supporting	topic:cognate-opaque-3	Subtopic split (size rule): cognate:opaque-gloss (65) is a generic catch-all with no additional split axis beyond what the page's suffix-family buttons already cover, chunked alphabetically.
tjn9t0zmm4	pulir	to polish	reference	topic:cognate-opaque-3	Subtopic split (size rule): cognate:opaque-gloss (65) is a generic catch-all with no additional split axis beyond what the page's suffix-family buttons already cover, chunked alphabetically.
3bbmjt77uh	rechazar	to refuse	reference	topic:cognate-opaque-3	Subtopic split (size rule): cognate:opaque-gloss (65) is a generic catch-all with no additional split axis beyond what the page's suffix-family buttons already cover, chunked alphabetically.
pltwlpitcz	rehusar	to refuse	reference	topic:cognate-opaque-3	Subtopic split (size rule): cognate:opaque-gloss (65) is a generic catch-all with no additional split axis beyond what the page's suffix-family buttons already cover, chunked alphabetically.
j7ecz0bqjs	requerir	to require	supporting	topic:cognate-opaque-3	Subtopic split (size rule): cognate:opaque-gloss (65) is a generic catch-all with no additional split axis beyond what the page's suffix-family buttons already cover, chunked alphabetically.
yncm9uvy01	[el] resultado	result	reference	topic:cognate-opaque-3	Subtopic split (size rule): cognate:opaque-gloss (65) is a generic catch-all with no additional split axis beyond what the page's suffix-family buttons already cover, chunked alphabetically.
ggkqe82rdu	retirarse	to retire	reference	topic:cognate-opaque-3	Subtopic split (size rule): cognate:opaque-gloss (65) is a generic catch-all with no additional split axis beyond what the page's suffix-family buttons already cover, chunked alphabetically.
pud3q68taq	revaluar	to revalue	reference	topic:cognate-opaque-4	Subtopic split (size rule): cognate:opaque-gloss (65) is a generic catch-all with no additional split axis beyond what the page's suffix-family buttons already cover, chunked alphabetically.
lhqwt7vhxe	sacrificar	to sacrifice	reference	topic:cognate-opaque-4	Subtopic split (size rule): cognate:opaque-gloss (65) is a generic catch-all with no additional split axis beyond what the page's suffix-family buttons already cover, chunked alphabetically.
mo3m4rjpyo	sobrevalorar	to overvalue	reference	topic:cognate-opaque-4	Subtopic split (size rule): cognate:opaque-gloss (65) is a generic catch-all with no additional split axis beyond what the page's suffix-family buttons already cover, chunked alphabetically.
00igen7v9s	subvalorar	to undervalue	reference	topic:cognate-opaque-4	Subtopic split (size rule): cognate:opaque-gloss (65) is a generic catch-all with no additional split axis beyond what the page's suffix-family buttons already cover, chunked alphabetically.
1nm2wdol3n	terminar	to finish	supporting	topic:cognate-opaque-4	Subtopic split (size rule): cognate:opaque-gloss (65) is a generic catch-all with no additional split axis beyond what the page's suffix-family buttons already cover, chunked alphabetically.
ruxyw228tw	[el] tumulto	tumult	reference	topic:cognate-opaque-4	Subtopic split (size rule): cognate:opaque-gloss (65) is a generic catch-all with no additional split axis beyond what the page's suffix-family buttons already cover, chunked alphabetically.
svksm10h8x	usar	to use	supporting	topic:cognate-opaque-4	Subtopic split (size rule): cognate:opaque-gloss (65) is a generic catch-all with no additional split axis beyond what the page's suffix-family buttons already cover, chunked alphabetically.
8nmzifpeq2	utilizar	to use	reference	topic:cognate-opaque-4	Subtopic split (size rule): cognate:opaque-gloss (65) is a generic catch-all with no additional split axis beyond what the page's suffix-family buttons already cover, chunked alphabetically.
kklu7hedoy	valorar	to value	supporting	topic:cognate-opaque-4	Subtopic split (size rule): cognate:opaque-gloss (65) is a generic catch-all with no additional split axis beyond what the page's suffix-family buttons already cover, chunked alphabetically.
