46elg5u15i	[ser] [adjetivo]	[to be] [adjective]	core	topic:map-ser-1	Subtopic split (size rule): es:ser (397) chunked alphabetically by English gloss — a full per-sense-cluster split for 25 different multi-sense words was judged not worth the effort relative to alphabetical chunking, which still keeps each browsing unit small.
s5rh58dybq	[ser] menor de edad	[to be] a minor	reference	topic:map-ser-1	Subtopic split (size rule): es:ser (397) chunked alphabetically by English gloss — a full per-sense-cluster split for 25 different multi-sense words was judged not worth the effort relative to alphabetical chunking, which still keeps each browsing unit small.
347wmzzklo	[ser] abstracto	[to be] abstract	reference	topic:map-ser-1	Subtopic split (size rule): es:ser (397) chunked alphabetically by English gloss — a full per-sense-cluster split for 25 different multi-sense words was judged not worth the effort relative to alphabetical chunking, which still keeps each browsing unit small.
rbql1uhr3o	[ser] abundante	[to be] abundant	reference	topic:map-ser-1	Subtopic split (size rule): es:ser (397) chunked alphabetically by English gloss — a full per-sense-cluster split for 25 different multi-sense words was judged not worth the effort relative to alphabetical chunking, which still keeps each browsing unit small.
npdgmfs94y	[ser] académico	[to be] academic	reference	topic:map-ser-1	Subtopic split (size rule): es:ser (397) chunked alphabetically by English gloss — a full per-sense-cluster split for 25 different multi-sense words was judged not worth the effort relative to alphabetical chunking, which still keeps each browsing unit small.
ptb517s9gj	[ser] aceptable	[to be] acceptable	reference	topic:map-ser-1	Subtopic split (size rule): es:ser (397) chunked alphabetically by English gloss — a full per-sense-cluster split for 25 different multi-sense words was judged not worth the effort relative to alphabetical chunking, which still keeps each browsing unit small.
3d0679vask	[ser] admirable	[to be] admirable	reference	topic:map-ser-1	Subtopic split (size rule): es:ser (397) chunked alphabetically by English gloss — a full per-sense-cluster split for 25 different multi-sense words was judged not worth the effort relative to alphabetical chunking, which still keeps each browsing unit small.
fyvjibhkek	[ser] africano	[to be] African	reference	topic:map-ser-1	Subtopic split (size rule): es:ser (397) chunked alphabetically by English gloss — a full per-sense-cluster split for 25 different multi-sense words was judged not worth the effort relative to alphabetical chunking, which still keeps each browsing unit small.
43d2th257b	[ser] agresivo	[to be] aggressive	reference	topic:map-ser-1	Subtopic split (size rule): es:ser (397) chunked alphabetically by English gloss — a full per-sense-cluster split for 25 different multi-sense words was judged not worth the effort relative to alphabetical chunking, which still keeps each browsing unit small.
i4p7p3uuv3	[ser] ágil	[to be] agile	reference	topic:map-ser-1	Subtopic split (size rule): es:ser (397) chunked alphabetically by English gloss — a full per-sense-cluster split for 25 different multi-sense words was judged not worth the effort relative to alphabetical chunking, which still keeps each browsing unit small.
b7js6hk28a	[ser] todopoderoso	[to be] all-powerful	reference	topic:map-ser-1|topic:map-poder-1	Subtopic split (size rule): es:ser (397) chunked alphabetically by English gloss — a full per-sense-cluster split for 25 different multi-sense words was judged not worth the effort relative to alphabetical chunking, which still keeps each browsing unit small.
8mhghrw0y0	[ser] todopoderoso (religioso)	[to be] almighty	reference	topic:map-ser-1|topic:map-poder-1	Subtopic split (size rule): es:ser (397) chunked alphabetically by English gloss — a full per-sense-cluster split for 25 different multi-sense words was judged not worth the effort relative to alphabetical chunking, which still keeps each browsing unit small.
v4yi7lkme9	[ser] ambicioso	[to be] ambitious	reference	topic:map-ser-1	Subtopic split (size rule): es:ser (397) chunked alphabetically by English gloss — a full per-sense-cluster split for 25 different multi-sense words was judged not worth the effort relative to alphabetical chunking, which still keeps each browsing unit small.
5op38mdcjt	[ser] americano	[to be] American	reference	topic:map-ser-1	Subtopic split (size rule): es:ser (397) chunked alphabetically by English gloss — a full per-sense-cluster split for 25 different multi-sense words was judged not worth the effort relative to alphabetical chunking, which still keeps each browsing unit small.
0pj00hx6vk	sea como sea	anyway	reference	topic:map-ser-1	Subtopic split (size rule): es:ser (397) chunked alphabetically by English gloss — a full per-sense-cluster split for 25 different multi-sense words was judged not worth the effort relative to alphabetical chunking, which still keeps each browsing unit small.
u3t3siau09	[ser] arrogante	[to be] arrogant	reference	topic:map-ser-1	Subtopic split (size rule): es:ser (397) chunked alphabetically by English gloss — a full per-sense-cluster split for 25 different multi-sense words was judged not worth the effort relative to alphabetical chunking, which still keeps each browsing unit small.
8lwxklvlox	[ser] astronómico	[to be] astronomical	reference	topic:map-ser-1	Subtopic split (size rule): es:ser (397) chunked alphabetically by English gloss — a full per-sense-cluster split for 25 different multi-sense words was judged not worth the effort relative to alphabetical chunking, which still keeps each browsing unit small.
du3ux0alee	[ser] atractivo	[to be] attractive	reference	topic:map-ser-1	Subtopic split (size rule): es:ser (397) chunked alphabetically by English gloss — a full per-sense-cluster split for 25 different multi-sense words was judged not worth the effort relative to alphabetical chunking, which still keeps each browsing unit small.
eb8k6jseu7	[ser] automático	[to be] automatic	reference	topic:map-ser-2	Subtopic split (size rule): es:ser (397) chunked alphabetically by English gloss — a full per-sense-cluster split for 25 different multi-sense words was judged not worth the effort relative to alphabetical chunking, which still keeps each browsing unit small.
lg9p46b73r	[ser] consciente de [algo]	[to be] aware of [something]	reference	topic:map-ser-2	Subtopic split (size rule): es:ser (397) chunked alphabetically by English gloss — a full per-sense-cluster split for 25 different multi-sense words was judged not worth the effort relative to alphabetical chunking, which still keeps each browsing unit small.
l63676rkny	[ser] básico	[to be] basic	reference	topic:map-ser-2	Subtopic split (size rule): es:ser (397) chunked alphabetically by English gloss — a full per-sense-cluster split for 25 different multi-sense words was judged not worth the effort relative to alphabetical chunking, which still keeps each browsing unit small.
ihr1107fvl	[el] ser	being	reference	topic:map-ser-2	Subtopic split (size rule): es:ser (397) chunked alphabetically by English gloss — a full per-sense-cluster split for 25 different multi-sense words was judged not worth the effort relative to alphabetical chunking, which still keeps each browsing unit small.
inwwluj4ug	[ser] creíble	[to be] believable	reference	topic:map-ser-2	Subtopic split (size rule): es:ser (397) chunked alphabetically by English gloss — a full per-sense-cluster split for 25 different multi-sense words was judged not worth the effort relative to alphabetical chunking, which still keeps each browsing unit small.
sjrhmb2fr3	[ser] grande	[to be] big	supporting	topic:map-ser-2	Subtopic split (size rule): es:ser (397) chunked alphabetically by English gloss — a full per-sense-cluster split for 25 different multi-sense words was judged not worth the effort relative to alphabetical chunking, which still keeps each browsing unit small.
hkvahmcgwi	[ser] negro	[to be] black	supporting	topic:map-ser-2	Subtopic split (size rule): es:ser (397) chunked alphabetically by English gloss — a full per-sense-cluster split for 25 different multi-sense words was judged not worth the effort relative to alphabetical chunking, which still keeps each browsing unit small.
wof9vipshg	[ser] azul	[to be] blue	supporting	topic:map-ser-2	Subtopic split (size rule): es:ser (397) chunked alphabetically by English gloss — a full per-sense-cluster split for 25 different multi-sense words was judged not worth the effort relative to alphabetical chunking, which still keeps each browsing unit small.
y4kn1xzqxy	[ser] aburrido	[to be] boring	supporting	topic:map-ser-2	Subtopic split (size rule): es:ser (397) chunked alphabetically by English gloss — a full per-sense-cluster split for 25 different multi-sense words was judged not worth the effort relative to alphabetical chunking, which still keeps each browsing unit small.
4vmjcs20a5	[ser] mandón	[to be] bossy	reference	topic:map-ser-2	Subtopic split (size rule): es:ser (397) chunked alphabetically by English gloss — a full per-sense-cluster split for 25 different multi-sense words was judged not worth the effort relative to alphabetical chunking, which still keeps each browsing unit small.
sxsp9okeyb	[ser] corto	[to be] brief	reference	topic:map-ser-2	Subtopic split (size rule): es:ser (397) chunked alphabetically by English gloss — a full per-sense-cluster split for 25 different multi-sense words was judged not worth the effort relative to alphabetical chunking, which still keeps each browsing unit small.
j738464gvg	[ser] marrón	[to be] brown	supporting	topic:map-ser-2	Subtopic split (size rule): es:ser (397) chunked alphabetically by English gloss — a full per-sense-cluster split for 25 different multi-sense words was judged not worth the effort relative to alphabetical chunking, which still keeps each browsing unit small.
h9waqlqv7g	[ser] central	[to be] central	reference	topic:map-ser-2	Subtopic split (size rule): es:ser (397) chunked alphabetically by English gloss — a full per-sense-cluster split for 25 different multi-sense words was judged not worth the effort relative to alphabetical chunking, which still keeps each browsing unit small.
6msmcahhki	[ser] barato	[to be] cheap	supporting	topic:map-ser-2	Subtopic split (size rule): es:ser (397) chunked alphabetically by English gloss — a full per-sense-cluster split for 25 different multi-sense words was judged not worth the effort relative to alphabetical chunking, which still keeps each browsing unit small.
9vkg3r79l9	[ser] económico	[to be] cheap	reference	topic:map-ser-2	Subtopic split (size rule): es:ser (397) chunked alphabetically by English gloss — a full per-sense-cluster split for 25 different multi-sense words was judged not worth the effort relative to alphabetical chunking, which still keeps each browsing unit small.
4es4xow5j6	[ser] cristiano	[to be] Christian	reference	topic:map-ser-2	Subtopic split (size rule): es:ser (397) chunked alphabetically by English gloss — a full per-sense-cluster split for 25 different multi-sense words was judged not worth the effort relative to alphabetical chunking, which still keeps each browsing unit small.
tjfjo5aq4q	[ser] circular	[to be] circular	reference	topic:map-ser-2	Subtopic split (size rule): es:ser (397) chunked alphabetically by English gloss — a full per-sense-cluster split for 25 different multi-sense words was judged not worth the effort relative to alphabetical chunking, which still keeps each browsing unit small.
8zcb6q4a6k	[ser] claro	[to be] clear	reference	topic:map-ser-2	Subtopic split (size rule): es:ser (397) chunked alphabetically by English gloss — a full per-sense-cluster split for 25 different multi-sense words was judged not worth the effort relative to alphabetical chunking, which still keeps each browsing unit small.
cw25uiqi25	[ser] colombiano	[to be] Colombian	reference	topic:map-ser-3	Subtopic split (size rule): es:ser (397) chunked alphabetically by English gloss — a full per-sense-cluster split for 25 different multi-sense words was judged not worth the effort relative to alphabetical chunking, which still keeps each browsing unit small.
6zq4o0fq8k	[ser] compacto	[to be] compact	reference	topic:map-ser-3	Subtopic split (size rule): es:ser (397) chunked alphabetically by English gloss — a full per-sense-cluster split for 25 different multi-sense words was judged not worth the effort relative to alphabetical chunking, which still keeps each browsing unit small.
a81b38vc82	[ser] compatible	[to be] compatible	reference	topic:map-ser-3	Subtopic split (size rule): es:ser (397) chunked alphabetically by English gloss — a full per-sense-cluster split for 25 different multi-sense words was judged not worth the effort relative to alphabetical chunking, which still keeps each browsing unit small.
0emhxycjtj	[ser] competitivo	[to be] competitive	reference	topic:map-ser-3	Subtopic split (size rule): es:ser (397) chunked alphabetically by English gloss — a full per-sense-cluster split for 25 different multi-sense words was judged not worth the effort relative to alphabetical chunking, which still keeps each browsing unit small.
45o3rne3ve	[ser] considerable	[to be] considerable	reference	topic:map-ser-3	Subtopic split (size rule): es:ser (397) chunked alphabetically by English gloss — a full per-sense-cluster split for 25 different multi-sense words was judged not worth the effort relative to alphabetical chunking, which still keeps each browsing unit small.
cqg6rkqv81	[ser] constante	[to be] constant	reference	topic:map-ser-3	Subtopic split (size rule): es:ser (397) chunked alphabetically by English gloss — a full per-sense-cluster split for 25 different multi-sense words was judged not worth the effort relative to alphabetical chunking, which still keeps each browsing unit small.
fx314322k9	[ser] contradictorio	[to be] contradictory	reference	topic:map-ser-3	Subtopic split (size rule): es:ser (397) chunked alphabetically by English gloss — a full per-sense-cluster split for 25 different multi-sense words was judged not worth the effort relative to alphabetical chunking, which still keeps each browsing unit small.
ahs4zjjduw	[ser] correcto	[to be] correct	reference	topic:map-ser-3	Subtopic split (size rule): es:ser (397) chunked alphabetically by English gloss — a full per-sense-cluster split for 25 different multi-sense words was judged not worth the effort relative to alphabetical chunking, which still keeps each browsing unit small.
kloirpjzvx	[ser] contable	[to be] countable	reference	topic:map-ser-3|topic:map-contar-1	Subtopic split (size rule): es:ser (397) chunked alphabetically by English gloss — a full per-sense-cluster split for 25 different multi-sense words was judged not worth the effort relative to alphabetical chunking, which still keeps each browsing unit small.
143rr1eeol	[ser] creativo	[to be] creative	reference	topic:map-ser-3	Subtopic split (size rule): es:ser (397) chunked alphabetically by English gloss — a full per-sense-cluster split for 25 different multi-sense words was judged not worth the effort relative to alphabetical chunking, which still keeps each browsing unit small.
4zm43974xk	[ser] cruel	[to be] cruel	reference	topic:map-ser-3	Subtopic split (size rule): es:ser (397) chunked alphabetically by English gloss — a full per-sense-cluster split for 25 different multi-sense words was judged not worth the effort relative to alphabetical chunking, which still keeps each browsing unit small.
qaybrv5r08	[ser] cultural	[to be] cultural	reference	topic:map-ser-3	Subtopic split (size rule): es:ser (397) chunked alphabetically by English gloss — a full per-sense-cluster split for 25 different multi-sense words was judged not worth the effort relative to alphabetical chunking, which still keeps each browsing unit small.
owhh6ipxn8	[ser] curioso	[to be] curious	reference	topic:map-ser-3	Subtopic split (size rule): es:ser (397) chunked alphabetically by English gloss — a full per-sense-cluster split for 25 different multi-sense words was judged not worth the effort relative to alphabetical chunking, which still keeps each browsing unit small.
du2i421xic	[ser] oscuro	[to be] dark	supporting	topic:map-ser-3	Subtopic split (size rule): es:ser (397) chunked alphabetically by English gloss — a full per-sense-cluster split for 25 different multi-sense words was judged not worth the effort relative to alphabetical chunking, which still keeps each browsing unit small.
qxaqglea0l	[ser] caro	[to be] dear	reference	topic:map-ser-3	Subtopic split (size rule): es:ser (397) chunked alphabetically by English gloss — a full per-sense-cluster split for 25 different multi-sense words was judged not worth the effort relative to alphabetical chunking, which still keeps each browsing unit small.
8d827bd6xs	[ser] decisivo	[to be] decisive	reference	topic:map-ser-3	Subtopic split (size rule): es:ser (397) chunked alphabetically by English gloss — a full per-sense-cluster split for 25 different multi-sense words was judged not worth the effort relative to alphabetical chunking, which still keeps each browsing unit small.
i326501obr	[ser] delicioso	[to be] delicious	reference	topic:map-ser-3	Subtopic split (size rule): es:ser (397) chunked alphabetically by English gloss — a full per-sense-cluster split for 25 different multi-sense words was judged not worth the effort relative to alphabetical chunking, which still keeps each browsing unit small.
c3t870d60r	[ser] diferente	[to be] different	reference	topic:map-ser-3	Subtopic split (size rule): es:ser (397) chunked alphabetically by English gloss — a full per-sense-cluster split for 25 different multi-sense words was judged not worth the effort relative to alphabetical chunking, which still keeps each browsing unit small.
ksmdrxloop	[ser] difícil	[to be] difficult	supporting	topic:map-ser-4	Subtopic split (size rule): es:ser (397) chunked alphabetically by English gloss — a full per-sense-cluster split for 25 different multi-sense words was judged not worth the effort relative to alphabetical chunking, which still keeps each browsing unit small.
lpp235wcy8	[ser] directo	[to be] direct	reference	topic:map-ser-4	Subtopic split (size rule): es:ser (397) chunked alphabetically by English gloss — a full per-sense-cluster split for 25 different multi-sense words was judged not worth the effort relative to alphabetical chunking, which still keeps each browsing unit small.
9nn2ezspjo	[ser] distante	[to be] distant	reference	topic:map-ser-4	Subtopic split (size rule): es:ser (397) chunked alphabetically by English gloss — a full per-sense-cluster split for 25 different multi-sense words was judged not worth the effort relative to alphabetical chunking, which still keeps each browsing unit small.
37mwxw6ctd	[ser] dócil	[to be] docile	reference	topic:map-ser-4	Subtopic split (size rule): es:ser (397) chunked alphabetically by English gloss — a full per-sense-cluster split for 25 different multi-sense words was judged not worth the effort relative to alphabetical chunking, which still keeps each browsing unit small.
2gys1beboz	[ser] dominante	[to be] dominant	reference	topic:map-ser-4	Subtopic split (size rule): es:ser (397) chunked alphabetically by English gloss — a full per-sense-cluster split for 25 different multi-sense words was judged not worth the effort relative to alphabetical chunking, which still keeps each browsing unit small.
ldjf9twfn1	[ser] bebible	[to be] drinkable	reference	topic:map-ser-4	Subtopic split (size rule): es:ser (397) chunked alphabetically by English gloss — a full per-sense-cluster split for 25 different multi-sense words was judged not worth the effort relative to alphabetical chunking, which still keeps each browsing unit small.
zogyll26ke	[ser] fácil	[to be] easy	supporting	topic:map-ser-4	Subtopic split (size rule): es:ser (397) chunked alphabetically by English gloss — a full per-sense-cluster split for 25 different multi-sense words was judged not worth the effort relative to alphabetical chunking, which still keeps each browsing unit small.
825356svvc	[ser] económico	[to be] economic	reference	topic:map-ser-4	Subtopic split (size rule): es:ser (397) chunked alphabetically by English gloss — a full per-sense-cluster split for 25 different multi-sense words was judged not worth the effort relative to alphabetical chunking, which still keeps each browsing unit small.
zasp2r8vif	[ser] comestible	[to be] edible	reference	topic:map-ser-4	Subtopic split (size rule): es:ser (397) chunked alphabetically by English gloss — a full per-sense-cluster split for 25 different multi-sense words was judged not worth the effort relative to alphabetical chunking, which still keeps each browsing unit small.
ae8tffr7z6	[ser] efectivo	[to be] effective	reference	topic:map-ser-4	Subtopic split (size rule): es:ser (397) chunked alphabetically by English gloss — a full per-sense-cluster split for 25 different multi-sense words was judged not worth the effort relative to alphabetical chunking, which still keeps each browsing unit small.
l71xfacivn	[ser] viejo	[to be] elderly	reference	topic:map-ser-4	Subtopic split (size rule): es:ser (397) chunked alphabetically by English gloss — a full per-sense-cluster split for 25 different multi-sense words was judged not worth the effort relative to alphabetical chunking, which still keeps each browsing unit small.
554b3zw97r	[ser] electrónico	[to be] electronic	reference	topic:map-ser-4	Subtopic split (size rule): es:ser (397) chunked alphabetically by English gloss — a full per-sense-cluster split for 25 different multi-sense words was judged not worth the effort relative to alphabetical chunking, which still keeps each browsing unit small.
m7msmm6idr	[ser] elegante	[to be] elegant	reference	topic:map-ser-4	Subtopic split (size rule): es:ser (397) chunked alphabetically by English gloss — a full per-sense-cluster split for 25 different multi-sense words was judged not worth the effort relative to alphabetical chunking, which still keeps each browsing unit small.
g3u25v902o	[ser] evidente	[to be] evident	reference	topic:map-ser-4	Subtopic split (size rule): es:ser (397) chunked alphabetically by English gloss — a full per-sense-cluster split for 25 different multi-sense words was judged not worth the effort relative to alphabetical chunking, which still keeps each browsing unit small.
yhd56i910e	[ser] exacto	[to be] exact	reference	topic:map-ser-4	Subtopic split (size rule): es:ser (397) chunked alphabetically by English gloss — a full per-sense-cluster split for 25 different multi-sense words was judged not worth the effort relative to alphabetical chunking, which still keeps each browsing unit small.
5hvo5dc978	[ser] excelente	[to be] excellent	reference	topic:map-ser-4	Subtopic split (size rule): es:ser (397) chunked alphabetically by English gloss — a full per-sense-cluster split for 25 different multi-sense words was judged not worth the effort relative to alphabetical chunking, which still keeps each browsing unit small.
9gv9fylzrg	[ser] exclusivo	[to be] exclusive	reference	topic:map-ser-4	Subtopic split (size rule): es:ser (397) chunked alphabetically by English gloss — a full per-sense-cluster split for 25 different multi-sense words was judged not worth the effort relative to alphabetical chunking, which still keeps each browsing unit small.
nnudjc6b5v	[ser] exótico	[to be] exotic	reference	topic:map-ser-4	Subtopic split (size rule): es:ser (397) chunked alphabetically by English gloss — a full per-sense-cluster split for 25 different multi-sense words was judged not worth the effort relative to alphabetical chunking, which still keeps each browsing unit small.
5lspctsw4y	[ser] esperado	[to be] expected	reference	topic:map-ser-5	Subtopic split (size rule): es:ser (397) chunked alphabetically by English gloss — a full per-sense-cluster split for 25 different multi-sense words was judged not worth the effort relative to alphabetical chunking, which still keeps each browsing unit small.
il1qcnb04w	[ser] caro	[to be] expensive	supporting	topic:map-ser-5	Subtopic split (size rule): es:ser (397) chunked alphabetically by English gloss — a full per-sense-cluster split for 25 different multi-sense words was judged not worth the effort relative to alphabetical chunking, which still keeps each browsing unit small.
6ozlz4wrp3	[ser] externo	[to be] external	reference	topic:map-ser-5	Subtopic split (size rule): es:ser (397) chunked alphabetically by English gloss — a full per-sense-cluster split for 25 different multi-sense words was judged not worth the effort relative to alphabetical chunking, which still keeps each browsing unit small.
msy50nmgrd	[ser] famoso	[to be] famous	reference	topic:map-ser-5	Subtopic split (size rule): es:ser (397) chunked alphabetically by English gloss — a full per-sense-cluster split for 25 different multi-sense words was judged not worth the effort relative to alphabetical chunking, which still keeps each browsing unit small.
vjesp1jbub	[ser] rápido	[to be] fast	supporting	topic:map-ser-5	Subtopic split (size rule): es:ser (397) chunked alphabetically by English gloss — a full per-sense-cluster split for 25 different multi-sense words was judged not worth the effort relative to alphabetical chunking, which still keeps each browsing unit small.
roypbmol7h	[ser] favorable	[to be] favorable	reference	topic:map-ser-5	Subtopic split (size rule): es:ser (397) chunked alphabetically by English gloss — a full per-sense-cluster split for 25 different multi-sense words was judged not worth the effort relative to alphabetical chunking, which still keeps each browsing unit small.
ofyno3pj7o	[ser] fértil	[to be] fertile	reference	topic:map-ser-5	Subtopic split (size rule): es:ser (397) chunked alphabetically by English gloss — a full per-sense-cluster split for 25 different multi-sense words was judged not worth the effort relative to alphabetical chunking, which still keeps each browsing unit small.
fbqyznc4nd	[ser] flexible	[to be] flexible	reference	topic:map-ser-5	Subtopic split (size rule): es:ser (397) chunked alphabetically by English gloss — a full per-sense-cluster split for 25 different multi-sense words was judged not worth the effort relative to alphabetical chunking, which still keeps each browsing unit small.
22w9hcretm	[ser] el principal	[to be] foremost	reference	topic:map-ser-5	Subtopic split (size rule): es:ser (397) chunked alphabetically by English gloss — a full per-sense-cluster split for 25 different multi-sense words was judged not worth the effort relative to alphabetical chunking, which still keeps each browsing unit small.
om7i40mm1h	[ser] frágil	[to be] fragile	reference	topic:map-ser-5	Subtopic split (size rule): es:ser (397) chunked alphabetically by English gloss — a full per-sense-cluster split for 25 different multi-sense words was judged not worth the effort relative to alphabetical chunking, which still keeps each browsing unit small.
czjjg08c25	[ser] gratis	[to be] free	supporting	topic:map-ser-5	Subtopic split (size rule): es:ser (397) chunked alphabetically by English gloss — a full per-sense-cluster split for 25 different multi-sense words was judged not worth the effort relative to alphabetical chunking, which still keeps each browsing unit small.
p71stevmcf	[ser] gratuito	[to be] free of charge	reference	topic:map-ser-5	Subtopic split (size rule): es:ser (397) chunked alphabetically by English gloss — a full per-sense-cluster split for 25 different multi-sense words was judged not worth the effort relative to alphabetical chunking, which still keeps each browsing unit small.
f601zyn02o	[ser] divertido	[to be] fun	supporting	topic:map-ser-5	Subtopic split (size rule): es:ser (397) chunked alphabetically by English gloss — a full per-sense-cluster split for 25 different multi-sense words was judged not worth the effort relative to alphabetical chunking, which still keeps each browsing unit small.
cpp3wx8ltt	[ser] chistoso	[to be] funny	reference	topic:map-ser-5	Subtopic split (size rule): es:ser (397) chunked alphabetically by English gloss — a full per-sense-cluster split for 25 different multi-sense words was judged not worth the effort relative to alphabetical chunking, which still keeps each browsing unit small.
rzck0llasl	[ser] generoso	[to be] generous	reference	topic:map-ser-5	Subtopic split (size rule): es:ser (397) chunked alphabetically by English gloss — a full per-sense-cluster split for 25 different multi-sense words was judged not worth the effort relative to alphabetical chunking, which still keeps each browsing unit small.
3tecsp0owz	¡Fuera!	Get out!	reference	topic:map-ser-5	Subtopic split (size rule): es:ser (397) chunked alphabetically by English gloss — a full per-sense-cluster split for 25 different multi-sense words was judged not worth the effort relative to alphabetical chunking, which still keeps each browsing unit small.
wq5dv3uyh9	[ser] global	[to be] global	reference	topic:map-ser-5	Subtopic split (size rule): es:ser (397) chunked alphabetically by English gloss — a full per-sense-cluster split for 25 different multi-sense words was judged not worth the effort relative to alphabetical chunking, which still keeps each browsing unit small.
v0i70fm519	[ser] gris	[to be] gray	supporting	topic:map-ser-5	Subtopic split (size rule): es:ser (397) chunked alphabetically by English gloss — a full per-sense-cluster split for 25 different multi-sense words was judged not worth the effort relative to alphabetical chunking, which still keeps each browsing unit small.
ij9kh31g9s	[ser] verde	[to be] green	supporting	topic:map-ser-6	Subtopic split (size rule): es:ser (397) chunked alphabetically by English gloss — a full per-sense-cluster split for 25 different multi-sense words was judged not worth the effort relative to alphabetical chunking, which still keeps each browsing unit small.
9zwpouaz61	ser mejor [hacer algo]	had better [do something]	reference	topic:map-ser-6	Subtopic split (size rule): es:ser (397) chunked alphabetically by English gloss — a full per-sense-cluster split for 25 different multi-sense words was judged not worth the effort relative to alphabetical chunking, which still keeps each browsing unit small.
hwb7sf71t7	[ser] duro	[to be] hard	reference	topic:map-ser-6	Subtopic split (size rule): es:ser (397) chunked alphabetically by English gloss — a full per-sense-cluster split for 25 different multi-sense words was judged not worth the effort relative to alphabetical chunking, which still keeps each browsing unit small.
noaqpx4pgb	[ser] difícil	[to be] hard	reference	topic:map-ser-6	Subtopic split (size rule): es:ser (397) chunked alphabetically by English gloss — a full per-sense-cluster split for 25 different multi-sense words was judged not worth the effort relative to alphabetical chunking, which still keeps each browsing unit small.
ue1j1fbu66	[ser] trabajador	[to be] hardworking	reference	topic:map-ser-6	Subtopic split (size rule): es:ser (397) chunked alphabetically by English gloss — a full per-sense-cluster split for 25 different multi-sense words was judged not worth the effort relative to alphabetical chunking, which still keeps each browsing unit small.
2ej97sbza7	[ser] duro	[to be] harsh	reference	topic:map-ser-6	Subtopic split (size rule): es:ser (397) chunked alphabetically by English gloss — a full per-sense-cluster split for 25 different multi-sense words was judged not worth the effort relative to alphabetical chunking, which still keeps each browsing unit small.
yome0dqotg	[ser] pesado	[to be] heavy	supporting	topic:map-ser-6	Subtopic split (size rule): es:ser (397) chunked alphabetically by English gloss — a full per-sense-cluster split for 25 different multi-sense words was judged not worth the effort relative to alphabetical chunking, which still keeps each browsing unit small.
xcso0u447l	[ser] histórico	[to be] historic	reference	topic:map-ser-6	Subtopic split (size rule): es:ser (397) chunked alphabetically by English gloss — a full per-sense-cluster split for 25 different multi-sense words was judged not worth the effort relative to alphabetical chunking, which still keeps each browsing unit small.
bh9ac38fba	[ser] horrible	[to be] horrible	reference	topic:map-ser-6	Subtopic split (size rule): es:ser (397) chunked alphabetically by English gloss — a full per-sense-cluster split for 25 different multi-sense words was judged not worth the effort relative to alphabetical chunking, which still keeps each browsing unit small.
f8ibc1tkv8	[ser] hostil	[to be] hostile	reference	topic:map-ser-6	Subtopic split (size rule): es:ser (397) chunked alphabetically by English gloss — a full per-sense-cluster split for 25 different multi-sense words was judged not worth the effort relative to alphabetical chunking, which still keeps each browsing unit small.
njm6razd2i	[ser] humano	[to be] human	reference	topic:map-ser-6	Subtopic split (size rule): es:ser (397) chunked alphabetically by English gloss — a full per-sense-cluster split for 25 different multi-sense words was judged not worth the effort relative to alphabetical chunking, which still keeps each browsing unit small.
n8ahr1jble	soy [adjetivo]	I am [adjective]	core	topic:map-ser-6	Subtopic split (size rule): es:ser (397) chunked alphabetically by English gloss — a full per-sense-cluster split for 25 different multi-sense words was judged not worth the effort relative to alphabetical chunking, which still keeps each browsing unit small.
b5c13zo3bg	soy [algo]	I am [something]	core	topic:map-ser-6	Subtopic split (size rule): es:ser (397) chunked alphabetically by English gloss — a full per-sense-cluster split for 25 different multi-sense words was judged not worth the effort relative to alphabetical chunking, which still keeps each browsing unit small.
iy31grrg95	soy de [un lugar]	I am from [a place]	core	topic:map-ser-6	Subtopic split (size rule): es:ser (397) chunked alphabetically by English gloss — a full per-sense-cluster split for 25 different multi-sense words was judged not worth the effort relative to alphabetical chunking, which still keeps each browsing unit small.
iharvjn1av	[ser] ignorante	[to be] ignorant	reference	topic:map-ser-6	Subtopic split (size rule): es:ser (397) chunked alphabetically by English gloss — a full per-sense-cluster split for 25 different multi-sense words was judged not worth the effort relative to alphabetical chunking, which still keeps each browsing unit small.
jg09lmjqgp	[ser] ilegal	[to be] illegal	reference	topic:map-ser-6	Subtopic split (size rule): es:ser (397) chunked alphabetically by English gloss — a full per-sense-cluster split for 25 different multi-sense words was judged not worth the effort relative to alphabetical chunking, which still keeps each browsing unit small.
wn1qursjo6	[ser] imaginario	[to be] imaginary	reference	topic:map-ser-6	Subtopic split (size rule): es:ser (397) chunked alphabetically by English gloss — a full per-sense-cluster split for 25 different multi-sense words was judged not worth the effort relative to alphabetical chunking, which still keeps each browsing unit small.
e5d7j5ung7	[ser] inmaduro	[to be] immature	reference	topic:map-ser-6	Subtopic split (size rule): es:ser (397) chunked alphabetically by English gloss — a full per-sense-cluster split for 25 different multi-sense words was judged not worth the effort relative to alphabetical chunking, which still keeps each browsing unit small.
ivgg9evica	[ser] importante	[to be] important	reference	topic:map-ser-7	Subtopic split (size rule): es:ser (397) chunked alphabetically by English gloss — a full per-sense-cluster split for 25 different multi-sense words was judged not worth the effort relative to alphabetical chunking, which still keeps each browsing unit small.
3ghllp87eh	[ser] imposible	[to be] impossible	reference	topic:map-ser-7	Subtopic split (size rule): es:ser (397) chunked alphabetically by English gloss — a full per-sense-cluster split for 25 different multi-sense words was judged not worth the effort relative to alphabetical chunking, which still keeps each browsing unit small.
n0r0eb7pw1	[ser] improbable	[to be] improbable	reference	topic:map-ser-7	Subtopic split (size rule): es:ser (397) chunked alphabetically by English gloss — a full per-sense-cluster split for 25 different multi-sense words was judged not worth the effort relative to alphabetical chunking, which still keeps each browsing unit small.
3nqecw7v9o	[ser] impuro	[to be] impure	reference	topic:map-ser-7	Subtopic split (size rule): es:ser (397) chunked alphabetically by English gloss — a full per-sense-cluster split for 25 different multi-sense words was judged not worth the effort relative to alphabetical chunking, which still keeps each browsing unit small.
6mwi5bt3ax	es decir	in other words	reference	topic:map-ser-7|topic:map-decir-1	Subtopic split (size rule): es:ser (397) chunked alphabetically by English gloss — a full per-sense-cluster split for 25 different multi-sense words was judged not worth the effort relative to alphabetical chunking, which still keeps each browsing unit small.
9sfglbvskv	[ser] incorrecto	[to be] incorrect	reference	topic:map-ser-7	Subtopic split (size rule): es:ser (397) chunked alphabetically by English gloss — a full per-sense-cluster split for 25 different multi-sense words was judged not worth the effort relative to alphabetical chunking, which still keeps each browsing unit small.
a6rp7lkscp	[ser] increíble	[to be] incredible	reference	topic:map-ser-7	Subtopic split (size rule): es:ser (397) chunked alphabetically by English gloss — a full per-sense-cluster split for 25 different multi-sense words was judged not worth the effort relative to alphabetical chunking, which still keeps each browsing unit small.
svclr45ucg	[ser] inevitable	[to be] inevitable	reference	topic:map-ser-7	Subtopic split (size rule): es:ser (397) chunked alphabetically by English gloss — a full per-sense-cluster split for 25 different multi-sense words was judged not worth the effort relative to alphabetical chunking, which still keeps each browsing unit small.
ap3fcdf0yn	[ser] barato	[to be] inexpensive	reference	topic:map-ser-7	Subtopic split (size rule): es:ser (397) chunked alphabetically by English gloss — a full per-sense-cluster split for 25 different multi-sense words was judged not worth the effort relative to alphabetical chunking, which still keeps each browsing unit small.
iqsip03gt7	[ser] económico	[to be] inexpensive	reference	topic:map-ser-7	Subtopic split (size rule): es:ser (397) chunked alphabetically by English gloss — a full per-sense-cluster split for 25 different multi-sense words was judged not worth the effort relative to alphabetical chunking, which still keeps each browsing unit small.
kumzijcead	[ser] inflexible	[to be] inflexible	reference	topic:map-ser-7	Subtopic split (size rule): es:ser (397) chunked alphabetically by English gloss — a full per-sense-cluster split for 25 different multi-sense words was judged not worth the effort relative to alphabetical chunking, which still keeps each browsing unit small.
j89bqvhlm0	[ser] poderoso (tener influencia)	[to be] influential	reference	topic:map-ser-7|topic:map-poder-3	Subtopic split (size rule): es:ser (397) chunked alphabetically by English gloss — a full per-sense-cluster split for 25 different multi-sense words was judged not worth the effort relative to alphabetical chunking, which still keeps each browsing unit small.
o75m406e73	[ser] interior	[to be] inner	reference	topic:map-ser-7	Subtopic split (size rule): es:ser (397) chunked alphabetically by English gloss — a full per-sense-cluster split for 25 different multi-sense words was judged not worth the effort relative to alphabetical chunking, which still keeps each browsing unit small.
pts3pt4ij8	[ser] inocente	[to be] innocent	reference	topic:map-ser-7	Subtopic split (size rule): es:ser (397) chunked alphabetically by English gloss — a full per-sense-cluster split for 25 different multi-sense words was judged not worth the effort relative to alphabetical chunking, which still keeps each browsing unit small.
zv195eq10v	[ser] insignificante	[to be] insignificant	reference	topic:map-ser-7	Subtopic split (size rule): es:ser (397) chunked alphabetically by English gloss — a full per-sense-cluster split for 25 different multi-sense words was judged not worth the effort relative to alphabetical chunking, which still keeps each browsing unit small.
jd3ghlvthp	[ser] inteligente	[to be] intelligent	reference	topic:map-ser-7	Subtopic split (size rule): es:ser (397) chunked alphabetically by English gloss — a full per-sense-cluster split for 25 different multi-sense words was judged not worth the effort relative to alphabetical chunking, which still keeps each browsing unit small.
5uh9uw98kl	[ser] interesante	[to be] interesting	supporting	topic:map-ser-7	Subtopic split (size rule): es:ser (397) chunked alphabetically by English gloss — a full per-sense-cluster split for 25 different multi-sense words was judged not worth the effort relative to alphabetical chunking, which still keeps each browsing unit small.
9uy90z13u9	[ser] interno	[to be] internal	reference	topic:map-ser-7	Subtopic split (size rule): es:ser (397) chunked alphabetically by English gloss — a full per-sense-cluster split for 25 different multi-sense words was judged not worth the effort relative to alphabetical chunking, which still keeps each browsing unit small.
axde5caopx	[ser] internacional	[to be] international	reference	topic:map-ser-8	Subtopic split (size rule): es:ser (397) chunked alphabetically by English gloss — a full per-sense-cluster split for 25 different multi-sense words was judged not worth the effort relative to alphabetical chunking, which still keeps each browsing unit small.
vqbg70cy5y	[ser] invaluable	[to be] invaluable	reference	topic:map-ser-8	Subtopic split (size rule): es:ser (397) chunked alphabetically by English gloss — a full per-sense-cluster split for 25 different multi-sense words was judged not worth the effort relative to alphabetical chunking, which still keeps each browsing unit small.
6w10sj4xqg	[ser] invisible	[to be] invisible	reference	topic:map-ser-8|topic:map-ver-1	Subtopic split (size rule): es:ser (397) chunked alphabetically by English gloss — a full per-sense-cluster split for 25 different multi-sense words was judged not worth the effort relative to alphabetical chunking, which still keeps each browsing unit small.
9c2am535n8	es [adjetivo]	is [adjective]	core	topic:map-ser-8	Subtopic split (size rule): es:ser (397) chunked alphabetically by English gloss — a full per-sense-cluster split for 25 different multi-sense words was judged not worth the effort relative to alphabetical chunking, which still keeps each browsing unit small.
7kvliuznhm	[hacer algo] es [adjetivo]	[doing something] is [adjective]	supporting	topic:map-ser-8	Subtopic split (size rule): es:ser (397) chunked alphabetically by English gloss — a full per-sense-cluster split for 25 different multi-sense words was judged not worth the effort relative to alphabetical chunking, which still keeps each browsing unit small.
rf1kaz8lmr	es [algo]	is [something]	core	topic:map-ser-8	Subtopic split (size rule): es:ser (397) chunked alphabetically by English gloss — a full per-sense-cluster split for 25 different multi-sense words was judged not worth the effort relative to alphabetical chunking, which still keeps each browsing unit small.
25qdaau47d	es de [un lugar]	is from [a place]	core	topic:map-ser-8	Subtopic split (size rule): es:ser (397) chunked alphabetically by English gloss — a full per-sense-cluster split for 25 different multi-sense words was judged not worth the effort relative to alphabetical chunking, which still keeps each browsing unit small.
9814unz0vu	¿Es ella doctora?	Is she a doctor?	supporting	topic:map-ser-8	Subtopic split (size rule): es:ser (397) chunked alphabetically by English gloss — a full per-sense-cluster split for 25 different multi-sense words was judged not worth the effort relative to alphabetical chunking, which still keeps each browsing unit small.
i53efix8bb	¿No es verdad?	Isn't it true?	supporting	topic:map-ser-8	Subtopic split (size rule): es:ser (397) chunked alphabetically by English gloss — a full per-sense-cluster split for 25 different multi-sense words was judged not worth the effort relative to alphabetical chunking, which still keeps each browsing unit small.
cbhs0k69zd	ser [adjetivo] [hacer algo]	it is [adjective] [to do something]	core	topic:map-ser-8	Subtopic split (size rule): es:ser (397) chunked alphabetically by English gloss — a full per-sense-cluster split for 25 different multi-sense words was judged not worth the effort relative to alphabetical chunking, which still keeps each browsing unit small.
shzp9wzrxq	son las [hora y minutos]	it's [hour and minutes]	reference	topic:map-ser-8	Subtopic split (size rule): es:ser (397) chunked alphabetically by English gloss — a full per-sense-cluster split for 25 different multi-sense words was judged not worth the effort relative to alphabetical chunking, which still keeps each browsing unit small.
05558aoht5	son las [hora]	it's [time]	supporting	topic:map-ser-8	Subtopic split (size rule): es:ser (397) chunked alphabetically by English gloss — a full per-sense-cluster split for 25 different multi-sense words was judged not worth the effort relative to alphabetical chunking, which still keeps each browsing unit small.
2d97zs6np0	es que [explicación]	it's just that [explanation]	reference	topic:map-ser-8	Subtopic split (size rule): es:ser (397) chunked alphabetically by English gloss — a full per-sense-cluster split for 25 different multi-sense words was judged not worth the effort relative to alphabetical chunking, which still keeps each browsing unit small.
7irrsf9sy8	es la una	it's one o'clock	supporting	topic:map-ser-8	Subtopic split (size rule): es:ser (397) chunked alphabetically by English gloss — a full per-sense-cluster split for 25 different multi-sense words was judged not worth the effort relative to alphabetical chunking, which still keeps each browsing unit small.
pzwlgwqlj8	[ser] italiano	[to be] Italian	reference	topic:map-ser-8	Subtopic split (size rule): es:ser (397) chunked alphabetically by English gloss — a full per-sense-cluster split for 25 different multi-sense words was judged not worth the effort relative to alphabetical chunking, which still keeps each browsing unit small.
cfov50zfzj	[ser] grande	[to be] large	reference	topic:map-ser-8	Subtopic split (size rule): es:ser (397) chunked alphabetically by English gloss — a full per-sense-cluster split for 25 different multi-sense words was judged not worth the effort relative to alphabetical chunking, which still keeps each browsing unit small.
7ew1qah5mw	[ser] largo	[to be] lengthy	reference	topic:map-ser-8	Subtopic split (size rule): es:ser (397) chunked alphabetically by English gloss — a full per-sense-cluster split for 25 different multi-sense words was judged not worth the effort relative to alphabetical chunking, which still keeps each browsing unit small.
ifvh58e7u9	[ser] claro	[to be] light	reference	topic:map-ser-8	Subtopic split (size rule): es:ser (397) chunked alphabetically by English gloss — a full per-sense-cluster split for 25 different multi-sense words was judged not worth the effort relative to alphabetical chunking, which still keeps each browsing unit small.
yft1hv038t	[ser] probable que [algo]	[to be] likely that [something]	reference	topic:map-ser-9	Subtopic split (size rule): es:ser (397) chunked alphabetically by English gloss — a full per-sense-cluster split for 25 different multi-sense words was judged not worth the effort relative to alphabetical chunking, which still keeps each browsing unit small.
5r6yy0jg6s	[ser] pequeño	[to be] little	reference	topic:map-ser-9	Subtopic split (size rule): es:ser (397) chunked alphabetically by English gloss — a full per-sense-cluster split for 25 different multi-sense words was judged not worth the effort relative to alphabetical chunking, which still keeps each browsing unit small.
gs18hac0wc	[ser] local	[to be] local	reference	topic:map-ser-9	Subtopic split (size rule): es:ser (397) chunked alphabetically by English gloss — a full per-sense-cluster split for 25 different multi-sense words was judged not worth the effort relative to alphabetical chunking, which still keeps each browsing unit small.
egfhp0pogp	[ser] lógico	[to be] logical	reference	topic:map-ser-9	Subtopic split (size rule): es:ser (397) chunked alphabetically by English gloss — a full per-sense-cluster split for 25 different multi-sense words was judged not worth the effort relative to alphabetical chunking, which still keeps each browsing unit small.
v1a7c89j32	[ser] largo	[to be] long	supporting	topic:map-ser-9	Subtopic split (size rule): es:ser (397) chunked alphabetically by English gloss — a full per-sense-cluster split for 25 different multi-sense words was judged not worth the effort relative to alphabetical chunking, which still keeps each browsing unit small.
jo5vgnadhf	[ser] importante	[to be] major	reference	topic:map-ser-9	Subtopic split (size rule): es:ser (397) chunked alphabetically by English gloss — a full per-sense-cluster split for 25 different multi-sense words was judged not worth the effort relative to alphabetical chunking, which still keeps each browsing unit small.
r2e4av62rk	[ser] maduro	[to be] mature	reference	topic:map-ser-9	Subtopic split (size rule): es:ser (397) chunked alphabetically by English gloss — a full per-sense-cluster split for 25 different multi-sense words was judged not worth the effort relative to alphabetical chunking, which still keeps each browsing unit small.
uwy1l647pg	es posible que [alguien] [haga algo]	[somebody] may [do something]	reference	topic:map-ser-9	Subtopic split (size rule): es:ser (397) chunked alphabetically by English gloss — a full per-sense-cluster split for 25 different multi-sense words was judged not worth the effort relative to alphabetical chunking, which still keeps each browsing unit small.
2afxzimfwm	[ser] memorable	[to be] memorable	reference	topic:map-ser-9	Subtopic split (size rule): es:ser (397) chunked alphabetically by English gloss — a full per-sense-cluster split for 25 different multi-sense words was judged not worth the effort relative to alphabetical chunking, which still keeps each browsing unit small.
k4qa6qb9oa	[ser] poderoso (gran fuerza)	[to be] mighty	reference	topic:map-ser-9|topic:map-poder-3	Subtopic split (size rule): es:ser (397) chunked alphabetically by English gloss — a full per-sense-cluster split for 25 different multi-sense words was judged not worth the effort relative to alphabetical chunking, which still keeps each browsing unit small.
4j667r55mx	[ser] militar	[to be] military	reference	topic:map-ser-9	Subtopic split (size rule): es:ser (397) chunked alphabetically by English gloss — a full per-sense-cluster split for 25 different multi-sense words was judged not worth the effort relative to alphabetical chunking, which still keeps each browsing unit small.
r3asilg271	[ser] móvil	[to be] mobile	reference	topic:map-ser-9	Subtopic split (size rule): es:ser (397) chunked alphabetically by English gloss — a full per-sense-cluster split for 25 different multi-sense words was judged not worth the effort relative to alphabetical chunking, which still keeps each browsing unit small.
ujefp33bzw	[ser] mórbido	[to be] morbid	reference	topic:map-ser-9	Subtopic split (size rule): es:ser (397) chunked alphabetically by English gloss — a full per-sense-cluster split for 25 different multi-sense words was judged not worth the effort relative to alphabetical chunking, which still keeps each browsing unit small.
b9c6haxeit	[ser] misterioso	[to be] mysterious	reference	topic:map-ser-9	Subtopic split (size rule): es:ser (397) chunked alphabetically by English gloss — a full per-sense-cluster split for 25 different multi-sense words was judged not worth the effort relative to alphabetical chunking, which still keeps each browsing unit small.
j689z4o98x	[ser] nacional	[to be] national	reference	topic:map-ser-9	Subtopic split (size rule): es:ser (397) chunked alphabetically by English gloss — a full per-sense-cluster split for 25 different multi-sense words was judged not worth the effort relative to alphabetical chunking, which still keeps each browsing unit small.
47i1df0k0i	[ser] necesario	[to be] necessary	supporting	topic:map-ser-9	Subtopic split (size rule): es:ser (397) chunked alphabetically by English gloss — a full per-sense-cluster split for 25 different multi-sense words was judged not worth the effort relative to alphabetical chunking, which still keeps each browsing unit small.
k72ybidwuu	[ser] negativo	[to be] negative	reference	topic:map-ser-9	Subtopic split (size rule): es:ser (397) chunked alphabetically by English gloss — a full per-sense-cluster split for 25 different multi-sense words was judged not worth the effort relative to alphabetical chunking, which still keeps each browsing unit small.
ikbozl8fdl	[ser] nuevo en [un lugar]	[to be] new to [a place]	reference	topic:map-ser-9	Subtopic split (size rule): es:ser (397) chunked alphabetically by English gloss — a full per-sense-cluster split for 25 different multi-sense words was judged not worth the effort relative to alphabetical chunking, which still keeps each browsing unit small.
kkjx3vhw8g	[ser] normal	[to be] normal	reference	topic:map-ser-10	Subtopic split (size rule): es:ser (397) chunked alphabetically by English gloss — a full per-sense-cluster split for 25 different multi-sense words was judged not worth the effort relative to alphabetical chunking, which still keeps each browsing unit small.
jyk96g78cb	no ser para tanto	not to be a big deal	reference	topic:map-ser-10	Subtopic split (size rule): es:ser (397) chunked alphabetically by English gloss — a full per-sense-cluster split for 25 different multi-sense words was judged not worth the effort relative to alphabetical chunking, which still keeps each browsing unit small.
zg49xgovha	[ser] numeroso	[to be] numerous	reference	topic:map-ser-10	Subtopic split (size rule): es:ser (397) chunked alphabetically by English gloss — a full per-sense-cluster split for 25 different multi-sense words was judged not worth the effort relative to alphabetical chunking, which still keeps each browsing unit small.
ngnaxgltch	[ser] obligatorio	[to be] obligatory	reference	topic:map-ser-10	Subtopic split (size rule): es:ser (397) chunked alphabetically by English gloss — a full per-sense-cluster split for 25 different multi-sense words was judged not worth the effort relative to alphabetical chunking, which still keeps each browsing unit small.
uzeqfh2cbl	[ser] viejo	[to be] old	reference	topic:map-ser-10	Subtopic split (size rule): es:ser (397) chunked alphabetically by English gloss — a full per-sense-cluster split for 25 different multi-sense words was judged not worth the effort relative to alphabetical chunking, which still keeps each browsing unit small.
c78n36azdg	[ser] viejo	[to be] old-fashioned	reference	topic:map-ser-10	Subtopic split (size rule): es:ser (397) chunked alphabetically by English gloss — a full per-sense-cluster split for 25 different multi-sense words was judged not worth the effort relative to alphabetical chunking, which still keeps each browsing unit small.
1vp9cxf3e2	[ser] todopoderoso (formal)	[to be] omnipotent	reference	topic:map-ser-10|topic:map-poder-3	Subtopic split (size rule): es:ser (397) chunked alphabetically by English gloss — a full per-sense-cluster split for 25 different multi-sense words was judged not worth the effort relative to alphabetical chunking, which still keeps each browsing unit small.
z99o7eirt0	[ser] naranja	[to be] orange	supporting	topic:map-ser-10	Subtopic split (size rule): es:ser (397) chunked alphabetically by English gloss — a full per-sense-cluster split for 25 different multi-sense words was judged not worth the effort relative to alphabetical chunking, which still keeps each browsing unit small.
2b1o95ucrf	[ser] ordinario	[to be] ordinary	reference	topic:map-ser-10	Subtopic split (size rule): es:ser (397) chunked alphabetically by English gloss — a full per-sense-cluster split for 25 different multi-sense words was judged not worth the effort relative to alphabetical chunking, which still keeps each browsing unit small.
dd1vvakb0b	[ser] orgánico	[to be] organic	reference	topic:map-ser-10	Subtopic split (size rule): es:ser (397) chunked alphabetically by English gloss — a full per-sense-cluster split for 25 different multi-sense words was judged not worth the effort relative to alphabetical chunking, which still keeps each browsing unit small.
7wsae6ohqh	[ser] original	[to be] original	reference	topic:map-ser-10	Subtopic split (size rule): es:ser (397) chunked alphabetically by English gloss — a full per-sense-cluster split for 25 different multi-sense words was judged not worth the effort relative to alphabetical chunking, which still keeps each browsing unit small.
yd9u4l5hk8	fuera del alcance de [alguien]	out of [somebody's] reach	reference	topic:map-ser-10	Subtopic split (size rule): es:ser (397) chunked alphabetically by English gloss — a full per-sense-cluster split for 25 different multi-sense words was judged not worth the effort relative to alphabetical chunking, which still keeps each browsing unit small.
whdxi9dk01	[ser] exterior	[to be] outer	reference	topic:map-ser-10	Subtopic split (size rule): es:ser (397) chunked alphabetically by English gloss — a full per-sense-cluster split for 25 different multi-sense words was judged not worth the effort relative to alphabetical chunking, which still keeps each browsing unit small.
2mmszukp13	[ser] particular	[to be] particular	reference	topic:map-ser-10	Subtopic split (size rule): es:ser (397) chunked alphabetically by English gloss — a full per-sense-cluster split for 25 different multi-sense words was judged not worth the effort relative to alphabetical chunking, which still keeps each browsing unit small.
urvm83k2kp	[ser] pasivo	[to be] passive	reference	topic:map-ser-10	Subtopic split (size rule): es:ser (397) chunked alphabetically by English gloss — a full per-sense-cluster split for 25 different multi-sense words was judged not worth the effort relative to alphabetical chunking, which still keeps each browsing unit small.
x3v3e10qch	[ser] perfecto	[to be] perfect	reference	topic:map-ser-10	Subtopic split (size rule): es:ser (397) chunked alphabetically by English gloss — a full per-sense-cluster split for 25 different multi-sense words was judged not worth the effort relative to alphabetical chunking, which still keeps each browsing unit small.
58lmgjinrg	[ser] permanente	[to be] permanent	reference	topic:map-ser-10	Subtopic split (size rule): es:ser (397) chunked alphabetically by English gloss — a full per-sense-cluster split for 25 different multi-sense words was judged not worth the effort relative to alphabetical chunking, which still keeps each browsing unit small.
n67zgsqzmg	[ser] personal	[to be] personal	reference	topic:map-ser-10	Subtopic split (size rule): es:ser (397) chunked alphabetically by English gloss — a full per-sense-cluster split for 25 different multi-sense words was judged not worth the effort relative to alphabetical chunking, which still keeps each browsing unit small.
pqrq0blgqm	[ser] filosófico	[to be] philosophical	reference	topic:map-ser-11	Subtopic split (size rule): es:ser (397) chunked alphabetically by English gloss — a full per-sense-cluster split for 25 different multi-sense words was judged not worth the effort relative to alphabetical chunking, which still keeps each browsing unit small.
czbta5pgta	[ser] físico	[to be] physical	reference	topic:map-ser-11	Subtopic split (size rule): es:ser (397) chunked alphabetically by English gloss — a full per-sense-cluster split for 25 different multi-sense words was judged not worth the effort relative to alphabetical chunking, which still keeps each browsing unit small.
aacmq4xqac	[ser] rosado	[to be] pink	supporting	topic:map-ser-11	Subtopic split (size rule): es:ser (397) chunked alphabetically by English gloss — a full per-sense-cluster split for 25 different multi-sense words was judged not worth the effort relative to alphabetical chunking, which still keeps each browsing unit small.
5ozjq6uxr0	[ser] político	[to be] political	reference	topic:map-ser-11	Subtopic split (size rule): es:ser (397) chunked alphabetically by English gloss — a full per-sense-cluster split for 25 different multi-sense words was judged not worth the effort relative to alphabetical chunking, which still keeps each browsing unit small.
irqaxf155b	[ser] popular	[to be] popular	reference	topic:map-ser-11	Subtopic split (size rule): es:ser (397) chunked alphabetically by English gloss — a full per-sense-cluster split for 25 different multi-sense words was judged not worth the effort relative to alphabetical chunking, which still keeps each browsing unit small.
5u6aa3gj9v	[ser] positivo	[to be] positive	reference	topic:map-ser-11	Subtopic split (size rule): es:ser (397) chunked alphabetically by English gloss — a full per-sense-cluster split for 25 different multi-sense words was judged not worth the effort relative to alphabetical chunking, which still keeps each browsing unit small.
muzi1uasqh	[ser] posible	[to be] possible	reference	topic:map-ser-11	Subtopic split (size rule): es:ser (397) chunked alphabetically by English gloss — a full per-sense-cluster split for 25 different multi-sense words was judged not worth the effort relative to alphabetical chunking, which still keeps each browsing unit small.
zxr6a7pbp5	[ser] poderoso	[to be] powerful	reference	topic:map-ser-11|topic:map-poder-4	Subtopic split (size rule): es:ser (397) chunked alphabetically by English gloss — a full per-sense-cluster split for 25 different multi-sense words was judged not worth the effort relative to alphabetical chunking, which still keeps each browsing unit small.
ccv1nte27w	[ser] práctico	[to be] practical	reference	topic:map-ser-11	Subtopic split (size rule): es:ser (397) chunked alphabetically by English gloss — a full per-sense-cluster split for 25 different multi-sense words was judged not worth the effort relative to alphabetical chunking, which still keeps each browsing unit small.
tqwjc1v3va	[ser] precioso	[to be] precious	reference	topic:map-ser-11	Subtopic split (size rule): es:ser (397) chunked alphabetically by English gloss — a full per-sense-cluster split for 25 different multi-sense words was judged not worth the effort relative to alphabetical chunking, which still keeps each browsing unit small.
sbwkyg3r6z	[ser] preparatorio	[to be] preparatory	reference	topic:map-ser-11	Subtopic split (size rule): es:ser (397) chunked alphabetically by English gloss — a full per-sense-cluster split for 25 different multi-sense words was judged not worth the effort relative to alphabetical chunking, which still keeps each browsing unit small.
bbisoqgg8n	[ser] primario	[to be] primary	reference	topic:map-ser-11	Subtopic split (size rule): es:ser (397) chunked alphabetically by English gloss — a full per-sense-cluster split for 25 different multi-sense words was judged not worth the effort relative to alphabetical chunking, which still keeps each browsing unit small.
507mhrp8ij	[ser] probable	[to be] probable	reference	topic:map-ser-11	Subtopic split (size rule): es:ser (397) chunked alphabetically by English gloss — a full per-sense-cluster split for 25 different multi-sense words was judged not worth the effort relative to alphabetical chunking, which still keeps each browsing unit small.
cyv6rdzmdl	[ser] profesional	[to be] professional	reference	topic:map-ser-11	Subtopic split (size rule): es:ser (397) chunked alphabetically by English gloss — a full per-sense-cluster split for 25 different multi-sense words was judged not worth the effort relative to alphabetical chunking, which still keeps each browsing unit small.
jqzuvvlrry	[ser] marcado	[to be] pronounced	reference	topic:map-ser-11	Subtopic split (size rule): es:ser (397) chunked alphabetically by English gloss — a full per-sense-cluster split for 25 different multi-sense words was judged not worth the effort relative to alphabetical chunking, which still keeps each browsing unit small.
2efxip9shx	[ser] puro	[to be] pure	reference	topic:map-ser-11	Subtopic split (size rule): es:ser (397) chunked alphabetically by English gloss — a full per-sense-cluster split for 25 different multi-sense words was judged not worth the effort relative to alphabetical chunking, which still keeps each browsing unit small.
dw8fkd9ui7	[ser] morado	[to be] purple	supporting	topic:map-ser-11	Subtopic split (size rule): es:ser (397) chunked alphabetically by English gloss — a full per-sense-cluster split for 25 different multi-sense words was judged not worth the effort relative to alphabetical chunking, which still keeps each browsing unit small.
sjbeb14kqn	[ser] rápido	[to be] quick	reference	topic:map-ser-11	Subtopic split (size rule): es:ser (397) chunked alphabetically by English gloss — a full per-sense-cluster split for 25 different multi-sense words was judged not worth the effort relative to alphabetical chunking, which still keeps each browsing unit small.
tqam8pmq34	[ser] rápido	[to be] rapid	reference	topic:map-ser-12	Subtopic split (size rule): es:ser (397) chunked alphabetically by English gloss — a full per-sense-cluster split for 25 different multi-sense words was judged not worth the effort relative to alphabetical chunking, which still keeps each browsing unit small.
lsy4p641mo	[ser] alcanzable	[to be] reachable	reference	topic:map-ser-12	Subtopic split (size rule): es:ser (397) chunked alphabetically by English gloss — a full per-sense-cluster split for 25 different multi-sense words was judged not worth the effort relative to alphabetical chunking, which still keeps each browsing unit small.
rxikqikf7p	[ser] razonable	[to be] reasonable	reference	topic:map-ser-12	Subtopic split (size rule): es:ser (397) chunked alphabetically by English gloss — a full per-sense-cluster split for 25 different multi-sense words was judged not worth the effort relative to alphabetical chunking, which still keeps each browsing unit small.
c48b9qs6fd	[ser] imprudente	[to be] reckless	reference	topic:map-ser-12	Subtopic split (size rule): es:ser (397) chunked alphabetically by English gloss — a full per-sense-cluster split for 25 different multi-sense words was judged not worth the effort relative to alphabetical chunking, which still keeps each browsing unit small.
41sk71d7jq	[ser] rojo	[to be] red	supporting	topic:map-ser-12	Subtopic split (size rule): es:ser (397) chunked alphabetically by English gloss — a full per-sense-cluster split for 25 different multi-sense words was judged not worth the effort relative to alphabetical chunking, which still keeps each browsing unit small.
w4r0u8dyfd	[ser] regular	[to be] regular	reference	topic:map-ser-12	Subtopic split (size rule): es:ser (397) chunked alphabetically by English gloss — a full per-sense-cluster split for 25 different multi-sense words was judged not worth the effort relative to alphabetical chunking, which still keeps each browsing unit small.
6qecsmji7w	[ser] relativo	[to be] relative	reference	topic:map-ser-12	Subtopic split (size rule): es:ser (397) chunked alphabetically by English gloss — a full per-sense-cluster split for 25 different multi-sense words was judged not worth the effort relative to alphabetical chunking, which still keeps each browsing unit small.
lll54skgy9	[ser] relevante	[to be] relevant	reference	topic:map-ser-12	Subtopic split (size rule): es:ser (397) chunked alphabetically by English gloss — a full per-sense-cluster split for 25 different multi-sense words was judged not worth the effort relative to alphabetical chunking, which still keeps each browsing unit small.
6c6nf7bge8	[ser] religioso	[to be] religious	reference	topic:map-ser-12	Subtopic split (size rule): es:ser (397) chunked alphabetically by English gloss — a full per-sense-cluster split for 25 different multi-sense words was judged not worth the effort relative to alphabetical chunking, which still keeps each browsing unit small.
j01jlzf7hp	[ser] republicano	[to be] republican	reference	topic:map-ser-12	Subtopic split (size rule): es:ser (397) chunked alphabetically by English gloss — a full per-sense-cluster split for 25 different multi-sense words was judged not worth the effort relative to alphabetical chunking, which still keeps each browsing unit small.
nh051geds0	[ser] responsable	[to be] responsible	reference	topic:map-ser-12	Subtopic split (size rule): es:ser (397) chunked alphabetically by English gloss — a full per-sense-cluster split for 25 different multi-sense words was judged not worth the effort relative to alphabetical chunking, which still keeps each browsing unit small.
rscmsn8wgt	[ser] correcto	[to be] right	reference	topic:map-ser-12	Subtopic split (size rule): es:ser (397) chunked alphabetically by English gloss — a full per-sense-cluster split for 25 different multi-sense words was judged not worth the effort relative to alphabetical chunking, which still keeps each browsing unit small.
x6fnix25ej	[ser] satisfactorio	[to be] satisfactory	reference	topic:map-ser-12	Subtopic split (size rule): es:ser (397) chunked alphabetically by English gloss — a full per-sense-cluster split for 25 different multi-sense words was judged not worth the effort relative to alphabetical chunking, which still keeps each browsing unit small.
wrfnwhtk1u	[ser] científico	[to be] scientific	reference	topic:map-ser-12	Subtopic split (size rule): es:ser (397) chunked alphabetically by English gloss — a full per-sense-cluster split for 25 different multi-sense words was judged not worth the effort relative to alphabetical chunking, which still keeps each browsing unit small.
o74dwi1uyi	[ser] secundario	[to be] secondary	reference	topic:map-ser-12	Subtopic split (size rule): es:ser (397) chunked alphabetically by English gloss — a full per-sense-cluster split for 25 different multi-sense words was judged not worth the effort relative to alphabetical chunking, which still keeps each browsing unit small.
u8levmjjk9	[ser] sensato	[to be] sensible	reference	topic:map-ser-12	Subtopic split (size rule): es:ser (397) chunked alphabetically by English gloss — a full per-sense-cluster split for 25 different multi-sense words was judged not worth the effort relative to alphabetical chunking, which still keeps each browsing unit small.
or5vrih2lk	[ser] sensible	[to be] sensitive	reference	topic:map-ser-12	Subtopic split (size rule): es:ser (397) chunked alphabetically by English gloss — a full per-sense-cluster split for 25 different multi-sense words was judged not worth the effort relative to alphabetical chunking, which still keeps each browsing unit small.
64zpt713l1	[ser] sentimental	[to be] sentimental	reference	topic:map-ser-12|topic:map-sentir-1	Subtopic split (size rule): es:ser (397) chunked alphabetically by English gloss — a full per-sense-cluster split for 25 different multi-sense words was judged not worth the effort relative to alphabetical chunking, which still keeps each browsing unit small.
9hsbrn2qzb	Ella no es doctora.	She isn't a doctor.	supporting	topic:map-ser-13	Subtopic split (size rule): es:ser (397) chunked alphabetically by English gloss — a full per-sense-cluster split for 25 different multi-sense words was judged not worth the effort relative to alphabetical chunking, which still keeps each browsing unit small.
d36nx7wrvf	[ser] corto	[to be] short	supporting	topic:map-ser-13	Subtopic split (size rule): es:ser (397) chunked alphabetically by English gloss — a full per-sense-cluster split for 25 different multi-sense words was judged not worth the effort relative to alphabetical chunking, which still keeps each browsing unit small.
ka80affc74	[ser] significativo	[to be] significant	reference	topic:map-ser-13	Subtopic split (size rule): es:ser (397) chunked alphabetically by English gloss — a full per-sense-cluster split for 25 different multi-sense words was judged not worth the effort relative to alphabetical chunking, which still keeps each browsing unit small.
m0lef4525u	[ser] similar	[to be] similar	reference	topic:map-ser-13	Subtopic split (size rule): es:ser (397) chunked alphabetically by English gloss — a full per-sense-cluster split for 25 different multi-sense words was judged not worth the effort relative to alphabetical chunking, which still keeps each browsing unit small.
zdz3qzzhev	[ser] parecido	[to be] similar	reference	topic:map-ser-13	Subtopic split (size rule): es:ser (397) chunked alphabetically by English gloss — a full per-sense-cluster split for 25 different multi-sense words was judged not worth the effort relative to alphabetical chunking, which still keeps each browsing unit small.
nhqct1dhzu	[ser] parecido a [algo]	[to be] similar to [something]	reference	topic:map-ser-13	Subtopic split (size rule): es:ser (397) chunked alphabetically by English gloss — a full per-sense-cluster split for 25 different multi-sense words was judged not worth the effort relative to alphabetical chunking, which still keeps each browsing unit small.
xq3smx6et4	[ser] fácil	[to be] simple	reference	topic:map-ser-13	Subtopic split (size rule): es:ser (397) chunked alphabetically by English gloss — a full per-sense-cluster split for 25 different multi-sense words was judged not worth the effort relative to alphabetical chunking, which still keeps each browsing unit small.
tn4zxjyp3o	[ser] lento	[to be] slow	supporting	topic:map-ser-13	Subtopic split (size rule): es:ser (397) chunked alphabetically by English gloss — a full per-sense-cluster split for 25 different multi-sense words was judged not worth the effort relative to alphabetical chunking, which still keeps each browsing unit small.
eqr05lh2tu	[ser] pequeño	[to be] small	supporting	topic:map-ser-13	Subtopic split (size rule): es:ser (397) chunked alphabetically by English gloss — a full per-sense-cluster split for 25 different multi-sense words was judged not worth the effort relative to alphabetical chunking, which still keeps each browsing unit small.
mxhymxu0dx	[ser] listo	[to be] smart	supporting	topic:map-ser-13	Subtopic split (size rule): es:ser (397) chunked alphabetically by English gloss — a full per-sense-cluster split for 25 different multi-sense words was judged not worth the effort relative to alphabetical chunking, which still keeps each browsing unit small.
9cdw0xvul9	[ser] sólido	[to be] solid	reference	topic:map-ser-13	Subtopic split (size rule): es:ser (397) chunked alphabetically by English gloss — a full per-sense-cluster split for 25 different multi-sense words was judged not worth the effort relative to alphabetical chunking, which still keeps each browsing unit small.
rdb7zojd1h	[ser] especial	[to be] special	reference	topic:map-ser-13	Subtopic split (size rule): es:ser (397) chunked alphabetically by English gloss — a full per-sense-cluster split for 25 different multi-sense words was judged not worth the effort relative to alphabetical chunking, which still keeps each browsing unit small.
xxux8bre3d	[ser] específico	[to be] specific	reference	topic:map-ser-13	Subtopic split (size rule): es:ser (397) chunked alphabetically by English gloss — a full per-sense-cluster split for 25 different multi-sense words was judged not worth the effort relative to alphabetical chunking, which still keeps each browsing unit small.
j4qagowky8	[ser] espectacular	[to be] spectacular	reference	topic:map-ser-13	Subtopic split (size rule): es:ser (397) chunked alphabetically by English gloss — a full per-sense-cluster split for 25 different multi-sense words was judged not worth the effort relative to alphabetical chunking, which still keeps each browsing unit small.
5y2p6uljkt	[ser] espléndido	[to be] splendid	reference	topic:map-ser-13	Subtopic split (size rule): es:ser (397) chunked alphabetically by English gloss — a full per-sense-cluster split for 25 different multi-sense words was judged not worth the effort relative to alphabetical chunking, which still keeps each browsing unit small.
i6lgjlsx9i	[ser] estéril	[to be] sterile	reference	topic:map-ser-13	Subtopic split (size rule): es:ser (397) chunked alphabetically by English gloss — a full per-sense-cluster split for 25 different multi-sense words was judged not worth the effort relative to alphabetical chunking, which still keeps each browsing unit small.
6afpob0j51	[ser] sencillo	[to be] straightforward	reference	topic:map-ser-13	Subtopic split (size rule): es:ser (397) chunked alphabetically by English gloss — a full per-sense-cluster split for 25 different multi-sense words was judged not worth the effort relative to alphabetical chunking, which still keeps each browsing unit small.
871apuo78w	[ser] extraño	[to be] strange	supporting	topic:map-ser-13	Subtopic split (size rule): es:ser (397) chunked alphabetically by English gloss — a full per-sense-cluster split for 25 different multi-sense words was judged not worth the effort relative to alphabetical chunking, which still keeps each browsing unit small.
p8wunl60xz	[ser] estricto	[to be] strict	reference	topic:map-ser-14	Subtopic split (size rule): es:ser (397) chunked alphabetically by English gloss — a full per-sense-cluster split for 25 different multi-sense words was judged not worth the effort relative to alphabetical chunking, which still keeps each browsing unit small.
x8gwkzxwfb	[ser] estúpido	[to be] stupid	reference	topic:map-ser-14	Subtopic split (size rule): es:ser (397) chunked alphabetically by English gloss — a full per-sense-cluster split for 25 different multi-sense words was judged not worth the effort relative to alphabetical chunking, which still keeps each browsing unit small.
e1plhjrtby	[ser] hablador	[to be] talkative	reference	topic:map-ser-14|topic:map-hablar-1	Subtopic split (size rule): es:ser (397) chunked alphabetically by English gloss — a full per-sense-cluster split for 25 different multi-sense words was judged not worth the effort relative to alphabetical chunking, which still keeps each browsing unit small.
wn2nlx3pr4	[ser] terrible	[to be] terrible	reference	topic:map-ser-14	Subtopic split (size rule): es:ser (397) chunked alphabetically by English gloss — a full per-sense-cluster split for 25 different multi-sense words was judged not worth the effort relative to alphabetical chunking, which still keeps each browsing unit small.
uy518ih9t7	es decir	that is	reference	topic:map-ser-14|topic:map-decir-1	Subtopic split (size rule): es:ser (397) chunked alphabetically by English gloss — a full per-sense-cluster split for 25 different multi-sense words was judged not worth the effort relative to alphabetical chunking, which still keeps each browsing unit small.
elhfo7u8o3	son [adjetivo]	they are [adjective]	supporting	topic:map-ser-14	Subtopic split (size rule): es:ser (397) chunked alphabetically by English gloss — a full per-sense-cluster split for 25 different multi-sense words was judged not worth the effort relative to alphabetical chunking, which still keeps each browsing unit small.
0kqlhwpi3i	son [algo]	they are [something]	core	topic:map-ser-14	Subtopic split (size rule): es:ser (397) chunked alphabetically by English gloss — a full per-sense-cluster split for 25 different multi-sense words was judged not worth the effort relative to alphabetical chunking, which still keeps each browsing unit small.
w8b4nwsykp	son de [un lugar]	they are from [a place]	core	topic:map-ser-14	Subtopic split (size rule): es:ser (397) chunked alphabetically by English gloss — a full per-sense-cluster split for 25 different multi-sense words was judged not worth the effort relative to alphabetical chunking, which still keeps each browsing unit small.
6a2v9efdpz	Ellos no son de aquí.	They aren't from here.	supporting	topic:map-ser-14	Subtopic split (size rule): es:ser (397) chunked alphabetically by English gloss — a full per-sense-cluster split for 25 different multi-sense words was judged not worth the effort relative to alphabetical chunking, which still keeps each browsing unit small.
ah4jp71f6u	[ser] tímido	[to be] timid	reference	topic:map-ser-14	Subtopic split (size rule): es:ser (397) chunked alphabetically by English gloss — a full per-sense-cluster split for 25 different multi-sense words was judged not worth the effort relative to alphabetical chunking, which still keeps each browsing unit small.
m5wxiwxpo1	ser [una clasificación]	to be [a classification]	core	topic:map-ser-14	Subtopic split (size rule): es:ser (397) chunked alphabetically by English gloss — a full per-sense-cluster split for 25 different multi-sense words was judged not worth the effort relative to alphabetical chunking, which still keeps each browsing unit small.
6vgdzpegua	ser [una hora o fecha]	to be [a time or date]	core	topic:map-ser-14	Subtopic split (size rule): es:ser (397) chunked alphabetically by English gloss — a full per-sense-cluster split for 25 different multi-sense words was judged not worth the effort relative to alphabetical chunking, which still keeps each browsing unit small.
othawv9u0f	ser [identidad]	to be [an identity]	core	topic:map-ser-14	Subtopic split (size rule): es:ser (397) chunked alphabetically by English gloss — a full per-sense-cluster split for 25 different multi-sense words was judged not worth the effort relative to alphabetical chunking, which still keeps each browsing unit small.
emji2mg22t	ser [hecho] por [alguien]	to be [done] by [somebody]	supporting	topic:map-ser-14	Subtopic split (size rule): es:ser (397) chunked alphabetically by English gloss — a full per-sense-cluster split for 25 different multi-sense words was judged not worth the effort relative to alphabetical chunking, which still keeps each browsing unit small.
98gwx9pls1	ser culpa de [alguien]	to be [somebody's] fault	reference	topic:map-ser-14	Subtopic split (size rule): es:ser (397) chunked alphabetically by English gloss — a full per-sense-cluster split for 25 different multi-sense words was judged not worth the effort relative to alphabetical chunking, which still keeps each browsing unit small.
w7w8ly9haz	ser ==> es	to be ==> is	supporting	topic:map-ser-14	Subtopic split (size rule): es:ser (397) chunked alphabetically by English gloss — a full per-sense-cluster split for 25 different multi-sense words was judged not worth the effort relative to alphabetical chunking, which still keeps each browsing unit small.
6rm2kx5c4o	ser una mala idea	to be a bad idea	reference	topic:map-ser-14	Subtopic split (size rule): es:ser (397) chunked alphabetically by English gloss — a full per-sense-cluster split for 25 different multi-sense words was judged not worth the effort relative to alphabetical chunking, which still keeps each browsing unit small.
4fpgdvwxzu	ser muy aficionado a [un equipo]	to be a big fan of [a team]	reference	topic:map-ser-14	Subtopic split (size rule): es:ser (397) chunked alphabetically by English gloss — a full per-sense-cluster split for 25 different multi-sense words was judged not worth the effort relative to alphabetical chunking, which still keeps each browsing unit small.
r2a8013xq8	ser una buena idea	to be a good idea	reference	topic:map-ser-15	Subtopic split (size rule): es:ser (397) chunked alphabetically by English gloss — a full per-sense-cluster split for 25 different multi-sense words was judged not worth the effort relative to alphabetical chunking, which still keeps each browsing unit small.
sz0g4jfbie	ser capaz de [hacer algo]	to be able to [do something]	reference	topic:map-ser-15	Subtopic split (size rule): es:ser (397) chunked alphabetically by English gloss — a full per-sense-cluster split for 25 different multi-sense words was judged not worth the effort relative to alphabetical chunking, which still keeps each browsing unit small.
obznlhzdxe	ser en [un lugar]	to be at [a place]	supporting	topic:map-ser-15	Subtopic split (size rule): es:ser (397) chunked alphabetically by English gloss — a full per-sense-cluster split for 25 different multi-sense words was judged not worth the effort relative to alphabetical chunking, which still keeps each browsing unit small.
8wgwtlo4yb	ser malo ==> ser el peor	to be bad ==> to be the worst	supporting	topic:map-ser-15	Subtopic split (size rule): es:ser (397) chunked alphabetically by English gloss — a full per-sense-cluster split for 25 different multi-sense words was judged not worth the effort relative to alphabetical chunking, which still keeps each browsing unit small.
r4n8t7puv8	ser malo ==> ser peor	to be bad ==> to be worse	supporting	topic:map-ser-15	Subtopic split (size rule): es:ser (397) chunked alphabetically by English gloss — a full per-sense-cluster split for 25 different multi-sense words was judged not worth the effort relative to alphabetical chunking, which still keeps each browsing unit small.
pdcy6981ld	ser malo para [alguien/algo]	to be bad for [somebody or something]	supporting	topic:map-ser-15	Subtopic split (size rule): es:ser (397) chunked alphabetically by English gloss — a full per-sense-cluster split for 25 different multi-sense words was judged not worth the effort relative to alphabetical chunking, which still keeps each browsing unit small.
g2cfgdbyi3	ser malo	to be bad/evil	reference	topic:map-ser-15	Subtopic split (size rule): es:ser (397) chunked alphabetically by English gloss — a full per-sense-cluster split for 25 different multi-sense words was judged not worth the effort relative to alphabetical chunking, which still keeps each browsing unit small.
ntdw54v6qp	ser grande ==> ser más grande	to be big ==> to be bigger	reference	topic:map-ser-15	Subtopic split (size rule): es:ser (397) chunked alphabetically by English gloss — a full per-sense-cluster split for 25 different multi-sense words was judged not worth the effort relative to alphabetical chunking, which still keeps each browsing unit small.
tnl1yimmyb	ser grande ==> ser el más grande	to be big ==> to be the biggest	reference	topic:map-ser-15	Subtopic split (size rule): es:ser (397) chunked alphabetically by English gloss — a full per-sense-cluster split for 25 different multi-sense words was judged not worth the effort relative to alphabetical chunking, which still keeps each browsing unit small.
0jje3nlbiy	ser negro ==> ennegrecer(se)	to be black ==> to blacken	reference	topic:map-ser-15	Subtopic split (size rule): es:ser (397) chunked alphabetically by English gloss — a full per-sense-cluster split for 25 different multi-sense words was judged not worth the effort relative to alphabetical chunking, which still keeps each browsing unit small.
dbaw5g5xep	ser cuidadoso ==> cuidadosamente	to be careful ==> carefully	reference	topic:map-ser-15	Subtopic split (size rule): es:ser (397) chunked alphabetically by English gloss — a full per-sense-cluster split for 25 different multi-sense words was judged not worth the effort relative to alphabetical chunking, which still keeps each browsing unit small.
ucs7ft1nsf	ser descuidado ==> el descuido	to be careless ==> the carelessness	reference	topic:map-ser-15	Subtopic split (size rule): es:ser (397) chunked alphabetically by English gloss — a full per-sense-cluster split for 25 different multi-sense words was judged not worth the effort relative to alphabetical chunking, which still keeps each browsing unit small.
kyceimh1lj	ser barato ==> ser más barato	to be cheap ==> to be cheaper	reference	topic:map-ser-15	Subtopic split (size rule): es:ser (397) chunked alphabetically by English gloss — a full per-sense-cluster split for 25 different multi-sense words was judged not worth the effort relative to alphabetical chunking, which still keeps each browsing unit small.
w06xy3n98x	ser barato ==> ser el más barato	to be cheap ==> to be the cheapest	reference	topic:map-ser-15	Subtopic split (size rule): es:ser (397) chunked alphabetically by English gloss — a full per-sense-cluster split for 25 different multi-sense words was judged not worth the effort relative to alphabetical chunking, which still keeps each browsing unit small.
f7rmsxmy11	ser curioso ==> la curiosidad	to be curious ==> the curiosity	reference	topic:map-ser-15	Subtopic split (size rule): es:ser (397) chunked alphabetically by English gloss — a full per-sense-cluster split for 25 different multi-sense words was judged not worth the effort relative to alphabetical chunking, which still keeps each browsing unit small.
h9wrpukinh	ser oscuro ==> la oscuridad	to be dark ==> the darkness	reference	topic:map-ser-15	Subtopic split (size rule): es:ser (397) chunked alphabetically by English gloss — a full per-sense-cluster split for 25 different multi-sense words was judged not worth the effort relative to alphabetical chunking, which still keeps each browsing unit small.
6hviwt29i3	ser oscuro ==> oscurecer(se)	to be dark ==> to darken	reference	topic:map-ser-15	Subtopic split (size rule): es:ser (397) chunked alphabetically by English gloss — a full per-sense-cluster split for 25 different multi-sense words was judged not worth the effort relative to alphabetical chunking, which still keeps each browsing unit small.
ln2qxef61a	ser profundo ==> la profundidad	to be deep ==> the depth	reference	topic:map-ser-15	Subtopic split (size rule): es:ser (397) chunked alphabetically by English gloss — a full per-sense-cluster split for 25 different multi-sense words was judged not worth the effort relative to alphabetical chunking, which still keeps each browsing unit small.
4y9gvi2fpq	ser profundo ==> profundizar(se)	to be deep ==> to deepen	reference	topic:map-ser-16	Subtopic split (size rule): es:ser (397) chunked alphabetically by English gloss — a full per-sense-cluster split for 25 different multi-sense words was judged not worth the effort relative to alphabetical chunking, which still keeps each browsing unit small.
4yxiqq2u1m	ser difícil ==> ser más difícil	to be difficult ==> to be more difficult	supporting	topic:map-ser-16	Subtopic split (size rule): es:ser (397) chunked alphabetically by English gloss — a full per-sense-cluster split for 25 different multi-sense words was judged not worth the effort relative to alphabetical chunking, which still keeps each browsing unit small.
ye7rmbmbov	ser difícil ==> ser el más difícil	to be difficult ==> to be the most difficult	supporting	topic:map-ser-16	Subtopic split (size rule): es:ser (397) chunked alphabetically by English gloss — a full per-sense-cluster split for 25 different multi-sense words was judged not worth the effort relative to alphabetical chunking, which still keeps each browsing unit small.
3a98t443ht	ser fácil ==> fácilmente	to be easy ==> easily	reference	topic:map-ser-16	Subtopic split (size rule): es:ser (397) chunked alphabetically by English gloss — a full per-sense-cluster split for 25 different multi-sense words was judged not worth the effort relative to alphabetical chunking, which still keeps each browsing unit small.
wtxe2yjp1j	ser fácil ==> ser más fácil	to be easy ==> to be easier	supporting	topic:map-ser-16	Subtopic split (size rule): es:ser (397) chunked alphabetically by English gloss — a full per-sense-cluster split for 25 different multi-sense words was judged not worth the effort relative to alphabetical chunking, which still keeps each browsing unit small.
8f830wa18p	ser fácil ==> ser el más fácil	to be easy ==> to be the easiest	supporting	topic:map-ser-16	Subtopic split (size rule): es:ser (397) chunked alphabetically by English gloss — a full per-sense-cluster split for 25 different multi-sense words was judged not worth the effort relative to alphabetical chunking, which still keeps each browsing unit small.
xowf19voa3	ser igual ==> la igualdad	to be equal ==> the equality	reference	topic:map-ser-16	Subtopic split (size rule): es:ser (397) chunked alphabetically by English gloss — a full per-sense-cluster split for 25 different multi-sense words was judged not worth the effort relative to alphabetical chunking, which still keeps each browsing unit small.
890ikntj2i	ser rápido ==> ser más rápido	to be fast ==> to be faster	reference	topic:map-ser-16	Subtopic split (size rule): es:ser (397) chunked alphabetically by English gloss — a full per-sense-cluster split for 25 different multi-sense words was judged not worth the effort relative to alphabetical chunking, which still keeps each browsing unit small.
wyd4kcdm6s	ser rápido ==> ser el más rápido	to be fast ==> to be the fastest	reference	topic:map-ser-16	Subtopic split (size rule): es:ser (397) chunked alphabetically by English gloss — a full per-sense-cluster split for 25 different multi-sense words was judged not worth the effort relative to alphabetical chunking, which still keeps each browsing unit small.
tdrc2wk9l8	ser flexible ==> la flexibilidad	to be flexible ==> the flexibility	reference	topic:map-ser-16	Subtopic split (size rule): es:ser (397) chunked alphabetically by English gloss — a full per-sense-cluster split for 25 different multi-sense words was judged not worth the effort relative to alphabetical chunking, which still keeps each browsing unit small.
ekxerzzusv	ser para [alguien]	to be for [somebody]	supporting	topic:map-ser-16	Subtopic split (size rule): es:ser (397) chunked alphabetically by English gloss — a full per-sense-cluster split for 25 different multi-sense words was judged not worth the effort relative to alphabetical chunking, which still keeps each browsing unit small.
19tcjg4oul	ser libre ==> la libertad	to be free ==> the freedom	reference	topic:map-ser-16	Subtopic split (size rule): es:ser (397) chunked alphabetically by English gloss — a full per-sense-cluster split for 25 different multi-sense words was judged not worth the effort relative to alphabetical chunking, which still keeps each browsing unit small.
2z3yhpg9ve	ser de [un lugar]	to be from [a place]	core	topic:map-ser-16	Subtopic split (size rule): es:ser (397) chunked alphabetically by English gloss — a full per-sense-cluster split for 25 different multi-sense words was judged not worth the effort relative to alphabetical chunking, which still keeps each browsing unit small.
8tlubdz2jb	ser gracioso ==> ser más gracioso	to be funny ==> to be funnier	reference	topic:map-ser-16	Subtopic split (size rule): es:ser (397) chunked alphabetically by English gloss — a full per-sense-cluster split for 25 different multi-sense words was judged not worth the effort relative to alphabetical chunking, which still keeps each browsing unit small.
r6af4026y9	ser gracioso ==> ser el más gracioso	to be funny ==> to be the funniest	reference	topic:map-ser-16	Subtopic split (size rule): es:ser (397) chunked alphabetically by English gloss — a full per-sense-cluster split for 25 different multi-sense words was judged not worth the effort relative to alphabetical chunking, which still keeps each browsing unit small.
4ay6y8jvwp	ser bueno ==> la bondad	to be good ==> the goodness	reference	topic:map-ser-16	Subtopic split (size rule): es:ser (397) chunked alphabetically by English gloss — a full per-sense-cluster split for 25 different multi-sense words was judged not worth the effort relative to alphabetical chunking, which still keeps each browsing unit small.
f62p62zg7o	ser bueno ==> ser mejor	to be good ==> to be better	supporting	topic:map-ser-16	Subtopic split (size rule): es:ser (397) chunked alphabetically by English gloss — a full per-sense-cluster split for 25 different multi-sense words was judged not worth the effort relative to alphabetical chunking, which still keeps each browsing unit small.
89nkgjqxfi	ser bueno ==> ser el mejor	to be good ==> to be the best	supporting	topic:map-ser-16	Subtopic split (size rule): es:ser (397) chunked alphabetically by English gloss — a full per-sense-cluster split for 25 different multi-sense words was judged not worth the effort relative to alphabetical chunking, which still keeps each browsing unit small.
ralwup7tfh	ser bueno para [hacer algo]	to be good at [doing something]	supporting	topic:map-ser-17	Subtopic split (size rule): es:ser (397) chunked alphabetically by English gloss — a full per-sense-cluster split for 25 different multi-sense words was judged not worth the effort relative to alphabetical chunking, which still keeps each browsing unit small.
i49be62rpv	ser bueno para [alguien/algo]	to be good for [somebody or something]	supporting	topic:map-ser-17	Subtopic split (size rule): es:ser (397) chunked alphabetically by English gloss — a full per-sense-cluster split for 25 different multi-sense words was judged not worth the effort relative to alphabetical chunking, which still keeps each browsing unit small.
8yyro9imuk	ser feliz ==> la felicidad	to be happy ==> the happiness	reference	topic:map-ser-17	Subtopic split (size rule): es:ser (397) chunked alphabetically by English gloss — a full per-sense-cluster split for 25 different multi-sense words was judged not worth the effort relative to alphabetical chunking, which still keeps each browsing unit small.
y6m6lbi7x1	ser feliz ==> ser más feliz	to be happy ==> to be happier	reference	topic:map-ser-17	Subtopic split (size rule): es:ser (397) chunked alphabetically by English gloss — a full per-sense-cluster split for 25 different multi-sense words was judged not worth the effort relative to alphabetical chunking, which still keeps each browsing unit small.
f1hip5yar5	ser feliz ==> ser el más feliz	to be happy ==> to be the happiest	reference	topic:map-ser-17	Subtopic split (size rule): es:ser (397) chunked alphabetically by English gloss — a full per-sense-cluster split for 25 different multi-sense words was judged not worth the effort relative to alphabetical chunking, which still keeps each browsing unit small.
r3sb4uczgh	ser feliz ==> ser infeliz	to be happy ==> to be unhappy	supporting	topic:map-ser-17	Subtopic split (size rule): es:ser (397) chunked alphabetically by English gloss — a full per-sense-cluster split for 25 different multi-sense words was judged not worth the effort relative to alphabetical chunking, which still keeps each browsing unit small.
fs4n4irry9	ser difícil ==> ser más difícil	to be hard ==> to be harder	supporting	topic:map-ser-17	Subtopic split (size rule): es:ser (397) chunked alphabetically by English gloss — a full per-sense-cluster split for 25 different multi-sense words was judged not worth the effort relative to alphabetical chunking, which still keeps each browsing unit small.
g0z0ex17eh	ser difícil ==> ser el más difícil	to be hard ==> to be the hardest	supporting	topic:map-ser-17	Subtopic split (size rule): es:ser (397) chunked alphabetically by English gloss — a full per-sense-cluster split for 25 different multi-sense words was judged not worth the effort relative to alphabetical chunking, which still keeps each browsing unit small.
ffr5aig4sd	ser alto	to be high	reference	topic:map-ser-17	Subtopic split (size rule): es:ser (397) chunked alphabetically by English gloss — a full per-sense-cluster split for 25 different multi-sense words was judged not worth the effort relative to alphabetical chunking, which still keeps each browsing unit small.
fyshadppn5	ser importante ==> ser más importante	to be important ==> to be more important	supporting	topic:map-ser-17	Subtopic split (size rule): es:ser (397) chunked alphabetically by English gloss — a full per-sense-cluster split for 25 different multi-sense words was judged not worth the effort relative to alphabetical chunking, which still keeps each browsing unit small.
2fyfjvb91s	ser importante ==> ser el más importante	to be important ==> to be the most important	supporting	topic:map-ser-17	Subtopic split (size rule): es:ser (397) chunked alphabetically by English gloss — a full per-sense-cluster split for 25 different multi-sense words was judged not worth the effort relative to alphabetical chunking, which still keeps each browsing unit small.
9tllzw4mwd	ser interior ==> ser el más interior	to be inner ==> to be innermost	reference	topic:map-ser-17	Subtopic split (size rule): es:ser (397) chunked alphabetically by English gloss — a full per-sense-cluster split for 25 different multi-sense words was judged not worth the effort relative to alphabetical chunking, which still keeps each browsing unit small.
qq9hn3gsqz	ser amable ==> la amabilidad	to be kind ==> the kindness	reference	topic:map-ser-17	Subtopic split (size rule): es:ser (397) chunked alphabetically by English gloss — a full per-sense-cluster split for 25 different multi-sense words was judged not worth the effort relative to alphabetical chunking, which still keeps each browsing unit small.
uhisl4h91k	ser conocido como [algo]	to be known as [something]	reference	topic:map-ser-17	Subtopic split (size rule): es:ser (397) chunked alphabetically by English gloss — a full per-sense-cluster split for 25 different multi-sense words was judged not worth the effort relative to alphabetical chunking, which still keeps each browsing unit small.
hpdisj6u7v	ser conocido por [algo]	to be known for [something]	reference	topic:map-ser-17	Subtopic split (size rule): es:ser (397) chunked alphabetically by English gloss — a full per-sense-cluster split for 25 different multi-sense words was judged not worth the effort relative to alphabetical chunking, which still keeps each browsing unit small.
4ybycrtvck	ser grande ==> ser más grande	to be large ==> to be larger	reference	topic:map-ser-17	Subtopic split (size rule): es:ser (397) chunked alphabetically by English gloss — a full per-sense-cluster split for 25 different multi-sense words was judged not worth the effort relative to alphabetical chunking, which still keeps each browsing unit small.
loc2s7jjrm	ser grande ==> ser el más grande	to be large ==> to be the largest	reference	topic:map-ser-17	Subtopic split (size rule): es:ser (397) chunked alphabetically by English gloss — a full per-sense-cluster split for 25 different multi-sense words was judged not worth the effort relative to alphabetical chunking, which still keeps each browsing unit small.
2agxq175ul	ser probable ==> la probabilidad	to be likely ==> the likelihood	reference	topic:map-ser-17	Subtopic split (size rule): es:ser (397) chunked alphabetically by English gloss — a full per-sense-cluster split for 25 different multi-sense words was judged not worth the effort relative to alphabetical chunking, which still keeps each browsing unit small.
ds2ffdqwke	ser lógico ==> lógicamente	to be logical ==> logically	reference	topic:map-ser-18	Subtopic split (size rule): es:ser (397) chunked alphabetically by English gloss — a full per-sense-cluster split for 25 different multi-sense words was judged not worth the effort relative to alphabetical chunking, which still keeps each browsing unit small.
iylt35s2f7	ser largo ==> la longitud	to be long ==> the length	reference	topic:map-ser-18	Subtopic split (size rule): es:ser (397) chunked alphabetically by English gloss — a full per-sense-cluster split for 25 different multi-sense words was judged not worth the effort relative to alphabetical chunking, which still keeps each browsing unit small.
2s5vxvtzad	ser bajo	to be low	reference	topic:map-ser-18	Subtopic split (size rule): es:ser (397) chunked alphabetically by English gloss — a full per-sense-cluster split for 25 different multi-sense words was judged not worth the effort relative to alphabetical chunking, which still keeps each browsing unit small.
wl72zn36ht	ser inferior ==> ser el de más abajo	to be lower ==> to be lowermost	reference	topic:map-ser-18	Subtopic split (size rule): es:ser (397) chunked alphabetically by English gloss — a full per-sense-cluster split for 25 different multi-sense words was judged not worth the effort relative to alphabetical chunking, which still keeps each browsing unit small.
cme1al3v5p	ser de [un material]	to be made of [a material]	supporting	topic:map-ser-18	Subtopic split (size rule): es:ser (397) chunked alphabetically by English gloss — a full per-sense-cluster split for 25 different multi-sense words was judged not worth the effort relative to alphabetical chunking, which still keeps each browsing unit small.
5r9qo4q9nv	ser significativo ==> lo significativo	to be meaningful ==> the meaningfulness	reference	topic:map-ser-18	Subtopic split (size rule): es:ser (397) chunked alphabetically by English gloss — a full per-sense-cluster split for 25 different multi-sense words was judged not worth the effort relative to alphabetical chunking, which still keeps each browsing unit small.
nyb1ocmvpw	ser para [un uso]	to be meant for [a use]	reference	topic:map-ser-18	Subtopic split (size rule): es:ser (397) chunked alphabetically by English gloss — a full per-sense-cluster split for 25 different multi-sense words was judged not worth the effort relative to alphabetical chunking, which still keeps each browsing unit small.
ceyrr3ohg9	ser medianoche	to be midnight	supporting	topic:map-ser-18	Subtopic split (size rule): es:ser (397) chunked alphabetically by English gloss — a full per-sense-cluster split for 25 different multi-sense words was judged not worth the effort relative to alphabetical chunking, which still keeps each browsing unit small.
kh64q1xdfp	ser nuevo aquí	to be new here	reference	topic:map-ser-18	Subtopic split (size rule): es:ser (397) chunked alphabetically by English gloss — a full per-sense-cluster split for 25 different multi-sense words was judged not worth the effort relative to alphabetical chunking, which still keeps each browsing unit small.
mac4komrt9	ser mediodía	to be noon	supporting	topic:map-ser-18	Subtopic split (size rule): es:ser (397) chunked alphabetically by English gloss — a full per-sense-cluster split for 25 different multi-sense words was judged not worth the effort relative to alphabetical chunking, which still keeps each browsing unit small.
a1lq9l1vf6	ser normal ==> normalmente	to be normal ==> normally	reference	topic:map-ser-18	Subtopic split (size rule): es:ser (397) chunked alphabetically by English gloss — a full per-sense-cluster split for 25 different multi-sense words was judged not worth the effort relative to alphabetical chunking, which still keeps each browsing unit small.
ifdijt1kj7	ser poco [adjetivo]	to be not very [adjective]	reference	topic:map-ser-18	Subtopic split (size rule): es:ser (397) chunked alphabetically by English gloss — a full per-sense-cluster split for 25 different multi-sense words was judged not worth the effort relative to alphabetical chunking, which still keeps each browsing unit small.
6axjf3o9tu	ser exterior ==> ser el más exterior	to be outer ==> to be outermost	reference	topic:map-ser-18	Subtopic split (size rule): es:ser (397) chunked alphabetically by English gloss — a full per-sense-cluster split for 25 different multi-sense words was judged not worth the effort relative to alphabetical chunking, which still keeps each browsing unit small.
49xkqukh7q	ser posible ==> la posibilidad	to be possible ==> the possibility	reference	topic:map-ser-18	Subtopic split (size rule): es:ser (397) chunked alphabetically by English gloss — a full per-sense-cluster split for 25 different multi-sense words was judged not worth the effort relative to alphabetical chunking, which still keeps each browsing unit small.
cokw84ud9i	ser impotente ==> la impotencia	to be powerless ==> the powerlessness	reference	topic:map-ser-18	Subtopic split (size rule): es:ser (397) chunked alphabetically by English gloss — a full per-sense-cluster split for 25 different multi-sense words was judged not worth the effort relative to alphabetical chunking, which still keeps each browsing unit small.
2j63ja0xbj	ser práctico ==> prácticamente	to be practical ==> practically	reference	topic:map-ser-18	Subtopic split (size rule): es:ser (397) chunked alphabetically by English gloss — a full per-sense-cluster split for 25 different multi-sense words was judged not worth the effort relative to alphabetical chunking, which still keeps each browsing unit small.
i4dsmvl6mo	ser probable ==> probablemente	to be probable ==> probably	reference	topic:map-ser-18	Subtopic split (size rule): es:ser (397) chunked alphabetically by English gloss — a full per-sense-cluster split for 25 different multi-sense words was judged not worth the effort relative to alphabetical chunking, which still keeps each browsing unit small.
hcgacqlfv9	ser rápido ==> rápidamente	to be quick ==> quickly	supporting	topic:map-ser-18	Subtopic split (size rule): es:ser (397) chunked alphabetically by English gloss — a full per-sense-cluster split for 25 different multi-sense words was judged not worth the effort relative to alphabetical chunking, which still keeps each browsing unit small.
kbio2z3f6e	ser rápido ==> ser más rápido	to be quick ==> to be quicker	reference	topic:map-ser-19	Subtopic split (size rule): es:ser (397) chunked alphabetically by English gloss — a full per-sense-cluster split for 25 different multi-sense words was judged not worth the effort relative to alphabetical chunking, which still keeps each browsing unit small.
37d57ewo59	ser rápido ==> ser el más rápido	to be quick ==> to be the quickest	reference	topic:map-ser-19	Subtopic split (size rule): es:ser (397) chunked alphabetically by English gloss — a full per-sense-cluster split for 25 different multi-sense words was judged not worth the effort relative to alphabetical chunking, which still keeps each browsing unit small.
zn504bpbeh	ser rápido ==> ser más rápido	to be rapid ==> to be more rapid	reference	topic:map-ser-19	Subtopic split (size rule): es:ser (397) chunked alphabetically by English gloss — a full per-sense-cluster split for 25 different multi-sense words was judged not worth the effort relative to alphabetical chunking, which still keeps each browsing unit small.
8o5wb8b6vo	ser rápido ==> ser el más rápido	to be rapid ==> to be the most rapid	reference	topic:map-ser-19	Subtopic split (size rule): es:ser (397) chunked alphabetically by English gloss — a full per-sense-cluster split for 25 different multi-sense words was judged not worth the effort relative to alphabetical chunking, which still keeps each browsing unit small.
7xyds447rs	ser rojo ==> ser rojizo	to be red ==> to be reddish	reference	topic:map-ser-19	Subtopic split (size rule): es:ser (397) chunked alphabetically by English gloss — a full per-sense-cluster split for 25 different multi-sense words was judged not worth the effort relative to alphabetical chunking, which still keeps each browsing unit small.
sy6a2d6cjl	ser responsable ==> la responsabilidad	to be responsible ==> the responsibility	reference	topic:map-ser-19	Subtopic split (size rule): es:ser (397) chunked alphabetically by English gloss — a full per-sense-cluster split for 25 different multi-sense words was judged not worth the effort relative to alphabetical chunking, which still keeps each browsing unit small.
7q3idfw27t	ser seguro ==> ser más seguro	to be safe ==> to be safer	reference	topic:map-ser-19	Subtopic split (size rule): es:ser (397) chunked alphabetically by English gloss — a full per-sense-cluster split for 25 different multi-sense words was judged not worth the effort relative to alphabetical chunking, which still keeps each browsing unit small.
d4nhp6of4q	ser seguro ==> ser el más seguro	to be safe ==> to be the safest	reference	topic:map-ser-19	Subtopic split (size rule): es:ser (397) chunked alphabetically by English gloss — a full per-sense-cluster split for 25 different multi-sense words was judged not worth the effort relative to alphabetical chunking, which still keeps each browsing unit small.
t96lih4h1i	ser seguro ==> la seguridad	to be secure ==> the security	reference	topic:map-ser-19	Subtopic split (size rule): es:ser (397) chunked alphabetically by English gloss — a full per-sense-cluster split for 25 different multi-sense words was judged not worth the effort relative to alphabetical chunking, which still keeps each browsing unit small.
rirmatii98	ser visto [hacer algo]	to be seen to [do something]	reference	topic:map-ser-19	Subtopic split (size rule): es:ser (397) chunked alphabetically by English gloss — a full per-sense-cluster split for 25 different multi-sense words was judged not worth the effort relative to alphabetical chunking, which still keeps each browsing unit small.
a1sa4nhcb4	ser corto ==> la brevedad	to be short ==> the shortness	reference	topic:map-ser-19	Subtopic split (size rule): es:ser (397) chunked alphabetically by English gloss — a full per-sense-cluster split for 25 different multi-sense words was judged not worth the effort relative to alphabetical chunking, which still keeps each browsing unit small.
y61pnn77bq	ser corto ==> acortar(se)	to be short ==> to shorten	reference	topic:map-ser-19	Subtopic split (size rule): es:ser (397) chunked alphabetically by English gloss — a full per-sense-cluster split for 25 different multi-sense words was judged not worth the effort relative to alphabetical chunking, which still keeps each browsing unit small.
q0ld7z98sr	ser lento ==> lentamente	to be slow ==> slowly	supporting	topic:map-ser-19	Subtopic split (size rule): es:ser (397) chunked alphabetically by English gloss — a full per-sense-cluster split for 25 different multi-sense words was judged not worth the effort relative to alphabetical chunking, which still keeps each browsing unit small.
ogonaxqk95	ser lento ==> ser más lento	to be slow ==> to be slower	reference	topic:map-ser-19	Subtopic split (size rule): es:ser (397) chunked alphabetically by English gloss — a full per-sense-cluster split for 25 different multi-sense words was judged not worth the effort relative to alphabetical chunking, which still keeps each browsing unit small.
2u07owqzur	ser lento ==> ser el más lento	to be slow ==> to be the slowest	reference	topic:map-ser-19	Subtopic split (size rule): es:ser (397) chunked alphabetically by English gloss — a full per-sense-cluster split for 25 different multi-sense words was judged not worth the effort relative to alphabetical chunking, which still keeps each browsing unit small.
4t8czsc1e6	ser pequeño ==> ser algo pequeño	to be small ==> to be smallish	reference	topic:map-ser-19	Subtopic split (size rule): es:ser (397) chunked alphabetically by English gloss — a full per-sense-cluster split for 25 different multi-sense words was judged not worth the effort relative to alphabetical chunking, which still keeps each browsing unit small.
fyziw2rb12	ser fuerte	to be strong	reference	topic:map-ser-19	Subtopic split (size rule): es:ser (397) chunked alphabetically by English gloss — a full per-sense-cluster split for 25 different multi-sense words was judged not worth the effort relative to alphabetical chunking, which still keeps each browsing unit small.
mzb69e4loz	ser fuerte ==> la fuerza	to be strong ==> the strength	reference	topic:map-ser-19	Subtopic split (size rule): es:ser (397) chunked alphabetically by English gloss — a full per-sense-cluster split for 25 different multi-sense words was judged not worth the effort relative to alphabetical chunking, which still keeps each browsing unit small.
2w0dzl1mvl	ser alto	to be tall	reference	topic:map-ser-20	Subtopic split (size rule): es:ser (397) chunked alphabetically by English gloss — a full per-sense-cluster split for 25 different multi-sense words was judged not worth the effort relative to alphabetical chunking, which still keeps each browsing unit small.
lxqyj1kx0z	ser alto ==> ser algo alto	to be tall ==> to be tallish	reference	topic:map-ser-20	Subtopic split (size rule): es:ser (397) chunked alphabetically by English gloss — a full per-sense-cluster split for 25 different multi-sense words was judged not worth the effort relative to alphabetical chunking, which still keeps each browsing unit small.
zjoxpuz3cv	ser el blanco de [algo]	to be the target of [something]	reference	topic:map-ser-20	Subtopic split (size rule): es:ser (397) chunked alphabetically by English gloss — a full per-sense-cluster split for 25 different multi-sense words was judged not worth the effort relative to alphabetical chunking, which still keeps each browsing unit small.
rqwcklpzgf	ser cierto	to be true	reference	topic:map-ser-20	Subtopic split (size rule): es:ser (397) chunked alphabetically by English gloss — a full per-sense-cluster split for 25 different multi-sense words was judged not worth the effort relative to alphabetical chunking, which still keeps each browsing unit small.
rkqe2lip8p	ser verdadero ==> la verdad	to be true ==> the truth	reference	topic:map-ser-20	Subtopic split (size rule): es:ser (397) chunked alphabetically by English gloss — a full per-sense-cluster split for 25 different multi-sense words was judged not worth the effort relative to alphabetical chunking, which still keeps each browsing unit small.
h06ev5xh76	ser superior ==> ser el de más arriba	to be upper ==> to be uppermost	reference	topic:map-ser-20	Subtopic split (size rule): es:ser (397) chunked alphabetically by English gloss — a full per-sense-cluster split for 25 different multi-sense words was judged not worth the effort relative to alphabetical chunking, which still keeps each browsing unit small.
j2yt5d2eh2	ser útil ==> la utilidad	to be useful ==> the usefulness	reference	topic:map-ser-20	Subtopic split (size rule): es:ser (397) chunked alphabetically by English gloss — a full per-sense-cluster split for 25 different multi-sense words was judged not worth the effort relative to alphabetical chunking, which still keeps each browsing unit small.
sdjzwrjzji	ser útil ==> ser el más útil	to be useful ==> to be the most useful	reference	topic:map-ser-20	Subtopic split (size rule): es:ser (397) chunked alphabetically by English gloss — a full per-sense-cluster split for 25 different multi-sense words was judged not worth the effort relative to alphabetical chunking, which still keeps each browsing unit small.
91khjw0sgk	ser inútil ==> la inutilidad	to be useless ==> the uselessness	reference	topic:map-ser-20	Subtopic split (size rule): es:ser (397) chunked alphabetically by English gloss — a full per-sense-cluster split for 25 different multi-sense words was judged not worth the effort relative to alphabetical chunking, which still keeps each browsing unit small.
dz340ho4gf	ser débil ==> la debilidad	to be weak ==> the weakness	reference	topic:map-ser-20	Subtopic split (size rule): es:ser (397) chunked alphabetically by English gloss — a full per-sense-cluster split for 25 different multi-sense words was judged not worth the effort relative to alphabetical chunking, which still keeps each browsing unit small.
6d9398hmpa	ser débil ==> debilitar(se)	to be weak ==> to weaken	reference	topic:map-ser-20	Subtopic split (size rule): es:ser (397) chunked alphabetically by English gloss — a full per-sense-cluster split for 25 different multi-sense words was judged not worth the effort relative to alphabetical chunking, which still keeps each browsing unit small.
7d2jip4ahu	ser blanco ==> la blancura	to be white ==> the whiteness	reference	topic:map-ser-20	Subtopic split (size rule): es:ser (397) chunked alphabetically by English gloss — a full per-sense-cluster split for 25 different multi-sense words was judged not worth the effort relative to alphabetical chunking, which still keeps each browsing unit small.
tnwlnfg2vy	ser blanco ==> ser blanquecino	to be white ==> to be whitish	reference	topic:map-ser-20	Subtopic split (size rule): es:ser (397) chunked alphabetically by English gloss — a full per-sense-cluster split for 25 different multi-sense words was judged not worth the effort relative to alphabetical chunking, which still keeps each browsing unit small.
ce3auojfy9	ser blanco ==> blanquear(se)	to be white ==> to whiten	reference	topic:map-ser-20	Subtopic split (size rule): es:ser (397) chunked alphabetically by English gloss — a full per-sense-cluster split for 25 different multi-sense words was judged not worth the effort relative to alphabetical chunking, which still keeps each browsing unit small.
0h2pwx0gcd	ser ancho ==> la anchura	to be wide ==> the width	reference	topic:map-ser-20	Subtopic split (size rule): es:ser (397) chunked alphabetically by English gloss — a full per-sense-cluster split for 25 different multi-sense words was judged not worth the effort relative to alphabetical chunking, which still keeps each browsing unit small.
2hn0qjgou0	ser ancho ==> ensanchar(se)	to be wide ==> to widen	reference	topic:map-ser-20	Subtopic split (size rule): es:ser (397) chunked alphabetically by English gloss — a full per-sense-cluster split for 25 different multi-sense words was judged not worth the effort relative to alphabetical chunking, which still keeps each browsing unit small.
4ybur9lrx9	ser sabio ==> la sabiduría	to be wise ==> the wisdom	reference	topic:map-ser-20	Subtopic split (size rule): es:ser (397) chunked alphabetically by English gloss — a full per-sense-cluster split for 25 different multi-sense words was judged not worth the effort relative to alphabetical chunking, which still keeps each browsing unit small.
ho4uj7deui	ser joven ==> la juventud	to be young ==> the youth	reference	topic:map-ser-20	Subtopic split (size rule): es:ser (397) chunked alphabetically by English gloss — a full per-sense-cluster split for 25 different multi-sense words was judged not worth the effort relative to alphabetical chunking, which still keeps each browsing unit small.
qbdgh95q4i	ser de [alguien]	to belong to [somebody]	supporting	topic:map-ser-21	Subtopic split (size rule): es:ser (397) chunked alphabetically by English gloss — a full per-sense-cluster split for 25 different multi-sense words was judged not worth the effort relative to alphabetical chunking, which still keeps each browsing unit small.
9mvkkm6znw	ser dueño de [algo]	to own [something]	reference	topic:map-ser-21	Subtopic split (size rule): es:ser (397) chunked alphabetically by English gloss — a full per-sense-cluster split for 25 different multi-sense words was judged not worth the effort relative to alphabetical chunking, which still keeps each browsing unit small.
thf9jt8qp9	ser propietario de [algo]	to own [something]	reference	topic:map-ser-21	Subtopic split (size rule): es:ser (397) chunked alphabetically by English gloss — a full per-sense-cluster split for 25 different multi-sense words was judged not worth the effort relative to alphabetical chunking, which still keeps each browsing unit small.
0ni6dh7b5l	[ser] juntas	[to be] together	reference	topic:map-ser-21	Subtopic split (size rule): es:ser (397) chunked alphabetically by English gloss — a full per-sense-cluster split for 25 different multi-sense words was judged not worth the effort relative to alphabetical chunking, which still keeps each browsing unit small.
rkyuwye6j0	[ser] tolerante	[to be] tolerant	reference	topic:map-ser-21	Subtopic split (size rule): es:ser (397) chunked alphabetically by English gloss — a full per-sense-cluster split for 25 different multi-sense words was judged not worth the effort relative to alphabetical chunking, which still keeps each browsing unit small.
9tefge6hdf	[ser] total	[to be] total	reference	topic:map-ser-21	Subtopic split (size rule): es:ser (397) chunked alphabetically by English gloss — a full per-sense-cluster split for 25 different multi-sense words was judged not worth the effort relative to alphabetical chunking, which still keeps each browsing unit small.
nq399jkhun	[ser] duro	[to be] tough	reference	topic:map-ser-21	Subtopic split (size rule): es:ser (397) chunked alphabetically by English gloss — a full per-sense-cluster split for 25 different multi-sense words was judged not worth the effort relative to alphabetical chunking, which still keeps each browsing unit small.
j1o6zzb447	[ser] tropical	[to be] tropical	reference	topic:map-ser-21	Subtopic split (size rule): es:ser (397) chunked alphabetically by English gloss — a full per-sense-cluster split for 25 different multi-sense words was judged not worth the effort relative to alphabetical chunking, which still keeps each browsing unit small.
xi0bobj4sj	[ser] inalcanzable	[to be] unattainable	reference	topic:map-ser-21	Subtopic split (size rule): es:ser (397) chunked alphabetically by English gloss — a full per-sense-cluster split for 25 different multi-sense words was judged not worth the effort relative to alphabetical chunking, which still keeps each browsing unit small.
pl1kwzxv0a	[ser] inesperado	[to be] unexpected	reference	topic:map-ser-21	Subtopic split (size rule): es:ser (397) chunked alphabetically by English gloss — a full per-sense-cluster split for 25 different multi-sense words was judged not worth the effort relative to alphabetical chunking, which still keeps each browsing unit small.
lztdsmka37	[ser] diferente	[to be] unlike	reference	topic:map-ser-21	Subtopic split (size rule): es:ser (397) chunked alphabetically by English gloss — a full per-sense-cluster split for 25 different multi-sense words was judged not worth the effort relative to alphabetical chunking, which still keeps each browsing unit small.
b7zyzj7ukc	[ser] indecible	[to be] unspeakable	reference	topic:map-ser-21|topic:map-decir-2	Subtopic split (size rule): es:ser (397) chunked alphabetically by English gloss — a full per-sense-cluster split for 25 different multi-sense words was judged not worth the effort relative to alphabetical chunking, which still keeps each browsing unit small.
8hjai212pn	[ser] urbano	[to be] urban	reference	topic:map-ser-21	Subtopic split (size rule): es:ser (397) chunked alphabetically by English gloss — a full per-sense-cluster split for 25 different multi-sense words was judged not worth the effort relative to alphabetical chunking, which still keeps each browsing unit small.
zdnyj2otwv	[ser] urgente	[to be] urgent	reference	topic:map-ser-21	Subtopic split (size rule): es:ser (397) chunked alphabetically by English gloss — a full per-sense-cluster split for 25 different multi-sense words was judged not worth the effort relative to alphabetical chunking, which still keeps each browsing unit small.
44vve9o82w	[ser] usual	[to be] usual	reference	topic:map-ser-21	Subtopic split (size rule): es:ser (397) chunked alphabetically by English gloss — a full per-sense-cluster split for 25 different multi-sense words was judged not worth the effort relative to alphabetical chunking, which still keeps each browsing unit small.
7xvxjkvr3p	[ser] válido	[to be] valid	reference	topic:map-ser-21	Subtopic split (size rule): es:ser (397) chunked alphabetically by English gloss — a full per-sense-cluster split for 25 different multi-sense words was judged not worth the effort relative to alphabetical chunking, which still keeps each browsing unit small.
xefbpao3le	[ser] valioso	[to be] valuable	reference	topic:map-ser-21	Subtopic split (size rule): es:ser (397) chunked alphabetically by English gloss — a full per-sense-cluster split for 25 different multi-sense words was judged not worth the effort relative to alphabetical chunking, which still keeps each browsing unit small.
sfhkidja4j	[ser] versátil	[to be] versatile	reference	topic:map-ser-21	Subtopic split (size rule): es:ser (397) chunked alphabetically by English gloss — a full per-sense-cluster split for 25 different multi-sense words was judged not worth the effort relative to alphabetical chunking, which still keeps each browsing unit small.
rnoqipnfol	[ser] visible	[to be] visible	reference	topic:map-ser-22|topic:map-ver-2	Subtopic split (size rule): es:ser (397) chunked alphabetically by English gloss — a full per-sense-cluster split for 25 different multi-sense words was judged not worth the effort relative to alphabetical chunking, which still keeps each browsing unit small.
0utix246nk	[ser] visual	[to be] visual	reference	topic:map-ser-22|topic:map-ver-2	Subtopic split (size rule): es:ser (397) chunked alphabetically by English gloss — a full per-sense-cluster split for 25 different multi-sense words was judged not worth the effort relative to alphabetical chunking, which still keeps each browsing unit small.
fq2spprggy	[ser] vívido	[to be] vivid	reference	topic:map-ser-22	Subtopic split (size rule): es:ser (397) chunked alphabetically by English gloss — a full per-sense-cluster split for 25 different multi-sense words was judged not worth the effort relative to alphabetical chunking, which still keeps each browsing unit small.
8myaw330m4	[ser] volátil	[to be] volatile	reference	topic:map-ser-22	Subtopic split (size rule): es:ser (397) chunked alphabetically by English gloss — a full per-sense-cluster split for 25 different multi-sense words was judged not worth the effort relative to alphabetical chunking, which still keeps each browsing unit small.
avrrauxv1v	[ser] voluntario	[to be] voluntary	reference	topic:map-ser-22	Subtopic split (size rule): es:ser (397) chunked alphabetically by English gloss — a full per-sense-cluster split for 25 different multi-sense words was judged not worth the effort relative to alphabetical chunking, which still keeps each browsing unit small.
kqssflfv3m	somos [adjetivo]	we are [adjective]	supporting	topic:map-ser-22	Subtopic split (size rule): es:ser (397) chunked alphabetically by English gloss — a full per-sense-cluster split for 25 different multi-sense words was judged not worth the effort relative to alphabetical chunking, which still keeps each browsing unit small.
d3s5uo0ahx	somos [algo]	we are [something]	core	topic:map-ser-22	Subtopic split (size rule): es:ser (397) chunked alphabetically by English gloss — a full per-sense-cluster split for 25 different multi-sense words was judged not worth the effort relative to alphabetical chunking, which still keeps each browsing unit small.
ht2nxiu107	somos de [un lugar]	we are from [a place]	core	topic:map-ser-22	Subtopic split (size rule): es:ser (397) chunked alphabetically by English gloss — a full per-sense-cluster split for 25 different multi-sense words was judged not worth the effort relative to alphabetical chunking, which still keeps each browsing unit small.
7grhjsaoa0	[ser] conocido	[to be] well-known	reference	topic:map-ser-22	Subtopic split (size rule): es:ser (397) chunked alphabetically by English gloss — a full per-sense-cluster split for 25 different multi-sense words was judged not worth the effort relative to alphabetical chunking, which still keeps each browsing unit small.
zitwttv8hl	[ser] blanco	[to be] white	supporting	topic:map-ser-22	Subtopic split (size rule): es:ser (397) chunked alphabetically by English gloss — a full per-sense-cluster split for 25 different multi-sense words was judged not worth the effort relative to alphabetical chunking, which still keeps each browsing unit small.
9dj6rqtp3w	[ser] sabio	[to be] wise	reference	topic:map-ser-22	Subtopic split (size rule): es:ser (397) chunked alphabetically by English gloss — a full per-sense-cluster split for 25 different multi-sense words was judged not worth the effort relative to alphabetical chunking, which still keeps each browsing unit small.
6rgyh7ngls	[ser] laboral	[to be] work-related	reference	topic:map-ser-22	Subtopic split (size rule): es:ser (397) chunked alphabetically by English gloss — a full per-sense-cluster split for 25 different multi-sense words was judged not worth the effort relative to alphabetical chunking, which still keeps each browsing unit small.
0m5xag1eng	[ser] incorrecto	[to be] wrong	reference	topic:map-ser-22	Subtopic split (size rule): es:ser (397) chunked alphabetically by English gloss — a full per-sense-cluster split for 25 different multi-sense words was judged not worth the effort relative to alphabetical chunking, which still keeps each browsing unit small.
dypln0ds39	[ser] amarillo	[to be] yellow	supporting	topic:map-ser-22	Subtopic split (size rule): es:ser (397) chunked alphabetically by English gloss — a full per-sense-cluster split for 25 different multi-sense words was judged not worth the effort relative to alphabetical chunking, which still keeps each browsing unit small.
hfip8vre8c	eres [adjetivo]	you are [adjective]	supporting	topic:map-ser-22	Subtopic split (size rule): es:ser (397) chunked alphabetically by English gloss — a full per-sense-cluster split for 25 different multi-sense words was judged not worth the effort relative to alphabetical chunking, which still keeps each browsing unit small.
0rv1zmpu5c	eres [algo]	you are [something]	core	topic:map-ser-22	Subtopic split (size rule): es:ser (397) chunked alphabetically by English gloss — a full per-sense-cluster split for 25 different multi-sense words was judged not worth the effort relative to alphabetical chunking, which still keeps each browsing unit small.
6zy7d60lhd	eres de [un lugar]	you are from [a place]	core	topic:map-ser-22	Subtopic split (size rule): es:ser (397) chunked alphabetically by English gloss — a full per-sense-cluster split for 25 different multi-sense words was judged not worth the effort relative to alphabetical chunking, which still keeps each browsing unit small.
o76acaxaxw	[ser] joven	[to be] young	supporting	topic:map-ser-22	Subtopic split (size rule): es:ser (397) chunked alphabetically by English gloss — a full per-sense-cluster split for 25 different multi-sense words was judged not worth the effort relative to alphabetical chunking, which still keeps each browsing unit small.
eumyulu0a5	[ser] juvenil	[to be] youthful	reference	topic:map-ser-23	Subtopic split (size rule): es:ser (397) chunked alphabetically by English gloss — a full per-sense-cluster split for 25 different multi-sense words was judged not worth the effort relative to alphabetical chunking, which still keeps each browsing unit small.
xfvz8hc2n8	[estar] activo	[to be] active	reference	topic:map-estar-1	Subtopic split (size rule): es:estar (111) chunked alphabetically by English gloss — a full per-sense-cluster split for 25 different multi-sense words was judged not worth the effort relative to alphabetical chunking, which still keeps each browsing unit small.
pnonowj90v	[estar] bien	[to be] all right	reference	topic:map-estar-1	Subtopic split (size rule): es:estar (111) chunked alphabetically by English gloss — a full per-sense-cluster split for 25 different multi-sense words was judged not worth the effort relative to alphabetical chunking, which still keeps each browsing unit small.
zghjiilqvy	[estar] solo	[to be] alone	reference	topic:map-estar-1	Subtopic split (size rule): es:estar (111) chunked alphabetically by English gloss — a full per-sense-cluster split for 25 different multi-sense words was judged not worth the effort relative to alphabetical chunking, which still keeps each browsing unit small.
qcjby6hnvc	[estar] bien	[to be] alright	reference	topic:map-estar-1	Subtopic split (size rule): es:estar (111) chunked alphabetically by English gloss — a full per-sense-cluster split for 25 different multi-sense words was judged not worth the effort relative to alphabetical chunking, which still keeps each browsing unit small.
yet9gjs718	¿Están listos?	Are they ready?	supporting	topic:map-estar-1	Subtopic split (size rule): es:estar (111) chunked alphabetically by English gloss — a full per-sense-cluster split for 25 different multi-sense words was judged not worth the effort relative to alphabetical chunking, which still keeps each browsing unit small.
erzwuc6ywd	¿No estás listo?	Aren't you ready?	supporting	topic:map-estar-1	Subtopic split (size rule): es:estar (111) chunked alphabetically by English gloss — a full per-sense-cluster split for 25 different multi-sense words was judged not worth the effort relative to alphabetical chunking, which still keeps each browsing unit small.
4lo9q0j4yd	[estar] libre	[to be] available	reference	topic:map-estar-1	Subtopic split (size rule): es:estar (111) chunked alphabetically by English gloss — a full per-sense-cluster split for 25 different multi-sense words was judged not worth the effort relative to alphabetical chunking, which still keeps each browsing unit small.
a12miruf57	[estar] disponible	[to be] available	supporting	topic:map-estar-1	Subtopic split (size rule): es:estar (111) chunked alphabetically by English gloss — a full per-sense-cluster split for 25 different multi-sense words was judged not worth the effort relative to alphabetical chunking, which still keeps each browsing unit small.
ta7tkxiwoz	[estar] ausente	[to be] away	reference	topic:map-estar-1	Subtopic split (size rule): es:estar (111) chunked alphabetically by English gloss — a full per-sense-cluster split for 25 different multi-sense words was judged not worth the effort relative to alphabetical chunking, which still keeps each browsing unit small.
9v5e2r6rkb	[estar] en blanco	[to be] blank	reference	topic:map-estar-1	Subtopic split (size rule): es:estar (111) chunked alphabetically by English gloss — a full per-sense-cluster split for 25 different multi-sense words was judged not worth the effort relative to alphabetical chunking, which still keeps each browsing unit small.
vfjhy0rgs4	[estar] aburrido	[to be] bored	supporting	topic:map-estar-1	Subtopic split (size rule): es:estar (111) chunked alphabetically by English gloss — a full per-sense-cluster split for 25 different multi-sense words was judged not worth the effort relative to alphabetical chunking, which still keeps each browsing unit small.
61km55vsoh	[estar] ocupado	[to be] busy	supporting	topic:map-estar-1	Subtopic split (size rule): es:estar (111) chunked alphabetically by English gloss — a full per-sense-cluster split for 25 different multi-sense words was judged not worth the effort relative to alphabetical chunking, which still keeps each browsing unit small.
45izdwmxbd	estar ansioso por que [ocurra algo]	can hardly wait for [something] to happen	reference	topic:map-estar-1	Subtopic split (size rule): es:estar (111) chunked alphabetically by English gloss — a full per-sense-cluster split for 25 different multi-sense words was judged not worth the effort relative to alphabetical chunking, which still keeps each browsing unit small.
py3amhoaz5	[estar] lleno	[to be] crowded	reference	topic:map-estar-1	Subtopic split (size rule): es:estar (111) chunked alphabetically by English gloss — a full per-sense-cluster split for 25 different multi-sense words was judged not worth the effort relative to alphabetical chunking, which still keeps each browsing unit small.
fvrw94ns16	[estar] muerto	[to be] dead	reference	topic:map-estar-1	Subtopic split (size rule): es:estar (111) chunked alphabetically by English gloss — a full per-sense-cluster split for 25 different multi-sense words was judged not worth the effort relative to alphabetical chunking, which still keeps each browsing unit small.
km539emf2l	[estar] terminado	[to be] done	supporting	topic:map-estar-1	Subtopic split (size rule): es:estar (111) chunked alphabetically by English gloss — a full per-sense-cluster split for 25 different multi-sense words was judged not worth the effort relative to alphabetical chunking, which still keeps each browsing unit small.
sk7qkjn915	[estar] previsto	[to be] due	reference	topic:map-estar-1	Subtopic split (size rule): es:estar (111) chunked alphabetically by English gloss — a full per-sense-cluster split for 25 different multi-sense words was judged not worth the effort relative to alphabetical chunking, which still keeps each browsing unit small.
4z8q6xymuc	[estar] muerto de cansancio	[to be] exhausted	reference	topic:map-estar-1	Subtopic split (size rule): es:estar (111) chunked alphabetically by English gloss — a full per-sense-cluster split for 25 different multi-sense words was judged not worth the effort relative to alphabetical chunking, which still keeps each browsing unit small.
me7opeedkf	[estar] bien	[to be] fine	reference	topic:map-estar-2	Subtopic split (size rule): es:estar (111) chunked alphabetically by English gloss — a full per-sense-cluster split for 25 different multi-sense words was judged not worth the effort relative to alphabetical chunking, which still keeps each browsing unit small.
897t46ipdb	[estar] acabado	[to be] finished	reference	topic:map-estar-2	Subtopic split (size rule): es:estar (111) chunked alphabetically by English gloss — a full per-sense-cluster split for 25 different multi-sense words was judged not worth the effort relative to alphabetical chunking, which still keeps each browsing unit small.
6ittn2yy6r	[estar] prevenido	[to be] forearmed	reference	topic:map-estar-2	Subtopic split (size rule): es:estar (111) chunked alphabetically by English gloss — a full per-sense-cluster split for 25 different multi-sense words was judged not worth the effort relative to alphabetical chunking, which still keeps each browsing unit small.
lc0faais7l	[estar] libre	[to be] free	reference	topic:map-estar-2	Subtopic split (size rule): es:estar (111) chunked alphabetically by English gloss — a full per-sense-cluster split for 25 different multi-sense words was judged not worth the effort relative to alphabetical chunking, which still keeps each browsing unit small.
nc5yb5f5cn	[estar] disponible	[to be] free	reference	topic:map-estar-2	Subtopic split (size rule): es:estar (111) chunked alphabetically by English gloss — a full per-sense-cluster split for 25 different multi-sense words was judged not worth the effort relative to alphabetical chunking, which still keeps each browsing unit small.
x9b39jxzcj	[estar] lleno	[to be] full	reference	topic:map-estar-2	Subtopic split (size rule): es:estar (111) chunked alphabetically by English gloss — a full per-sense-cluster split for 25 different multi-sense words was judged not worth the effort relative to alphabetical chunking, which still keeps each browsing unit small.
q8bc2trq23	[estar] lleno de [algo]	[to be] full of [something]	reference	topic:map-estar-2	Subtopic split (size rule): es:estar (111) chunked alphabetically by English gloss — a full per-sense-cluster split for 25 different multi-sense words was judged not worth the effort relative to alphabetical chunking, which still keeps each browsing unit small.
dnm638drfa	¿cómo estar [alguien]?	how is [somebody] feeling?	supporting	topic:map-estar-2	Subtopic split (size rule): es:estar (111) chunked alphabetically by English gloss — a full per-sense-cluster split for 25 different multi-sense words was judged not worth the effort relative to alphabetical chunking, which still keeps each browsing unit small.
4uptsafx20	estoy [haciendo algo]	I am [doing something]	core	topic:map-estar-2	Subtopic split (size rule): es:estar (111) chunked alphabetically by English gloss — a full per-sense-cluster split for 25 different multi-sense words was judged not worth the effort relative to alphabetical chunking, which still keeps each browsing unit small.
93wmoiwink	estoy [en un estado o lugar]	I am [somewhere or feeling something]	core	topic:map-estar-2	Subtopic split (size rule): es:estar (111) chunked alphabetically by English gloss — a full per-sense-cluster split for 25 different multi-sense words was judged not worth the effort relative to alphabetical chunking, which still keeps each browsing unit small.
waj96uzzcf	No estaba listo.	I wasn't ready.	supporting	topic:map-estar-2	Subtopic split (size rule): es:estar (111) chunked alphabetically by English gloss — a full per-sense-cluster split for 25 different multi-sense words was judged not worth the effort relative to alphabetical chunking, which still keeps each browsing unit small.
afevkeg23w	[estar] enamorado de [alguien]	[to be] in love with [somebody]	reference	topic:map-estar-2	Subtopic split (size rule): es:estar (111) chunked alphabetically by English gloss — a full per-sense-cluster split for 25 different multi-sense words was judged not worth the effort relative to alphabetical chunking, which still keeps each browsing unit small.
e3c7jcskou	[estar] intacto	[to be] intact	reference	topic:map-estar-2	Subtopic split (size rule): es:estar (111) chunked alphabetically by English gloss — a full per-sense-cluster split for 25 different multi-sense words was judged not worth the effort relative to alphabetical chunking, which still keeps each browsing unit small.
mdayqm9som	[estar] interesado en [algo]	[to be] interested in [something]	supporting	topic:map-estar-2	Subtopic split (size rule): es:estar (111) chunked alphabetically by English gloss — a full per-sense-cluster split for 25 different multi-sense words was judged not worth the effort relative to alphabetical chunking, which still keeps each browsing unit small.
9yf8jsp2b1	está [haciendo algo]	is [doing something]	core	topic:map-estar-2	Subtopic split (size rule): es:estar (111) chunked alphabetically by English gloss — a full per-sense-cluster split for 25 different multi-sense words was judged not worth the effort relative to alphabetical chunking, which still keeps each browsing unit small.
spnqzmy3g5	¿[alguien] está [haciendo algo]?	is [somebody] [doing something]?	core	topic:map-estar-2	Subtopic split (size rule): es:estar (111) chunked alphabetically by English gloss — a full per-sense-cluster split for 25 different multi-sense words was judged not worth the effort relative to alphabetical chunking, which still keeps each browsing unit small.
zs2vl4oxdq	está [en un estado o lugar]	is [somewhere or feeling something]	core	topic:map-estar-2	Subtopic split (size rule): es:estar (111) chunked alphabetically by English gloss — a full per-sense-cluster split for 25 different multi-sense words was judged not worth the effort relative to alphabetical chunking, which still keeps each browsing unit small.
xc8k68t746	[estar] retrasado	[to be] late	supporting	topic:map-estar-2	Subtopic split (size rule): es:estar (111) chunked alphabetically by English gloss — a full per-sense-cluster split for 25 different multi-sense words was judged not worth the effort relative to alphabetical chunking, which still keeps each browsing unit small.
ml2usxu7by	[estar] perdido	[to be] lost	supporting	topic:map-estar-3	Subtopic split (size rule): es:estar (111) chunked alphabetically by English gloss — a full per-sense-cluster split for 25 different multi-sense words was judged not worth the effort relative to alphabetical chunking, which still keeps each browsing unit small.
0v47ifpsxd	[estar] casado con [alguien]	[to be] married to [somebody]	supporting	topic:map-estar-3	Subtopic split (size rule): es:estar (111) chunked alphabetically by English gloss — a full per-sense-cluster split for 25 different multi-sense words was judged not worth the effort relative to alphabetical chunking, which still keeps each browsing unit small.
5unz3dwyz7	estar prohibido [hacer algo]	must not [do something]	supporting	topic:map-estar-3	Subtopic split (size rule): es:estar (111) chunked alphabetically by English gloss — a full per-sense-cluster split for 25 different multi-sense words was judged not worth the effort relative to alphabetical chunking, which still keeps each browsing unit small.
ytzftmquqs	estar prohibido [hacer algo]	mustn't [do something]	supporting	topic:map-estar-3	Subtopic split (size rule): es:estar (111) chunked alphabetically by English gloss — a full per-sense-cluster split for 25 different multi-sense words was judged not worth the effort relative to alphabetical chunking, which still keeps each browsing unit small.
mwj16sct56	[estar] nervioso	[to be] nervous	reference	topic:map-estar-3	Subtopic split (size rule): es:estar (111) chunked alphabetically by English gloss — a full per-sense-cluster split for 25 different multi-sense words was judged not worth the effort relative to alphabetical chunking, which still keeps each browsing unit small.
c5f9nw0nq0	[estar] junto a [alguien/algo]	[to be] next to [somebody/something]	reference	topic:map-estar-3	Subtopic split (size rule): es:estar (111) chunked alphabetically by English gloss — a full per-sense-cluster split for 25 different multi-sense words was judged not worth the effort relative to alphabetical chunking, which still keeps each browsing unit small.
ltyh3i8eqd	[estar] ocupado	[to be] occupied	reference	topic:map-estar-3	Subtopic split (size rule): es:estar (111) chunked alphabetically by English gloss — a full per-sense-cluster split for 25 different multi-sense words was judged not worth the effort relative to alphabetical chunking, which still keeps each browsing unit small.
lv3d9lcju3	[estar] abierto	[to be] open	supporting	topic:map-estar-3	Subtopic split (size rule): es:estar (111) chunked alphabetically by English gloss — a full per-sense-cluster split for 25 different multi-sense words was judged not worth the effort relative to alphabetical chunking, which still keeps each browsing unit small.
nb4w5o0cgc	[estar] pensativo	[to be] pensive	reference	topic:map-estar-3	Subtopic split (size rule): es:estar (111) chunked alphabetically by English gloss — a full per-sense-cluster split for 25 different multi-sense words was judged not worth the effort relative to alphabetical chunking, which still keeps each browsing unit small.
ssutiy77xr	[estar] presente	[to be] present	reference	topic:map-estar-3	Subtopic split (size rule): es:estar (111) chunked alphabetically by English gloss — a full per-sense-cluster split for 25 different multi-sense words was judged not worth the effort relative to alphabetical chunking, which still keeps each browsing unit small.
zgccmkmabz	[estar] listo	[to be] ready	core	topic:map-estar-3	Subtopic split (size rule): es:estar (111) chunked alphabetically by English gloss — a full per-sense-cluster split for 25 different multi-sense words was judged not worth the effort relative to alphabetical chunking, which still keeps each browsing unit small.
p83sgqivs1	[estar] dispuesto a [hacer algo]	[to be] ready to [do something]	reference	topic:map-estar-3	Subtopic split (size rule): es:estar (111) chunked alphabetically by English gloss — a full per-sense-cluster split for 25 different multi-sense words was judged not worth the effort relative to alphabetical chunking, which still keeps each browsing unit small.
lhyo4c7kq5	[estar] rígido	[to be] rigid	reference	topic:map-estar-3	Subtopic split (size rule): es:estar (111) chunked alphabetically by English gloss — a full per-sense-cluster split for 25 different multi-sense words was judged not worth the effort relative to alphabetical chunking, which still keeps each browsing unit small.
z15w4qnu5h	[estar] estable	[to be] stable	reference	topic:map-estar-3	Subtopic split (size rule): es:estar (111) chunked alphabetically by English gloss — a full per-sense-cluster split for 25 different multi-sense words was judged not worth the effort relative to alphabetical chunking, which still keeps each browsing unit small.
i906c8x5c2	[estar] seguro de [algo]	[to be] sure about [something]	supporting	topic:map-estar-3	Subtopic split (size rule): es:estar (111) chunked alphabetically by English gloss — a full per-sense-cluster split for 25 different multi-sense words was judged not worth the effort relative to alphabetical chunking, which still keeps each browsing unit small.
bb48xm25wt	están [haciendo algo]	they are [doing something]	core	topic:map-estar-3	Subtopic split (size rule): es:estar (111) chunked alphabetically by English gloss — a full per-sense-cluster split for 25 different multi-sense words was judged not worth the effort relative to alphabetical chunking, which still keeps each browsing unit small.
widbvn1zzj	están [en un estado o lugar]	they are [somewhere or feeling something]	supporting	topic:map-estar-3	Subtopic split (size rule): es:estar (111) chunked alphabetically by English gloss — a full per-sense-cluster split for 25 different multi-sense words was judged not worth the effort relative to alphabetical chunking, which still keeps each browsing unit small.
5tbq59flnh	No estaban en casa.	They weren't home.	supporting	topic:map-estar-3	Subtopic split (size rule): es:estar (111) chunked alphabetically by English gloss — a full per-sense-cluster split for 25 different multi-sense words was judged not worth the effort relative to alphabetical chunking, which still keeps each browsing unit small.
f5h0hvcv1d	estar de acuerdo	to agree	supporting	topic:map-estar-4	Subtopic split (size rule): es:estar (111) chunked alphabetically by English gloss — a full per-sense-cluster split for 25 different multi-sense words was judged not worth the effort relative to alphabetical chunking, which still keeps each browsing unit small.
zjixrrmhoh	estar de acuerdo ==> el acuerdo	to agree ==> the agreement	reference	topic:map-estar-4	Subtopic split (size rule): es:estar (111) chunked alphabetically by English gloss — a full per-sense-cluster split for 25 different multi-sense words was judged not worth the effort relative to alphabetical chunking, which still keeps each browsing unit small.
ytr81haq2m	estar de acuerdo ==> estar en desacuerdo	to agree ==> to disagree	supporting	topic:map-estar-4	Subtopic split (size rule): es:estar (111) chunked alphabetically by English gloss — a full per-sense-cluster split for 25 different multi-sense words was judged not worth the effort relative to alphabetical chunking, which still keeps each browsing unit small.
oyxzv5jbvk	estar de acuerdo con [alguien]	to agree with [somebody]	reference	topic:map-estar-4	Subtopic split (size rule): es:estar (111) chunked alphabetically by English gloss — a full per-sense-cluster split for 25 different multi-sense words was judged not worth the effort relative to alphabetical chunking, which still keeps each browsing unit small.
f2zryn85p8	estar [haciendo algo]	to be [doing something]	core	topic:map-estar-4	Subtopic split (size rule): es:estar (111) chunked alphabetically by English gloss — a full per-sense-cluster split for 25 different multi-sense words was judged not worth the effort relative to alphabetical chunking, which still keeps each browsing unit small.
ft6li4zkws	estar [adverbio de frecuencia] [estado]	to be [frequency adverb] [state]	supporting	topic:map-estar-4	Subtopic split (size rule): es:estar (111) chunked alphabetically by English gloss — a full per-sense-cluster split for 25 different multi-sense words was judged not worth the effort relative to alphabetical chunking, which still keeps each browsing unit small.
obf74hel79	estar [en un lugar]	to be [in a place]	core	topic:map-estar-4	Subtopic split (size rule): es:estar (111) chunked alphabetically by English gloss — a full per-sense-cluster split for 25 different multi-sense words was judged not worth the effort relative to alphabetical chunking, which still keeps each browsing unit small.
nqyror4j5f	estar [en un estado]	to be [in a state]	core	topic:map-estar-4	Subtopic split (size rule): es:estar (111) chunked alphabetically by English gloss — a full per-sense-cluster split for 25 different multi-sense words was judged not worth the effort relative to alphabetical chunking, which still keeps each browsing unit small.
715ron2lud	estar ==> está	to be ==> is	supporting	topic:map-estar-4	Subtopic split (size rule): es:estar (111) chunked alphabetically by English gloss — a full per-sense-cluster split for 25 different multi-sense words was judged not worth the effort relative to alphabetical chunking, which still keeps each browsing unit small.
e6gbegp44a	estar a punto de [hacer algo]	to be about to [do something]	supporting	topic:map-estar-4	Subtopic split (size rule): es:estar (111) chunked alphabetically by English gloss — a full per-sense-cluster split for 25 different multi-sense words was judged not worth the effort relative to alphabetical chunking, which still keeps each browsing unit small.
b2kvvgg1ke	estar por [hacer algo]	to be about to [do something]	reference	topic:map-estar-4	Subtopic split (size rule): es:estar (111) chunked alphabetically by English gloss — a full per-sense-cluster split for 25 different multi-sense words was judged not worth the effort relative to alphabetical chunking, which still keeps each browsing unit small.
j1gh57080u	estar frente a [algo]	to be across from [something]	reference	topic:map-estar-4	Subtopic split (size rule): es:estar (111) chunked alphabetically by English gloss — a full per-sense-cluster split for 25 different multi-sense words was judged not worth the effort relative to alphabetical chunking, which still keeps each browsing unit small.
bvc9f4ew19	estar activo ==> la actividad	to be active ==> the activity	reference	topic:map-estar-4	Subtopic split (size rule): es:estar (111) chunked alphabetically by English gloss — a full per-sense-cluster split for 25 different multi-sense words was judged not worth the effort relative to alphabetical chunking, which still keeps each browsing unit small.
nfursmvnpb	estar en contra de [algo]	to be against [something]	reference	topic:map-estar-4	Subtopic split (size rule): es:estar (111) chunked alphabetically by English gloss — a full per-sense-cluster split for 25 different multi-sense words was judged not worth the effort relative to alphabetical chunking, which still keeps each browsing unit small.
8g7yjhzzf4	estar entre [personas]	to be among [people]	reference	topic:map-estar-4	Subtopic split (size rule): es:estar (111) chunked alphabetically by English gloss — a full per-sense-cluster split for 25 different multi-sense words was judged not worth the effort relative to alphabetical chunking, which still keeps each browsing unit small.
43l3giqx0c	estar disponible ==> la disponibilidad	to be available ==> the availability	reference	topic:map-estar-4	Subtopic split (size rule): es:estar (111) chunked alphabetically by English gloss — a full per-sense-cluster split for 25 different multi-sense words was judged not worth the effort relative to alphabetical chunking, which still keeps each browsing unit small.
d495hfe6co	estar al tanto de [algo]	to be aware of [something]	reference	topic:map-estar-4	Subtopic split (size rule): es:estar (111) chunked alphabetically by English gloss — a full per-sense-cluster split for 25 different multi-sense words was judged not worth the effort relative to alphabetical chunking, which still keeps each browsing unit small.
qyef4ces9y	estar consciente de [algo] ==> la conciencia	to be aware of [something] ==> the awareness	reference	topic:map-estar-4	Subtopic split (size rule): es:estar (111) chunked alphabetically by English gloss — a full per-sense-cluster split for 25 different multi-sense words was judged not worth the effort relative to alphabetical chunking, which still keeps each browsing unit small.
r2sms8158b	estar aburrido ==> el aburrimiento	to be bored ==> the boredom	reference	topic:map-estar-5	Subtopic split (size rule): es:estar (111) chunked alphabetically by English gloss — a full per-sense-cluster split for 25 different multi-sense words was judged not worth the effort relative to alphabetical chunking, which still keeps each browsing unit small.
vbyvw1ar60	estar frío ==> estar algo frío	to be cold ==> to be coldish	reference	topic:map-estar-5	Subtopic split (size rule): es:estar (111) chunked alphabetically by English gloss — a full per-sense-cluster split for 25 different multi-sense words was judged not worth the effort relative to alphabetical chunking, which still keeps each browsing unit small.
6du2hkieee	estar muerto ==> la muerte	to be dead ==> the death	reference	topic:map-estar-5	Subtopic split (size rule): es:estar (111) chunked alphabetically by English gloss — a full per-sense-cluster split for 25 different multi-sense words was judged not worth the effort relative to alphabetical chunking, which still keeps each browsing unit small.
jo1ruoxv9h	estar aquí	to be here	supporting	topic:map-estar-5	Subtopic split (size rule): es:estar (111) chunked alphabetically by English gloss — a full per-sense-cluster split for 25 different multi-sense words was judged not worth the effort relative to alphabetical chunking, which still keeps each browsing unit small.
tozoznqlli	estar sin esperanza ==> la desesperanza	to be hopeless ==> the hopelessness	reference	topic:map-estar-5	Subtopic split (size rule): es:estar (111) chunked alphabetically by English gloss — a full per-sense-cluster split for 25 different multi-sense words was judged not worth the effort relative to alphabetical chunking, which still keeps each browsing unit small.
yx2twx4lyf	estar enfermo ==> la enfermedad	to be ill ==> the illness	reference	topic:map-estar-5	Subtopic split (size rule): es:estar (111) chunked alphabetically by English gloss — a full per-sense-cluster split for 25 different multi-sense words was judged not worth the effort relative to alphabetical chunking, which still keeps each browsing unit small.
p76va4jmyy	estar a cargo de [algo]	to be in charge of [something]	reference	topic:map-estar-5	Subtopic split (size rule): es:estar (111) chunked alphabetically by English gloss — a full per-sense-cluster split for 25 different multi-sense words was judged not worth the effort relative to alphabetical chunking, which still keeps each browsing unit small.
nse7vj3fbs	estar encargado de [algo]	to be in charge of [something]	reference	topic:map-estar-5	Subtopic split (size rule): es:estar (111) chunked alphabetically by English gloss — a full per-sense-cluster split for 25 different multi-sense words was judged not worth the effort relative to alphabetical chunking, which still keeps each browsing unit small.
6ywiv1c0l5	estar a favor de [algo]	to be in favor of [something]	reference	topic:map-estar-5	Subtopic split (size rule): es:estar (111) chunked alphabetically by English gloss — a full per-sense-cluster split for 25 different multi-sense words was judged not worth the effort relative to alphabetical chunking, which still keeps each browsing unit small.
e1kkk7zc7e	estar adentro	to be inside	supporting	topic:map-estar-5	Subtopic split (size rule): es:estar (111) chunked alphabetically by English gloss — a full per-sense-cluster split for 25 different multi-sense words was judged not worth the effort relative to alphabetical chunking, which still keeps each browsing unit small.
fbhhwzgo6j	estar apagado	to be off	supporting	topic:map-estar-5	Subtopic split (size rule): es:estar (111) chunked alphabetically by English gloss — a full per-sense-cluster split for 25 different multi-sense words was judged not worth the effort relative to alphabetical chunking, which still keeps each browsing unit small.
8pa5w8lhu0	estar bien	to be okay	core	topic:map-estar-5	Subtopic split (size rule): es:estar (111) chunked alphabetically by English gloss — a full per-sense-cluster split for 25 different multi-sense words was judged not worth the effort relative to alphabetical chunking, which still keeps each browsing unit small.
q603v2185b	estar bien ==> estar más o menos bien	to be okay ==> to be okay-ish	reference	topic:map-estar-5	Subtopic split (size rule): es:estar (111) chunked alphabetically by English gloss — a full per-sense-cluster split for 25 different multi-sense words was judged not worth the effort relative to alphabetical chunking, which still keeps each browsing unit small.
vx5dkts0j1	estar encendido	to be on	supporting	topic:map-estar-5	Subtopic split (size rule): es:estar (111) chunked alphabetically by English gloss — a full per-sense-cluster split for 25 different multi-sense words was judged not worth the effort relative to alphabetical chunking, which still keeps each browsing unit small.
x9rvf35d7y	estar a tiempo	to be on time	supporting	topic:map-estar-5	Subtopic split (size rule): es:estar (111) chunked alphabetically by English gloss — a full per-sense-cluster split for 25 different multi-sense words was judged not worth the effort relative to alphabetical chunking, which still keeps each browsing unit small.
ahj6apo9ri	estar de vacaciones	to be on vacation	reference	topic:map-estar-5	Subtopic split (size rule): es:estar (111) chunked alphabetically by English gloss — a full per-sense-cluster split for 25 different multi-sense words was judged not worth the effort relative to alphabetical chunking, which still keeps each browsing unit small.
gha0bijm3j	estar fuera	to be out	reference	topic:map-estar-5	Subtopic split (size rule): es:estar (111) chunked alphabetically by English gloss — a full per-sense-cluster split for 25 different multi-sense words was judged not worth the effort relative to alphabetical chunking, which still keeps each browsing unit small.
27pb5p676r	estar afuera	to be outside	supporting	topic:map-estar-5	Subtopic split (size rule): es:estar (111) chunked alphabetically by English gloss — a full per-sense-cluster split for 25 different multi-sense words was judged not worth the effort relative to alphabetical chunking, which still keeps each browsing unit small.
c0ycs4sr3d	estar listo ==> la preparación	to be ready ==> the readiness	reference	topic:map-estar-6	Subtopic split (size rule): es:estar (111) chunked alphabetically by English gloss — a full per-sense-cluster split for 25 different multi-sense words was judged not worth the effort relative to alphabetical chunking, which still keeps each browsing unit small.
z5nq5xkxnd	estar listo ==> estar más o menos listo	to be ready ==> to be ready-ish	reference	topic:map-estar-6	Subtopic split (size rule): es:estar (111) chunked alphabetically by English gloss — a full per-sense-cluster split for 25 different multi-sense words was judged not worth the effort relative to alphabetical chunking, which still keeps each browsing unit small.
i2sih4q1lh	estar en lo cierto	to be right	reference	topic:map-estar-6	Subtopic split (size rule): es:estar (111) chunked alphabetically by English gloss — a full per-sense-cluster split for 25 different multi-sense words was judged not worth the effort relative to alphabetical chunking, which still keeps each browsing unit small.
bz9j3yr4at	estar ambientado en [un lugar o época]	to be set in [a place or time]	reference	topic:map-estar-6|topic:map-poner-1	Subtopic split (size rule): es:estar (111) chunked alphabetically by English gloss — a full per-sense-cluster split for 25 different multi-sense words was judged not worth the effort relative to alphabetical chunking, which still keeps each browsing unit small.
vf8v3tcztr	estar sentado	to be sitting	reference	topic:map-estar-6	Subtopic split (size rule): es:estar (111) chunked alphabetically by English gloss — a full per-sense-cluster split for 25 different multi-sense words was judged not worth the effort relative to alphabetical chunking, which still keeps each browsing unit small.
myuguvt6ul	estar de pie	to be standing	reference	topic:map-estar-6	Subtopic split (size rule): es:estar (111) chunked alphabetically by English gloss — a full per-sense-cluster split for 25 different multi-sense words was judged not worth the effort relative to alphabetical chunking, which still keeps each browsing unit small.
bvwjgfiqzf	estar mal	to be unwell	reference	topic:map-estar-6	Subtopic split (size rule): es:estar (111) chunked alphabetically by English gloss — a full per-sense-cluster split for 25 different multi-sense words was judged not worth the effort relative to alphabetical chunking, which still keeps each browsing unit small.
vbtrrcbmlc	estar cálido ==> la calidez	to be warm ==> the warmth	reference	topic:map-estar-6	Subtopic split (size rule): es:estar (111) chunked alphabetically by English gloss — a full per-sense-cluster split for 25 different multi-sense words was judged not worth the effort relative to alphabetical chunking, which still keeps each browsing unit small.
9qzgymygsa	estar mal	to be wrong	reference	topic:map-estar-6	Subtopic split (size rule): es:estar (111) chunked alphabetically by English gloss — a full per-sense-cluster split for 25 different multi-sense words was judged not worth the effort relative to alphabetical chunking, which still keeps each browsing unit small.
1ers9if1ue	[estar] juntos	[to be] together	reference	topic:map-estar-6	Subtopic split (size rule): es:estar (111) chunked alphabetically by English gloss — a full per-sense-cluster split for 25 different multi-sense words was judged not worth the effort relative to alphabetical chunking, which still keeps each browsing unit small.
grd35t3yb8	[estar] acostumbrado a [algo]	[to be] used to [something]	supporting	topic:map-estar-6	Subtopic split (size rule): es:estar (111) chunked alphabetically by English gloss — a full per-sense-cluster split for 25 different multi-sense words was judged not worth the effort relative to alphabetical chunking, which still keeps each browsing unit small.
5pzoflm3f4	[alguien] estaba [haciendo algo]	[somebody] was [doing something]	supporting	topic:map-estar-6	Subtopic split (size rule): es:estar (111) chunked alphabetically by English gloss — a full per-sense-cluster split for 25 different multi-sense words was judged not worth the effort relative to alphabetical chunking, which still keeps each browsing unit small.
jsajob6okd	¿[alguien] estaba [haciendo algo]?	was [somebody] [doing something]?	supporting	topic:map-estar-6	Subtopic split (size rule): es:estar (111) chunked alphabetically by English gloss — a full per-sense-cluster split for 25 different multi-sense words was judged not worth the effort relative to alphabetical chunking, which still keeps each browsing unit small.
4e3tp75nnw	estamos [haciendo algo]	we are [doing something]	core	topic:map-estar-6	Subtopic split (size rule): es:estar (111) chunked alphabetically by English gloss — a full per-sense-cluster split for 25 different multi-sense words was judged not worth the effort relative to alphabetical chunking, which still keeps each browsing unit small.
kaq1f0slza	estamos [en un estado o lugar]	we are [somewhere or feeling something]	supporting	topic:map-estar-6	Subtopic split (size rule): es:estar (111) chunked alphabetically by English gloss — a full per-sense-cluster split for 25 different multi-sense words was judged not worth the effort relative to alphabetical chunking, which still keeps each browsing unit small.
grd7p3e7kw	[estar] bien pensado	[to be] well thought out	reference	topic:map-estar-6	Subtopic split (size rule): es:estar (111) chunked alphabetically by English gloss — a full per-sense-cluster split for 25 different multi-sense words was judged not worth the effort relative to alphabetical chunking, which still keeps each browsing unit small.
bvjzllj20d	¿[estabas haciendo algo]?	were you [doing something]?	supporting	topic:map-estar-6	Subtopic split (size rule): es:estar (111) chunked alphabetically by English gloss — a full per-sense-cluster split for 25 different multi-sense words was judged not worth the effort relative to alphabetical chunking, which still keeps each browsing unit small.
g6oc9u02od	[estar] dispuesto a [hacer algo]	[to be] willing to [do something]	reference	topic:map-estar-6	Subtopic split (size rule): es:estar (111) chunked alphabetically by English gloss — a full per-sense-cluster split for 25 different multi-sense words was judged not worth the effort relative to alphabetical chunking, which still keeps each browsing unit small.
97xjph1sfx	[estar] equivocado	[to be] wrong	supporting	topic:map-estar-7	Subtopic split (size rule): es:estar (111) chunked alphabetically by English gloss — a full per-sense-cluster split for 25 different multi-sense words was judged not worth the effort relative to alphabetical chunking, which still keeps each browsing unit small.
g2rq6v6czz	estás [haciendo algo]	you are [doing something]	core	topic:map-estar-7	Subtopic split (size rule): es:estar (111) chunked alphabetically by English gloss — a full per-sense-cluster split for 25 different multi-sense words was judged not worth the effort relative to alphabetical chunking, which still keeps each browsing unit small.
0k44vohfn6	estás [en un estado o lugar]	you are [somewhere or feeling something]	supporting	topic:map-estar-7	Subtopic split (size rule): es:estar (111) chunked alphabetically by English gloss — a full per-sense-cluster split for 25 different multi-sense words was judged not worth the effort relative to alphabetical chunking, which still keeps each browsing unit small.
zq5mq3d7ig	[ponerse] [adjetivo]	[to get] [adjective]	supporting	topic:map-poner-1	Subtopic split (size rule): es:poner (82) chunked alphabetically by English gloss — a full per-sense-cluster split for 25 different multi-sense words was judged not worth the effort relative to alphabetical chunking, which still keeps each browsing unit small.
8j8l76vwci	[ponerse] [adjetivo]	[to become] [adjective]	supporting	topic:map-poner-1	Subtopic split (size rule): es:poner (82) chunked alphabetically by English gloss — a full per-sense-cluster split for 25 different multi-sense words was judged not worth the effort relative to alphabetical chunking, which still keeps each browsing unit small.
0iqu22mwnf	puesto que [algo sucede]	since [something happens]	reference	topic:map-poner-1	Subtopic split (size rule): es:poner (82) chunked alphabetically by English gloss — a full per-sense-cluster split for 25 different multi-sense words was judged not worth the effort relative to alphabetical chunking, which still keeps each browsing unit small.
fiwt4lp6h7	[el] puesto	the job position	reference	topic:map-poner-1	Subtopic split (size rule): es:poner (82) chunked alphabetically by English gloss — a full per-sense-cluster split for 25 different multi-sense words was judged not worth the effort relative to alphabetical chunking, which still keeps each browsing unit small.
3az2z3o8xh	[el] puesto	the stand	reference	topic:map-poner-1	Subtopic split (size rule): es:poner (82) chunked alphabetically by English gloss — a full per-sense-cluster split for 25 different multi-sense words was judged not worth the effort relative to alphabetical chunking, which still keeps each browsing unit small.
tr18eklsol	[la] puesta de sol	the sunset	reference	topic:map-poner-1|topic:map-de-2	Subtopic split (size rule): es:poner (82) chunked alphabetically by English gloss — a full per-sense-cluster split for 25 different multi-sense words was judged not worth the effort relative to alphabetical chunking, which still keeps each browsing unit small.
lz3nxrm63o	ponerse de acuerdo con [alguien]	to agree with [somebody]	supporting	topic:map-poner-1	Subtopic split (size rule): es:poner (82) chunked alphabetically by English gloss — a full per-sense-cluster split for 25 different multi-sense words was judged not worth the effort relative to alphabetical chunking, which still keeps each browsing unit small.
sga7fa9bp9	ponerse a [hacer algo]	to begin to [do something]	supporting	topic:map-poner-1	Subtopic split (size rule): es:poner (82) chunked alphabetically by English gloss — a full per-sense-cluster split for 25 different multi-sense words was judged not worth the effort relative to alphabetical chunking, which still keeps each browsing unit small.
dq9hw47p1r	ponerse al día con [algo o alguien]	to catch up with [something or somebody]	reference	topic:map-poner-1	Subtopic split (size rule): es:poner (82) chunked alphabetically by English gloss — a full per-sense-cluster split for 25 different multi-sense words was judged not worth the effort relative to alphabetical chunking, which still keeps each browsing unit small.
79080668rq	ponerse en contacto con [alguien]	to get in touch with [somebody]	reference	topic:map-poner-1	Subtopic split (size rule): es:poner (82) chunked alphabetically by English gloss — a full per-sense-cluster split for 25 different multi-sense words was judged not worth the effort relative to alphabetical chunking, which still keeps each browsing unit small.
jwap9vw9gm	ponerle nombre a [algo]	to name [something]	reference	topic:map-poner-1	Subtopic split (size rule): es:poner (82) chunked alphabetically by English gloss — a full per-sense-cluster split for 25 different multi-sense words was judged not worth the effort relative to alphabetical chunking, which still keeps each browsing unit small.
6m87utf0dm	poner atención a [algo]	to pay attention to [something]	reference	topic:map-poner-1	Subtopic split (size rule): es:poner (82) chunked alphabetically by English gloss — a full per-sense-cluster split for 25 different multi-sense words was judged not worth the effort relative to alphabetical chunking, which still keeps each browsing unit small.
3ysg9glgjj	poner [algo] [en algún lugar]	to place [something] [somewhere]	reference	topic:map-poner-1	Subtopic split (size rule): es:poner (82) chunked alphabetically by English gloss — a full per-sense-cluster split for 25 different multi-sense words was judged not worth the effort relative to alphabetical chunking, which still keeps each browsing unit small.
aq5xocbm7o	poner [música o un video]	to play [music or a video]	supporting	topic:map-poner-1	Subtopic split (size rule): es:poner (82) chunked alphabetically by English gloss — a full per-sense-cluster split for 25 different multi-sense words was judged not worth the effort relative to alphabetical chunking, which still keeps each browsing unit small.
c6s5ipa7sg	comunicar [una idea]	to put [an idea] across	reference	topic:map-poner-1	Subtopic split (size rule): es:poner (82) chunked alphabetically by English gloss — a full per-sense-cluster split for 25 different multi-sense words was judged not worth the effort relative to alphabetical chunking, which still keeps each browsing unit small.
srdsgbfh59	proponer [una idea]	to put [an idea] forward	reference	topic:map-poner-1	Subtopic split (size rule): es:poner (82) chunked alphabetically by English gloss — a full per-sense-cluster split for 25 different multi-sense words was judged not worth the effort relative to alphabetical chunking, which still keeps each browsing unit small.
4ifnatwu0r	enfrentar a [alguien] con [alguien]	to put [somebody] against [somebody]	reference	topic:map-poner-1	Subtopic split (size rule): es:poner (82) chunked alphabetically by English gloss — a full per-sense-cluster split for 25 different multi-sense words was judged not worth the effort relative to alphabetical chunking, which still keeps each browsing unit small.
jf2aw2elxh	menospreciar a [alguien]	to put [somebody] down	reference	topic:map-poner-2	Subtopic split (size rule): es:poner (82) chunked alphabetically by English gloss — a full per-sense-cluster split for 25 different multi-sense words was judged not worth the effort relative to alphabetical chunking, which still keeps each browsing unit small.
s8zforv9i3	poner a [alguien] a cargo de [algo]	to put [somebody] in charge of [something]	reference	topic:map-poner-2	Subtopic split (size rule): es:poner (82) chunked alphabetically by English gloss — a full per-sense-cluster split for 25 different multi-sense words was judged not worth the effort relative to alphabetical chunking, which still keeps each browsing unit small.
s6q036agkz	desanimar a [alguien]	to put [somebody] off	reference	topic:map-poner-2	Subtopic split (size rule): es:poner (82) chunked alphabetically by English gloss — a full per-sense-cluster split for 25 different multi-sense words was judged not worth the effort relative to alphabetical chunking, which still keeps each browsing unit small.
bb8a9kyess	avisar a [alguien] sobre [algo]	to put [somebody] onto [something]	reference	topic:map-poner-2	Subtopic split (size rule): es:poner (82) chunked alphabetically by English gloss — a full per-sense-cluster split for 25 different multi-sense words was judged not worth the effort relative to alphabetical chunking, which still keeps each browsing unit small.
1u1hrquecd	molestar a [alguien]	to put [somebody] out	reference	topic:map-poner-2	Subtopic split (size rule): es:poner (82) chunked alphabetically by English gloss — a full per-sense-cluster split for 25 different multi-sense words was judged not worth the effort relative to alphabetical chunking, which still keeps each browsing unit small.
9rl1sd6idk	comunicar a [alguien] por teléfono	to put [somebody] through	reference	topic:map-poner-2	Subtopic split (size rule): es:poner (82) chunked alphabetically by English gloss — a full per-sense-cluster split for 25 different multi-sense words was judged not worth the effort relative to alphabetical chunking, which still keeps each browsing unit small.
3ub96rf8ci	hacer pasar a [alguien] por [algo]	to put [somebody] through [something]	reference	topic:map-poner-2|topic:map-hacer-3|topic:map-pasar-2	Subtopic split (size rule): es:poner (82) chunked alphabetically by English gloss — a full per-sense-cluster split for 25 different multi-sense words was judged not worth the effort relative to alphabetical chunking, which still keeps each browsing unit small.
cur1zfeps2	alojar a [alguien]	to put [somebody] up	reference	topic:map-poner-2	Subtopic split (size rule): es:poner (82) chunked alphabetically by English gloss — a full per-sense-cluster split for 25 different multi-sense words was judged not worth the effort relative to alphabetical chunking, which still keeps each browsing unit small.
rtsiqg8t58	poner [algo] [en algún lugar]	to put [something] [somewhere]	core	topic:map-poner-2	Subtopic split (size rule): es:poner (82) chunked alphabetically by English gloss — a full per-sense-cluster split for 25 different multi-sense words was judged not worth the effort relative to alphabetical chunking, which still keeps each browsing unit small.
klmbnws5k3	expresar [algo] de cierta manera	to put [something] a certain way	reference	topic:map-poner-2	Subtopic split (size rule): es:poner (82) chunked alphabetically by English gloss — a full per-sense-cluster split for 25 different multi-sense words was judged not worth the effort relative to alphabetical chunking, which still keeps each browsing unit small.
sgssxq75yi	apartar [algo]	to put [something] aside	reference	topic:map-poner-2	Subtopic split (size rule): es:poner (82) chunked alphabetically by English gloss — a full per-sense-cluster split for 25 different multi-sense words was judged not worth the effort relative to alphabetical chunking, which still keeps each browsing unit small.
lc4ekh76su	poner [algo] en riesgo	to put [something] at risk	reference	topic:map-poner-2	Subtopic split (size rule): es:poner (82) chunked alphabetically by English gloss — a full per-sense-cluster split for 25 different multi-sense words was judged not worth the effort relative to alphabetical chunking, which still keeps each browsing unit small.
79su3o2kda	guardar [algo]	to put [something] away	supporting	topic:map-poner-2	Subtopic split (size rule): es:poner (82) chunked alphabetically by English gloss — a full per-sense-cluster split for 25 different multi-sense words was judged not worth the effort relative to alphabetical chunking, which still keeps each browsing unit small.
o1dt8eusto	volver a poner [algo] en su lugar	to put [something] back	supporting	topic:map-poner-2	Subtopic split (size rule): es:poner (82) chunked alphabetically by English gloss — a full per-sense-cluster split for 25 different multi-sense words was judged not worth the effort relative to alphabetical chunking, which still keeps each browsing unit small.
meqlrplce4	dejar [algo] sobre [una superficie]	to put [something] down	supporting	topic:map-poner-2|topic:map-dejar-2	Subtopic split (size rule): es:poner (82) chunked alphabetically by English gloss — a full per-sense-cluster split for 25 different multi-sense words was judged not worth the effort relative to alphabetical chunking, which still keeps each browsing unit small.
elx2dgp3mq	atribuir [algo] a [algo]	to put [something] down to [something]	reference	topic:map-poner-2	Subtopic split (size rule): es:poner (82) chunked alphabetically by English gloss — a full per-sense-cluster split for 25 different multi-sense words was judged not worth the effort relative to alphabetical chunking, which still keeps each browsing unit small.
dmc4ep05eo	poner [algo] en [un lugar]	to put [something] in [a place]	supporting	topic:map-poner-2	Subtopic split (size rule): es:poner (82) chunked alphabetically by English gloss — a full per-sense-cluster split for 25 different multi-sense words was judged not worth the effort relative to alphabetical chunking, which still keeps each browsing unit small.
8tlst3bo6o	poner [algo] por escrito	to put [something] in writing	reference	topic:map-poner-2	Subtopic split (size rule): es:poner (82) chunked alphabetically by English gloss — a full per-sense-cluster split for 25 different multi-sense words was judged not worth the effort relative to alphabetical chunking, which still keeps each browsing unit small.
5bq8gctf3g	poner [algo] dentro de [un lugar]	to put [something] into [a place]	supporting	topic:map-poner-3	Subtopic split (size rule): es:poner (82) chunked alphabetically by English gloss — a full per-sense-cluster split for 25 different multi-sense words was judged not worth the effort relative to alphabetical chunking, which still keeps each browsing unit small.
dtodl04vtu	poner [algo] en práctica	to put [something] into practice	reference	topic:map-poner-3	Subtopic split (size rule): es:poner (82) chunked alphabetically by English gloss — a full per-sense-cluster split for 25 different multi-sense words was judged not worth the effort relative to alphabetical chunking, which still keeps each browsing unit small.
7462tgsu12	poner [algo] junto a [algo]	to put [something] next to [something]	supporting	topic:map-poner-3	Subtopic split (size rule): es:poner (82) chunked alphabetically by English gloss — a full per-sense-cluster split for 25 different multi-sense words was judged not worth the effort relative to alphabetical chunking, which still keeps each browsing unit small.
yq888yksqh	posponer [algo]	to put [something] off	reference	topic:map-poner-3	Subtopic split (size rule): es:poner (82) chunked alphabetically by English gloss — a full per-sense-cluster split for 25 different multi-sense words was judged not worth the effort relative to alphabetical chunking, which still keeps each browsing unit small.
zm3v8qtrgj	poner [algo] sobre [una superficie]	to put [something] on [a surface]	supporting	topic:map-poner-3	Subtopic split (size rule): es:poner (82) chunked alphabetically by English gloss — a full per-sense-cluster split for 25 different multi-sense words was judged not worth the effort relative to alphabetical chunking, which still keeps each browsing unit small.
fefhc4duwl	publicar [algo]	to put [something] out	reference	topic:map-poner-3	Subtopic split (size rule): es:poner (82) chunked alphabetically by English gloss — a full per-sense-cluster split for 25 different multi-sense words was judged not worth the effort relative to alphabetical chunking, which still keeps each browsing unit small.
v0h48i7zia	armar [algo]	to put [something] together	reference	topic:map-poner-3	Subtopic split (size rule): es:poner (82) chunked alphabetically by English gloss — a full per-sense-cluster split for 25 different multi-sense words was judged not worth the effort relative to alphabetical chunking, which still keeps each browsing unit small.
u8ocx1l1ad	poner [algo] debajo de [algo]	to put [something] under [something]	supporting	topic:map-poner-3	Subtopic split (size rule): es:poner (82) chunked alphabetically by English gloss — a full per-sense-cluster split for 25 different multi-sense words was judged not worth the effort relative to alphabetical chunking, which still keeps each browsing unit small.
5niiiqvgsg	colgar [algo]	to put [something] up	reference	topic:map-poner-3	Subtopic split (size rule): es:poner (82) chunked alphabetically by English gloss — a full per-sense-cluster split for 25 different multi-sense words was judged not worth the effort relative to alphabetical chunking, which still keeps each browsing unit small.
3tvyxgaex0	dedicar [tiempo o esfuerzo] a [algo]	to put [time or effort] into [something]	reference	topic:map-poner-3	Subtopic split (size rule): es:poner (82) chunked alphabetically by English gloss — a full per-sense-cluster split for 25 different multi-sense words was judged not worth the effort relative to alphabetical chunking, which still keeps each browsing unit small.
xzd9s8bgpf	poner fin a [algo]	to put an end to [something]	reference	topic:map-poner-3	Subtopic split (size rule): es:poner (82) chunked alphabetically by English gloss — a full per-sense-cluster split for 25 different multi-sense words was judged not worth the effort relative to alphabetical chunking, which still keeps each browsing unit small.
ligtxfh1ka	presentar [una solicitud]	to put in [an application]	reference	topic:map-poner-3	Subtopic split (size rule): es:poner (82) chunked alphabetically by English gloss — a full per-sense-cluster split for 25 different multi-sense words was judged not worth the effort relative to alphabetical chunking, which still keeps each browsing unit small.
bjms2exzmh	organizar [un evento]	to put on [an event]	reference	topic:map-poner-3	Subtopic split (size rule): es:poner (82) chunked alphabetically by English gloss — a full per-sense-cluster split for 25 different multi-sense words was judged not worth the effort relative to alphabetical chunking, which still keeps each browsing unit small.
wsy0zl0ir1	ponerse [una prenda]	to put on [an item of clothing]	supporting	topic:map-poner-3	Subtopic split (size rule): es:poner (82) chunked alphabetically by English gloss — a full per-sense-cluster split for 25 different multi-sense words was judged not worth the effort relative to alphabetical chunking, which still keeps each browsing unit small.
4gnnj2lqzl	poner [música o un video]	to put on [music or a video]	reference	topic:map-poner-3	Subtopic split (size rule): es:poner (82) chunked alphabetically by English gloss — a full per-sense-cluster split for 25 different multi-sense words was judged not worth the effort relative to alphabetical chunking, which still keeps each browsing unit small.
uenjlmb8j9	subir de peso	to put on weight	reference	topic:map-poner-3	Subtopic split (size rule): es:poner (82) chunked alphabetically by English gloss — a full per-sense-cluster split for 25 different multi-sense words was judged not worth the effort relative to alphabetical chunking, which still keeps each browsing unit small.
zn5lcx080u	apagar [un incendio]	to put out [a fire]	reference	topic:map-poner-3	Subtopic split (size rule): es:poner (82) chunked alphabetically by English gloss — a full per-sense-cluster split for 25 different multi-sense words was judged not worth the effort relative to alphabetical chunking, which still keeps each browsing unit small.
wcvwv6uubd	aguantar [algo]	to put up with [something]	reference	topic:map-poner-3	Subtopic split (size rule): es:poner (82) chunked alphabetically by English gloss — a full per-sense-cluster split for 25 different multi-sense words was judged not worth the effort relative to alphabetical chunking, which still keeps each browsing unit small.
jjnf1ruwjg	cuajar	to set	reference	topic:map-poner-4	Subtopic split (size rule): es:poner (82) chunked alphabetically by English gloss — a full per-sense-cluster split for 25 different multi-sense words was judged not worth the effort relative to alphabetical chunking, which still keeps each browsing unit small.
usqslj38q0	establecer [una regla o límite]	to set [a rule or limit]	reference	topic:map-poner-4	Subtopic split (size rule): es:poner (82) chunked alphabetically by English gloss — a full per-sense-cluster split for 25 different multi-sense words was judged not worth the effort relative to alphabetical chunking, which still keeps each browsing unit small.
txq22yyto3	distinguir a [alguien o algo]	to set [somebody or something] apart	reference	topic:map-poner-4	Subtopic split (size rule): es:poner (82) chunked alphabetically by English gloss — a full per-sense-cluster split for 25 different multi-sense words was judged not worth the effort relative to alphabetical chunking, which still keeps each browsing unit small.
3g6io2gum3	liberar a [alguien]	to set [somebody] free	reference	topic:map-poner-4	Subtopic split (size rule): es:poner (82) chunked alphabetically by English gloss — a full per-sense-cluster split for 25 different multi-sense words was judged not worth the effort relative to alphabetical chunking, which still keeps each browsing unit small.
gsjekkk0qa	tenderle una trampa a [alguien]	to set [somebody] up	reference	topic:map-poner-4	Subtopic split (size rule): es:poner (82) chunked alphabetically by English gloss — a full per-sense-cluster split for 25 different multi-sense words was judged not worth the effort relative to alphabetical chunking, which still keeps each browsing unit small.
vk46q1bynf	poner [algo] [en algún lugar]	to set [something] [somewhere]	reference	topic:map-poner-4	Subtopic split (size rule): es:poner (82) chunked alphabetically by English gloss — a full per-sense-cluster split for 25 different multi-sense words was judged not worth the effort relative to alphabetical chunking, which still keeps each browsing unit small.
jgjoy3pa91	reservar [algo]	to set [something] aside	reference	topic:map-poner-4	Subtopic split (size rule): es:poner (82) chunked alphabetically by English gloss — a full per-sense-cluster split for 25 different multi-sense words was judged not worth the effort relative to alphabetical chunking, which still keeps each browsing unit small.
r6x05dewcz	retrasar [algo]	to set [something] back	reference	topic:map-poner-4	Subtopic split (size rule): es:poner (82) chunked alphabetically by English gloss — a full per-sense-cluster split for 25 different multi-sense words was judged not worth the effort relative to alphabetical chunking, which still keeps each browsing unit small.
4tbjc26h9n	anotar [algo]	to set [something] down	reference	topic:map-poner-4	Subtopic split (size rule): es:poner (82) chunked alphabetically by English gloss — a full per-sense-cluster split for 25 different multi-sense words was judged not worth the effort relative to alphabetical chunking, which still keeps each browsing unit small.
a2i51axsd5	poner [algo] en marcha	to set [something] in motion	reference	topic:map-poner-4	Subtopic split (size rule): es:poner (82) chunked alphabetically by English gloss — a full per-sense-cluster split for 25 different multi-sense words was judged not worth the effort relative to alphabetical chunking, which still keeps each browsing unit small.
cuvs1emqwk	instalar [algo]	to set [something] up	reference	topic:map-poner-4	Subtopic split (size rule): es:poner (82) chunked alphabetically by English gloss — a full per-sense-cluster split for 25 different multi-sense words was judged not worth the effort relative to alphabetical chunking, which still keeps each browsing unit small.
r97jh0nzir	poner una fecha para [algo]	to set a date for [something]	reference	topic:map-poner-4	Subtopic split (size rule): es:poner (82) chunked alphabetically by English gloss — a full per-sense-cluster split for 25 different multi-sense words was judged not worth the effort relative to alphabetical chunking, which still keeps each browsing unit small.
vuz1ghifyr	fijarse una meta	to set a goal	reference	topic:map-poner-4	Subtopic split (size rule): es:poner (82) chunked alphabetically by English gloss — a full per-sense-cluster split for 25 different multi-sense words was judged not worth the effort relative to alphabetical chunking, which still keeps each browsing unit small.
tyej3rsl7u	ponerle un precio a [algo]	to set a price for [something]	reference	topic:map-poner-4	Subtopic split (size rule): es:poner (82) chunked alphabetically by English gloss — a full per-sense-cluster split for 25 different multi-sense words was judged not worth the effort relative to alphabetical chunking, which still keeps each browsing unit small.
amm42otpmw	ponerse a [hacer algo]	to set about [doing something]	reference	topic:map-poner-4	Subtopic split (size rule): es:poner (82) chunked alphabetically by English gloss — a full per-sense-cluster split for 25 different multi-sense words was judged not worth the effort relative to alphabetical chunking, which still keeps each browsing unit small.
dh16jcovbo	poner una alarma para [una hora]	to set an alarm for [a time]	reference	topic:map-poner-4	Subtopic split (size rule): es:poner (82) chunked alphabetically by English gloss — a full per-sense-cluster split for 25 different multi-sense words was judged not worth the effort relative to alphabetical chunking, which still keeps each browsing unit small.
yn8vqkd99o	instalarse [una condición]	to set in	reference	topic:map-poner-4	Subtopic split (size rule): es:poner (82) chunked alphabetically by English gloss — a full per-sense-cluster split for 25 different multi-sense words was judged not worth the effort relative to alphabetical chunking, which still keeps each browsing unit small.
468rurvzg1	salir de viaje	to set off	reference	topic:map-poner-4	Subtopic split (size rule): es:poner (82) chunked alphabetically by English gloss — a full per-sense-cluster split for 25 different multi-sense words was judged not worth the effort relative to alphabetical chunking, which still keeps each browsing unit small.
gb7y8wpma4	activar [una alarma]	to set off [an alarm]	reference	topic:map-poner-5	Subtopic split (size rule): es:poner (82) chunked alphabetically by English gloss — a full per-sense-cluster split for 25 different multi-sense words was judged not worth the effort relative to alphabetical chunking, which still keeps each browsing unit small.
xhqmbm1djm	emprender un viaje	to set out	reference	topic:map-poner-5	Subtopic split (size rule): es:poner (82) chunked alphabetically by English gloss — a full per-sense-cluster split for 25 different multi-sense words was judged not worth the effort relative to alphabetical chunking, which still keeps each browsing unit small.
0cqp4imsbo	exponer [una idea]	to set out [an idea]	reference	topic:map-poner-5	Subtopic split (size rule): es:poner (82) chunked alphabetically by English gloss — a full per-sense-cluster split for 25 different multi-sense words was judged not worth the effort relative to alphabetical chunking, which still keeps each browsing unit small.
xy9ovfmmwc	poner la mesa	to set the table	reference	topic:map-poner-5	Subtopic split (size rule): es:poner (82) chunked alphabetically by English gloss — a full per-sense-cluster split for 25 different multi-sense words was judged not worth the effort relative to alphabetical chunking, which still keeps each browsing unit small.
8omp49yd4o	organizar [una reunión]	to set up [a meeting]	reference	topic:map-poner-5	Subtopic split (size rule): es:poner (82) chunked alphabetically by English gloss — a full per-sense-cluster split for 25 different multi-sense words was judged not worth the effort relative to alphabetical chunking, which still keeps each browsing unit small.
xt2fc8yvaz	fundar [una organización]	to set up [an organization]	reference	topic:map-poner-5	Subtopic split (size rule): es:poner (82) chunked alphabetically by English gloss — a full per-sense-cluster split for 25 different multi-sense words was judged not worth the effort relative to alphabetical chunking, which still keeps each browsing unit small.
fvn3ipywv9	ponerse de pie	to stand up	supporting	topic:map-poner-5	Subtopic split (size rule): es:poner (82) chunked alphabetically by English gloss — a full per-sense-cluster split for 25 different multi-sense words was judged not worth the effort relative to alphabetical chunking, which still keeps each browsing unit small.
a1p4uhtcxu	ponerse a [hacer algo]	to start [doing something]	supporting	topic:map-poner-5	Subtopic split (size rule): es:poner (82) chunked alphabetically by English gloss — a full per-sense-cluster split for 25 different multi-sense words was judged not worth the effort relative to alphabetical chunking, which still keeps each browsing unit small.
icqfdrme98	poner [una luz o un aparato]	to turn on [a light or device]	supporting	topic:map-poner-5	Subtopic split (size rule): es:poner (82) chunked alphabetically by English gloss — a full per-sense-cluster split for 25 different multi-sense words was judged not worth the effort relative to alphabetical chunking, which still keeps each browsing unit small.
wpfrk73j3o	llevar puesto [una prenda]	to wear [an item of clothing]	supporting	topic:map-poner-5	Subtopic split (size rule): es:poner (82) chunked alphabetically by English gloss — a full per-sense-cluster split for 25 different multi-sense words was judged not worth the effort relative to alphabetical chunking, which still keeps each browsing unit small.
3t5jjwz0t5	[tener] miedo de [algo]	[to be] afraid of [something]	supporting	topic:map-tener-1	Subtopic split (size rule): es:tener (61) chunked alphabetically by English gloss — a full per-sense-cluster split for 25 different multi-sense words was judged not worth the effort relative to alphabetical chunking, which still keeps each browsing unit small.
o4ei6afgu0	[tener] cuidado	[to be] careful	core	topic:map-tener-1	Subtopic split (size rule): es:tener (61) chunked alphabetically by English gloss — a full per-sense-cluster split for 25 different multi-sense words was judged not worth the effort relative to alphabetical chunking, which still keeps each browsing unit small.
pvwpfoq4zb	[tener] frío	[to be] cold	core	topic:map-tener-1	Subtopic split (size rule): es:tener (61) chunked alphabetically by English gloss — a full per-sense-cluster split for 25 different multi-sense words was judged not worth the effort relative to alphabetical chunking, which still keeps each browsing unit small.
o0zirvikcg	[tener] confianza	[to be] confident	reference	topic:map-tener-1	Subtopic split (size rule): es:tener (61) chunked alphabetically by English gloss — a full per-sense-cluster split for 25 different multi-sense words was judged not worth the effort relative to alphabetical chunking, which still keeps each browsing unit small.
dj00e4gi88	¿[alguien] tenía que [hacer algo]?	did [somebody] have to [do something]?	supporting	topic:map-tener-1	Subtopic split (size rule): es:tener (61) chunked alphabetically by English gloss — a full per-sense-cluster split for 25 different multi-sense words was judged not worth the effort relative to alphabetical chunking, which still keeps each browsing unit small.
8aej7jfu2y	¿tienes que [hacer algo]?	do you have to [do something]?	core	topic:map-tener-1	Subtopic split (size rule): es:tener (61) chunked alphabetically by English gloss — a full per-sense-cluster split for 25 different multi-sense words was judged not worth the effort relative to alphabetical chunking, which still keeps each browsing unit small.
zugopbh0jt	¿[alguien] tiene que [hacer algo]?	does [somebody] have to [do something]?	core	topic:map-tener-1	Subtopic split (size rule): es:tener (61) chunked alphabetically by English gloss — a full per-sense-cluster split for 25 different multi-sense words was judged not worth the effort relative to alphabetical chunking, which still keeps each browsing unit small.
fp17uyuvne	ya no [tener] hambre	[to be] full	reference	topic:map-tener-1	Subtopic split (size rule): es:tener (61) chunked alphabetically by English gloss — a full per-sense-cluster split for 25 different multi-sense words was judged not worth the effort relative to alphabetical chunking, which still keeps each browsing unit small.
dtnmnb60nj	tener que [hacer algo] (hablado)	gotta [do something]	reference	topic:map-tener-1	Subtopic split (size rule): es:tener (61) chunked alphabetically by English gloss — a full per-sense-cluster split for 25 different multi-sense words was judged not worth the effort relative to alphabetical chunking, which still keeps each browsing unit small.
vea3m3h1kq	tiene [algo]	has [something]	core	topic:map-tener-1	Subtopic split (size rule): es:tener (61) chunked alphabetically by English gloss — a full per-sense-cluster split for 25 different multi-sense words was judged not worth the effort relative to alphabetical chunking, which still keeps each browsing unit small.
ogdv00s3cw	tiene que [hacer algo]	has to [do something]	core	topic:map-tener-1	Subtopic split (size rule): es:tener (61) chunked alphabetically by English gloss — a full per-sense-cluster split for 25 different multi-sense words was judged not worth the effort relative to alphabetical chunking, which still keeps each browsing unit small.
izmas5gq0m	[tener] calor	[to be] hot	core	topic:map-tener-1	Subtopic split (size rule): es:tener (61) chunked alphabetically by English gloss — a full per-sense-cluster split for 25 different multi-sense words was judged not worth the effort relative to alphabetical chunking, which still keeps each browsing unit small.
3l1rvkd3vh	[tener] hambre	[to be] hungry	core	topic:map-tener-1	Subtopic split (size rule): es:tener (61) chunked alphabetically by English gloss — a full per-sense-cluster split for 25 different multi-sense words was judged not worth the effort relative to alphabetical chunking, which still keeps each browsing unit small.
8mpe0b3ksv	tengo [número] años	I am [number] years old	core	topic:map-tener-1	Subtopic split (size rule): es:tener (61) chunked alphabetically by English gloss — a full per-sense-cluster split for 25 different multi-sense words was judged not worth the effort relative to alphabetical chunking, which still keeps each browsing unit small.
p1ga7e8bhn	tengo [algo]	I have [something]	core	topic:map-tener-1	Subtopic split (size rule): es:tener (61) chunked alphabetically by English gloss — a full per-sense-cluster split for 25 different multi-sense words was judged not worth the effort relative to alphabetical chunking, which still keeps each browsing unit small.
yye01uov38	tengo que [hacer algo]	I have to [do something]	core	topic:map-tener-1	Subtopic split (size rule): es:tener (61) chunked alphabetically by English gloss — a full per-sense-cluster split for 25 different multi-sense words was judged not worth the effort relative to alphabetical chunking, which still keeps each browsing unit small.
a5e2xjebla	tiene [número] años	is [number] years old	core	topic:map-tener-1	Subtopic split (size rule): es:tener (61) chunked alphabetically by English gloss — a full per-sense-cluster split for 25 different multi-sense words was judged not worth the effort relative to alphabetical chunking, which still keeps each browsing unit small.
smffkflaqu	[tener] suerte	[to be] lucky	supporting	topic:map-tener-1	Subtopic split (size rule): es:tener (61) chunked alphabetically by English gloss — a full per-sense-cluster split for 25 different multi-sense words was judged not worth the effort relative to alphabetical chunking, which still keeps each browsing unit small.
3h3r7eqbfi	[tener] significado	[to be] meaningful	reference	topic:map-tener-2	Subtopic split (size rule): es:tener (61) chunked alphabetically by English gloss — a full per-sense-cluster split for 25 different multi-sense words was judged not worth the effort relative to alphabetical chunking, which still keeps each browsing unit small.
22weg7i165	no [tener] significado	[to be] meaningless	reference	topic:map-tener-2	Subtopic split (size rule): es:tener (61) chunked alphabetically by English gloss — a full per-sense-cluster split for 25 different multi-sense words was judged not worth the effort relative to alphabetical chunking, which still keeps each browsing unit small.
acxwq7xjm9	tener que [hacer algo]	must [do something]	reference	topic:map-tener-2	Subtopic split (size rule): es:tener (61) chunked alphabetically by English gloss — a full per-sense-cluster split for 25 different multi-sense words was judged not worth the effort relative to alphabetical chunking, which still keeps each browsing unit small.
22pjks5vmh	no tener que [hacer algo]	not to have to [do something]	core	topic:map-tener-2	Subtopic split (size rule): es:tener (61) chunked alphabetically by English gloss — a full per-sense-cluster split for 25 different multi-sense words was judged not worth the effort relative to alphabetical chunking, which still keeps each browsing unit small.
vhzosajtoy	[tener] paciencia	[to be] patient	supporting	topic:map-tener-2	Subtopic split (size rule): es:tener (61) chunked alphabetically by English gloss — a full per-sense-cluster split for 25 different multi-sense words was judged not worth the effort relative to alphabetical chunking, which still keeps each browsing unit small.
872xfzjuzx	[la] tenencia de [algo]	possession of [something]	reference	topic:map-tener-2	Subtopic split (size rule): es:tener (61) chunked alphabetically by English gloss — a full per-sense-cluster split for 25 different multi-sense words was judged not worth the effort relative to alphabetical chunking, which still keeps each browsing unit small.
76ls07neza	[tener] razón	[to be] right	core	topic:map-tener-2	Subtopic split (size rule): es:tener (61) chunked alphabetically by English gloss — a full per-sense-cluster split for 25 different multi-sense words was judged not worth the effort relative to alphabetical chunking, which still keeps each browsing unit small.
pe1f869we7	[tener] sueño	[to be] sleepy	supporting	topic:map-tener-2	Subtopic split (size rule): es:tener (61) chunked alphabetically by English gloss — a full per-sense-cluster split for 25 different multi-sense words was judged not worth the effort relative to alphabetical chunking, which still keeps each browsing unit small.
eupe6m3e72	[tener] éxito	[to be] successful	reference	topic:map-tener-2	Subtopic split (size rule): es:tener (61) chunked alphabetically by English gloss — a full per-sense-cluster split for 25 different multi-sense words was judged not worth the effort relative to alphabetical chunking, which still keeps each browsing unit small.
680u7m5wn5	tienen [número] años	they are [number] years old	core	topic:map-tener-2	Subtopic split (size rule): es:tener (61) chunked alphabetically by English gloss — a full per-sense-cluster split for 25 different multi-sense words was judged not worth the effort relative to alphabetical chunking, which still keeps each browsing unit small.
rkkkgau83q	tienen [algo]	they have [something]	core	topic:map-tener-2	Subtopic split (size rule): es:tener (61) chunked alphabetically by English gloss — a full per-sense-cluster split for 25 different multi-sense words was judged not worth the effort relative to alphabetical chunking, which still keeps each browsing unit small.
x9hss06n9a	tienen que [hacer algo]	they have to [do something]	core	topic:map-tener-2	Subtopic split (size rule): es:tener (61) chunked alphabetically by English gloss — a full per-sense-cluster split for 25 different multi-sense words was judged not worth the effort relative to alphabetical chunking, which still keeps each browsing unit small.
3bdg1oyv39	[tener] sed	[to be] thirsty	core	topic:map-tener-2	Subtopic split (size rule): es:tener (61) chunked alphabetically by English gloss — a full per-sense-cluster split for 25 different multi-sense words was judged not worth the effort relative to alphabetical chunking, which still keeps each browsing unit small.
ccrgp9wvgz	tener [número] años	to be [number] years old	core	topic:map-tener-2	Subtopic split (size rule): es:tener (61) chunked alphabetically by English gloss — a full per-sense-cluster split for 25 different multi-sense words was judged not worth the effort relative to alphabetical chunking, which still keeps each browsing unit small.
z9prfddx9z	tener permiso para [hacer algo]	to be allowed to [do something]	reference	topic:map-tener-2	Subtopic split (size rule): es:tener (61) chunked alphabetically by English gloss — a full per-sense-cluster split for 25 different multi-sense words was judged not worth the effort relative to alphabetical chunking, which still keeps each browsing unit small.
j65dvjawel	tener la culpa	to be at fault	reference	topic:map-tener-2	Subtopic split (size rule): es:tener (61) chunked alphabetically by English gloss — a full per-sense-cluster split for 25 different multi-sense words was judged not worth the effort relative to alphabetical chunking, which still keeps each browsing unit small.
hi6i8bgabk	tener prisa	to be in a hurry	supporting	topic:map-tener-2	Subtopic split (size rule): es:tener (61) chunked alphabetically by English gloss — a full per-sense-cluster split for 25 different multi-sense words was judged not worth the effort relative to alphabetical chunking, which still keeps each browsing unit small.
n6hfkj5rh5	tener afán	to be in a rush	reference	topic:map-tener-2	Subtopic split (size rule): es:tener (61) chunked alphabetically by English gloss — a full per-sense-cluster split for 25 different multi-sense words was judged not worth the effort relative to alphabetical chunking, which still keeps each browsing unit small.
7c4b95syn2	no tener sentido ==> la falta de sentido	to be meaningless ==> the meaninglessness	reference	topic:map-tener-3	Subtopic split (size rule): es:tener (61) chunked alphabetically by English gloss — a full per-sense-cluster split for 25 different multi-sense words was judged not worth the effort relative to alphabetical chunking, which still keeps each browsing unit small.
cb15a9bkk6	tener permiso para [hacer algo]	to be permitted to [do something]	reference	topic:map-tener-3	Subtopic split (size rule): es:tener (61) chunked alphabetically by English gloss — a full per-sense-cluster split for 25 different multi-sense words was judged not worth the effort relative to alphabetical chunking, which still keeps each browsing unit small.
6vpv4m0g02	tener que ver con [algo]	to be related to [something]	reference	topic:map-tener-3|topic:map-ver-1	Subtopic split (size rule): es:tener (61) chunked alphabetically by English gloss — a full per-sense-cluster split for 25 different multi-sense words was judged not worth the effort relative to alphabetical chunking, which still keeps each browsing unit small.
1jdy99z2dz	tener ganas de [hacer algo]	to feel like [doing something]	supporting	topic:map-tener-3|topic:map-sentir-1	Subtopic split (size rule): es:tener (61) chunked alphabetically by English gloss — a full per-sense-cluster split for 25 different multi-sense words was judged not worth the effort relative to alphabetical chunking, which still keeps each browsing unit small.
172vkaz4pw	tener la oportunidad de [hacer algo]	to get a chance to [do something]	reference	topic:map-tener-3	Subtopic split (size rule): es:tener (61) chunked alphabetically by English gloss — a full per-sense-cluster split for 25 different multi-sense words was judged not worth the effort relative to alphabetical chunking, which still keeps each browsing unit small.
wwwc8jugby	tener [algo]	to have [something]	core	topic:map-tener-3	Subtopic split (size rule): es:tener (61) chunked alphabetically by English gloss — a full per-sense-cluster split for 25 different multi-sense words was judged not worth the effort relative to alphabetical chunking, which still keeps each browsing unit small.
5qr32psjlf	tener [algo] puesto	to have [something] on	reference	topic:map-tener-3	Subtopic split (size rule): es:tener (61) chunked alphabetically by English gloss — a full per-sense-cluster split for 25 different multi-sense words was judged not worth the effort relative to alphabetical chunking, which still keeps each browsing unit small.
0qlz0zv1z5	tener ==> tiene	to have ==> has	supporting	topic:map-tener-3	Subtopic split (size rule): es:tener (61) chunked alphabetically by English gloss — a full per-sense-cluster split for 25 different multi-sense words was judged not worth the effort relative to alphabetical chunking, which still keeps each browsing unit small.
swig6imniy	tener dolor de [algo]	to have an ache in [something]	reference	topic:map-tener-3	Subtopic split (size rule): es:tener (61) chunked alphabetically by English gloss — a full per-sense-cluster split for 25 different multi-sense words was judged not worth the effort relative to alphabetical chunking, which still keeps each browsing unit small.
8zgoedsnqi	tener que [hacer algo]	to have got to [do something]	supporting	topic:map-tener-3	Subtopic split (size rule): es:tener (61) chunked alphabetically by English gloss — a full per-sense-cluster split for 25 different multi-sense words was judged not worth the effort relative to alphabetical chunking, which still keeps each browsing unit small.
5awfswdavw	no tener nada que ver con [algo]	to have nothing to do with [something]	reference	topic:map-tener-3	Subtopic split (size rule): es:tener (61) chunked alphabetically by English gloss — a full per-sense-cluster split for 25 different multi-sense words was judged not worth the effort relative to alphabetical chunking, which still keeps each browsing unit small.
7s7vnrgxud	tener que [hacer algo]	to have to [do something]	core	topic:map-tener-3	Subtopic split (size rule): es:tener (61) chunked alphabetically by English gloss — a full per-sense-cluster split for 25 different multi-sense words was judged not worth the effort relative to alphabetical chunking, which still keeps each browsing unit small.
15khny2b9v	tener que ver con [algo]	to have to do with [something]	reference	topic:map-tener-3	Subtopic split (size rule): es:tener (61) chunked alphabetically by English gloss — a full per-sense-cluster split for 25 different multi-sense words was judged not worth the effort relative to alphabetical chunking, which still keeps each browsing unit small.
nkqygp49l4	tener dificultad para [hacer algo]	to have trouble [doing something]	supporting	topic:map-tener-3	Subtopic split (size rule): es:tener (61) chunked alphabetically by English gloss — a full per-sense-cluster split for 25 different multi-sense words was judged not worth the effort relative to alphabetical chunking, which still keeps each browsing unit small.
fs8u8cu63l	tener a [alguien] [haciendo algo]	to keep [somebody] [doing something]	reference	topic:map-tener-3	Subtopic split (size rule): es:tener (61) chunked alphabetically by English gloss — a full per-sense-cluster split for 25 different multi-sense words was judged not worth the effort relative to alphabetical chunking, which still keeps each browsing unit small.
86v2tii41j	tener en cuenta [algo]	to keep [something] in mind	reference	topic:map-tener-3	Subtopic split (size rule): es:tener (61) chunked alphabetically by English gloss — a full per-sense-cluster split for 25 different multi-sense words was judged not worth the effort relative to alphabetical chunking, which still keeps each browsing unit small.
p80swouyaq	tener sentido	to make sense	supporting	topic:map-tener-3	Subtopic split (size rule): es:tener (61) chunked alphabetically by English gloss — a full per-sense-cluster split for 25 different multi-sense words was judged not worth the effort relative to alphabetical chunking, which still keeps each browsing unit small.
960sk4aws1	tener éxito	to succeed	supporting	topic:map-tener-3	Subtopic split (size rule): es:tener (61) chunked alphabetically by English gloss — a full per-sense-cluster split for 25 different multi-sense words was judged not worth the effort relative to alphabetical chunking, which still keeps each browsing unit small.
7xfrxi3jd5	tener en cuenta [algo]	to take [something] into account	reference	topic:map-tener-4	Subtopic split (size rule): es:tener (61) chunked alphabetically by English gloss — a full per-sense-cluster split for 25 different multi-sense words was judged not worth the effort relative to alphabetical chunking, which still keeps each browsing unit small.
qh9awmasdd	tenemos [número] años	we are [number] years old	core	topic:map-tener-4	Subtopic split (size rule): es:tener (61) chunked alphabetically by English gloss — a full per-sense-cluster split for 25 different multi-sense words was judged not worth the effort relative to alphabetical chunking, which still keeps each browsing unit small.
xisncbwr6s	tenemos [algo]	we have [something]	core	topic:map-tener-4	Subtopic split (size rule): es:tener (61) chunked alphabetically by English gloss — a full per-sense-cluster split for 25 different multi-sense words was judged not worth the effort relative to alphabetical chunking, which still keeps each browsing unit small.
ny8jxz2s41	tenemos que [hacer algo]	we have to [do something]	core	topic:map-tener-4	Subtopic split (size rule): es:tener (61) chunked alphabetically by English gloss — a full per-sense-cluster split for 25 different multi-sense words was judged not worth the effort relative to alphabetical chunking, which still keeps each browsing unit small.
ksjxfltxqk	tienes [número] años	you are [number] years old	core	topic:map-tener-4	Subtopic split (size rule): es:tener (61) chunked alphabetically by English gloss — a full per-sense-cluster split for 25 different multi-sense words was judged not worth the effort relative to alphabetical chunking, which still keeps each browsing unit small.
mwpgnk4gb9	tienes [algo]	you have [something]	core	topic:map-tener-4	Subtopic split (size rule): es:tener (61) chunked alphabetically by English gloss — a full per-sense-cluster split for 25 different multi-sense words was judged not worth the effort relative to alphabetical chunking, which still keeps each browsing unit small.
kjllit1qgt	tienes que [hacer algo]	you have to [do something]	core	topic:map-tener-4	Subtopic split (size rule): es:tener (61) chunked alphabetically by English gloss — a full per-sense-cluster split for 25 different multi-sense words was judged not worth the effort relative to alphabetical chunking, which still keeps each browsing unit small.
n5gllks2an	[el] poder (capacidad oficial)	authority	reference	topic:map-poder-1	Subtopic split (size rule): es:poder (68) chunked alphabetically by English gloss — a full per-sense-cluster split for 25 different multi-sense words was judged not worth the effort relative to alphabetical chunking, which still keeps each browsing unit small.
nk4hb2zaok	poder [hacer algo] (permiso)	can [do something]	supporting	topic:map-poder-1	Subtopic split (size rule): es:poder (68) chunked alphabetically by English gloss — a full per-sense-cluster split for 25 different multi-sense words was judged not worth the effort relative to alphabetical chunking, which still keeps each browsing unit small.
0zuw37lnfv	poder [hacer algo] (capacidad)	can [do something]	core	topic:map-poder-1	Subtopic split (size rule): es:poder (68) chunked alphabetically by English gloss — a full per-sense-cluster split for 25 different multi-sense words was judged not worth the effort relative to alphabetical chunking, which still keeps each browsing unit small.
q0xx0fzsx3	pueda [hacer algo] (cláusula subordinada)	can [do something]	reference	topic:map-poder-1	Subtopic split (size rule): es:poder (68) chunked alphabetically by English gloss — a full per-sense-cluster split for 25 different multi-sense words was judged not worth the effort relative to alphabetical chunking, which still keeps each browsing unit small.
a377qba56u	poder ser [algo]	can be [something]	supporting	topic:map-poder-1	Subtopic split (size rule): es:poder (68) chunked alphabetically by English gloss — a full per-sense-cluster split for 25 different multi-sense words was judged not worth the effort relative to alphabetical chunking, which still keeps each browsing unit small.
jdd2lebx6x	¿Puedo [hacer algo]?	Can I [do something]?	core	topic:map-poder-1	Subtopic split (size rule): es:poder (68) chunked alphabetically by English gloss — a full per-sense-cluster split for 25 different multi-sense words was judged not worth the effort relative to alphabetical chunking, which still keeps each browsing unit small.
7hwvhzgxxt	¿Puedes [hacer algo]? (petición)	Can you [do something]?	supporting	topic:map-poder-1	Subtopic split (size rule): es:poder (68) chunked alphabetically by English gloss — a full per-sense-cluster split for 25 different multi-sense words was judged not worth the effort relative to alphabetical chunking, which still keeps each browsing unit small.
43z1s233ya	¿Puedes [hacer algo]? (capacidad)	Can you [do something]?	core	topic:map-poder-1	Subtopic split (size rule): es:poder (68) chunked alphabetically by English gloss — a full per-sense-cluster split for 25 different multi-sense words was judged not worth the effort relative to alphabetical chunking, which still keeps each browsing unit small.
jwk81y46bp	no poder [hacer algo]	can't [do something]	core	topic:map-poder-1	Subtopic split (size rule): es:poder (68) chunked alphabetically by English gloss — a full per-sense-cluster split for 25 different multi-sense words was judged not worth the effort relative to alphabetical chunking, which still keeps each browsing unit small.
wbadwkrywg	¿No puedes [hacer algo]? (capacidad)	Can't you [do something]?	reference	topic:map-poder-1	Subtopic split (size rule): es:poder (68) chunked alphabetically by English gloss — a full per-sense-cluster split for 25 different multi-sense words was judged not worth the effort relative to alphabetical chunking, which still keeps each browsing unit small.
rdpiq554g6	no poder [hacer algo]	cannot [do something]	supporting	topic:map-poder-1	Subtopic split (size rule): es:poder (68) chunked alphabetically by English gloss — a full per-sense-cluster split for 25 different multi-sense words was judged not worth the effort relative to alphabetical chunking, which still keeps each browsing unit small.
r2y6wfhr6z	podría [hacer algo]	could [do something]	reference	topic:map-poder-1	Subtopic split (size rule): es:poder (68) chunked alphabetically by English gloss — a full per-sense-cluster split for 25 different multi-sense words was judged not worth the effort relative to alphabetical chunking, which still keeps each browsing unit small.
dugiwco70z	poder [hacer algo] (pasado)	could [do something]	reference	topic:map-poder-1	Subtopic split (size rule): es:poder (68) chunked alphabetically by English gloss — a full per-sense-cluster split for 25 different multi-sense words was judged not worth the effort relative to alphabetical chunking, which still keeps each browsing unit small.
ipa706hrsh	podría [hacer algo] (condición)	could [do something]	supporting	topic:map-poder-1	Subtopic split (size rule): es:poder (68) chunked alphabetically by English gloss — a full per-sense-cluster split for 25 different multi-sense words was judged not worth the effort relative to alphabetical chunking, which still keeps each browsing unit small.
3lk22b2pth	podía [hacer algo] (permiso habitual)	could [do something]	reference	topic:map-poder-1	Subtopic split (size rule): es:poder (68) chunked alphabetically by English gloss — a full per-sense-cluster split for 25 different multi-sense words was judged not worth the effort relative to alphabetical chunking, which still keeps each browsing unit small.
cl4hfx7beh	podía [hacer algo] (capacidad general)	could [do something]	supporting	topic:map-poder-1	Subtopic split (size rule): es:poder (68) chunked alphabetically by English gloss — a full per-sense-cluster split for 25 different multi-sense words was judged not worth the effort relative to alphabetical chunking, which still keeps each browsing unit small.
wew9sag3jl	podría estar [en un estado o lugar]	could be [in a state or place]	reference	topic:map-poder-2	Subtopic split (size rule): es:poder (68) chunked alphabetically by English gloss — a full per-sense-cluster split for 25 different multi-sense words was judged not worth the effort relative to alphabetical chunking, which still keeps each browsing unit small.
9az16vn9mo	puede que [ocurra algo]	[something] could happen	reference	topic:map-poder-2	Subtopic split (size rule): es:poder (68) chunked alphabetically by English gloss — a full per-sense-cluster split for 25 different multi-sense words was judged not worth the effort relative to alphabetical chunking, which still keeps each browsing unit small.
3qq5q3d71a	habría podido [hacer algo]	could have [done something]	reference	topic:map-poder-2|topic:map-haber-1	Subtopic split (size rule): es:poder (68) chunked alphabetically by English gloss — a full per-sense-cluster split for 25 different multi-sense words was judged not worth the effort relative to alphabetical chunking, which still keeps each browsing unit small.
jy4xtdl0bz	puede que haya [hecho algo]	could have [done something]	reference	topic:map-poder-2	Subtopic split (size rule): es:poder (68) chunked alphabetically by English gloss — a full per-sense-cluster split for 25 different multi-sense words was judged not worth the effort relative to alphabetical chunking, which still keeps each browsing unit small.
qzm188rl47	podría haber [hecho algo] (especulación)	could have [done something]	reference	topic:map-poder-2	Subtopic split (size rule): es:poder (68) chunked alphabetically by English gloss — a full per-sense-cluster split for 25 different multi-sense words was judged not worth the effort relative to alphabetical chunking, which still keeps each browsing unit small.
oy4fp397cg	¿Podría [hacer algo]?	Could I [do something]?	supporting	topic:map-poder-2	Subtopic split (size rule): es:poder (68) chunked alphabetically by English gloss — a full per-sense-cluster split for 25 different multi-sense words was judged not worth the effort relative to alphabetical chunking, which still keeps each browsing unit small.
zgny1ugayh	¿Podrías [hacer algo]?	Could you [do something]?	core	topic:map-poder-2	Subtopic split (size rule): es:poder (68) chunked alphabetically by English gloss — a full per-sense-cluster split for 25 different multi-sense words was judged not worth the effort relative to alphabetical chunking, which still keeps each browsing unit small.
93vebts2ml	habría podido [hacer algo] (hablado)	could've [done something]	reference	topic:map-poder-2|topic:map-haber-1	Subtopic split (size rule): es:poder (68) chunked alphabetically by English gloss — a full per-sense-cluster split for 25 different multi-sense words was judged not worth the effort relative to alphabetical chunking, which still keeps each browsing unit small.
v2jinicnwh	no pudo [hacer algo] (intento fallido)	couldn't [do something]	supporting	topic:map-poder-2	Subtopic split (size rule): es:poder (68) chunked alphabetically by English gloss — a full per-sense-cluster split for 25 different multi-sense words was judged not worth the effort relative to alphabetical chunking, which still keeps each browsing unit small.
84arllzyhs	no podría [hacer algo]	couldn't [do something]	supporting	topic:map-poder-2	Subtopic split (size rule): es:poder (68) chunked alphabetically by English gloss — a full per-sense-cluster split for 25 different multi-sense words was judged not worth the effort relative to alphabetical chunking, which still keeps each browsing unit small.
0x5jkr1aja	no pudo [hacer algo] (oportunidad perdida)	didn't get to [do something]	reference	topic:map-poder-2	Subtopic split (size rule): es:poder (68) chunked alphabetically by English gloss — a full per-sense-cluster split for 25 different multi-sense words was judged not worth the effort relative to alphabetical chunking, which still keeps each browsing unit small.
rhb07wm3u7	puede [hacer algo] (oportunidad)	gets to [do something]	reference	topic:map-poder-2	Subtopic split (size rule): es:poder (68) chunked alphabetically by English gloss — a full per-sense-cluster split for 25 different multi-sense words was judged not worth the effort relative to alphabetical chunking, which still keeps each browsing unit small.
kdqtl39s0m	pudo [hacer algo] (oportunidad)	got to [do something]	reference	topic:map-poder-2	Subtopic split (size rule): es:poder (68) chunked alphabetically by English gloss — a full per-sense-cluster split for 25 different multi-sense words was judged not worth the effort relative to alphabetical chunking, which still keeps each browsing unit small.
278hopgdpm	había podido [hacer algo]	had been able to [do something]	reference	topic:map-poder-2|topic:map-haber-1	Subtopic split (size rule): es:poder (68) chunked alphabetically by English gloss — a full per-sense-cluster split for 25 different multi-sense words was judged not worth the effort relative to alphabetical chunking, which still keeps each browsing unit small.
rblsgxrrm1	he podido [hacer algo]	have been able to [do something]	reference	topic:map-poder-2|topic:map-haber-1	Subtopic split (size rule): es:poder (68) chunked alphabetically by English gloss — a full per-sense-cluster split for 25 different multi-sense words was judged not worth the effort relative to alphabetical chunking, which still keeps each browsing unit small.
yhchadk82l	no he podido [hacer algo]	haven't been able to [do something]	reference	topic:map-poder-2|topic:map-haber-1	Subtopic split (size rule): es:poder (68) chunked alphabetically by English gloss — a full per-sense-cluster split for 25 different multi-sense words was judged not worth the effort relative to alphabetical chunking, which still keeps each browsing unit small.
s2fkpkgyh0	[sentirse] impotente (sin poder ayudar)	[to feel] helpless	reference	topic:map-poder-2|topic:map-sentir-1	Subtopic split (size rule): es:poder (68) chunked alphabetically by English gloss — a full per-sense-cluster split for 25 different multi-sense words was judged not worth the effort relative to alphabetical chunking, which still keeps each browsing unit small.
dq62rzd2ga	si pudiera [hacer algo]	if [somebody] could [do something]	reference	topic:map-poder-2	Subtopic split (size rule): es:poder (68) chunked alphabetically by English gloss — a full per-sense-cluster split for 25 different multi-sense words was judged not worth the effort relative to alphabetical chunking, which still keeps each browsing unit small.
4onwfj2pow	pudo [hacer algo] (éxito específico)	managed to [do something]	supporting	topic:map-poder-3	Subtopic split (size rule): es:poder (68) chunked alphabetically by English gloss — a full per-sense-cluster split for 25 different multi-sense words was judged not worth the effort relative to alphabetical chunking, which still keeps each browsing unit small.
mjncmw1m8b	puede [hacer algo] (permiso formal)	may [do something]	reference	topic:map-poder-3	Subtopic split (size rule): es:poder (68) chunked alphabetically by English gloss — a full per-sense-cluster split for 25 different multi-sense words was judged not worth the effort relative to alphabetical chunking, which still keeps each browsing unit small.
zy6xwkoq5s	puede estar [en un estado o lugar]	may be [in a state or place]	reference	topic:map-poder-3	Subtopic split (size rule): es:poder (68) chunked alphabetically by English gloss — a full per-sense-cluster split for 25 different multi-sense words was judged not worth the effort relative to alphabetical chunking, which still keeps each browsing unit small.
wgqppszkg9	puede que [ocurra algo]	[something] may happen	supporting	topic:map-poder-3	Subtopic split (size rule): es:poder (68) chunked alphabetically by English gloss — a full per-sense-cluster split for 25 different multi-sense words was judged not worth the effort relative to alphabetical chunking, which still keeps each browsing unit small.
qvrmxadrwa	puede que haya [hecho algo]	may have [done something]	reference	topic:map-poder-3	Subtopic split (size rule): es:poder (68) chunked alphabetically by English gloss — a full per-sense-cluster split for 25 different multi-sense words was judged not worth the effort relative to alphabetical chunking, which still keeps each browsing unit small.
g06ovsd470	¿Puedo [hacer algo]? (formal)	May I [do something]?	reference	topic:map-poder-3	Subtopic split (size rule): es:poder (68) chunked alphabetically by English gloss — a full per-sense-cluster split for 25 different multi-sense words was judged not worth the effort relative to alphabetical chunking, which still keeps each browsing unit small.
ltn1qfc1r6	no puede [hacer algo] (prohibición formal)	may not [do something]	reference	topic:map-poder-3	Subtopic split (size rule): es:poder (68) chunked alphabetically by English gloss — a full per-sense-cluster split for 25 different multi-sense words was judged not worth the effort relative to alphabetical chunking, which still keeps each browsing unit small.
8jc9z3a7z4	puede que [alguien] [haga algo]	[somebody] might [do something]	reference	topic:map-poder-3	Subtopic split (size rule): es:poder (68) chunked alphabetically by English gloss — a full per-sense-cluster split for 25 different multi-sense words was judged not worth the effort relative to alphabetical chunking, which still keeps each browsing unit small.
7r5w8ljmzc	quizá pueda [hacer algo]	might be able to [do something]	reference	topic:map-poder-3	Subtopic split (size rule): es:poder (68) chunked alphabetically by English gloss — a full per-sense-cluster split for 25 different multi-sense words was judged not worth the effort relative to alphabetical chunking, which still keeps each browsing unit small.
12340xb2xp	podría [ocurrir algo] (posibilidad incierta)	[something] might happen	reference	topic:map-poder-3	Subtopic split (size rule): es:poder (68) chunked alphabetically by English gloss — a full per-sense-cluster split for 25 different multi-sense words was judged not worth the effort relative to alphabetical chunking, which still keeps each browsing unit small.
rhfali1n6u	puede que [ocurra algo]	[something] might happen	supporting	topic:map-poder-3	Subtopic split (size rule): es:poder (68) chunked alphabetically by English gloss — a full per-sense-cluster split for 25 different multi-sense words was judged not worth the effort relative to alphabetical chunking, which still keeps each browsing unit small.
mwqsbens4h	podría haber [hecho algo]	might have [done something]	reference	topic:map-poder-3	Subtopic split (size rule): es:poder (68) chunked alphabetically by English gloss — a full per-sense-cluster split for 25 different multi-sense words was judged not worth the effort relative to alphabetical chunking, which still keeps each browsing unit small.
nr6s42kdwg	puede que haya [hecho algo]	might have [done something]	reference	topic:map-poder-3	Subtopic split (size rule): es:poder (68) chunked alphabetically by English gloss — a full per-sense-cluster split for 25 different multi-sense words was judged not worth the effort relative to alphabetical chunking, which still keeps each browsing unit small.
nkzffs81a6	no poder creer [algo]	not to be able to believe [something]	reference	topic:map-poder-3	Subtopic split (size rule): es:poder (68) chunked alphabetically by English gloss — a full per-sense-cluster split for 25 different multi-sense words was judged not worth the effort relative to alphabetical chunking, which still keeps each browsing unit small.
tu44lpd4ms	[el] poder	power	reference	topic:map-poder-3	Subtopic split (size rule): es:poder (68) chunked alphabetically by English gloss — a full per-sense-cluster split for 25 different multi-sense words was judged not worth the effort relative to alphabetical chunking, which still keeps each browsing unit small.
pxrkuoz9om	[el] poder notarial	power of attorney	reference	topic:map-poder-4	Subtopic split (size rule): es:poder (68) chunked alphabetically by English gloss — a full per-sense-cluster split for 25 different multi-sense words was judged not worth the effort relative to alphabetical chunking, which still keeps each browsing unit small.
rvx9hh6oh0	poderosamente	powerfully	reference	topic:map-poder-4	Subtopic split (size rule): es:poder (68) chunked alphabetically by English gloss — a full per-sense-cluster split for 25 different multi-sense words was judged not worth the effort relative to alphabetical chunking, which still keeps each browsing unit small.
3m5g5fxdnu	[sentirse] impotente (sin poder)	[to feel] powerless	reference	topic:map-poder-4|topic:map-sentir-1	Subtopic split (size rule): es:poder (68) chunked alphabetically by English gloss — a full per-sense-cluster split for 25 different multi-sense words was judged not worth the effort relative to alphabetical chunking, which still keeps each browsing unit small.
savje2u82z	[la] impotencia (falta de poder)	powerlessness	reference	topic:map-poder-4	Subtopic split (size rule): es:poder (68) chunked alphabetically by English gloss — a full per-sense-cluster split for 25 different multi-sense words was judged not worth the effort relative to alphabetical chunking, which still keeps each browsing unit small.
p4jf3voka2	el poder ==> ser poderoso	the power ==> to be powerful	supporting	topic:map-poder-4	Subtopic split (size rule): es:poder (68) chunked alphabetically by English gloss — a full per-sense-cluster split for 25 different multi-sense words was judged not worth the effort relative to alphabetical chunking, which still keeps each browsing unit small.
rfob016mlk	el poder ==> ser impotente	the power ==> to be powerless	reference	topic:map-poder-4	Subtopic split (size rule): es:poder (68) chunked alphabetically by English gloss — a full per-sense-cluster split for 25 different multi-sense words was judged not worth the effort relative to alphabetical chunking, which still keeps each browsing unit small.
ofxncx6grm	puede haber [algo]	there may be [something]	reference	topic:map-poder-4|topic:map-haber-2	Subtopic split (size rule): es:poder (68) chunked alphabetically by English gloss — a full per-sense-cluster split for 25 different multi-sense words was judged not worth the effort relative to alphabetical chunking, which still keeps each browsing unit small.
mxguwwzrxk	poder [hacer algo]	to be able [to do something]	core	topic:map-poder-4	Subtopic split (size rule): es:poder (68) chunked alphabetically by English gloss — a full per-sense-cluster split for 25 different multi-sense words was judged not worth the effort relative to alphabetical chunking, which still keeps each browsing unit small.
a1eubfzyp5	poder [hacer algo] (tener permiso)	to be allowed to [do something]	supporting	topic:map-poder-4	Subtopic split (size rule): es:poder (68) chunked alphabetically by English gloss — a full per-sense-cluster split for 25 different multi-sense words was judged not worth the effort relative to alphabetical chunking, which still keeps each browsing unit small.
al22a3sck3	pudo [hacer algo] (éxito específico)	was able to [do something]	reference	topic:map-poder-4	Subtopic split (size rule): es:poder (68) chunked alphabetically by English gloss — a full per-sense-cluster split for 25 different multi-sense words was judged not worth the effort relative to alphabetical chunking, which still keeps each browsing unit small.
tlwmwkpfcj	podía [hacer algo] (permiso habitual)	was allowed to [do something]	reference	topic:map-poder-4	Subtopic split (size rule): es:poder (68) chunked alphabetically by English gloss — a full per-sense-cluster split for 25 different multi-sense words was judged not worth the effort relative to alphabetical chunking, which still keeps each browsing unit small.
o9amfhzn7k	podrá [hacer algo]	will be able to [do something]	supporting	topic:map-poder-4	Subtopic split (size rule): es:poder (68) chunked alphabetically by English gloss — a full per-sense-cluster split for 25 different multi-sense words was judged not worth the effort relative to alphabetical chunking, which still keeps each browsing unit small.
gtr8psda9i	podría [hacer algo] (capacidad condicional explícita)	would be able to [do something]	reference	topic:map-poder-4	Subtopic split (size rule): es:poder (68) chunked alphabetically by English gloss — a full per-sense-cluster split for 25 different multi-sense words was judged not worth the effort relative to alphabetical chunking, which still keeps each browsing unit small.
vh56in634m	hace [un período de tiempo]	[a period of time] ago	supporting	topic:map-hacer-1	Subtopic split (size rule): es:hacer (55) chunked alphabetically by English gloss — a full per-sense-cluster split for 25 different multi-sense words was judged not worth the effort relative to alphabetical chunking, which still keeps each browsing unit small.
sgum9oyi5l	hizo	did	core	topic:map-hacer-1	Subtopic split (size rule): es:hacer (55) chunked alphabetically by English gloss — a full per-sense-cluster split for 25 different multi-sense words was judged not worth the effort relative to alphabetical chunking, which still keeps each browsing unit small.
v6srxq2n55	hacer	do	core	topic:map-hacer-1	Subtopic split (size rule): es:hacer (55) chunked alphabetically by English gloss — a full per-sense-cluster split for 25 different multi-sense words was judged not worth the effort relative to alphabetical chunking, which still keeps each browsing unit small.
c16i76gpbx	hace	does	core	topic:map-hacer-1	Subtopic split (size rule): es:hacer (55) chunked alphabetically by English gloss — a full per-sense-cluster split for 25 different multi-sense words was judged not worth the effort relative to alphabetical chunking, which still keeps each browsing unit small.
sqk4k5as8g	[estar] hecho	done	reference	topic:map-hacer-1	Subtopic split (size rule): es:hacer (55) chunked alphabetically by English gloss — a full per-sense-cluster split for 25 different multi-sense words was judged not worth the effort relative to alphabetical chunking, which still keeps each browsing unit small.
smz7y58q4p	hace [tiempo] que [ocurre algo]	[something] has been happening for [time]	supporting	topic:map-hacer-1	Subtopic split (size rule): es:hacer (55) chunked alphabetically by English gloss — a full per-sense-cluster split for 25 different multi-sense words was judged not worth the effort relative to alphabetical chunking, which still keeps each browsing unit small.
r5ljpq5toy	¿cuánto hace que [ocurre algo]?	how long has [something] been happening?	reference	topic:map-hacer-1	Subtopic split (size rule): es:hacer (55) chunked alphabetically by English gloss — a full per-sense-cluster split for 25 different multi-sense words was judged not worth the effort relative to alphabetical chunking, which still keeps each browsing unit small.
seq1qsjokh	de hecho	in fact	reference	topic:map-hacer-1|topic:map-de-1	Subtopic split (size rule): es:hacer (55) chunked alphabetically by English gloss — a full per-sense-cluster split for 25 different multi-sense words was judged not worth the effort relative to alphabetical chunking, which still keeps each browsing unit small.
b2xfmu99oe	hace frío	it is cold	supporting	topic:map-hacer-1	Subtopic split (size rule): es:hacer (55) chunked alphabetically by English gloss — a full per-sense-cluster split for 25 different multi-sense words was judged not worth the effort relative to alphabetical chunking, which still keeps each browsing unit small.
1xa5alb94l	hace calor	it is hot	supporting	topic:map-hacer-1	Subtopic split (size rule): es:hacer (55) chunked alphabetically by English gloss — a full per-sense-cluster split for 25 different multi-sense words was judged not worth the effort relative to alphabetical chunking, which still keeps each browsing unit small.
gmw4l9fuma	hecho	made	reference	topic:map-hacer-1	Subtopic split (size rule): es:hacer (55) chunked alphabetically by English gloss — a full per-sense-cluster split for 25 different multi-sense words was judged not worth the effort relative to alphabetical chunking, which still keeps each browsing unit small.
1fr5z9ndcf	hecho por [alguien]	made by [somebody]	reference	topic:map-hacer-1	Subtopic split (size rule): es:hacer (55) chunked alphabetically by English gloss — a full per-sense-cluster split for 25 different multi-sense words was judged not worth the effort relative to alphabetical chunking, which still keeps each browsing unit small.
n46cr84foo	hecho de [un material visible]	made of [a visible material]	supporting	topic:map-hacer-1	Subtopic split (size rule): es:hacer (55) chunked alphabetically by English gloss — a full per-sense-cluster split for 25 different multi-sense words was judged not worth the effort relative to alphabetical chunking, which still keeps each browsing unit small.
ej9dspwxv3	hacerle falta a [alguien]	[somebody] misses [someone or something]	reference	topic:map-hacer-1	Subtopic split (size rule): es:hacer (55) chunked alphabetically by English gloss — a full per-sense-cluster split for 25 different multi-sense words was judged not worth the effort relative to alphabetical chunking, which still keeps each browsing unit small.
02s3tysyuj	[hace] sol	[it is] sunny	reference	topic:map-hacer-1	Subtopic split (size rule): es:hacer (55) chunked alphabetically by English gloss — a full per-sense-cluster split for 25 different multi-sense words was judged not worth the effort relative to alphabetical chunking, which still keeps each browsing unit small.
69iqgmw2nb	[el] hecho	the fact	reference	topic:map-hacer-1	Subtopic split (size rule): es:hacer (55) chunked alphabetically by English gloss — a full per-sense-cluster split for 25 different multi-sense words was judged not worth the effort relative to alphabetical chunking, which still keeps each browsing unit small.
irvw3l9fwm	hacer una pregunta	to ask a question	supporting	topic:map-hacer-1	Subtopic split (size rule): es:hacer (55) chunked alphabetically by English gloss — a full per-sense-cluster split for 25 different multi-sense words was judged not worth the effort relative to alphabetical chunking, which still keeps each browsing unit small.
u2xyysd9xq	hacerle bien a [alguien]	to be good for [somebody]	reference	topic:map-hacer-1	Subtopic split (size rule): es:hacer (55) chunked alphabetically by English gloss — a full per-sense-cluster split for 25 different multi-sense words was judged not worth the effort relative to alphabetical chunking, which still keeps each browsing unit small.
lxhfegmolo	hacer falta	to be needed	reference	topic:map-hacer-2	Subtopic split (size rule): es:hacer (55) chunked alphabetically by English gloss — a full per-sense-cluster split for 25 different multi-sense words was judged not worth the effort relative to alphabetical chunking, which still keeps each browsing unit small.
b8k9avr7st	hacerse [algo]	to become [something]	reference	topic:map-hacer-2	Subtopic split (size rule): es:hacer (55) chunked alphabetically by English gloss — a full per-sense-cluster split for 25 different multi-sense words was judged not worth the effort relative to alphabetical chunking, which still keeps each browsing unit small.
fj5mrpoqkv	hacer un llamado a [algo]	to call for [something]	reference	topic:map-hacer-2	Subtopic split (size rule): es:hacer (55) chunked alphabetically by English gloss — a full per-sense-cluster split for 25 different multi-sense words was judged not worth the effort relative to alphabetical chunking, which still keeps each browsing unit small.
t9r1fus19d	hacer transbordo	to change [transport]	reference	topic:map-hacer-2	Subtopic split (size rule): es:hacer (55) chunked alphabetically by English gloss — a full per-sense-cluster split for 25 different multi-sense words was judged not worth the effort relative to alphabetical chunking, which still keeps each browsing unit small.
qt9aqatj4f	hacer	to do	core	topic:map-hacer-2	Subtopic split (size rule): es:hacer (55) chunked alphabetically by English gloss — a full per-sense-cluster split for 25 different multi-sense words was judged not worth the effort relative to alphabetical chunking, which still keeps each browsing unit small.
1qz4qeh9oi	hacer [una tarea o actividad]	to do [a task or activity]	core	topic:map-hacer-2	Subtopic split (size rule): es:hacer (55) chunked alphabetically by English gloss — a full per-sense-cluster split for 25 different multi-sense words was judged not worth the effort relative to alphabetical chunking, which still keeps each browsing unit small.
pu6juowymn	hacerle un favor a [alguien]	to do [somebody] a favor	supporting	topic:map-hacer-2	Subtopic split (size rule): es:hacer (55) chunked alphabetically by English gloss — a full per-sense-cluster split for 25 different multi-sense words was judged not worth the effort relative to alphabetical chunking, which still keeps each browsing unit small.
sfknobofbx	hacer ==> hace	to do ==> does	supporting	topic:map-hacer-2	Subtopic split (size rule): es:hacer (55) chunked alphabetically by English gloss — a full per-sense-cluster split for 25 different multi-sense words was judged not worth the effort relative to alphabetical chunking, which still keeps each browsing unit small.
3jt1svnphb	hacer ==> haciendo	to do ==> doing	reference	topic:map-hacer-2	Subtopic split (size rule): es:hacer (55) chunked alphabetically by English gloss — a full per-sense-cluster split for 25 different multi-sense words was judged not worth the effort relative to alphabetical chunking, which still keeps each browsing unit small.
hk3p7tmczh	hacerse tarde	to get late	reference	topic:map-hacer-2	Subtopic split (size rule): es:hacer (55) chunked alphabetically by English gloss — a full per-sense-cluster split for 25 different multi-sense words was judged not worth the effort relative to alphabetical chunking, which still keeps each browsing unit small.
16bgwsuy7m	hacer que [alguien] [haga algo]	to have [somebody] [do something]	reference	topic:map-hacer-2	Subtopic split (size rule): es:hacer (55) chunked alphabetically by English gloss — a full per-sense-cluster split for 25 different multi-sense words was judged not worth the effort relative to alphabetical chunking, which still keeps each browsing unit small.
b9jbbszwof	hacer [hacer algo]	to have [something] [done]	supporting	topic:map-hacer-2	Subtopic split (size rule): es:hacer (55) chunked alphabetically by English gloss — a full per-sense-cluster split for 25 different multi-sense words was judged not worth the effort relative to alphabetical chunking, which still keeps each browsing unit small.
y19rhj9ey3	hacer [reparar algo]	to have [something] repaired	reference	topic:map-hacer-2	Subtopic split (size rule): es:hacer (55) chunked alphabetically by English gloss — a full per-sense-cluster split for 25 different multi-sense words was judged not worth the effort relative to alphabetical chunking, which still keeps each browsing unit small.
o6ai5zj4rm	hacerle daño a [alguien]	to hurt [somebody]	reference	topic:map-hacer-2	Subtopic split (size rule): es:hacer (55) chunked alphabetically by English gloss — a full per-sense-cluster split for 25 different multi-sense words was judged not worth the effort relative to alphabetical chunking, which still keeps each browsing unit small.
w43ib0sqsf	hacer tiempo	to kill time	reference	topic:map-hacer-2	Subtopic split (size rule): es:hacer (55) chunked alphabetically by English gloss — a full per-sense-cluster split for 25 different multi-sense words was judged not worth the effort relative to alphabetical chunking, which still keeps each browsing unit small.
cycrgcf78l	hacer [adjetivo] a [alguien]	to make [somebody] [adjective]	supporting	topic:map-hacer-2	Subtopic split (size rule): es:hacer (55) chunked alphabetically by English gloss — a full per-sense-cluster split for 25 different multi-sense words was judged not worth the effort relative to alphabetical chunking, which still keeps each browsing unit small.
48tg24dwk2	hacer que [alguien] [haga algo]	to make [somebody] [do something]	supporting	topic:map-hacer-2	Subtopic split (size rule): es:hacer (55) chunked alphabetically by English gloss — a full per-sense-cluster split for 25 different multi-sense words was judged not worth the effort relative to alphabetical chunking, which still keeps each browsing unit small.
thr50jalym	hacerle creer [algo] a [alguien]	to make [somebody] believe [something]	reference	topic:map-hacer-2	Subtopic split (size rule): es:hacer (55) chunked alphabetically by English gloss — a full per-sense-cluster split for 25 different multi-sense words was judged not worth the effort relative to alphabetical chunking, which still keeps each browsing unit small.
m9dfm9pbq2	hacer [algo creado o preparado]	to make [something]	core	topic:map-hacer-3	Subtopic split (size rule): es:hacer (55) chunked alphabetically by English gloss — a full per-sense-cluster split for 25 different multi-sense words was judged not worth the effort relative to alphabetical chunking, which still keeps each browsing unit small.
yg6xltanht	hacer lucir [adjetivo] a [algo]	to make [something] look [adjective]	reference	topic:map-hacer-3	Subtopic split (size rule): es:hacer (55) chunked alphabetically by English gloss — a full per-sense-cluster split for 25 different multi-sense words was judged not worth the effort relative to alphabetical chunking, which still keeps each browsing unit small.
n9rfhc3fi7	hacer ==> haciendo	to make ==> making	reference	topic:map-hacer-3	Subtopic split (size rule): es:hacer (55) chunked alphabetically by English gloss — a full per-sense-cluster split for 25 different multi-sense words was judged not worth the effort relative to alphabetical chunking, which still keeps each browsing unit small.
1vzkonyjt2	hacer una llamada	to make a call	reference	topic:map-hacer-3	Subtopic split (size rule): es:hacer (55) chunked alphabetically by English gloss — a full per-sense-cluster split for 25 different multi-sense words was judged not worth the effort relative to alphabetical chunking, which still keeps each browsing unit small.
wlsh5f0c4u	hacer una reserva	to make a reservation	supporting	topic:map-hacer-3	Subtopic split (size rule): es:hacer (55) chunked alphabetically by English gloss — a full per-sense-cluster split for 25 different multi-sense words was judged not worth the effort relative to alphabetical chunking, which still keeps each browsing unit small.
hm7k1xxksu	hacer una sugerencia	to make a suggestion	reference	topic:map-hacer-3	Subtopic split (size rule): es:hacer (55) chunked alphabetically by English gloss — a full per-sense-cluster split for 25 different multi-sense words was judged not worth the effort relative to alphabetical chunking, which still keeps each browsing unit small.
mu7bumpulx	hacer un esfuerzo	to make an effort	reference	topic:map-hacer-3	Subtopic split (size rule): es:hacer (55) chunked alphabetically by English gloss — a full per-sense-cluster split for 25 different multi-sense words was judged not worth the effort relative to alphabetical chunking, which still keeps each browsing unit small.
vuhn72n7gd	hacer amigos	to make friends	supporting	topic:map-hacer-3	Subtopic split (size rule): es:hacer (55) chunked alphabetically by English gloss — a full per-sense-cluster split for 25 different multi-sense words was judged not worth the effort relative to alphabetical chunking, which still keeps each browsing unit small.
uriamnzen2	hacer las paces con [alguien]	to make up with [somebody]	reference	topic:map-hacer-3	Subtopic split (size rule): es:hacer (55) chunked alphabetically by English gloss — a full per-sense-cluster split for 25 different multi-sense words was judged not worth the effort relative to alphabetical chunking, which still keeps each browsing unit small.
1gru886lce	hacer las maletas	to pack	reference	topic:map-hacer-3	Subtopic split (size rule): es:hacer (55) chunked alphabetically by English gloss — a full per-sense-cluster split for 25 different multi-sense words was judged not worth the effort relative to alphabetical chunking, which still keeps each browsing unit small.
qwj72o0pgh	hacerle caso a [alguien]	to pay attention to [somebody]	reference	topic:map-hacer-3	Subtopic split (size rule): es:hacer (55) chunked alphabetically by English gloss — a full per-sense-cluster split for 25 different multi-sense words was judged not worth the effort relative to alphabetical chunking, which still keeps each browsing unit small.
vuq3vxf107	hacerse el tonto	to pretend not to understand	reference	topic:map-hacer-3	Subtopic split (size rule): es:hacer (55) chunked alphabetically by English gloss — a full per-sense-cluster split for 25 different multi-sense words was judged not worth the effort relative to alphabetical chunking, which still keeps each browsing unit small.
o6fe83ho4h	hacer acordar	to remind	reference	topic:map-hacer-3	Subtopic split (size rule): es:hacer (55) chunked alphabetically by English gloss — a full per-sense-cluster split for 25 different multi-sense words was judged not worth the effort relative to alphabetical chunking, which still keeps each browsing unit small.
8et9s26o6q	hacer callar a [alguien]	to silence [somebody]	reference	topic:map-hacer-3	Subtopic split (size rule): es:hacer (55) chunked alphabetically by English gloss — a full per-sense-cluster split for 25 different multi-sense words was judged not worth the effort relative to alphabetical chunking, which still keeps each browsing unit small.
6rym81cqq5	hacer cola	to stand in line	reference	topic:map-hacer-3	Subtopic split (size rule): es:hacer (55) chunked alphabetically by English gloss — a full per-sense-cluster split for 25 different multi-sense words was judged not worth the effort relative to alphabetical chunking, which still keeps each browsing unit small.
edcjj9goei	hacer un viaje	to take a trip	reference	topic:map-hacer-3	Subtopic split (size rule): es:hacer (55) chunked alphabetically by English gloss — a full per-sense-cluster split for 25 different multi-sense words was judged not worth the effort relative to alphabetical chunking, which still keeps each browsing unit small.
qwp1msjfsn	hacer ejercicio	to work out	reference	topic:map-hacer-3	Subtopic split (size rule): es:hacer (55) chunked alphabetically by English gloss — a full per-sense-cluster split for 25 different multi-sense words was judged not worth the effort relative to alphabetical chunking, which still keeps each browsing unit small.
c0zsrdafq1	[hace] viento	[it is] windy	reference	topic:map-hacer-4	Subtopic split (size rule): es:hacer (55) chunked alphabetically by English gloss — a full per-sense-cluster split for 25 different multi-sense words was judged not worth the effort relative to alphabetical chunking, which still keeps each browsing unit small.
soeo5exlsi	dado que [algo sucede]	given that [something happens]	reference	topic:map-dar-1	Subtopic split (size rule): es:dar (53) chunked alphabetically by English gloss — a full per-sense-cluster split for 25 different multi-sense words was judged not worth the effort relative to alphabetical chunking, which still keeps each browsing unit small.
xxwtx8g012	me da igual	I don't mind	reference	topic:map-dar-1	Subtopic split (size rule): es:dar (53) chunked alphabetically by English gloss — a full per-sense-cluster split for 25 different multi-sense words was judged not worth the effort relative to alphabetical chunking, which still keeps each browsing unit small.
blmsaecd0u	me da pena [hacer algo]	I'm embarrassed to [do something]	reference	topic:map-dar-1	Subtopic split (size rule): es:dar (53) chunked alphabetically by English gloss — a full per-sense-cluster split for 25 different multi-sense words was judged not worth the effort relative to alphabetical chunking, which still keeps each browsing unit small.
n79sjn044t	dar igual	not to matter	reference	topic:map-dar-1	Subtopic split (size rule): es:dar (53) chunked alphabetically by English gloss — a full per-sense-cluster split for 25 different multi-sense words was judged not worth the effort relative to alphabetical chunking, which still keeps each browsing unit small.
3oei2t1rkw	[el/la] dador/a	the giver	reference	topic:map-dar-1	Subtopic split (size rule): es:dar (53) chunked alphabetically by English gloss — a full per-sense-cluster split for 25 different multi-sense words was judged not worth the effort relative to alphabetical chunking, which still keeps each browsing unit small.
3uulufvfpt	darle permiso a [alguien] para [hacer algo]	to allow [somebody] to [do something]	supporting	topic:map-dar-1	Subtopic split (size rule): es:dar (53) chunked alphabetically by English gloss — a full per-sense-cluster split for 25 different multi-sense words was judged not worth the effort relative to alphabetical chunking, which still keeps each browsing unit small.
lydbe3sj98	darle poder a [alguien] para [hacer algo]	to authorize [somebody] to [do something]	reference	topic:map-dar-1	Subtopic split (size rule): es:dar (53) chunked alphabetically by English gloss — a full per-sense-cluster split for 25 different multi-sense words was judged not worth the effort relative to alphabetical chunking, which still keeps each browsing unit small.
wv4hem1a62	darse cuenta de que [algo sucede]	to be able to tell that [something happens]	reference	topic:map-dar-1|topic:map-decir-1|topic:map-contar-1	Subtopic split (size rule): es:dar (53) chunked alphabetically by English gloss — a full per-sense-cluster split for 25 different multi-sense words was judged not worth the effort relative to alphabetical chunking, which still keeps each browsing unit small.
vgflpedkcj	darse a conocer	to become known	reference	topic:map-dar-1	Subtopic split (size rule): es:dar (53) chunked alphabetically by English gloss — a full per-sense-cluster split for 25 different multi-sense words was judged not worth the effort relative to alphabetical chunking, which still keeps each browsing unit small.
eff9tjrydf	darle tiempo a [alguien]	to buy [somebody] time	reference	topic:map-dar-1	Subtopic split (size rule): es:dar (53) chunked alphabetically by English gloss — a full per-sense-cluster split for 25 different multi-sense words was judged not worth the effort relative to alphabetical chunking, which still keeps each browsing unit small.
29l8pgm5cm	darle asco a [alguien]	to disgust [somebody]	reference	topic:map-dar-1	Subtopic split (size rule): es:dar (53) chunked alphabetically by English gloss — a full per-sense-cluster split for 25 different multi-sense words was judged not worth the effort relative to alphabetical chunking, which still keeps each browsing unit small.
xz843dw8lb	darle vergüenza a [alguien]	to embarrass [somebody]	reference	topic:map-dar-1	Subtopic split (size rule): es:dar (53) chunked alphabetically by English gloss — a full per-sense-cluster split for 25 different multi-sense words was judged not worth the effort relative to alphabetical chunking, which still keeps each browsing unit small.
7o1ka5pyoo	dar poder a [alguien]	to empower [somebody]	reference	topic:map-dar-1	Subtopic split (size rule): es:dar (53) chunked alphabetically by English gloss — a full per-sense-cluster split for 25 different multi-sense words was judged not worth the effort relative to alphabetical chunking, which still keeps each browsing unit small.
cgzwyy7tb0	dar a [una dirección]	to face [a direction]	reference	topic:map-dar-1	Subtopic split (size rule): es:dar (53) chunked alphabetically by English gloss — a full per-sense-cluster split for 25 different multi-sense words was judged not worth the effort relative to alphabetical chunking, which still keeps each browsing unit small.
53wi0qwjcm	darle ganas de [hacer algo] a [alguien]	to feel like [doing something]	reference	topic:map-dar-1	Subtopic split (size rule): es:dar (53) chunked alphabetically by English gloss — a full per-sense-cluster split for 25 different multi-sense words was judged not worth the effort relative to alphabetical chunking, which still keeps each browsing unit small.
qrb7i9y47p	darle a [un interruptor]	to flip [a switch]	reference	topic:map-dar-1	Subtopic split (size rule): es:dar (53) chunked alphabetically by English gloss — a full per-sense-cluster split for 25 different multi-sense words was judged not worth the effort relative to alphabetical chunking, which still keeps each browsing unit small.
uxzgvill2p	dar seguimiento a [algo]	to follow up on [something]	reference	topic:map-dar-1|topic:map-seguir-1	Subtopic split (size rule): es:dar (53) chunked alphabetically by English gloss — a full per-sense-cluster split for 25 different multi-sense words was judged not worth the effort relative to alphabetical chunking, which still keeps each browsing unit small.
sxzbibq8jq	revelar [un secreto]	to give [a secret] away	reference	topic:map-dar-1	Subtopic split (size rule): es:dar (53) chunked alphabetically by English gloss — a full per-sense-cluster split for 25 different multi-sense words was judged not worth the effort relative to alphabetical chunking, which still keeps each browsing unit small.
2qfu76z9es	darle [algo] a [alguien]	to give [somebody] [something]	core	topic:map-dar-2	Subtopic split (size rule): es:dar (53) chunked alphabetically by English gloss — a full per-sense-cluster split for 25 different multi-sense words was judged not worth the effort relative to alphabetical chunking, which still keeps each browsing unit small.
mdje6aroac	regalarle [algo] a [alguien]	to give [somebody] [something] as a gift	reference	topic:map-dar-2	Subtopic split (size rule): es:dar (53) chunked alphabetically by English gloss — a full per-sense-cluster split for 25 different multi-sense words was judged not worth the effort relative to alphabetical chunking, which still keeps each browsing unit small.
ei0hj29low	ayudar a [alguien]	to give [somebody] a hand	reference	topic:map-dar-2	Subtopic split (size rule): es:dar (53) chunked alphabetically by English gloss — a full per-sense-cluster split for 25 different multi-sense words was judged not worth the effort relative to alphabetical chunking, which still keeps each browsing unit small.
xzcldfjhmu	darle tiempo a [alguien] para [hacer algo]	to give [somebody] time to [do something]	reference	topic:map-dar-2	Subtopic split (size rule): es:dar (53) chunked alphabetically by English gloss — a full per-sense-cluster split for 25 different multi-sense words was judged not worth the effort relative to alphabetical chunking, which still keeps each browsing unit small.
qpudxn2cb2	regalar [algo]	to give [something] away	supporting	topic:map-dar-2	Subtopic split (size rule): es:dar (53) chunked alphabetically by English gloss — a full per-sense-cluster split for 25 different multi-sense words was judged not worth the effort relative to alphabetical chunking, which still keeps each browsing unit small.
8k4ud8dmsv	repartir [algo]	to give [something] out	reference	topic:map-dar-2	Subtopic split (size rule): es:dar (53) chunked alphabetically by English gloss — a full per-sense-cluster split for 25 different multi-sense words was judged not worth the effort relative to alphabetical chunking, which still keeps each browsing unit small.
rr5humr251	dar [algo] a [alguien]	to give [something] to [somebody]	core	topic:map-dar-2	Subtopic split (size rule): es:dar (53) chunked alphabetically by English gloss — a full per-sense-cluster split for 25 different multi-sense words was judged not worth the effort relative to alphabetical chunking, which still keeps each browsing unit small.
y78uyi9c5c	dar acceso a [algo]	to give access to [something]	reference	topic:map-dar-2	Subtopic split (size rule): es:dar (53) chunked alphabetically by English gloss — a full per-sense-cluster split for 25 different multi-sense words was judged not worth the effort relative to alphabetical chunking, which still keeps each browsing unit small.
3yjxjrevpn	dar a luz a [un bebé]	to give birth to [a baby]	reference	topic:map-dar-2	Subtopic split (size rule): es:dar (53) chunked alphabetically by English gloss — a full per-sense-cluster split for 25 different multi-sense words was judged not worth the effort relative to alphabetical chunking, which still keeps each browsing unit small.
6r69ejgtqp	ceder	to give in	reference	topic:map-dar-2	Subtopic split (size rule): es:dar (53) chunked alphabetically by English gloss — a full per-sense-cluster split for 25 different multi-sense words was judged not worth the effort relative to alphabetical chunking, which still keeps each browsing unit small.
ngfffkccp9	emitir [algo]	to give off [something]	reference	topic:map-dar-2	Subtopic split (size rule): es:dar (53) chunked alphabetically by English gloss — a full per-sense-cluster split for 25 different multi-sense words was judged not worth the effort relative to alphabetical chunking, which still keeps each browsing unit small.
ktumc7kivz	dejar de funcionar	to give out	reference	topic:map-dar-2|topic:map-dejar-1	Subtopic split (size rule): es:dar (53) chunked alphabetically by English gloss — a full per-sense-cluster split for 25 different multi-sense words was judged not worth the effort relative to alphabetical chunking, which still keeps each browsing unit small.
b11jnq9i7f	dar permiso	to give permission	supporting	topic:map-dar-2	Subtopic split (size rule): es:dar (53) chunked alphabetically by English gloss — a full per-sense-cluster split for 25 different multi-sense words was judged not worth the effort relative to alphabetical chunking, which still keeps each browsing unit small.
ryokdbzs7y	dar poder a [alguien]	to give power to [somebody]	reference	topic:map-dar-2	Subtopic split (size rule): es:dar (53) chunked alphabetically by English gloss — a full per-sense-cluster split for 25 different multi-sense words was judged not worth the effort relative to alphabetical chunking, which still keeps each browsing unit small.
y4eh6045j1	dar lugar a [algo]	to give rise to [something]	reference	topic:map-dar-2	Subtopic split (size rule): es:dar (53) chunked alphabetically by English gloss — a full per-sense-cluster split for 25 different multi-sense words was judged not worth the effort relative to alphabetical chunking, which still keeps each browsing unit small.
24de35h6nw	darse por vencido	to give up	supporting	topic:map-dar-2	Subtopic split (size rule): es:dar (53) chunked alphabetically by English gloss — a full per-sense-cluster split for 25 different multi-sense words was judged not worth the effort relative to alphabetical chunking, which still keeps each browsing unit small.
66ib6vkhnq	ceder el paso	to give way	reference	topic:map-dar-2	Subtopic split (size rule): es:dar (53) chunked alphabetically by English gloss — a full per-sense-cluster split for 25 different multi-sense words was judged not worth the effort relative to alphabetical chunking, which still keeps each browsing unit small.
nx9vadk8zr	darse [un evento]	to happen	reference	topic:map-dar-2	Subtopic split (size rule): es:dar (53) chunked alphabetically by English gloss — a full per-sense-cluster split for 25 different multi-sense words was judged not worth the effort relative to alphabetical chunking, which still keeps each browsing unit small.
tc9rpq3ivd	dar lugar a [algo]	to lead to [something]	reference	topic:map-dar-3	Subtopic split (size rule): es:dar (53) chunked alphabetically by English gloss — a full per-sense-cluster split for 25 different multi-sense words was judged not worth the effort relative to alphabetical chunking, which still keeps each browsing unit small.
l6c2h7kj9j	darle hambre a [alguien]	to make [somebody] hungry	reference	topic:map-dar-3	Subtopic split (size rule): es:dar (53) chunked alphabetically by English gloss — a full per-sense-cluster split for 25 different multi-sense words was judged not worth the effort relative to alphabetical chunking, which still keeps each browsing unit small.
ie6c5rc7ri	darle risa a [alguien]	to make [somebody] laugh	reference	topic:map-dar-3	Subtopic split (size rule): es:dar (53) chunked alphabetically by English gloss — a full per-sense-cluster split for 25 different multi-sense words was judged not worth the effort relative to alphabetical chunking, which still keeps each browsing unit small.
47jjg9x6gu	darle sueño a [alguien]	to make [somebody] sleepy	reference	topic:map-dar-3	Subtopic split (size rule): es:dar (53) chunked alphabetically by English gloss — a full per-sense-cluster split for 25 different multi-sense words was judged not worth the effort relative to alphabetical chunking, which still keeps each browsing unit small.
b1tjm939pm	darle sed a [alguien]	to make [somebody] thirsty	reference	topic:map-dar-3	Subtopic split (size rule): es:dar (53) chunked alphabetically by English gloss — a full per-sense-cluster split for 25 different multi-sense words was judged not worth the effort relative to alphabetical chunking, which still keeps each browsing unit small.
g0guw4apm0	darse a conocer	to make oneself known	reference	topic:map-dar-3	Subtopic split (size rule): es:dar (53) chunked alphabetically by English gloss — a full per-sense-cluster split for 25 different multi-sense words was judged not worth the effort relative to alphabetical chunking, which still keeps each browsing unit small.
z1hv68g2f4	dar a [un lugar]	to overlook [a place]	reference	topic:map-dar-3	Subtopic split (size rule): es:dar (53) chunked alphabetically by English gloss — a full per-sense-cluster split for 25 different multi-sense words was judged not worth the effort relative to alphabetical chunking, which still keeps each browsing unit small.
gbxjc99tyx	dar resultado	to pay off	reference	topic:map-dar-3	Subtopic split (size rule): es:dar (53) chunked alphabetically by English gloss — a full per-sense-cluster split for 25 different multi-sense words was judged not worth the effort relative to alphabetical chunking, which still keeps each browsing unit small.
6oqdoh7ax7	darle a [un video]	to play [a video]	reference	topic:map-dar-3	Subtopic split (size rule): es:dar (53) chunked alphabetically by English gloss — a full per-sense-cluster split for 25 different multi-sense words was judged not worth the effort relative to alphabetical chunking, which still keeps each browsing unit small.
ukz1l748d8	darle a [un botón]	to press [a button]	reference	topic:map-dar-3	Subtopic split (size rule): es:dar (53) chunked alphabetically by English gloss — a full per-sense-cluster split for 25 different multi-sense words was judged not worth the effort relative to alphabetical chunking, which still keeps each browsing unit small.
21ip23zino	darle [algo] a [alguien]	to provide [somebody] with [something]	reference	topic:map-dar-3	Subtopic split (size rule): es:dar (53) chunked alphabetically by English gloss — a full per-sense-cluster split for 25 different multi-sense words was judged not worth the effort relative to alphabetical chunking, which still keeps each browsing unit small.
5zyk11qlrm	darse cuenta de que [algo sucede]	to realize that [something happens]	supporting	topic:map-dar-3|topic:map-contar-1	Subtopic split (size rule): es:dar (53) chunked alphabetically by English gloss — a full per-sense-cluster split for 25 different multi-sense words was judged not worth the effort relative to alphabetical chunking, which still keeps each browsing unit small.
chpomdclwr	darle miedo a [alguien]	to scare [somebody]	reference	topic:map-dar-3	Subtopic split (size rule): es:dar (53) chunked alphabetically by English gloss — a full per-sense-cluster split for 25 different multi-sense words was judged not worth the effort relative to alphabetical chunking, which still keeps each browsing unit small.
rn5bfzc47d	darse cuenta del engaño de [alguien]	to see through [somebody]	reference	topic:map-dar-3|topic:map-ver-1	Subtopic split (size rule): es:dar (53) chunked alphabetically by English gloss — a full per-sense-cluster split for 25 different multi-sense words was judged not worth the effort relative to alphabetical chunking, which still keeps each browsing unit small.
yaznk7a47n	darse [un evento]	to take place	reference	topic:map-dar-3	Subtopic split (size rule): es:dar (53) chunked alphabetically by English gloss — a full per-sense-cluster split for 25 different multi-sense words was judged not worth the effort relative to alphabetical chunking, which still keeps each browsing unit small.
xmp7uc93ba	dar la vuelta	to turn around	reference	topic:map-dar-3	Subtopic split (size rule): es:dar (53) chunked alphabetically by English gloss — a full per-sense-cluster split for 25 different multi-sense words was judged not worth the effort relative to alphabetical chunking, which still keeps each browsing unit small.
jpaidkfhw8	dar resultado	to work	reference	topic:map-dar-3	Subtopic split (size rule): es:dar (53) chunked alphabetically by English gloss — a full per-sense-cluster split for 25 different multi-sense words was judged not worth the effort relative to alphabetical chunking, which still keeps each browsing unit small.
g7zuuumnig	¿hay [cosas plurales]?	are there [plural things]?	core	topic:map-haber-1	Subtopic split (size rule): es:haber (48) chunked alphabetically by English gloss — a full per-sense-cluster split for 25 different multi-sense words was judged not worth the effort relative to alphabetical chunking, which still keeps each browsing unit small.
05v29ctfcb	[alguien] había [hecho algo]	[somebody] had [done something]	supporting	topic:map-haber-1	Subtopic split (size rule): es:haber (48) chunked alphabetically by English gloss — a full per-sense-cluster split for 25 different multi-sense words was judged not worth the effort relative to alphabetical chunking, which still keeps each browsing unit small.
hufvgyko3z	¿[alguien] había [hecho algo]?	had [somebody] [done something]?	supporting	topic:map-haber-1	Subtopic split (size rule): es:haber (48) chunked alphabetically by English gloss — a full per-sense-cluster split for 25 different multi-sense words was judged not worth the effort relative to alphabetical chunking, which still keeps each browsing unit small.
fu708e83rg	[alguien] había estado [haciendo algo]	[somebody] had been [doing something]	reference	topic:map-haber-1	Subtopic split (size rule): es:haber (48) chunked alphabetically by English gloss — a full per-sense-cluster split for 25 different multi-sense words was judged not worth the effort relative to alphabetical chunking, which still keeps each browsing unit small.
01rpjz02jy	ha [hecho algo]	has [done something]	supporting	topic:map-haber-1	Subtopic split (size rule): es:haber (48) chunked alphabetically by English gloss — a full per-sense-cluster split for 25 different multi-sense words was judged not worth the effort relative to alphabetical chunking, which still keeps each browsing unit small.
lh84ieti4z	¿[alguien] ha [hecho algo]?	has [somebody] [done something]?	core	topic:map-haber-1	Subtopic split (size rule): es:haber (48) chunked alphabetically by English gloss — a full per-sense-cluster split for 25 different multi-sense words was judged not worth the effort relative to alphabetical chunking, which still keeps each browsing unit small.
v7y40xtgb3	¿has [hecho algo]?	have you [done something]?	core	topic:map-haber-1	Subtopic split (size rule): es:haber (48) chunked alphabetically by English gloss — a full per-sense-cluster split for 25 different multi-sense words was judged not worth the effort relative to alphabetical chunking, which still keeps each browsing unit small.
2pvko71bzc	no haber [hecho algo] (hablado)	haven't [done something]	supporting	topic:map-haber-1	Subtopic split (size rule): es:haber (48) chunked alphabetically by English gloss — a full per-sense-cluster split for 25 different multi-sense words was judged not worth the effort relative to alphabetical chunking, which still keeps each browsing unit small.
9hj8rdegpe	No había terminado cuando llegaron.	I hadn't finished when they arrived.	supporting	topic:map-haber-1	Subtopic split (size rule): es:haber (48) chunked alphabetically by English gloss — a full per-sense-cluster split for 25 different multi-sense words was judged not worth the effort relative to alphabetical chunking, which still keeps each browsing unit small.
b6v2qryb2d	he [hecho algo]	I have [done something]	supporting	topic:map-haber-1	Subtopic split (size rule): es:haber (48) chunked alphabetically by English gloss — a full per-sense-cluster split for 25 different multi-sense words was judged not worth the effort relative to alphabetical chunking, which still keeps each browsing unit small.
esf7i85ozv	¿hay [algo singular]?	is there [something singular]?	core	topic:map-haber-1	Subtopic split (size rule): es:haber (48) chunked alphabetically by English gloss — a full per-sense-cluster split for 25 different multi-sense words was judged not worth the effort relative to alphabetical chunking, which still keeps each browsing unit small.
ttxd6h84lo	¿hay [algo]?	is there [something]?	supporting	topic:map-haber-1	Subtopic split (size rule): es:haber (48) chunked alphabetically by English gloss — a full per-sense-cluster split for 25 different multi-sense words was judged not worth the effort relative to alphabetical chunking, which still keeps each browsing unit small.
b1nubjxiqh	no hay problema	no problem	supporting	topic:map-haber-1	Subtopic split (size rule): es:haber (48) chunked alphabetically by English gloss — a full per-sense-cluster split for 25 different multi-sense words was judged not worth the effort relative to alphabetical chunking, which still keeps each browsing unit small.
id38r2eakh	no haber [hecho algo]	not to have [done something]	supporting	topic:map-haber-2	Subtopic split (size rule): es:haber (48) chunked alphabetically by English gloss — a full per-sense-cluster split for 25 different multi-sense words was judged not worth the effort relative to alphabetical chunking, which still keeps each browsing unit small.
3ymcnkevwg	Ella no ha llegado.	She hasn't arrived.	supporting	topic:map-haber-2	Subtopic split (size rule): es:haber (48) chunked alphabetically by English gloss — a full per-sense-cluster split for 25 different multi-sense words was judged not worth the effort relative to alphabetical chunking, which still keeps each browsing unit small.
54mbh87vk1	hay [cosas plurales]	there are [plural things]	core	topic:map-haber-2	Subtopic split (size rule): es:haber (48) chunked alphabetically by English gloss — a full per-sense-cluster split for 25 different multi-sense words was judged not worth the effort relative to alphabetical chunking, which still keeps each browsing unit small.
2ml5xgxl0t	va a haber [cosas plurales]	there are going to be [plural things]	reference	topic:map-haber-2|topic:map-ir-2	Subtopic split (size rule): es:haber (48) chunked alphabetically by English gloss — a full per-sense-cluster split for 25 different multi-sense words was judged not worth the effort relative to alphabetical chunking, which still keeps each browsing unit small.
ker7jy3lyb	no hay [cosas plurales]	there aren't [plural things]	core	topic:map-haber-2	Subtopic split (size rule): es:haber (48) chunked alphabetically by English gloss — a full per-sense-cluster split for 25 different multi-sense words was judged not worth the effort relative to alphabetical chunking, which still keeps each browsing unit small.
nuo847x66j	hay [algo singular]	there is [something singular]	core	topic:map-haber-2	Subtopic split (size rule): es:haber (48) chunked alphabetically by English gloss — a full per-sense-cluster split for 25 different multi-sense words was judged not worth the effort relative to alphabetical chunking, which still keeps each browsing unit small.
hx7cadgvj9	va a haber [algo singular]	there is going to be [something singular]	supporting	topic:map-haber-2|topic:map-ir-2	Subtopic split (size rule): es:haber (48) chunked alphabetically by English gloss — a full per-sense-cluster split for 25 different multi-sense words was judged not worth the effort relative to alphabetical chunking, which still keeps each browsing unit small.
qhznzi6ug8	no hay [algo singular]	there isn't [something singular]	core	topic:map-haber-2	Subtopic split (size rule): es:haber (48) chunked alphabetically by English gloss — a full per-sense-cluster split for 25 different multi-sense words was judged not worth the effort relative to alphabetical chunking, which still keeps each browsing unit small.
hswwpga0wq	debe de haber [algo]	there must be [something]	reference	topic:map-haber-2|topic:map-deber-2	Subtopic split (size rule): es:haber (48) chunked alphabetically by English gloss — a full per-sense-cluster split for 25 different multi-sense words was judged not worth the effort relative to alphabetical chunking, which still keeps each browsing unit small.
zqul6ydgwq	había [algo singular]	there was [something singular]	supporting	topic:map-haber-2	Subtopic split (size rule): es:haber (48) chunked alphabetically by English gloss — a full per-sense-cluster split for 25 different multi-sense words was judged not worth the effort relative to alphabetical chunking, which still keeps each browsing unit small.
v8ez2mbu1u	hubo [algo]	there was [something]	reference	topic:map-haber-2	Subtopic split (size rule): es:haber (48) chunked alphabetically by English gloss — a full per-sense-cluster split for 25 different multi-sense words was judged not worth the effort relative to alphabetical chunking, which still keeps each browsing unit small.
89ut7cha5j	haber [algo] (pasado singular)	there was [something]	supporting	topic:map-haber-2	Subtopic split (size rule): es:haber (48) chunked alphabetically by English gloss — a full per-sense-cluster split for 25 different multi-sense words was judged not worth the effort relative to alphabetical chunking, which still keeps each browsing unit small.
ok7p2o1dce	había [cosas plurales]	there were [plural things]	supporting	topic:map-haber-2	Subtopic split (size rule): es:haber (48) chunked alphabetically by English gloss — a full per-sense-cluster split for 25 different multi-sense words was judged not worth the effort relative to alphabetical chunking, which still keeps each browsing unit small.
4w8zmnbknt	haber [cosas] (pasado plural)	there were [things]	supporting	topic:map-haber-2	Subtopic split (size rule): es:haber (48) chunked alphabetically by English gloss — a full per-sense-cluster split for 25 different multi-sense words was judged not worth the effort relative to alphabetical chunking, which still keeps each browsing unit small.
c9mgqdsqvo	habrá [algo]	there will be [something]	supporting	topic:map-haber-2	Subtopic split (size rule): es:haber (48) chunked alphabetically by English gloss — a full per-sense-cluster split for 25 different multi-sense words was judged not worth the effort relative to alphabetical chunking, which still keeps each browsing unit small.
be5damq4by	habría [algo]	there would be [something]	reference	topic:map-haber-2	Subtopic split (size rule): es:haber (48) chunked alphabetically by English gloss — a full per-sense-cluster split for 25 different multi-sense words was judged not worth the effort relative to alphabetical chunking, which still keeps each browsing unit small.
cp5hmttaq2	hay [algo singular]	there's [something singular]	supporting	topic:map-haber-2	Subtopic split (size rule): es:haber (48) chunked alphabetically by English gloss — a full per-sense-cluster split for 25 different multi-sense words was judged not worth the effort relative to alphabetical chunking, which still keeps each browsing unit small.
uwzxgiv5od	han [hecho algo]	they have [done something]	supporting	topic:map-haber-3	Subtopic split (size rule): es:haber (48) chunked alphabetically by English gloss — a full per-sense-cluster split for 25 different multi-sense words was judged not worth the effort relative to alphabetical chunking, which still keeps each browsing unit small.
rvo8g5gv94	haber [hecho algo]	to have [done something]	core	topic:map-haber-3	Subtopic split (size rule): es:haber (48) chunked alphabetically by English gloss — a full per-sense-cluster split for 25 different multi-sense words was judged not worth the effort relative to alphabetical chunking, which still keeps each browsing unit small.
yqiin6tdtl	haber estado [haciendo algo]	to have been [doing something]	supporting	topic:map-haber-3	Subtopic split (size rule): es:haber (48) chunked alphabetically by English gloss — a full per-sense-cluster split for 25 different multi-sense words was judged not worth the effort relative to alphabetical chunking, which still keeps each browsing unit small.
awrlr9z7v4	haber conocido a [alguien]	to have met [somebody]	reference	topic:map-haber-3	Subtopic split (size rule): es:haber (48) chunked alphabetically by English gloss — a full per-sense-cluster split for 25 different multi-sense words was judged not worth the effort relative to alphabetical chunking, which still keeps each browsing unit small.
tei7cfo1k2	hemos [hecho algo]	we have [done something]	supporting	topic:map-haber-3	Subtopic split (size rule): es:haber (48) chunked alphabetically by English gloss — a full per-sense-cluster split for 25 different multi-sense words was judged not worth the effort relative to alphabetical chunking, which still keeps each browsing unit small.
laom4z3bwd	hay que [hacer algo]	we need to [do something]	supporting	topic:map-haber-3	Subtopic split (size rule): es:haber (48) chunked alphabetically by English gloss — a full per-sense-cluster split for 25 different multi-sense words was judged not worth the effort relative to alphabetical chunking, which still keeps each browsing unit small.
qeak5scchp	[alguien] habrá [hecho algo]	[somebody] will have [done something]	reference	topic:map-haber-3	Subtopic split (size rule): es:haber (48) chunked alphabetically by English gloss — a full per-sense-cluster split for 25 different multi-sense words was judged not worth the effort relative to alphabetical chunking, which still keeps each browsing unit small.
4dtd8lj623	[alguien] habrá estado [haciendo algo]	[somebody] will have been [doing something]	reference	topic:map-haber-3	Subtopic split (size rule): es:haber (48) chunked alphabetically by English gloss — a full per-sense-cluster split for 25 different multi-sense words was judged not worth the effort relative to alphabetical chunking, which still keeps each browsing unit small.
wunmuiqosj	[alguien] habría [hecho algo]	[somebody] would have [done something]	reference	topic:map-haber-3	Subtopic split (size rule): es:haber (48) chunked alphabetically by English gloss — a full per-sense-cluster split for 25 different multi-sense words was judged not worth the effort relative to alphabetical chunking, which still keeps each browsing unit small.
vn67aoztgf	[alguien] habría estado [haciendo algo]	[somebody] would have been [doing something]	reference	topic:map-haber-3	Subtopic split (size rule): es:haber (48) chunked alphabetically by English gloss — a full per-sense-cluster split for 25 different multi-sense words was judged not worth the effort relative to alphabetical chunking, which still keeps each browsing unit small.
xffe82pdpg	has [hecho algo]	you have [done something]	supporting	topic:map-haber-3	Subtopic split (size rule): es:haber (48) chunked alphabetically by English gloss — a full per-sense-cluster split for 25 different multi-sense words was judged not worth the effort relative to alphabetical chunking, which still keeps each browsing unit small.
4pgifzt26u	hay que [hacer algo]	you have to [do something]	supporting	topic:map-haber-3	Subtopic split (size rule): es:haber (48) chunked alphabetically by English gloss — a full per-sense-cluster split for 25 different multi-sense words was judged not worth the effort relative to alphabetical chunking, which still keeps each browsing unit small.
ihsw7a0ggn	¿vas a [hacer algo]?	are you going [to do something]?	core	topic:map-ir-1	Subtopic split (size rule): es:ir (41) chunked alphabetically by English gloss — a full per-sense-cluster split for 25 different multi-sense words was judged not worth the effort relative to alphabetical chunking, which still keeps each browsing unit small.
1m68s37p22	¿Fueron a la fiesta?	Did they go to the party?	supporting	topic:map-ir-1	Subtopic split (size rule): es:ir (41) chunked alphabetically by English gloss — a full per-sense-cluster split for 25 different multi-sense words was judged not worth the effort relative to alphabetical chunking, which still keeps each browsing unit small.
362prshjtp	¿No fueron a la fiesta?	Didn't they go to the party?	supporting	topic:map-ir-1	Subtopic split (size rule): es:ir (41) chunked alphabetically by English gloss — a full per-sense-cluster split for 25 different multi-sense words was judged not worth the effort relative to alphabetical chunking, which still keeps each browsing unit small.
aqt0wb7fmf	irle bien a [alguien] en [algo]	[somebody] does well at [something]	reference	topic:map-ir-1	Subtopic split (size rule): es:ir (41) chunked alphabetically by English gloss — a full per-sense-cluster split for 25 different multi-sense words was judged not worth the effort relative to alphabetical chunking, which still keeps each browsing unit small.
64xccqphml	ir a [hacer algo]	gonna [do something]	supporting	topic:map-ir-1	Subtopic split (size rule): es:ir (41) chunked alphabetically by English gloss — a full per-sense-cluster split for 25 different multi-sense words was judged not worth the effort relative to alphabetical chunking, which still keeps each browsing unit small.
omzzomx3m9	¿cómo le fue a [alguien]?	how did it go for [somebody]?	reference	topic:map-ir-1	Subtopic split (size rule): es:ir (41) chunked alphabetically by English gloss — a full per-sense-cluster split for 25 different multi-sense words was judged not worth the effort relative to alphabetical chunking, which still keeps each browsing unit small.
bqohigg3pm	¿cómo va [algo]?	how is [something] going?	reference	topic:map-ir-1	Subtopic split (size rule): es:ir (41) chunked alphabetically by English gloss — a full per-sense-cluster split for 25 different multi-sense words was judged not worth the effort relative to alphabetical chunking, which still keeps each browsing unit small.
rh4yfb08hn	voy a [hacer algo]	I am going [to do something]	core	topic:map-ir-1	Subtopic split (size rule): es:ir (41) chunked alphabetically by English gloss — a full per-sense-cluster split for 25 different multi-sense words was judged not worth the effort relative to alphabetical chunking, which still keeps each browsing unit small.
opdzad1zrx	voy a [un lugar]	I am going to [a place]	core	topic:map-ir-1	Subtopic split (size rule): es:ir (41) chunked alphabetically by English gloss — a full per-sense-cluster split for 25 different multi-sense words was judged not worth the effort relative to alphabetical chunking, which still keeps each browsing unit small.
zkkcxirv4g	No fui a la fiesta.	I didn't go to the party.	supporting	topic:map-ir-1	Subtopic split (size rule): es:ir (41) chunked alphabetically by English gloss — a full per-sense-cluster split for 25 different multi-sense words was judged not worth the effort relative to alphabetical chunking, which still keeps each browsing unit small.
wr8pbzbr3p	iba a [hacer algo]	I/he/she was going to [do something]	supporting	topic:map-ir-1	Subtopic split (size rule): es:ir (41) chunked alphabetically by English gloss — a full per-sense-cluster split for 25 different multi-sense words was judged not worth the effort relative to alphabetical chunking, which still keeps each browsing unit small.
2g4mul96oa	¿[alguien] va a [hacer algo]?	is [somebody] going to [do something]?	core	topic:map-ir-1	Subtopic split (size rule): es:ir (41) chunked alphabetically by English gloss — a full per-sense-cluster split for 25 different multi-sense words was judged not worth the effort relative to alphabetical chunking, which still keeps each browsing unit small.
0m0vzyyfd9	va a [hacer algo]	is going [to do something]	core	topic:map-ir-1	Subtopic split (size rule): es:ir (41) chunked alphabetically by English gloss — a full per-sense-cluster split for 25 different multi-sense words was judged not worth the effort relative to alphabetical chunking, which still keeps each browsing unit small.
v9mrlosy7o	va a [un lugar]	is going to [a place]	core	topic:map-ir-1	Subtopic split (size rule): es:ir (41) chunked alphabetically by English gloss — a full per-sense-cluster split for 25 different multi-sense words was judged not worth the effort relative to alphabetical chunking, which still keeps each browsing unit small.
mvfvzwbg8g	Vamos a cenar.	Let's have dinner.	supporting	topic:map-ir-1	Subtopic split (size rule): es:ir (41) chunked alphabetically by English gloss — a full per-sense-cluster split for 25 different multi-sense words was judged not worth the effort relative to alphabetical chunking, which still keeps each browsing unit small.
7peott7vnd	No vayamos todavía.	Let's not go yet.	supporting	topic:map-ir-1	Subtopic split (size rule): es:ir (41) chunked alphabetically by English gloss — a full per-sense-cluster split for 25 different multi-sense words was judged not worth the effort relative to alphabetical chunking, which still keeps each browsing unit small.
wlwwmr6d11	se fue la luz	the power was out	reference	topic:map-ir-1	Subtopic split (size rule): es:ir (41) chunked alphabetically by English gloss — a full per-sense-cluster split for 25 different multi-sense words was judged not worth the effort relative to alphabetical chunking, which still keeps each browsing unit small.
wwclre1oia	se fue la luz	the power went out	reference	topic:map-ir-1	Subtopic split (size rule): es:ir (41) chunked alphabetically by English gloss — a full per-sense-cluster split for 25 different multi-sense words was judged not worth the effort relative to alphabetical chunking, which still keeps each browsing unit small.
ym5bgyxy1x	van a [hacer algo]	they are going [to do something]	core	topic:map-ir-2	Subtopic split (size rule): es:ir (41) chunked alphabetically by English gloss — a full per-sense-cluster split for 25 different multi-sense words was judged not worth the effort relative to alphabetical chunking, which still keeps each browsing unit small.
m2cu1ggb78	van a [un lugar]	they are going to [a place]	supporting	topic:map-ir-2	Subtopic split (size rule): es:ir (41) chunked alphabetically by English gloss — a full per-sense-cluster split for 25 different multi-sense words was judged not worth the effort relative to alphabetical chunking, which still keeps each browsing unit small.
38d1kfif1b	ir a [hacer algo]	to be going [to do something]	core	topic:map-ir-2	Subtopic split (size rule): es:ir (41) chunked alphabetically by English gloss — a full per-sense-cluster split for 25 different multi-sense words was judged not worth the effort relative to alphabetical chunking, which still keeps each browsing unit small.
dtu9mjoclb	ir bien	to come along well	reference	topic:map-ir-2	Subtopic split (size rule): es:ir (41) chunked alphabetically by English gloss — a full per-sense-cluster split for 25 different multi-sense words was judged not worth the effort relative to alphabetical chunking, which still keeps each browsing unit small.
8wpdwqvpbe	ir a [hacer algo]	to go [do something]	supporting	topic:map-ir-2	Subtopic split (size rule): es:ir (41) chunked alphabetically by English gloss — a full per-sense-cluster split for 25 different multi-sense words was judged not worth the effort relative to alphabetical chunking, which still keeps each browsing unit small.
wlbaxqy8wx	ir ==> va	to go ==> goes	supporting	topic:map-ir-2	Subtopic split (size rule): es:ir (41) chunked alphabetically by English gloss — a full per-sense-cluster split for 25 different multi-sense words was judged not worth the effort relative to alphabetical chunking, which still keeps each browsing unit small.
nsdu5c6q9d	ir en [un medio de transporte]	to go by [a means of transport]	supporting	topic:map-ir-2	Subtopic split (size rule): es:ir (41) chunked alphabetically by English gloss — a full per-sense-cluster split for 25 different multi-sense words was judged not worth the effort relative to alphabetical chunking, which still keeps each browsing unit small.
cvw44cpv4h	ir a bailar	to go dancing	reference	topic:map-ir-2	Subtopic split (size rule): es:ir (41) chunked alphabetically by English gloss — a full per-sense-cluster split for 25 different multi-sense words was judged not worth the effort relative to alphabetical chunking, which still keeps each browsing unit small.
k9y5vq9p06	ir a casa	to go home	supporting	topic:map-ir-2	Subtopic split (size rule): es:ir (41) chunked alphabetically by English gloss — a full per-sense-cluster split for 25 different multi-sense words was judged not worth the effort relative to alphabetical chunking, which still keeps each browsing unit small.
cpwm5oqh8t	ir a pie	to go on foot	reference	topic:map-ir-2	Subtopic split (size rule): es:ir (41) chunked alphabetically by English gloss — a full per-sense-cluster split for 25 different multi-sense words was judged not worth the effort relative to alphabetical chunking, which still keeps each browsing unit small.
qldej05yfp	ir a correr	to go running	reference	topic:map-ir-2	Subtopic split (size rule): es:ir (41) chunked alphabetically by English gloss — a full per-sense-cluster split for 25 different multi-sense words was judged not worth the effort relative to alphabetical chunking, which still keeps each browsing unit small.
dv55nncur9	ir de compras	to go shopping	supporting	topic:map-ir-2	Subtopic split (size rule): es:ir (41) chunked alphabetically by English gloss — a full per-sense-cluster split for 25 different multi-sense words was judged not worth the effort relative to alphabetical chunking, which still keeps each browsing unit small.
2iiyjrogmc	ir a [un lugar]	to go to [a place]	core	topic:map-ir-2	Subtopic split (size rule): es:ir (41) chunked alphabetically by English gloss — a full per-sense-cluster split for 25 different multi-sense words was judged not worth the effort relative to alphabetical chunking, which still keeps each browsing unit small.
bnj5p17mrm	irle bien a [alguien]	to go well for [somebody]	reference	topic:map-ir-2	Subtopic split (size rule): es:ir (41) chunked alphabetically by English gloss — a full per-sense-cluster split for 25 different multi-sense words was judged not worth the effort relative to alphabetical chunking, which still keeps each browsing unit small.
v48t8redzw	ir con [algo]	to go with [something]	reference	topic:map-ir-2	Subtopic split (size rule): es:ir (41) chunked alphabetically by English gloss — a full per-sense-cluster split for 25 different multi-sense words was judged not worth the effort relative to alphabetical chunking, which still keeps each browsing unit small.
rzbd2v6ygo	¿[alguien] iba a [hacer algo]?	was [somebody] going to [do something]?	supporting	topic:map-ir-2	Subtopic split (size rule): es:ir (41) chunked alphabetically by English gloss — a full per-sense-cluster split for 25 different multi-sense words was judged not worth the effort relative to alphabetical chunking, which still keeps each browsing unit small.
ohgxx8621i	vamos a [hacer algo]	we are going [to do something]	core	topic:map-ir-3	Subtopic split (size rule): es:ir (41) chunked alphabetically by English gloss — a full per-sense-cluster split for 25 different multi-sense words was judged not worth the effort relative to alphabetical chunking, which still keeps each browsing unit small.
i0ipg114mg	vamos a [un lugar]	we are going to [a place]	supporting	topic:map-ir-3	Subtopic split (size rule): es:ir (41) chunked alphabetically by English gloss — a full per-sense-cluster split for 25 different multi-sense words was judged not worth the effort relative to alphabetical chunking, which still keeps each browsing unit small.
ob3a6c4swk	¿ibas a [hacer algo]?	were you going to [do something]?	supporting	topic:map-ir-3	Subtopic split (size rule): es:ir (41) chunked alphabetically by English gloss — a full per-sense-cluster split for 25 different multi-sense words was judged not worth the effort relative to alphabetical chunking, which still keeps each browsing unit small.
0lbant78ng	vas a [hacer algo]	you are going [to do something]	core	topic:map-ir-3	Subtopic split (size rule): es:ir (41) chunked alphabetically by English gloss — a full per-sense-cluster split for 25 different multi-sense words was judged not worth the effort relative to alphabetical chunking, which still keeps each browsing unit small.
vlfntsr6mm	vas a [un lugar]	you are going to [a place]	supporting	topic:map-ir-3	Subtopic split (size rule): es:ir (41) chunked alphabetically by English gloss — a full per-sense-cluster split for 25 different multi-sense words was judged not worth the effort relative to alphabetical chunking, which still keeps each browsing unit small.
b4j9ji5u4s	¿Cómo se dice [algo] en inglés?	How do you say [something] in English?	supporting	topic:map-decir-1	Subtopic split (size rule): es:decir (36) chunked alphabetically by English gloss — a full per-sense-cluster split for 25 different multi-sense words was judged not worth the effort relative to alphabetical chunking, which still keeps each browsing unit small.
okgrw0eqjz	quiero decir	I mean	supporting	topic:map-decir-1|topic:map-querer-1	Subtopic split (size rule): es:decir (36) chunked alphabetically by English gloss — a full per-sense-cluster split for 25 different multi-sense words was judged not worth the effort relative to alphabetical chunking, which still keeps each browsing unit small.
z3umj7sj0q	digamos que [algo sucede]	let's say [something happens]	supporting	topic:map-decir-1	Subtopic split (size rule): es:decir (36) chunked alphabetically by English gloss — a full per-sense-cluster split for 25 different multi-sense words was judged not worth the effort relative to alphabetical chunking, which still keeps each browsing unit small.
2kr0ohl0n5	dicho de otra manera	put another way	reference	topic:map-decir-1	Subtopic split (size rule): es:decir (36) chunked alphabetically by English gloss — a full per-sense-cluster split for 25 different multi-sense words was judged not worth the effort relative to alphabetical chunking, which still keeps each browsing unit small.
h9qi6jkdmp	por así decirlo	so to speak	reference	topic:map-decir-1	Subtopic split (size rule): es:decir (36) chunked alphabetically by English gloss — a full per-sense-cluster split for 25 different multi-sense words was judged not worth the effort relative to alphabetical chunking, which still keeps each browsing unit small.
1x6wkh4a4p	dicho esto	that said	reference	topic:map-decir-1	Subtopic split (size rule): es:decir (36) chunked alphabetically by English gloss — a full per-sense-cluster split for 25 different multi-sense words was judged not worth the effort relative to alphabetical chunking, which still keeps each browsing unit small.
g6s2hpc2m4	[el] dicho	the saying	reference	topic:map-decir-1	Subtopic split (size rule): es:decir (36) chunked alphabetically by English gloss — a full per-sense-cluster split for 25 different multi-sense words was judged not worth the effort relative to alphabetical chunking, which still keeps each browsing unit small.
aw96cncl64	bendecir a [alguien]	to bless [somebody]	reference	topic:map-decir-1	Subtopic split (size rule): es:decir (36) chunked alphabetically by English gloss — a full per-sense-cluster split for 25 different multi-sense words was judged not worth the effort relative to alphabetical chunking, which still keeps each browsing unit small.
8ck7889dtr	contradecir a [alguien]	to contradict [somebody]	reference	topic:map-decir-1	Subtopic split (size rule): es:decir (36) chunked alphabetically by English gloss — a full per-sense-cluster split for 25 different multi-sense words was judged not worth the effort relative to alphabetical chunking, which still keeps each browsing unit small.
btsojlg7v0	maldecir a [alguien]	to curse [somebody]	reference	topic:map-decir-1	Subtopic split (size rule): es:decir (36) chunked alphabetically by English gloss — a full per-sense-cluster split for 25 different multi-sense words was judged not worth the effort relative to alphabetical chunking, which still keeps each browsing unit small.
592w2y5gz1	querer decir	to mean	supporting	topic:map-decir-1|topic:map-querer-1	Subtopic split (size rule): es:decir (36) chunked alphabetically by English gloss — a full per-sense-cluster split for 25 different multi-sense words was judged not worth the effort relative to alphabetical chunking, which still keeps each browsing unit small.
iuyce294go	predecir [algo]	to predict [something]	reference	topic:map-decir-1	Subtopic split (size rule): es:decir (36) chunked alphabetically by English gloss — a full per-sense-cluster split for 25 different multi-sense words was judged not worth the effort relative to alphabetical chunking, which still keeps each browsing unit small.
ehmy6i5qti	rezar [una oración]	to say [a prayer]	reference	topic:map-decir-1	Subtopic split (size rule): es:decir (36) chunked alphabetically by English gloss — a full per-sense-cluster split for 25 different multi-sense words was judged not worth the effort relative to alphabetical chunking, which still keeps each browsing unit small.
d587f3ftw9	decir [algo]	to say [something]	core	topic:map-decir-1	Subtopic split (size rule): es:decir (36) chunked alphabetically by English gloss — a full per-sense-cluster split for 25 different multi-sense words was judged not worth the effort relative to alphabetical chunking, which still keeps each browsing unit small.
4pmy3sue86	decir [algo] en voz alta	to say [something] out loud	reference	topic:map-decir-1	Subtopic split (size rule): es:decir (36) chunked alphabetically by English gloss — a full per-sense-cluster split for 25 different multi-sense words was judged not worth the effort relative to alphabetical chunking, which still keeps each browsing unit small.
ut05s5dusz	decirle [algo] a [alguien]	to say [something] to [somebody]	core	topic:map-decir-2	Subtopic split (size rule): es:decir (36) chunked alphabetically by English gloss — a full per-sense-cluster split for 25 different multi-sense words was judged not worth the effort relative to alphabetical chunking, which still keeps each browsing unit small.
32c7r6jugo	decir ==> dice	to say ==> says	supporting	topic:map-decir-2	Subtopic split (size rule): es:decir (36) chunked alphabetically by English gloss — a full per-sense-cluster split for 25 different multi-sense words was judged not worth the effort relative to alphabetical chunking, which still keeps each browsing unit small.
4uwg2evrwf	saludar a [alguien]	to say hello to [somebody]	supporting	topic:map-decir-2	Subtopic split (size rule): es:decir (36) chunked alphabetically by English gloss — a full per-sense-cluster split for 25 different multi-sense words was judged not worth the effort relative to alphabetical chunking, which still keeps each browsing unit small.
0uwakesgf2	decir que no	to say no	supporting	topic:map-decir-2	Subtopic split (size rule): es:decir (36) chunked alphabetically by English gloss — a full per-sense-cluster split for 25 different multi-sense words was judged not worth the effort relative to alphabetical chunking, which still keeps each browsing unit small.
gbsx4jxjdu	decir que [algo sucede]	to say that [something happens]	core	topic:map-decir-2	Subtopic split (size rule): es:decir (36) chunked alphabetically by English gloss — a full per-sense-cluster split for 25 different multi-sense words was judged not worth the effort relative to alphabetical chunking, which still keeps each browsing unit small.
kwqo05li9i	decir que sí	to say yes	supporting	topic:map-decir-2	Subtopic split (size rule): es:decir (36) chunked alphabetically by English gloss — a full per-sense-cluster split for 25 different multi-sense words was judged not worth the effort relative to alphabetical chunking, which still keeps each browsing unit small.
oi3ndfk0qf	contarle [una historia] a [alguien]	to tell [somebody] [a story]	supporting	topic:map-decir-2|topic:map-contar-2	Subtopic split (size rule): es:decir (36) chunked alphabetically by English gloss — a full per-sense-cluster split for 25 different multi-sense words was judged not worth the effort relative to alphabetical chunking, which still keeps each browsing unit small.
y2jk0txcur	decirle [algo] a [alguien]	to tell [somebody] [something]	core	topic:map-decir-2	Subtopic split (size rule): es:decir (36) chunked alphabetically by English gloss — a full per-sense-cluster split for 25 different multi-sense words was judged not worth the effort relative to alphabetical chunking, which still keeps each browsing unit small.
zo168jw53x	decirle a [alguien] algo sobre [algo]	to tell [somebody] about [something]	supporting	topic:map-decir-2	Subtopic split (size rule): es:decir (36) chunked alphabetically by English gloss — a full per-sense-cluster split for 25 different multi-sense words was judged not worth the effort relative to alphabetical chunking, which still keeps each browsing unit small.
mx0rz2zmur	distinguir a [alguien] de [alguien]	to tell [somebody] apart	reference	topic:map-decir-2	Subtopic split (size rule): es:decir (36) chunked alphabetically by English gloss — a full per-sense-cluster split for 25 different multi-sense words was judged not worth the effort relative to alphabetical chunking, which still keeps each browsing unit small.
7n09vmo7kn	reprender a [alguien]	to tell [somebody] off	reference	topic:map-decir-2	Subtopic split (size rule): es:decir (36) chunked alphabetically by English gloss — a full per-sense-cluster split for 25 different multi-sense words was judged not worth the effort relative to alphabetical chunking, which still keeps each browsing unit small.
l9xp6c0qlt	decirle a [alguien] que [haga algo]	to tell [somebody] to [do something]	core	topic:map-decir-2	Subtopic split (size rule): es:decir (36) chunked alphabetically by English gloss — a full per-sense-cluster split for 25 different multi-sense words was judged not worth the effort relative to alphabetical chunking, which still keeps each browsing unit small.
ui5iwqc9ze	decir [algo] ==> predecir [algo]	to tell [something] ==> to foretell [something]	reference	topic:map-decir-2	Subtopic split (size rule): es:decir (36) chunked alphabetically by English gloss — a full per-sense-cluster split for 25 different multi-sense words was judged not worth the effort relative to alphabetical chunking, which still keeps each browsing unit small.
rv2tbtvssk	distinguir [algo] de [algo]	to tell [something] from [something]	reference	topic:map-decir-2	Subtopic split (size rule): es:decir (36) chunked alphabetically by English gloss — a full per-sense-cluster split for 25 different multi-sense words was judged not worth the effort relative to alphabetical chunking, which still keeps each browsing unit small.
du61aoc74y	decir una mentira	to tell a lie	supporting	topic:map-decir-2	Subtopic split (size rule): es:decir (36) chunked alphabetically by English gloss — a full per-sense-cluster split for 25 different multi-sense words was judged not worth the effort relative to alphabetical chunking, which still keeps each browsing unit small.
0t7sh9pmmo	delatar a [alguien]	to tell on [somebody]	reference	topic:map-decir-2	Subtopic split (size rule): es:decir (36) chunked alphabetically by English gloss — a full per-sense-cluster split for 25 different multi-sense words was judged not worth the effort relative to alphabetical chunking, which still keeps each browsing unit small.
a7tobu5j5o	decir la verdad	to tell the truth	supporting	topic:map-decir-2	Subtopic split (size rule): es:decir (36) chunked alphabetically by English gloss — a full per-sense-cluster split for 25 different multi-sense words was judged not worth the effort relative to alphabetical chunking, which still keeps each browsing unit small.
5o20evhiuo	una taza de café	a cup of coffee	reference	topic:map-de-1	Subtopic split (size rule): es:de (32) chunked alphabetically by English gloss — a full per-sense-cluster split for 25 different multi-sense words was judged not worth the effort relative to alphabetical chunking, which still keeps each browsing unit small.
iahuklv24k	de acuerdo con [algo]	according to [something]	reference	topic:map-de-1	Subtopic split (size rule): es:de (32) chunked alphabetically by English gloss — a full per-sense-cluster split for 25 different multi-sense words was judged not worth the effort relative to alphabetical chunking, which still keeps each browsing unit small.
9kggcuh0hp	de nuevo	again	reference	topic:map-de-1	Subtopic split (size rule): es:de (32) chunked alphabetically by English gloss — a full per-sense-cluster split for 25 different multi-sense words was judged not worth the effort relative to alphabetical chunking, which still keeps each browsing unit small.
0c32ojw5vj	de vuelta	back	supporting	topic:map-de-1	Subtopic split (size rule): es:de (32) chunked alphabetically by English gloss — a full per-sense-cluster split for 25 different multi-sense words was judged not worth the effort relative to alphabetical chunking, which still keeps each browsing unit small.
kcwee5uzri	de antemano	beforehand	reference	topic:map-de-1	Subtopic split (size rule): es:de (32) chunked alphabetically by English gloss — a full per-sense-cluster split for 25 different multi-sense words was judged not worth the effort relative to alphabetical chunking, which still keeps each browsing unit small.
5jt6lj2ulg	leche de chocolate	chocolate milk	reference	topic:map-de-1	Subtopic split (size rule): es:de (32) chunked alphabetically by English gloss — a full per-sense-cluster split for 25 different multi-sense words was judged not worth the effort relative to alphabetical chunking, which still keeps each browsing unit small.
ray0xga2me	taza de café	coffee cup	reference	topic:map-de-1	Subtopic split (size rule): es:de (32) chunked alphabetically by English gloss — a full per-sense-cluster split for 25 different multi-sense words was judged not worth the effort relative to alphabetical chunking, which still keeps each browsing unit small.
h85lbubyqe	taza de café	cup of coffee	reference	topic:map-de-1	Subtopic split (size rule): es:de (32) chunked alphabetically by English gloss — a full per-sense-cluster split for 25 different multi-sense words was judged not worth the effort relative to alphabetical chunking, which still keeps each browsing unit small.
4ufi7f1zmi	a pesar de [algo]	despite [something]	reference	topic:map-de-1	Subtopic split (size rule): es:de (32) chunked alphabetically by English gloss — a full per-sense-cluster split for 25 different multi-sense words was judged not worth the effort relative to alphabetical chunking, which still keeps each browsing unit small.
5fylm54n8s	de [un lugar]	from a place	reference	topic:map-de-1	Subtopic split (size rule): es:de (32) chunked alphabetically by English gloss — a full per-sense-cluster split for 25 different multi-sense words was judged not worth the effort relative to alphabetical chunking, which still keeps each browsing unit small.
itbjcq4mo3	de casa	from home	reference	topic:map-de-1	Subtopic split (size rule): es:de (32) chunked alphabetically by English gloss — a full per-sense-cluster split for 25 different multi-sense words was judged not worth the effort relative to alphabetical chunking, which still keeps each browsing unit small.
zeorvyamau	de ahora en adelante	from now on	reference	topic:map-de-1	Subtopic split (size rule): es:de (32) chunked alphabetically by English gloss — a full per-sense-cluster split for 25 different multi-sense words was judged not worth the effort relative to alphabetical chunking, which still keeps each browsing unit small.
eyue78cz5h	de vez en cuando	from time to time	reference	topic:map-de-1	Subtopic split (size rule): es:de (32) chunked alphabetically by English gloss — a full per-sense-cluster split for 25 different multi-sense words was judged not worth the effort relative to alphabetical chunking, which still keeps each browsing unit small.
0jle9bry8q	de pronto	maybe	reference	topic:map-de-1	Subtopic split (size rule): es:de (32) chunked alphabetically by English gloss — a full per-sense-cluster split for 25 different multi-sense words was judged not worth the effort relative to alphabetical chunking, which still keeps each browsing unit small.
gn8k8hwnce	chocolate de leche	milk chocolate	reference	topic:map-de-1	Subtopic split (size rule): es:de (32) chunked alphabetically by English gloss — a full per-sense-cluster split for 25 different multi-sense words was judged not worth the effort relative to alphabetical chunking, which still keeps each browsing unit small.
lcz2539dyj	de pronto	suddenly	reference	topic:map-de-1	Subtopic split (size rule): es:de (32) chunked alphabetically by English gloss — a full per-sense-cluster split for 25 different multi-sense words was judged not worth the effort relative to alphabetical chunking, which still keeps each browsing unit small.
kx72k02t3e	de ahí viene [algo]	that is where [something] comes from	reference	topic:map-de-1	Subtopic split (size rule): es:de (32) chunked alphabetically by English gloss — a full per-sense-cluster split for 25 different multi-sense words was judged not worth the effort relative to alphabetical chunking, which still keeps each browsing unit small.
cl9enr8dnn	el nombre de la tienda	the name of the store	reference	topic:map-de-2	Subtopic split (size rule): es:de (32) chunked alphabetically by English gloss — a full per-sense-cluster split for 25 different multi-sense words was judged not worth the effort relative to alphabetical chunking, which still keeps each browsing unit small.
5rr4zebvp7	[hacer algo] de [una emoción]	to [do something] with [an emotion]	reference	topic:map-de-2	Subtopic split (size rule): es:de (32) chunked alphabetically by English gloss — a full per-sense-cluster split for 25 different multi-sense words was judged not worth the effort relative to alphabetical chunking, which still keeps each browsing unit small.
27gxfb0ajj	depender de [alguien/algo]	to depend on [somebody/something]	reference	topic:map-de-2	Subtopic split (size rule): es:de (32) chunked alphabetically by English gloss — a full per-sense-cluster split for 25 different multi-sense words was judged not worth the effort relative to alphabetical chunking, which still keeps each browsing unit small.
wine5n6gd9	depender de que [ocurra algo]	to depend on [something] happening	reference	topic:map-de-2	Subtopic split (size rule): es:de (32) chunked alphabetically by English gloss — a full per-sense-cluster split for 25 different multi-sense words was judged not worth the effort relative to alphabetical chunking, which still keeps each browsing unit small.
tef3nelk2n	acabar de [hacer algo]	to finish [doing something]	supporting	topic:map-de-2	Subtopic split (size rule): es:de (32) chunked alphabetically by English gloss — a full per-sense-cluster split for 25 different multi-sense words was judged not worth the effort relative to alphabetical chunking, which still keeps each browsing unit small.
vm27w6wl2u	acabar de [hacer algo]	to have just [done something]	supporting	topic:map-de-2	Subtopic split (size rule): es:de (32) chunked alphabetically by English gloss — a full per-sense-cluster split for 25 different multi-sense words was judged not worth the effort relative to alphabetical chunking, which still keeps each browsing unit small.
jx3qdoooew	acababa de [hacer algo]	to have just [done something]	reference	topic:map-de-2	Subtopic split (size rule): es:de (32) chunked alphabetically by English gloss — a full per-sense-cluster split for 25 different multi-sense words was judged not worth the effort relative to alphabetical chunking, which still keeps each browsing unit small.
0yil0wwbgv	echar de menos a [alguien]	to miss [somebody]	reference	topic:map-de-2|topic:map-echar-1	Subtopic split (size rule): es:de (32) chunked alphabetically by English gloss — a full per-sense-cluster split for 25 different multi-sense words was judged not worth the effort relative to alphabetical chunking, which still keeps each browsing unit small.
skfxdss0cs	dejar de [hacer algo]	to no longer [do something]	reference	topic:map-de-2|topic:map-dejar-2	Subtopic split (size rule): es:de (32) chunked alphabetically by English gloss — a full per-sense-cluster split for 25 different multi-sense words was judged not worth the effort relative to alphabetical chunking, which still keeps each browsing unit small.
yfjyb31b9b	dejar de [hacer algo]	to stop [doing something]	core	topic:map-de-2|topic:map-dejar-2	Subtopic split (size rule): es:de (32) chunked alphabetically by English gloss — a full per-sense-cluster split for 25 different multi-sense words was judged not worth the effort relative to alphabetical chunking, which still keeps each browsing unit small.
9q3ezcaa3k	parar de [hacer algo]	to stop [doing something]	supporting	topic:map-de-2	Subtopic split (size rule): es:de (32) chunked alphabetically by English gloss — a full per-sense-cluster split for 25 different multi-sense words was judged not worth the effort relative to alphabetical chunking, which still keeps each browsing unit small.
n19h8scdqx	¿de qué [ocurre algo]?	what [does something happen] about?	reference	topic:map-de-2	Subtopic split (size rule): es:de (32) chunked alphabetically by English gloss — a full per-sense-cluster split for 25 different multi-sense words was judged not worth the effort relative to alphabetical chunking, which still keeps each browsing unit small.
hwdyiqf0pm	de nada	you're welcome	supporting	topic:map-de-2	Subtopic split (size rule): es:de (32) chunked alphabetically by English gloss — a full per-sense-cluster split for 25 different multi-sense words was judged not worth the effort relative to alphabetical chunking, which still keeps each browsing unit small.
h79dh4z5r9	en un lugar	at a place	reference	topic:map-en-1	Subtopic split (size rule): es:en (30) chunked alphabetically by English gloss — a full per-sense-cluster split for 25 different multi-sense words was judged not worth the effort relative to alphabetical chunking, which still keeps each browsing unit small.
3z3dcdm7iy	en casa	at home	supporting	topic:map-en-1	Subtopic split (size rule): es:en (30) chunked alphabetically by English gloss — a full per-sense-cluster split for 25 different multi-sense words was judged not worth the effort relative to alphabetical chunking, which still keeps each browsing unit small.
19blsp2ne3	en el aeropuerto	at the airport	reference	topic:map-en-1	Subtopic split (size rule): es:en (30) chunked alphabetically by English gloss — a full per-sense-cluster split for 25 different multi-sense words was judged not worth the effort relative to alphabetical chunking, which still keeps each browsing unit small.
almn931bqf	en el apartamento	at the apartment	reference	topic:map-en-1	Subtopic split (size rule): es:en (30) chunked alphabetically by English gloss — a full per-sense-cluster split for 25 different multi-sense words was judged not worth the effort relative to alphabetical chunking, which still keeps each browsing unit small.
xbx1b5duuw	en el evento	at the event	reference	topic:map-en-1	Subtopic split (size rule): es:en (30) chunked alphabetically by English gloss — a full per-sense-cluster split for 25 different multi-sense words was judged not worth the effort relative to alphabetical chunking, which still keeps each browsing unit small.
zqynuesp7m	en la oficina	at the office	reference	topic:map-en-1	Subtopic split (size rule): es:en (30) chunked alphabetically by English gloss — a full per-sense-cluster split for 25 different multi-sense words was judged not worth the effort relative to alphabetical chunking, which still keeps each browsing unit small.
ljeh77mbs7	en el parque	at the park	reference	topic:map-en-1	Subtopic split (size rule): es:en (30) chunked alphabetically by English gloss — a full per-sense-cluster split for 25 different multi-sense words was judged not worth the effort relative to alphabetical chunking, which still keeps each browsing unit small.
hx0to60nd6	en la tienda	at the store	reference	topic:map-en-1	Subtopic split (size rule): es:en (30) chunked alphabetically by English gloss — a full per-sense-cluster split for 25 different multi-sense words was judged not worth the effort relative to alphabetical chunking, which still keeps each browsing unit small.
jyt07gvckk	en aquel entonces	back then	reference	topic:map-en-1	Subtopic split (size rule): es:en (30) chunked alphabetically by English gloss — a full per-sense-cluster split for 25 different multi-sense words was judged not worth the effort relative to alphabetical chunking, which still keeps each browsing unit small.
0btyqoea32	dentro de un lugar	in a place	reference	topic:map-en-1	Subtopic split (size rule): es:en (30) chunked alphabetically by English gloss — a full per-sense-cluster split for 25 different multi-sense words was judged not worth the effort relative to alphabetical chunking, which still keeps each browsing unit small.
iwv1m9ssf3	en todo caso	in any case	reference	topic:map-en-1	Subtopic split (size rule): es:en (30) chunked alphabetically by English gloss — a full per-sense-cluster split for 25 different multi-sense words was judged not worth the effort relative to alphabetical chunking, which still keeps each browsing unit small.
ri2h5v0twz	en Bogotá	in Bogotá	reference	topic:map-en-1	Subtopic split (size rule): es:en (30) chunked alphabetically by English gloss — a full per-sense-cluster split for 25 different multi-sense words was judged not worth the effort relative to alphabetical chunking, which still keeps each browsing unit small.
ih376hqi1w	en Colombia	in Colombia	reference	topic:map-en-1	Subtopic split (size rule): es:en (30) chunked alphabetically by English gloss — a full per-sense-cluster split for 25 different multi-sense words was judged not worth the effort relative to alphabetical chunking, which still keeps each browsing unit small.
hi5t96rg3q	en minúsculas	in lowercase	reference	topic:map-en-1	Subtopic split (size rule): es:en (30) chunked alphabetically by English gloss — a full per-sense-cluster split for 25 different multi-sense words was judged not worth the effort relative to alphabetical chunking, which still keeps each browsing unit small.
tc6rh28m6b	en Rosales	in Rosales	reference	topic:map-en-1	Subtopic split (size rule): es:en (30) chunked alphabetically by English gloss — a full per-sense-cluster split for 25 different multi-sense words was judged not worth the effort relative to alphabetical chunking, which still keeps each browsing unit small.
9nmv4gc74l	en el apartamento	in the apartment	reference	topic:map-en-1	Subtopic split (size rule): es:en (30) chunked alphabetically by English gloss — a full per-sense-cluster split for 25 different multi-sense words was judged not worth the effort relative to alphabetical chunking, which still keeps each browsing unit small.
1pnnl3ovji	en el bolso	in the bag	reference	topic:map-en-1	Subtopic split (size rule): es:en (30) chunked alphabetically by English gloss — a full per-sense-cluster split for 25 different multi-sense words was judged not worth the effort relative to alphabetical chunking, which still keeps each browsing unit small.
vlo817grkx	en el baño	in the bathroom	reference	topic:map-en-1	Subtopic split (size rule): es:en (30) chunked alphabetically by English gloss — a full per-sense-cluster split for 25 different multi-sense words was judged not worth the effort relative to alphabetical chunking, which still keeps each browsing unit small.
nchk5z9l4b	en el carro	in the car	reference	topic:map-en-2	Subtopic split (size rule): es:en (30) chunked alphabetically by English gloss — a full per-sense-cluster split for 25 different multi-sense words was judged not worth the effort relative to alphabetical chunking, which still keeps each browsing unit small.
w7xxmnwso7	en la ciudad	in the city	reference	topic:map-en-2	Subtopic split (size rule): es:en (30) chunked alphabetically by English gloss — a full per-sense-cluster split for 25 different multi-sense words was judged not worth the effort relative to alphabetical chunking, which still keeps each browsing unit small.
kxv8nlgxdq	en el país	in the country	reference	topic:map-en-2	Subtopic split (size rule): es:en (30) chunked alphabetically by English gloss — a full per-sense-cluster split for 25 different multi-sense words was judged not worth the effort relative to alphabetical chunking, which still keeps each browsing unit small.
7nzdyaq2x1	en medio de [algo]	in the middle of [something]	reference	topic:map-en-2	Subtopic split (size rule): es:en (30) chunked alphabetically by English gloss — a full per-sense-cluster split for 25 different multi-sense words was judged not worth the effort relative to alphabetical chunking, which still keeps each browsing unit small.
espvuux5lh	en el barrio	in the neighborhood	reference	topic:map-en-2	Subtopic split (size rule): es:en (30) chunked alphabetically by English gloss — a full per-sense-cluster split for 25 different multi-sense words was judged not worth the effort relative to alphabetical chunking, which still keeps each browsing unit small.
p33186aae6	en mayúsculas	in uppercase	reference	topic:map-en-2	Subtopic split (size rule): es:en (30) chunked alphabetically by English gloss — a full per-sense-cluster split for 25 different multi-sense words was judged not worth the effort relative to alphabetical chunking, which still keeps each browsing unit small.
h16fxi4ub9	en vez de [hacer algo]	instead of [doing something]	reference	topic:map-en-2	Subtopic split (size rule): es:en (30) chunked alphabetically by English gloss — a full per-sense-cluster split for 25 different multi-sense words was judged not worth the effort relative to alphabetical chunking, which still keeps each browsing unit small.
n9t5c2brnx	en una superficie	on a surface	reference	topic:map-en-2	Subtopic split (size rule): es:en (30) chunked alphabetically by English gloss — a full per-sense-cluster split for 25 different multi-sense words was judged not worth the effort relative to alphabetical chunking, which still keeps each browsing unit small.
bpf1cuta59	en una página web	on a webpage	reference	topic:map-en-2	Subtopic split (size rule): es:en (30) chunked alphabetically by English gloss — a full per-sense-cluster split for 25 different multi-sense words was judged not worth the effort relative to alphabetical chunking, which still keeps each browsing unit small.
mlegy7ee73	en el piso	on the floor	reference	topic:map-en-2	Subtopic split (size rule): es:en (30) chunked alphabetically by English gloss — a full per-sense-cluster split for 25 different multi-sense words was judged not worth the effort relative to alphabetical chunking, which still keeps each browsing unit small.
jfphg18mwh	sobre la mesa	on the table	reference	topic:map-en-2	Subtopic split (size rule): es:en (30) chunked alphabetically by English gloss — a full per-sense-cluster split for 25 different multi-sense words was judged not worth the effort relative to alphabetical chunking, which still keeps each browsing unit small.
rgpsxhe7h3	caer en cuenta de que [algo sucede]	to realize that [something happens]	reference	topic:map-en-2	Subtopic split (size rule): es:en (30) chunked alphabetically by English gloss — a full per-sense-cluster split for 25 different multi-sense words was judged not worth the effort relative to alphabetical chunking, which still keeps each browsing unit small.
yy1wmnythy	[el] pedido	the order	reference	topic:map-pedir-1	Subtopic split (size rule): es:pedir (31) chunked alphabetically by English gloss — a full per-sense-cluster split for 25 different multi-sense words was judged not worth the effort relative to alphabetical chunking, which still keeps each browsing unit small.
bd134x1q1x	[la] petición	the request	reference	topic:map-pedir-1	Subtopic split (size rule): es:pedir (31) chunked alphabetically by English gloss — a full per-sense-cluster split for 25 different multi-sense words was judged not worth the effort relative to alphabetical chunking, which still keeps each browsing unit small.
chlit99d2v	pedir disculpas por [algo]	to apologize for [something]	reference	topic:map-pedir-1	Subtopic split (size rule): es:pedir (31) chunked alphabetically by English gloss — a full per-sense-cluster split for 25 different multi-sense words was judged not worth the effort relative to alphabetical chunking, which still keeps each browsing unit small.
x71u2ua4d3	pedir [una visa]	to apply for [a visa]	reference	topic:map-pedir-1	Subtopic split (size rule): es:pedir (31) chunked alphabetically by English gloss — a full per-sense-cluster split for 25 different multi-sense words was judged not worth the effort relative to alphabetical chunking, which still keeps each browsing unit small.
0d7663jbyo	pedirle [algo] a [alguien]	to ask [somebody] for [something]	core	topic:map-pedir-1	Subtopic split (size rule): es:pedir (31) chunked alphabetically by English gloss — a full per-sense-cluster split for 25 different multi-sense words was judged not worth the effort relative to alphabetical chunking, which still keeps each browsing unit small.
ixbwufuza6	invitar a entrar a [alguien]	to ask [somebody] in	reference	topic:map-pedir-1	Subtopic split (size rule): es:pedir (31) chunked alphabetically by English gloss — a full per-sense-cluster split for 25 different multi-sense words was judged not worth the effort relative to alphabetical chunking, which still keeps each browsing unit small.
el36dqux2e	invitar a salir a [alguien]	to ask [somebody] out	reference	topic:map-pedir-1	Subtopic split (size rule): es:pedir (31) chunked alphabetically by English gloss — a full per-sense-cluster split for 25 different multi-sense words was judged not worth the effort relative to alphabetical chunking, which still keeps each browsing unit small.
x2fc6shlo3	invitar a [alguien] a casa	to ask [somebody] over	reference	topic:map-pedir-1	Subtopic split (size rule): es:pedir (31) chunked alphabetically by English gloss — a full per-sense-cluster split for 25 different multi-sense words was judged not worth the effort relative to alphabetical chunking, which still keeps each browsing unit small.
r3pecbwlhk	pedirle a [alguien] que [haga algo]	to ask [somebody] to [do something]	core	topic:map-pedir-1	Subtopic split (size rule): es:pedir (31) chunked alphabetically by English gloss — a full per-sense-cluster split for 25 different multi-sense words was judged not worth the effort relative to alphabetical chunking, which still keeps each browsing unit small.
x850nhvcaj	preguntar sobre [algo]	to ask about [something]	supporting	topic:map-pedir-1	Subtopic split (size rule): es:pedir (31) chunked alphabetically by English gloss — a full per-sense-cluster split for 25 different multi-sense words was judged not worth the effort relative to alphabetical chunking, which still keeps each browsing unit small.
o7o4ftsalw	preguntar por [alguien]	to ask after [somebody]	reference	topic:map-pedir-1	Subtopic split (size rule): es:pedir (31) chunked alphabetically by English gloss — a full per-sense-cluster split for 25 different multi-sense words was judged not worth the effort relative to alphabetical chunking, which still keeps each browsing unit small.
sfix1omn3j	preguntarles a varias personas	to ask around	reference	topic:map-pedir-1	Subtopic split (size rule): es:pedir (31) chunked alphabetically by English gloss — a full per-sense-cluster split for 25 different multi-sense words was judged not worth the effort relative to alphabetical chunking, which still keeps each browsing unit small.
lnjk7w9ssw	pedir [algo]	to ask for [something]	core	topic:map-pedir-1	Subtopic split (size rule): es:pedir (31) chunked alphabetically by English gloss — a full per-sense-cluster split for 25 different multi-sense words was judged not worth the effort relative to alphabetical chunking, which still keeps each browsing unit small.
27fbkeb2et	pedir perdón por [algo]	to ask for forgiveness for [something]	reference	topic:map-pedir-1	Subtopic split (size rule): es:pedir (31) chunked alphabetically by English gloss — a full per-sense-cluster split for 25 different multi-sense words was judged not worth the effort relative to alphabetical chunking, which still keeps each browsing unit small.
1g3jfa9eo7	pedir permiso para [hacer algo]	to ask for permission to [do something]	supporting	topic:map-pedir-1	Subtopic split (size rule): es:pedir (31) chunked alphabetically by English gloss — a full per-sense-cluster split for 25 different multi-sense words was judged not worth the effort relative to alphabetical chunking, which still keeps each browsing unit small.
070rfgth5n	pedir limosna	to beg	reference	topic:map-pedir-1	Subtopic split (size rule): es:pedir (31) chunked alphabetically by English gloss — a full per-sense-cluster split for 25 different multi-sense words was judged not worth the effort relative to alphabetical chunking, which still keeps each browsing unit small.
f8j54x3ds4	pedir una cita con [alguien]	to book an appointment with [somebody]	reference	topic:map-pedir-1	Subtopic split (size rule): es:pedir (31) chunked alphabetically by English gloss — a full per-sense-cluster split for 25 different multi-sense words was judged not worth the effort relative to alphabetical chunking, which still keeps each browsing unit small.
srjl4vz5st	pedirle prestado [algo] a [alguien]	to borrow [something] from [somebody]	supporting	topic:map-pedir-1	Subtopic split (size rule): es:pedir (31) chunked alphabetically by English gloss — a full per-sense-cluster split for 25 different multi-sense words was judged not worth the effort relative to alphabetical chunking, which still keeps each browsing unit small.
af25juocs7	pedirle cuentas a [alguien]	to demand an explanation from [somebody]	reference	topic:map-pedir-2	Subtopic split (size rule): es:pedir (31) chunked alphabetically by English gloss — a full per-sense-cluster split for 25 different multi-sense words was judged not worth the effort relative to alphabetical chunking, which still keeps each browsing unit small.
439x0r7xja	pedir un deseo	to make a wish	reference	topic:map-pedir-2	Subtopic split (size rule): es:pedir (31) chunked alphabetically by English gloss — a full per-sense-cluster split for 25 different multi-sense words was judged not worth the effort relative to alphabetical chunking, which still keeps each browsing unit small.
kdt4ocawe0	pedir una cita con [alguien]	to make an appointment with [somebody]	reference	topic:map-pedir-2	Subtopic split (size rule): es:pedir (31) chunked alphabetically by English gloss — a full per-sense-cluster split for 25 different multi-sense words was judged not worth the effort relative to alphabetical chunking, which still keeps each browsing unit small.
akiq3fgnfg	pedir [un producto]	to order [a product]	supporting	topic:map-pedir-2	Subtopic split (size rule): es:pedir (31) chunked alphabetically by English gloss — a full per-sense-cluster split for 25 different multi-sense words was judged not worth the effort relative to alphabetical chunking, which still keeps each browsing unit small.
fjv6xhktcy	pedir [comida o bebida]	to order [food or a drink]	supporting	topic:map-pedir-2	Subtopic split (size rule): es:pedir (31) chunked alphabetically by English gloss — a full per-sense-cluster split for 25 different multi-sense words was judged not worth the effort relative to alphabetical chunking, which still keeps each browsing unit small.
ka5uny00ga	pedir [comida] a domicilio	to order [food] for delivery	reference	topic:map-pedir-2	Subtopic split (size rule): es:pedir (31) chunked alphabetically by English gloss — a full per-sense-cluster split for 25 different multi-sense words was judged not worth the effort relative to alphabetical chunking, which still keeps each browsing unit small.
hhmv0g9xlh	pedir [comida] para llevar	to order [food] to go	reference	topic:map-pedir-2	Subtopic split (size rule): es:pedir (31) chunked alphabetically by English gloss — a full per-sense-cluster split for 25 different multi-sense words was judged not worth the effort relative to alphabetical chunking, which still keeps each browsing unit small.
f03pn31r0v	mandar a [alguien] de un lado a otro	to order [somebody] around	reference	topic:map-pedir-2	Subtopic split (size rule): es:pedir (31) chunked alphabetically by English gloss — a full per-sense-cluster split for 25 different multi-sense words was judged not worth the effort relative to alphabetical chunking, which still keeps each browsing unit small.
15fzbnc0u4	ordenarle salir a [alguien]	to order [somebody] out	reference	topic:map-pedir-2	Subtopic split (size rule): es:pedir (31) chunked alphabetically by English gloss — a full per-sense-cluster split for 25 different multi-sense words was judged not worth the effort relative to alphabetical chunking, which still keeps each browsing unit small.
0h2i95gmp3	pedir [algo] a [un negocio]	to order [something] from [a business]	reference	topic:map-pedir-2	Subtopic split (size rule): es:pedir (31) chunked alphabetically by English gloss — a full per-sense-cluster split for 25 different multi-sense words was judged not worth the effort relative to alphabetical chunking, which still keeps each browsing unit small.
i0ry42yzcl	pedir [comida] a domicilio	to order in	reference	topic:map-pedir-2	Subtopic split (size rule): es:pedir (31) chunked alphabetically by English gloss — a full per-sense-cluster split for 25 different multi-sense words was judged not worth the effort relative to alphabetical chunking, which still keeps each browsing unit small.
2j339tyd27	pedir formalmente [algo]	to request [something]	reference	topic:map-pedir-2	Subtopic split (size rule): es:pedir (31) chunked alphabetically by English gloss — a full per-sense-cluster split for 25 different multi-sense words was judged not worth the effort relative to alphabetical chunking, which still keeps each browsing unit small.
cje0h2p81t	pedir [algo] a [alguien] formalmente	to request [something] from [somebody]	reference	topic:map-pedir-2	Subtopic split (size rule): es:pedir (31) chunked alphabetically by English gloss — a full per-sense-cluster split for 25 different multi-sense words was judged not worth the effort relative to alphabetical chunking, which still keeps each browsing unit small.
bilb51sumb	[dejar] a [alguien] [en un estado]	[to make] [somebody] [an adjective]	reference	topic:map-dejar-1	Subtopic split (size rule): es:dejar (32) chunked alphabetically by English gloss — a full per-sense-cluster split for 25 different multi-sense words was judged not worth the effort relative to alphabetical chunking, which still keeps each browsing unit small.
tzy94y3hmu	[dejar] a [alguien] [en un estado]	[to leave] [somebody] [in a state]	reference	topic:map-dejar-1	Subtopic split (size rule): es:dejar (32) chunked alphabetically by English gloss — a full per-sense-cluster split for 25 different multi-sense words was judged not worth the effort relative to alphabetical chunking, which still keeps each browsing unit small.
2qn9jrryai	[dejar] [algo] claro	[to make] [something] clear	reference	topic:map-dejar-1	Subtopic split (size rule): es:dejar (32) chunked alphabetically by English gloss — a full per-sense-cluster split for 25 different multi-sense words was judged not worth the effort relative to alphabetical chunking, which still keeps each browsing unit small.
n27dfso39e	déjame [hacer algo]	lemme [do something]	reference	topic:map-dejar-1	Subtopic split (size rule): es:dejar (32) chunked alphabetically by English gloss — a full per-sense-cluster split for 25 different multi-sense words was judged not worth the effort relative to alphabetical chunking, which still keeps each browsing unit small.
zmz6t98hlf	déjame [hacer algo]	let me [do something]	supporting	topic:map-dejar-1	Subtopic split (size rule): es:dejar (32) chunked alphabetically by English gloss — a full per-sense-cluster split for 25 different multi-sense words was judged not worth the effort relative to alphabetical chunking, which still keeps each browsing unit small.
czlzxhiz8y	dejar [un proyecto o responsabilidad]	to abandon [a project or responsibility]	reference	topic:map-dejar-1	Subtopic split (size rule): es:dejar (32) chunked alphabetically by English gloss — a full per-sense-cluster split for 25 different multi-sense words was judged not worth the effort relative to alphabetical chunking, which still keeps each browsing unit small.
nbidca94v7	dejar que [alguien] [haga algo]	to allow [somebody] to [do something]	reference	topic:map-dejar-1	Subtopic split (size rule): es:dejar (32) chunked alphabetically by English gloss — a full per-sense-cluster split for 25 different multi-sense words was judged not worth the effort relative to alphabetical chunking, which still keeps each browsing unit small.
zxbk3kr77z	dejar [algo] [en algún lugar]	to forget [something] [somewhere]	reference	topic:map-dejar-1	Subtopic split (size rule): es:dejar (32) chunked alphabetically by English gloss — a full per-sense-cluster split for 25 different multi-sense words was judged not worth the effort relative to alphabetical chunking, which still keeps each browsing unit small.
goxootramx	dejarse llevar	to get carried away	reference	topic:map-dejar-1	Subtopic split (size rule): es:dejar (32) chunked alphabetically by English gloss — a full per-sense-cluster split for 25 different multi-sense words was judged not worth the effort relative to alphabetical chunking, which still keeps each browsing unit small.
9bd5m6jcab	dejar [un proyecto o actividad]	to give up [a project or activity]	reference	topic:map-dejar-1	Subtopic split (size rule): es:dejar (32) chunked alphabetically by English gloss — a full per-sense-cluster split for 25 different multi-sense words was judged not worth the effort relative to alphabetical chunking, which still keeps each browsing unit small.
dzzngcl5ri	no dejar de [hacer algo]	to keep [doing something]	reference	topic:map-dejar-1	Subtopic split (size rule): es:dejar (32) chunked alphabetically by English gloss — a full per-sense-cluster split for 25 different multi-sense words was judged not worth the effort relative to alphabetical chunking, which still keeps each browsing unit small.
egh1emsv3k	dejar [un lugar]	to leave [a place]	reference	topic:map-dejar-1	Subtopic split (size rule): es:dejar (32) chunked alphabetically by English gloss — a full per-sense-cluster split for 25 different multi-sense words was judged not worth the effort relative to alphabetical chunking, which still keeps each browsing unit small.
qj0lhiuc75	dejar en paz a [alguien]	to leave [somebody] alone	supporting	topic:map-dejar-1	Subtopic split (size rule): es:dejar (32) chunked alphabetically by English gloss — a full per-sense-cluster split for 25 different multi-sense words was judged not worth the effort relative to alphabetical chunking, which still keeps each browsing unit small.
j5psxk7lpd	dejar [algo o alguien] encargado con [alguien]	to leave [something or somebody] in [somebody's] care	reference	topic:map-dejar-1	Subtopic split (size rule): es:dejar (32) chunked alphabetically by English gloss — a full per-sense-cluster split for 25 different multi-sense words was judged not worth the effort relative to alphabetical chunking, which still keeps each browsing unit small.
zu4n3xn4x8	dejar [algo o alguien] por fuera	to leave [something or somebody] out	supporting	topic:map-dejar-1	Subtopic split (size rule): es:dejar (32) chunked alphabetically by English gloss — a full per-sense-cluster split for 25 different multi-sense words was judged not worth the effort relative to alphabetical chunking, which still keeps each browsing unit small.
yxm2eedy90	dejar [algo] [en algún lugar]	to leave [something] [somewhere]	core	topic:map-dejar-1	Subtopic split (size rule): es:dejar (32) chunked alphabetically by English gloss — a full per-sense-cluster split for 25 different multi-sense words was judged not worth the effort relative to alphabetical chunking, which still keeps each browsing unit small.
scirzjermw	dejar [algo] atrás	to leave [something] behind	reference	topic:map-dejar-1	Subtopic split (size rule): es:dejar (32) chunked alphabetically by English gloss — a full per-sense-cluster split for 25 different multi-sense words was judged not worth the effort relative to alphabetical chunking, which still keeps each browsing unit small.
bldd0u1kcp	dejar [algo] encargado a [alguien]	to leave [something] in [somebody's] care	reference	topic:map-dejar-2	Subtopic split (size rule): es:dejar (32) chunked alphabetically by English gloss — a full per-sense-cluster split for 25 different multi-sense words was judged not worth the effort relative to alphabetical chunking, which still keeps each browsing unit small.
hyx4uupf61	dejar [algo] encendido	to leave [something] on	reference	topic:map-dejar-2	Subtopic split (size rule): es:dejar (32) chunked alphabetically by English gloss — a full per-sense-cluster split for 25 different multi-sense words was judged not worth the effort relative to alphabetical chunking, which still keeps each browsing unit small.
ro9nxfyi16	dejar [algo] fuera	to leave [something] out	reference	topic:map-dejar-2	Subtopic split (size rule): es:dejar (32) chunked alphabetically by English gloss — a full per-sense-cluster split for 25 different multi-sense words was judged not worth the effort relative to alphabetical chunking, which still keeps each browsing unit small.
9ytu1uafba	dejar mucho que desear	to leave much to be desired	reference	topic:map-dejar-2	Subtopic split (size rule): es:dejar (32) chunked alphabetically by English gloss — a full per-sense-cluster split for 25 different multi-sense words was judged not worth the effort relative to alphabetical chunking, which still keeps each browsing unit small.
cz1u7ybmyj	dejarle [algo] a [alguien]	to lend [somebody] [something]	reference	topic:map-dejar-2	Subtopic split (size rule): es:dejar (32) chunked alphabetically by English gloss — a full per-sense-cluster split for 25 different multi-sense words was judged not worth the effort relative to alphabetical chunking, which still keeps each browsing unit small.
fzsfzh2mfr	dejar pasar [una oportunidad]	to let [an opportunity] pass	reference	topic:map-dejar-2	Subtopic split (size rule): es:dejar (32) chunked alphabetically by English gloss — a full per-sense-cluster split for 25 different multi-sense words was judged not worth the effort relative to alphabetical chunking, which still keeps each browsing unit small.
od0g56sefd	dejar salir a [alguien o algo]	to let [somebody or something] out	reference	topic:map-dejar-2	Subtopic split (size rule): es:dejar (32) chunked alphabetically by English gloss — a full per-sense-cluster split for 25 different multi-sense words was judged not worth the effort relative to alphabetical chunking, which still keeps each browsing unit small.
e7nedtjuof	dejar que [alguien] [haga algo]	to let [somebody] [do something]	core	topic:map-dejar-2	Subtopic split (size rule): es:dejar (32) chunked alphabetically by English gloss — a full per-sense-cluster split for 25 different multi-sense words was judged not worth the effort relative to alphabetical chunking, which still keeps each browsing unit small.
jwc22mmcyd	dejarle [algo] a [alguien]	to let [somebody] use [something]	reference	topic:map-dejar-2	Subtopic split (size rule): es:dejar (32) chunked alphabetically by English gloss — a full per-sense-cluster split for 25 different multi-sense words was judged not worth the effort relative to alphabetical chunking, which still keeps each browsing unit small.
qk02mephc9	dejar pasar [una oportunidad]	to pass up [an opportunity]	reference	topic:map-dejar-2	Subtopic split (size rule): es:dejar (32) chunked alphabetically by English gloss — a full per-sense-cluster split for 25 different multi-sense words was judged not worth the effort relative to alphabetical chunking, which still keeps each browsing unit small.
xf3bu4p3qr	dejar plantado a [alguien]	to stand [somebody] up	reference	topic:map-dejar-2	Subtopic split (size rule): es:dejar (32) chunked alphabetically by English gloss — a full per-sense-cluster split for 25 different multi-sense words was judged not worth the effort relative to alphabetical chunking, which still keeps each browsing unit small.
jz9ja639wb	[el] habla	speech	reference	topic:map-hablar-1	Subtopic split (size rule): es:hablar (28) chunked alphabetically by English gloss — a full per-sense-cluster split for 25 different multi-sense words was judged not worth the effort relative to alphabetical chunking, which still keeps each browsing unit small.
vnc1p295cf	[el/la] hablante	the speaker	reference	topic:map-hablar-1	Subtopic split (size rule): es:hablar (28) chunked alphabetically by English gloss — a full per-sense-cluster split for 25 different multi-sense words was judged not worth the effort relative to alphabetical chunking, which still keeps each browsing unit small.
4c0v1mewmv	hablar	to speak	core	topic:map-hablar-1	Subtopic split (size rule): es:hablar (28) chunked alphabetically by English gloss — a full per-sense-cluster split for 25 different multi-sense words was judged not worth the effort relative to alphabetical chunking, which still keeps each browsing unit small.
hh9lhwdnn0	hablar sin pronombre de sujeto	to speak (subject dropped)	core	topic:map-hablar-1	Subtopic split (size rule): es:hablar (28) chunked alphabetically by English gloss — a full per-sense-cluster split for 25 different multi-sense words was judged not worth the effort relative to alphabetical chunking, which still keeps each browsing unit small.
hyz7cpy9fj	hablar sobre [algo]	to speak about [something]	supporting	topic:map-hablar-1	Subtopic split (size rule): es:hablar (28) chunked alphabetically by English gloss — a full per-sense-cluster split for 25 different multi-sense words was judged not worth the effort relative to alphabetical chunking, which still keeps each browsing unit small.
kf0u7n45dt	hablar por [alguien]	to speak for [somebody]	reference	topic:map-hablar-1	Subtopic split (size rule): es:hablar (28) chunked alphabetically by English gloss — a full per-sense-cluster split for 25 different multi-sense words was judged not worth the effort relative to alphabetical chunking, which still keeps each browsing unit small.
5zamvuatdn	hablar por sí solo	to speak for itself	reference	topic:map-hablar-1	Subtopic split (size rule): es:hablar (28) chunked alphabetically by English gloss — a full per-sense-cluster split for 25 different multi-sense words was judged not worth the effort relative to alphabetical chunking, which still keeps each browsing unit small.
ws6aqyp5xd	hablar fuerte	to speak loudly	reference	topic:map-hablar-1	Subtopic split (size rule): es:hablar (28) chunked alphabetically by English gloss — a full per-sense-cluster split for 25 different multi-sense words was judged not worth the effort relative to alphabetical chunking, which still keeps each browsing unit small.
kb26bvucsb	hablar en nombre de [alguien]	to speak on behalf of [somebody]	reference	topic:map-hablar-1	Subtopic split (size rule): es:hablar (28) chunked alphabetically by English gloss — a full per-sense-cluster split for 25 different multi-sense words was judged not worth the effort relative to alphabetical chunking, which still keeps each browsing unit small.
t817imxlpf	pronunciarse sobre [algo]	to speak out about [something]	reference	topic:map-hablar-1	Subtopic split (size rule): es:hablar (28) chunked alphabetically by English gloss — a full per-sense-cluster split for 25 different multi-sense words was judged not worth the effort relative to alphabetical chunking, which still keeps each browsing unit small.
jl3egs4efk	hablar en voz baja	to speak quietly/in a low voice	reference	topic:map-hablar-1	Subtopic split (size rule): es:hablar (28) chunked alphabetically by English gloss — a full per-sense-cluster split for 25 different multi-sense words was judged not worth the effort relative to alphabetical chunking, which still keeps each browsing unit small.
im9dazjhez	hablarle a [alguien]	to speak to [somebody]	core	topic:map-hablar-1	Subtopic split (size rule): es:hablar (28) chunked alphabetically by English gloss — a full per-sense-cluster split for 25 different multi-sense words was judged not worth the effort relative to alphabetical chunking, which still keeps each browsing unit small.
wxukuqznts	hablar más fuerte	to speak up	supporting	topic:map-hablar-1	Subtopic split (size rule): es:hablar (28) chunked alphabetically by English gloss — a full per-sense-cluster split for 25 different multi-sense words was judged not worth the effort relative to alphabetical chunking, which still keeps each browsing unit small.
xo18pm756n	hablar con [alguien]	to speak with [somebody]	supporting	topic:map-hablar-1	Subtopic split (size rule): es:hablar (28) chunked alphabetically by English gloss — a full per-sense-cluster split for 25 different multi-sense words was judged not worth the effort relative to alphabetical chunking, which still keeps each browsing unit small.
b7q2nz5b40	hablar	to talk	supporting	topic:map-hablar-1	Subtopic split (size rule): es:hablar (28) chunked alphabetically by English gloss — a full per-sense-cluster split for 25 different multi-sense words was judged not worth the effort relative to alphabetical chunking, which still keeps each browsing unit small.
sk978mgwus	convencer a [alguien] de [hacer algo]	to talk [somebody] into [doing something]	reference	topic:map-hablar-1	Subtopic split (size rule): es:hablar (28) chunked alphabetically by English gloss — a full per-sense-cluster split for 25 different multi-sense words was judged not worth the effort relative to alphabetical chunking, which still keeps each browsing unit small.
n7f05snzv6	convencer a [alguien] de no [hacer algo]	to talk [somebody] out of [doing something]	reference	topic:map-hablar-1	Subtopic split (size rule): es:hablar (28) chunked alphabetically by English gloss — a full per-sense-cluster split for 25 different multi-sense words was judged not worth the effort relative to alphabetical chunking, which still keeps each browsing unit small.
22hirk8mdw	explicarle [algo] paso a paso a [alguien]	to talk [somebody] through [something]	reference	topic:map-hablar-2	Subtopic split (size rule): es:hablar (28) chunked alphabetically by English gloss — a full per-sense-cluster split for 25 different multi-sense words was judged not worth the effort relative to alphabetical chunking, which still keeps each browsing unit small.
sgxn0d27nm	hablar de [algo] antes de decidir	to talk [something] over	reference	topic:map-hablar-2	Subtopic split (size rule): es:hablar (28) chunked alphabetically by English gloss — a full per-sense-cluster split for 25 different multi-sense words was judged not worth the effort relative to alphabetical chunking, which still keeps each browsing unit small.
pfr7szkobd	hablar de [algo]	to talk about [something]	supporting	topic:map-hablar-2	Subtopic split (size rule): es:hablar (28) chunked alphabetically by English gloss — a full per-sense-cluster split for 25 different multi-sense words was judged not worth the effort relative to alphabetical chunking, which still keeps each browsing unit small.
utfyp7wiro	contestarle mal a [alguien]	to talk back to [somebody]	reference	topic:map-hablar-2	Subtopic split (size rule): es:hablar (28) chunked alphabetically by English gloss — a full per-sense-cluster split for 25 different multi-sense words was judged not worth the effort relative to alphabetical chunking, which still keeps each browsing unit small.
obw0unmb5c	hablarle con condescendencia a [alguien]	to talk down to [somebody]	reference	topic:map-hablar-2	Subtopic split (size rule): es:hablar (28) chunked alphabetically by English gloss — a full per-sense-cluster split for 25 different multi-sense words was judged not worth the effort relative to alphabetical chunking, which still keeps each browsing unit small.
0v2r7ohznv	hablar después	to talk later	reference	topic:map-hablar-2	Subtopic split (size rule): es:hablar (28) chunked alphabetically by English gloss — a full per-sense-cluster split for 25 different multi-sense words was judged not worth the effort relative to alphabetical chunking, which still keeps each browsing unit small.
xnti52ho63	hablar con [alguien]	to talk to [somebody]	supporting	topic:map-hablar-2	Subtopic split (size rule): es:hablar (28) chunked alphabetically by English gloss — a full per-sense-cluster split for 25 different multi-sense words was judged not worth the effort relative to alphabetical chunking, which still keeps each browsing unit small.
tiss70p00o	hablar por teléfono con [alguien]	to talk to [somebody] on the phone	reference	topic:map-hablar-2	Subtopic split (size rule): es:hablar (28) chunked alphabetically by English gloss — a full per-sense-cluster split for 25 different multi-sense words was judged not worth the effort relative to alphabetical chunking, which still keeps each browsing unit small.
7x4v7kp0dx	hablar consigo mismo	to talk to oneself	reference	topic:map-hablar-2	Subtopic split (size rule): es:hablar (28) chunked alphabetically by English gloss — a full per-sense-cluster split for 25 different multi-sense words was judged not worth the effort relative to alphabetical chunking, which still keeps each browsing unit small.
qgnveu0pox	hablar con [alguien]	to talk with [somebody]	reference	topic:map-hablar-2	Subtopic split (size rule): es:hablar (28) chunked alphabetically by English gloss — a full per-sense-cluster split for 25 different multi-sense words was judged not worth the effort relative to alphabetical chunking, which still keeps each browsing unit small.
gxnygskyt7	debido a que [algo sucede]	because [something happens]	reference	topic:map-deber-1	Subtopic split (size rule): es:deber (28) chunked alphabetically by English gloss — a full per-sense-cluster split for 25 different multi-sense words was judged not worth the effort relative to alphabetical chunking, which still keeps each browsing unit small.
6uhgsiqvvf	debido a [algo]	due to [something]	reference	topic:map-deber-1	Subtopic split (size rule): es:deber (28) chunked alphabetically by English gloss — a full per-sense-cluster split for 25 different multi-sense words was judged not worth the effort relative to alphabetical chunking, which still keeps each browsing unit small.
uekbgu9nsq	deber [hacer algo]	must [do something]	supporting	topic:map-deber-1	Subtopic split (size rule): es:deber (28) chunked alphabetically by English gloss — a full per-sense-cluster split for 25 different multi-sense words was judged not worth the effort relative to alphabetical chunking, which still keeps each browsing unit small.
f4kds6r2gr	deber estar [en un estado o lugar]	must be [in a state or place]	supporting	topic:map-deber-1	Subtopic split (size rule): es:deber (28) chunked alphabetically by English gloss — a full per-sense-cluster split for 25 different multi-sense words was judged not worth the effort relative to alphabetical chunking, which still keeps each browsing unit small.
87vmd83t1p	deber ser [algo]	must be [something]	reference	topic:map-deber-1	Subtopic split (size rule): es:deber (28) chunked alphabetically by English gloss — a full per-sense-cluster split for 25 different multi-sense words was judged not worth the effort relative to alphabetical chunking, which still keeps each browsing unit small.
ayed7fqlj3	deber haber [hecho algo]	must have [done something]	reference	topic:map-deber-1	Subtopic split (size rule): es:deber (28) chunked alphabetically by English gloss — a full per-sense-cluster split for 25 different multi-sense words was judged not worth the effort relative to alphabetical chunking, which still keeps each browsing unit small.
i4siv85tf9	no deber [hacer algo]	must not [do something]	supporting	topic:map-deber-1	Subtopic split (size rule): es:deber (28) chunked alphabetically by English gloss — a full per-sense-cluster split for 25 different multi-sense words was judged not worth the effort relative to alphabetical chunking, which still keeps each browsing unit small.
78zjjk2mwo	¿debes [hacer algo]?	must you [do something]?	reference	topic:map-deber-1	Subtopic split (size rule): es:deber (28) chunked alphabetically by English gloss — a full per-sense-cluster split for 25 different multi-sense words was judged not worth the effort relative to alphabetical chunking, which still keeps each browsing unit small.
nyjodxeo12	no deber [hacer algo]	mustn't [do something]	supporting	topic:map-deber-1	Subtopic split (size rule): es:deber (28) chunked alphabetically by English gloss — a full per-sense-cluster split for 25 different multi-sense words was judged not worth the effort relative to alphabetical chunking, which still keeps each browsing unit small.
q95c3kam4n	debería [hacer algo]	ought to [do something]	reference	topic:map-deber-1	Subtopic split (size rule): es:deber (28) chunked alphabetically by English gloss — a full per-sense-cluster split for 25 different multi-sense words was judged not worth the effort relative to alphabetical chunking, which still keeps each browsing unit small.
yrb2jzggm4	debería [hacer algo]	should [do something]	core	topic:map-deber-1	Subtopic split (size rule): es:deber (28) chunked alphabetically by English gloss — a full per-sense-cluster split for 25 different multi-sense words was judged not worth the effort relative to alphabetical chunking, which still keeps each browsing unit small.
eemg8n6ho5	debí haber [hecho algo]	should have [done something]	reference	topic:map-deber-1	Subtopic split (size rule): es:deber (28) chunked alphabetically by English gloss — a full per-sense-cluster split for 25 different multi-sense words was judged not worth the effort relative to alphabetical chunking, which still keeps each browsing unit small.
shtk95phvk	no debería [hacer algo]	should not [do something]	supporting	topic:map-deber-1	Subtopic split (size rule): es:deber (28) chunked alphabetically by English gloss — a full per-sense-cluster split for 25 different multi-sense words was judged not worth the effort relative to alphabetical chunking, which still keeps each browsing unit small.
dtlxfmo16j	¿deberías [hacer algo]?	should you [do something]?	supporting	topic:map-deber-1	Subtopic split (size rule): es:deber (28) chunked alphabetically by English gloss — a full per-sense-cluster split for 25 different multi-sense words was judged not worth the effort relative to alphabetical chunking, which still keeps each browsing unit small.
7uxwcm2q2o	no debería [hacer algo]	shouldn't [do something]	supporting	topic:map-deber-1	Subtopic split (size rule): es:deber (28) chunked alphabetically by English gloss — a full per-sense-cluster split for 25 different multi-sense words was judged not worth the effort relative to alphabetical chunking, which still keeps each browsing unit small.
dbgr3k3yq5	debido a que [algo sucede]	since [something happens]	reference	topic:map-deber-1	Subtopic split (size rule): es:deber (28) chunked alphabetically by English gloss — a full per-sense-cluster split for 25 different multi-sense words was judged not worth the effort relative to alphabetical chunking, which still keeps each browsing unit small.
z34w2rwul0	[los] deberes	the duties	reference	topic:map-deber-1	Subtopic split (size rule): es:deber (28) chunked alphabetically by English gloss — a full per-sense-cluster split for 25 different multi-sense words was judged not worth the effort relative to alphabetical chunking, which still keeps each browsing unit small.
psh0c11c73	[el] deber	the duty	reference	topic:map-deber-1	Subtopic split (size rule): es:deber (28) chunked alphabetically by English gloss — a full per-sense-cluster split for 25 different multi-sense words was judged not worth the effort relative to alphabetical chunking, which still keeps each browsing unit small.
w4ubw2gv4e	deberse a [algo]	to be due to [something]	reference	topic:map-deber-2	Subtopic split (size rule): es:deber (28) chunked alphabetically by English gloss — a full per-sense-cluster split for 25 different multi-sense words was judged not worth the effort relative to alphabetical chunking, which still keeps each browsing unit small.
1vu2pjhl3v	deber [hacer algo]	to be expected to [do something]	reference	topic:map-deber-2	Subtopic split (size rule): es:deber (28) chunked alphabetically by English gloss — a full per-sense-cluster split for 25 different multi-sense words was judged not worth the effort relative to alphabetical chunking, which still keeps each browsing unit small.
qe4q40qzw2	deber [hacer algo]	to be supposed to [do something]	supporting	topic:map-deber-2	Subtopic split (size rule): es:deber (28) chunked alphabetically by English gloss — a full per-sense-cluster split for 25 different multi-sense words was judged not worth the effort relative to alphabetical chunking, which still keeps each browsing unit small.
qj3wvut2bw	debía [hacer algo]	to have been supposed to [do something]	reference	topic:map-deber-2	Subtopic split (size rule): es:deber (28) chunked alphabetically by English gloss — a full per-sense-cluster split for 25 different multi-sense words was judged not worth the effort relative to alphabetical chunking, which still keeps each browsing unit small.
g8bhd7ipvu	deber [hacer algo]	to have to [do something]	supporting	topic:map-deber-2	Subtopic split (size rule): es:deber (28) chunked alphabetically by English gloss — a full per-sense-cluster split for 25 different multi-sense words was judged not worth the effort relative to alphabetical chunking, which still keeps each browsing unit small.
d1bjmwehz9	deberle [algo] a [alguien]	to owe [somebody] [something]	supporting	topic:map-deber-2	Subtopic split (size rule): es:deber (28) chunked alphabetically by English gloss — a full per-sense-cluster split for 25 different multi-sense words was judged not worth the effort relative to alphabetical chunking, which still keeps each browsing unit small.
bhh5lkxsvd	deberle una a [alguien]	to owe [somebody] one	reference	topic:map-deber-2	Subtopic split (size rule): es:deber (28) chunked alphabetically by English gloss — a full per-sense-cluster split for 25 different multi-sense words was judged not worth the effort relative to alphabetical chunking, which still keeps each browsing unit small.
61gghvt40a	deber [algo] a [alguien]	to owe [something] to [somebody]	reference	topic:map-deber-2	Subtopic split (size rule): es:deber (28) chunked alphabetically by English gloss — a full per-sense-cluster split for 25 different multi-sense words was judged not worth the effort relative to alphabetical chunking, which still keeps each browsing unit small.
5qa1ueater	deberá [hacer algo]	will have to [do something]	reference	topic:map-deber-2	Subtopic split (size rule): es:deber (28) chunked alphabetically by English gloss — a full per-sense-cluster split for 25 different multi-sense words was judged not worth the effort relative to alphabetical chunking, which still keeps each browsing unit small.
p2ddtuwn9m	sin querer	accidentally	reference	topic:map-querer-1	Subtopic split (size rule): es:querer (33) chunked alphabetically by English gloss — a full per-sense-cluster split for 25 different multi-sense words was judged not worth the effort relative to alphabetical chunking, which still keeps each browsing unit small.
2w91gd6yc7	cuando quieras	anytime	reference	topic:map-querer-1	Subtopic split (size rule): es:querer (33) chunked alphabetically by English gloss — a full per-sense-cluster split for 25 different multi-sense words was judged not worth the effort relative to alphabetical chunking, which still keeps each browsing unit small.
9tdm1v0loz	como quieras	as you wish	reference	topic:map-querer-1	Subtopic split (size rule): es:querer (33) chunked alphabetically by English gloss — a full per-sense-cluster split for 25 different multi-sense words was judged not worth the effort relative to alphabetical chunking, which still keeps each browsing unit small.
tamzftp6b6	querido	beloved	reference	topic:map-querer-1	Subtopic split (size rule): es:querer (33) chunked alphabetically by English gloss — a full per-sense-cluster split for 25 different multi-sense words was judged not worth the effort relative to alphabetical chunking, which still keeps each browsing unit small.
oysek8zs4j	querido [nombre]	Dear [name]	reference	topic:map-querer-1	Subtopic split (size rule): es:querer (33) chunked alphabetically by English gloss — a full per-sense-cluster split for 25 different multi-sense words was judged not worth the effort relative to alphabetical chunking, which still keeps each browsing unit small.
yfd5jg73vc	[hacer algo] queriendo	[to do something] deliberately	reference	topic:map-querer-1	Subtopic split (size rule): es:querer (33) chunked alphabetically by English gloss — a full per-sense-cluster split for 25 different multi-sense words was judged not worth the effort relative to alphabetical chunking, which still keeps each browsing unit small.
j6x3otw9pi	como quieras	however you want	supporting	topic:map-querer-1	Subtopic split (size rule): es:querer (33) chunked alphabetically by English gloss — a full per-sense-cluster split for 25 different multi-sense words was judged not worth the effort relative to alphabetical chunking, which still keeps each browsing unit small.
etjg9ef1sp	[hacer algo] queriendo	[to do something] on purpose	reference	topic:map-querer-1	Subtopic split (size rule): es:querer (33) chunked alphabetically by English gloss — a full per-sense-cluster split for 25 different multi-sense words was judged not worth the effort relative to alphabetical chunking, which still keeps each browsing unit small.
e6kt0s21ap	no quiso [hacer algo]	refused [to do something]	reference	topic:map-querer-1	Subtopic split (size rule): es:querer (33) chunked alphabetically by English gloss — a full per-sense-cluster split for 25 different multi-sense words was judged not worth the effort relative to alphabetical chunking, which still keeps each browsing unit small.
5hlohr9z3f	querer a [alguien]	to love [somebody]	supporting	topic:map-querer-1	Subtopic split (size rule): es:querer (33) chunked alphabetically by English gloss — a full per-sense-cluster split for 25 different multi-sense words was judged not worth the effort relative to alphabetical chunking, which still keeps each browsing unit small.
tbpj623d3b	querer [hacer algo] (tener la intención)	to mean [to do something]	reference	topic:map-querer-1	Subtopic split (size rule): es:querer (33) chunked alphabetically by English gloss — a full per-sense-cluster split for 25 different multi-sense words was judged not worth the effort relative to alphabetical chunking, which still keeps each browsing unit small.
z3i6f8s1or	querer que [alguien] [haga algo]	to want [somebody] [to do something]	core	topic:map-querer-1	Subtopic split (size rule): es:querer (33) chunked alphabetically by English gloss — a full per-sense-cluster split for 25 different multi-sense words was judged not worth the effort relative to alphabetical chunking, which still keeps each browsing unit small.
w7bu9jslac	querer [algo]	to want [something]	core	topic:map-querer-1	Subtopic split (size rule): es:querer (33) chunked alphabetically by English gloss — a full per-sense-cluster split for 25 different multi-sense words was judged not worth the effort relative to alphabetical chunking, which still keeps each browsing unit small.
df1fa2p3xy	querer [hacer algo]	to want [to do something]	core	topic:map-querer-1	Subtopic split (size rule): es:querer (33) chunked alphabetically by English gloss — a full per-sense-cluster split for 25 different multi-sense words was judged not worth the effort relative to alphabetical chunking, which still keeps each browsing unit small.
lr3gy47etf	querer saber si [alguien] [hace algo]	to want to know if [somebody] [does something]	supporting	topic:map-querer-1	Subtopic split (size rule): es:querer (33) chunked alphabetically by English gloss — a full per-sense-cluster split for 25 different multi-sense words was judged not worth the effort relative to alphabetical chunking, which still keeps each browsing unit small.
lxes3mwyig	querer saber si hay [algo]	to want to know if there is [something]	supporting	topic:map-querer-1	Subtopic split (size rule): es:querer (33) chunked alphabetically by English gloss — a full per-sense-cluster split for 25 different multi-sense words was judged not worth the effort relative to alphabetical chunking, which still keeps each browsing unit small.
dy3hauy404	querer saber por qué [alguien] no [hace algo]	to want to know why [somebody] doesn't [do something]	supporting	topic:map-querer-2	Subtopic split (size rule): es:querer (33) chunked alphabetically by English gloss — a full per-sense-cluster split for 25 different multi-sense words was judged not worth the effort relative to alphabetical chunking, which still keeps each browsing unit small.
lennoglnrf	quiso [hacer algo] (intento no logrado)	tried [to do something]	reference	topic:map-querer-2	Subtopic split (size rule): es:querer (33) chunked alphabetically by English gloss — a full per-sense-cluster split for 25 different multi-sense words was judged not worth the effort relative to alphabetical chunking, which still keeps each browsing unit small.
e2msmadaj6	sin querer	unintentionally	reference	topic:map-querer-2	Subtopic split (size rule): es:querer (33) chunked alphabetically by English gloss — a full per-sense-cluster split for 25 different multi-sense words was judged not worth the effort relative to alphabetical chunking, which still keeps each browsing unit small.
2dedeo0gb6	querer [hacer algo]	wanna [do something]	supporting	topic:map-querer-2	Subtopic split (size rule): es:querer (33) chunked alphabetically by English gloss — a full per-sense-cluster split for 25 different multi-sense words was judged not worth the effort relative to alphabetical chunking, which still keeps each browsing unit small.
7xvappewlv	lo que quieras	whatever you want	supporting	topic:map-querer-2|topic:map-que-1	Subtopic split (size rule): es:querer (33) chunked alphabetically by English gloss — a full per-sense-cluster split for 25 different multi-sense words was judged not worth the effort relative to alphabetical chunking, which still keeps each browsing unit small.
rr28vy1oq0	cuando quieras	whenever you want	supporting	topic:map-querer-2	Subtopic split (size rule): es:querer (33) chunked alphabetically by English gloss — a full per-sense-cluster split for 25 different multi-sense words was judged not worth the effort relative to alphabetical chunking, which still keeps each browsing unit small.
vk5c4vsrnd	donde quieras	wherever you want	supporting	topic:map-querer-2	Subtopic split (size rule): es:querer (33) chunked alphabetically by English gloss — a full per-sense-cluster split for 25 different multi-sense words was judged not worth the effort relative to alphabetical chunking, which still keeps each browsing unit small.
5jgulxtbag	quiera o no	whether [someone] wants to or not	reference	topic:map-querer-2	Subtopic split (size rule): es:querer (33) chunked alphabetically by English gloss — a full per-sense-cluster split for 25 different multi-sense words was judged not worth the effort relative to alphabetical chunking, which still keeps each browsing unit small.
8st8uc3ose	quien quiera	whoever wants to	supporting	topic:map-querer-2	Subtopic split (size rule): es:querer (33) chunked alphabetically by English gloss — a full per-sense-cluster split for 25 different multi-sense words was judged not worth the effort relative to alphabetical chunking, which still keeps each browsing unit small.
9h3jno3320	quisiera que [alguien] [hiciera algo]	would like [somebody] [to do something]	supporting	topic:map-querer-2	Subtopic split (size rule): es:querer (33) chunked alphabetically by English gloss — a full per-sense-cluster split for 25 different multi-sense words was judged not worth the effort relative to alphabetical chunking, which still keeps each browsing unit small.
dvodf0y7wx	quisiera [algo]	would like [something]	supporting	topic:map-querer-2	Subtopic split (size rule): es:querer (33) chunked alphabetically by English gloss — a full per-sense-cluster split for 25 different multi-sense words was judged not worth the effort relative to alphabetical chunking, which still keeps each browsing unit small.
18xj8sphod	¿quiere [algo]?	would like [something]	reference	topic:map-querer-2	Subtopic split (size rule): es:querer (33) chunked alphabetically by English gloss — a full per-sense-cluster split for 25 different multi-sense words was judged not worth the effort relative to alphabetical chunking, which still keeps each browsing unit small.
dnwd7gmll5	quisiera [hacer algo]	would like [to do something]	supporting	topic:map-querer-2	Subtopic split (size rule): es:querer (33) chunked alphabetically by English gloss — a full per-sense-cluster split for 25 different multi-sense words was judged not worth the effort relative to alphabetical chunking, which still keeps each browsing unit small.
5zjqxkzep9	¿quiere [hacer algo]?	would like [to do something]	reference	topic:map-querer-2	Subtopic split (size rule): es:querer (33) chunked alphabetically by English gloss — a full per-sense-cluster split for 25 different multi-sense words was judged not worth the effort relative to alphabetical chunking, which still keeps each browsing unit small.
bxt46dkdag	no quiso [hacer algo]	wouldn't [do something]	reference	topic:map-querer-2	Subtopic split (size rule): es:querer (33) chunked alphabetically by English gloss — a full per-sense-cluster split for 25 different multi-sense words was judged not worth the effort relative to alphabetical chunking, which still keeps each browsing unit small.
8sisf9u6zt	porque	as	reference	topic:map-que-1	Subtopic split (size rule): es:que (22) chunked alphabetically by English gloss — a full per-sense-cluster split for 25 different multi-sense words was judged not worth the effort relative to alphabetical chunking, which still keeps each browsing unit small.
o4nv333v8c	que yo sepa	as far as I know	reference	topic:map-que-1	Subtopic split (size rule): es:que (22) chunked alphabetically by English gloss — a full per-sense-cluster split for 25 different multi-sense words was judged not worth the effort relative to alphabetical chunking, which still keeps each browsing unit small.
7wxq9lkzoj	que aproveche	enjoy your meal	reference	topic:map-que-1	Subtopic split (size rule): es:que (22) chunked alphabetically by English gloss — a full per-sense-cluster split for 25 different multi-sense words was judged not worth the effort relative to alphabetical chunking, which still keeps each browsing unit small.
bwknkus97g	a pesar de que [ocurrió algo]	even though [something happened]	supporting	topic:map-que-1	Subtopic split (size rule): es:que (22) chunked alphabetically by English gloss — a full per-sense-cluster split for 25 different multi-sense words was judged not worth the effort relative to alphabetical chunking, which still keeps each browsing unit small.
zqb7l9x0pq	que ella [haga algo]	her to [do something]	core	topic:map-que-1	Subtopic split (size rule): es:que (22) chunked alphabetically by English gloss — a full per-sense-cluster split for 25 different multi-sense words was judged not worth the effort relative to alphabetical chunking, which still keeps each browsing unit small.
t4uaqoddu8	que él [haga algo]	him to [do something]	core	topic:map-que-1	Subtopic split (size rule): es:que (22) chunked alphabetically by English gloss — a full per-sense-cluster split for 25 different multi-sense words was judged not worth the effort relative to alphabetical chunking, which still keeps each browsing unit small.
ufc23a1m04	que yo [haga algo]	me to [do something]	core	topic:map-que-1	Subtopic split (size rule): es:que (22) chunked alphabetically by English gloss — a full per-sense-cluster split for 25 different multi-sense words was judged not worth the effort relative to alphabetical chunking, which still keeps each browsing unit small.
9sl36wwkry	porque	since	reference	topic:map-que-1	Subtopic split (size rule): es:que (22) chunked alphabetically by English gloss — a full per-sense-cluster split for 25 different multi-sense words was judged not worth the effort relative to alphabetical chunking, which still keeps each browsing unit small.
ke36yx8rke	que (comparación)	than	core	topic:map-que-1	Subtopic split (size rule): es:que (22) chunked alphabetically by English gloss — a full per-sense-cluster split for 25 different multi-sense words was judged not worth the effort relative to alphabetical chunking, which still keeps each browsing unit small.
5gd7ah01d5	que (relativo, persona)	that	core	topic:map-que-1	Subtopic split (size rule): es:que (22) chunked alphabetically by English gloss — a full per-sense-cluster split for 25 different multi-sense words was judged not worth the effort relative to alphabetical chunking, which still keeps each browsing unit small.
waj2eefdj7	que (relativo, cosa)	that	core	topic:map-que-1	Subtopic split (size rule): es:que (22) chunked alphabetically by English gloss — a full per-sense-cluster split for 25 different multi-sense words was judged not worth the effort relative to alphabetical chunking, which still keeps each browsing unit small.
9qaylitnlb	que (cláusula)	that	supporting	topic:map-que-1	Subtopic split (size rule): es:que (22) chunked alphabetically by English gloss — a full per-sense-cluster split for 25 different multi-sense words was judged not worth the effort relative to alphabetical chunking, which still keeps each browsing unit small.
s0tvpozw7u	que ellos [hagan algo]	them to [do something]	core	topic:map-que-1	Subtopic split (size rule): es:que (22) chunked alphabetically by English gloss — a full per-sense-cluster split for 25 different multi-sense words was judged not worth the effort relative to alphabetical chunking, which still keeps each browsing unit small.
qvltvv56qd	necesitar que [alguien] [haga algo]	to need [somebody] [to do something]	core	topic:map-que-1	Subtopic split (size rule): es:que (22) chunked alphabetically by English gloss — a full per-sense-cluster split for 25 different multi-sense words was judged not worth the effort relative to alphabetical chunking, which still keeps each browsing unit small.
6gfadlfpkn	que nosotros [hagamos algo]	us to [do something]	core	topic:map-que-1	Subtopic split (size rule): es:que (22) chunked alphabetically by English gloss — a full per-sense-cluster split for 25 different multi-sense words was judged not worth the effort relative to alphabetical chunking, which still keeps each browsing unit small.
jyx1d6zq9f	lo que	what	supporting	topic:map-que-1	Subtopic split (size rule): es:que (22) chunked alphabetically by English gloss — a full per-sense-cluster split for 25 different multi-sense words was judged not worth the effort relative to alphabetical chunking, which still keeps each browsing unit small.
u0q10xrgdu	lo que viene	what comes next	reference	topic:map-que-1	Subtopic split (size rule): es:que (22) chunked alphabetically by English gloss — a full per-sense-cluster split for 25 different multi-sense words was judged not worth the effort relative to alphabetical chunking, which still keeps each browsing unit small.
4z2b5kkbjr	que (relativo, cosa)	which	core	topic:map-que-2	Subtopic split (size rule): es:que (22) chunked alphabetically by English gloss — a full per-sense-cluster split for 25 different multi-sense words was judged not worth the effort relative to alphabetical chunking, which still keeps each browsing unit small.
7izjvheben	lo cual	which	reference	topic:map-que-2	Subtopic split (size rule): es:que (22) chunked alphabetically by English gloss — a full per-sense-cluster split for 25 different multi-sense words was judged not worth the effort relative to alphabetical chunking, which still keeps each browsing unit small.
juf9q9vio8	que (relativo, persona)	who	core	topic:map-que-2	Subtopic split (size rule): es:que (22) chunked alphabetically by English gloss — a full per-sense-cluster split for 25 different multi-sense words was judged not worth the effort relative to alphabetical chunking, which still keeps each browsing unit small.
afcxrbizh3	que tú [hagas algo]	you to [do something]	core	topic:map-que-2	Subtopic split (size rule): es:que (22) chunked alphabetically by English gloss — a full per-sense-cluster split for 25 different multi-sense words was judged not worth the effort relative to alphabetical chunking, which still keeps each browsing unit small.
ycynxw1m3v	echarle [un ingrediente] a [algo]	to add [an ingredient] to [something]	supporting	topic:map-echar-1	Subtopic split (size rule): es:echar (23) chunked alphabetically by English gloss — a full per-sense-cluster split for 25 different multi-sense words was judged not worth the effort relative to alphabetical chunking, which still keeps each browsing unit small.
xfgzv2w5ro	echarse atrás	to back out	reference	topic:map-echar-1	Subtopic split (size rule): es:echar (23) chunked alphabetically by English gloss — a full per-sense-cluster split for 25 different multi-sense words was judged not worth the effort relative to alphabetical chunking, which still keeps each browsing unit small.
c5032rvam7	echarle la culpa de [algo] a [alguien]	to blame [somebody] for [something]	supporting	topic:map-echar-1	Subtopic split (size rule): es:echar (23) chunked alphabetically by English gloss — a full per-sense-cluster split for 25 different multi-sense words was judged not worth the effort relative to alphabetical chunking, which still keeps each browsing unit small.
15xrsrpy46	echarse a reír	to burst out laughing	reference	topic:map-echar-1	Subtopic split (size rule): es:echar (23) chunked alphabetically by English gloss — a full per-sense-cluster split for 25 different multi-sense words was judged not worth the effort relative to alphabetical chunking, which still keeps each browsing unit small.
wyiru8eg9q	echar a [alguien] del trabajo	to fire [somebody]	reference	topic:map-echar-1	Subtopic split (size rule): es:echar (23) chunked alphabetically by English gloss — a full per-sense-cluster split for 25 different multi-sense words was judged not worth the effort relative to alphabetical chunking, which still keeps each browsing unit small.
84ubxhmjpj	echar a andar [algo]	to get [something] going	reference	topic:map-echar-1	Subtopic split (size rule): es:echar (23) chunked alphabetically by English gloss — a full per-sense-cluster split for 25 different multi-sense words was judged not worth the effort relative to alphabetical chunking, which still keeps each browsing unit small.
6o8pv6rvtp	echarle una mano a [alguien]	to give [somebody] a hand	reference	topic:map-echar-1	Subtopic split (size rule): es:echar (23) chunked alphabetically by English gloss — a full per-sense-cluster split for 25 different multi-sense words was judged not worth the effort relative to alphabetical chunking, which still keeps each browsing unit small.
9bhhgek1hg	echar [humo u olor]	to give off [smoke or a smell]	reference	topic:map-echar-1	Subtopic split (size rule): es:echar (23) chunked alphabetically by English gloss — a full per-sense-cluster split for 25 different multi-sense words was judged not worth the effort relative to alphabetical chunking, which still keeps each browsing unit small.
5vfdd7g6pp	echar a [alguien] de [un lugar]	to kick [somebody] out of [a place]	reference	topic:map-echar-1	Subtopic split (size rule): es:echar (23) chunked alphabetically by English gloss — a full per-sense-cluster split for 25 different multi-sense words was judged not worth the effort relative to alphabetical chunking, which still keeps each browsing unit small.
0f8859fdfq	echar abajo [algo]	to knock [something] down	reference	topic:map-echar-1	Subtopic split (size rule): es:echar (23) chunked alphabetically by English gloss — a full per-sense-cluster split for 25 different multi-sense words was judged not worth the effort relative to alphabetical chunking, which still keeps each browsing unit small.
1yt28hn07y	echar [un líquido] en [un recipiente]	to pour [a liquid] into [a container]	reference	topic:map-echar-1	Subtopic split (size rule): es:echar (23) chunked alphabetically by English gloss — a full per-sense-cluster split for 25 different multi-sense words was judged not worth the effort relative to alphabetical chunking, which still keeps each browsing unit small.
kpe00fplij	echar a perder [algo]	to ruin [something]	reference	topic:map-echar-1	Subtopic split (size rule): es:echar (23) chunked alphabetically by English gloss — a full per-sense-cluster split for 25 different multi-sense words was judged not worth the effort relative to alphabetical chunking, which still keeps each browsing unit small.
roc4s41s10	echarse a andar	to set off	reference	topic:map-echar-1	Subtopic split (size rule): es:echar (23) chunked alphabetically by English gloss — a full per-sense-cluster split for 25 different multi-sense words was judged not worth the effort relative to alphabetical chunking, which still keeps each browsing unit small.
ve8mmxlgrz	echar a perder [algo]	to spoil [something]	reference	topic:map-echar-1	Subtopic split (size rule): es:echar (23) chunked alphabetically by English gloss — a full per-sense-cluster split for 25 different multi-sense words was judged not worth the effort relative to alphabetical chunking, which still keeps each browsing unit small.
cf5552jy9p	echarse a [hacer algo]	to start [doing something]	reference	topic:map-echar-1	Subtopic split (size rule): es:echar (23) chunked alphabetically by English gloss — a full per-sense-cluster split for 25 different multi-sense words was judged not worth the effort relative to alphabetical chunking, which still keeps each browsing unit small.
mhpsjzbw88	echar un vistazo a [algo]	to take a look at [something]	supporting	topic:map-echar-1	Subtopic split (size rule): es:echar (23) chunked alphabetically by English gloss — a full per-sense-cluster split for 25 different multi-sense words was judged not worth the effort relative to alphabetical chunking, which still keeps each browsing unit small.
vb2rixy6jn	echar raíces	to take root	reference	topic:map-echar-1	Subtopic split (size rule): es:echar (23) chunked alphabetically by English gloss — a full per-sense-cluster split for 25 different multi-sense words was judged not worth the effort relative to alphabetical chunking, which still keeps each browsing unit small.
36riiosdmx	echar a [alguien] de [un lugar]	to throw [somebody] out of [a place]	reference	topic:map-echar-2	Subtopic split (size rule): es:echar (23) chunked alphabetically by English gloss — a full per-sense-cluster split for 25 different multi-sense words was judged not worth the effort relative to alphabetical chunking, which still keeps each browsing unit small.
iuscz9in74	echar [algo]	to throw [something]	supporting	topic:map-echar-2	Subtopic split (size rule): es:echar (23) chunked alphabetically by English gloss — a full per-sense-cluster split for 25 different multi-sense words was judged not worth the effort relative to alphabetical chunking, which still keeps each browsing unit small.
84y1p0do9w	echar [algo] a la basura	to throw [something] away	reference	topic:map-echar-2	Subtopic split (size rule): es:echar (23) chunked alphabetically by English gloss — a full per-sense-cluster split for 25 different multi-sense words was judged not worth the effort relative to alphabetical chunking, which still keeps each browsing unit small.
5q4eehz3vn	echar [algo]	to toss [something]	reference	topic:map-echar-2	Subtopic split (size rule): es:echar (23) chunked alphabetically by English gloss — a full per-sense-cluster split for 25 different multi-sense words was judged not worth the effort relative to alphabetical chunking, which still keeps each browsing unit small.
wn89ieh7zn	echar cuentas	to work [something] out	reference	topic:map-echar-2	Subtopic split (size rule): es:echar (23) chunked alphabetically by English gloss — a full per-sense-cluster split for 25 different multi-sense words was judged not worth the effort relative to alphabetical chunking, which still keeps each browsing unit small.
90cs3915m5	[seguir] [adjetivo]	[to remain] [adjective]	reference	topic:map-seguir-1	Subtopic split (size rule): es:seguir (25) chunked alphabetically by English gloss — a full per-sense-cluster split for 25 different multi-sense words was judged not worth the effort relative to alphabetical chunking, which still keeps each browsing unit small.
inefeucgpz	[seguir] sin [algo]	[to remain] [adjective]	reference	topic:map-seguir-1	Subtopic split (size rule): es:seguir (25) chunked alphabetically by English gloss — a full per-sense-cluster split for 25 different multi-sense words was judged not worth the effort relative to alphabetical chunking, which still keeps each browsing unit small.
p1ln5nyupv	[el] seguimiento	follow-up	reference	topic:map-seguir-1	Subtopic split (size rule): es:seguir (25) chunked alphabetically by English gloss — a full per-sense-cluster split for 25 different multi-sense words was judged not worth the effort relative to alphabetical chunking, which still keeps each browsing unit small.
74tgefagq1	[el] seguidor	follower	reference	topic:map-seguir-1	Subtopic split (size rule): es:seguir (25) chunked alphabetically by English gloss — a full per-sense-cluster split for 25 different multi-sense words was judged not worth the effort relative to alphabetical chunking, which still keeps each browsing unit small.
ef4ltamqsa	seguir adelante	to carry on	reference	topic:map-seguir-1	Subtopic split (size rule): es:seguir (25) chunked alphabetically by English gloss — a full per-sense-cluster split for 25 different multi-sense words was judged not worth the effort relative to alphabetical chunking, which still keeps each browsing unit small.
odnmr4o3xv	seguir [haciendo algo]	to continue [doing something]	supporting	topic:map-seguir-1	Subtopic split (size rule): es:seguir (25) chunked alphabetically by English gloss — a full per-sense-cluster split for 25 different multi-sense words was judged not worth the effort relative to alphabetical chunking, which still keeps each browsing unit small.
f0z126w2cy	seguir [instrucciones]	to follow [instructions]	supporting	topic:map-seguir-1	Subtopic split (size rule): es:seguir (25) chunked alphabetically by English gloss — a full per-sense-cluster split for 25 different multi-sense words was judged not worth the effort relative to alphabetical chunking, which still keeps each browsing unit small.
m1asnh0c8n	seguir a [alguien]	to follow [somebody]	supporting	topic:map-seguir-1	Subtopic split (size rule): es:seguir (25) chunked alphabetically by English gloss — a full per-sense-cluster split for 25 different multi-sense words was judged not worth the effort relative to alphabetical chunking, which still keeps each browsing unit small.
fhohvsakmg	seguir a [alguien] en redes	to follow [somebody] online	reference	topic:map-seguir-1	Subtopic split (size rule): es:seguir (25) chunked alphabetically by English gloss — a full per-sense-cluster split for 25 different multi-sense words was judged not worth the effort relative to alphabetical chunking, which still keeps each browsing unit small.
snuyccf6qe	cumplir con [algo]	to follow through on [something]	reference	topic:map-seguir-1	Subtopic split (size rule): es:seguir (25) chunked alphabetically by English gloss — a full per-sense-cluster split for 25 different multi-sense words was judged not worth the effort relative to alphabetical chunking, which still keeps each browsing unit small.
6fi09q216i	seguir [haciendo algo]	to keep [doing something]	core	topic:map-seguir-1	Subtopic split (size rule): es:seguir (25) chunked alphabetically by English gloss — a full per-sense-cluster split for 25 different multi-sense words was judged not worth the effort relative to alphabetical chunking, which still keeps each browsing unit small.
j7s4nn02ph	mantener [algo] bajo	to keep [something] down	reference	topic:map-seguir-1	Subtopic split (size rule): es:seguir (25) chunked alphabetically by English gloss — a full per-sense-cluster split for 25 different multi-sense words was judged not worth the effort relative to alphabetical chunking, which still keeps each browsing unit small.
2m5zc7v18r	reservarse [algo]	to keep [something] to yourself	reference	topic:map-seguir-1	Subtopic split (size rule): es:seguir (25) chunked alphabetically by English gloss — a full per-sense-cluster split for 25 different multi-sense words was judged not worth the effort relative to alphabetical chunking, which still keeps each browsing unit small.
d5m00zj2i4	seguir intentándolo	to keep at it	reference	topic:map-seguir-1	Subtopic split (size rule): es:seguir (25) chunked alphabetically by English gloss — a full per-sense-cluster split for 25 different multi-sense words was judged not worth the effort relative to alphabetical chunking, which still keeps each browsing unit small.
h2zqc61fwq	mantenerse alejado de [algo]	to keep away from [something]	reference	topic:map-seguir-1	Subtopic split (size rule): es:seguir (25) chunked alphabetically by English gloss — a full per-sense-cluster split for 25 different multi-sense words was judged not worth the effort relative to alphabetical chunking, which still keeps each browsing unit small.
89g0nxntpb	seguir recto	to keep going straight	supporting	topic:map-seguir-1	Subtopic split (size rule): es:seguir (25) chunked alphabetically by English gloss — a full per-sense-cluster split for 25 different multi-sense words was judged not worth the effort relative to alphabetical chunking, which still keeps each browsing unit small.
2liqgudpe2	mantenerse en contacto con [alguien]	to keep in touch with [somebody]	reference	topic:map-seguir-1	Subtopic split (size rule): es:seguir (25) chunked alphabetically by English gloss — a full per-sense-cluster split for 25 different multi-sense words was judged not worth the effort relative to alphabetical chunking, which still keeps each browsing unit small.
vupb12qdkr	seguir así	to keep it up	reference	topic:map-seguir-2	Subtopic split (size rule): es:seguir (25) chunked alphabetically by English gloss — a full per-sense-cluster split for 25 different multi-sense words was judged not worth the effort relative to alphabetical chunking, which still keeps each browsing unit small.
kvedge4aey	no pisar [algo]	to keep off [something]	reference	topic:map-seguir-2	Subtopic split (size rule): es:seguir (25) chunked alphabetically by English gloss — a full per-sense-cluster split for 25 different multi-sense words was judged not worth the effort relative to alphabetical chunking, which still keeps each browsing unit small.
5qdmpxi8us	seguir [haciendo algo]	to keep on [doing something]	reference	topic:map-seguir-2	Subtopic split (size rule): es:seguir (25) chunked alphabetically by English gloss — a full per-sense-cluster split for 25 different multi-sense words was judged not worth the effort relative to alphabetical chunking, which still keeps each browsing unit small.
7505bgiyyc	no entrar	to keep out	reference	topic:map-seguir-2	Subtopic split (size rule): es:seguir (25) chunked alphabetically by English gloss — a full per-sense-cluster split for 25 different multi-sense words was judged not worth the effort relative to alphabetical chunking, which still keeps each browsing unit small.
5irs9gdyqv	mantenerse al día con [algo]	to keep up with [something]	reference	topic:map-seguir-2	Subtopic split (size rule): es:seguir (25) chunked alphabetically by English gloss — a full per-sense-cluster split for 25 different multi-sense words was judged not worth the effort relative to alphabetical chunking, which still keeps each browsing unit small.
ukd87mv2pz	seguir [haciendo algo]	to still be [doing something]	supporting	topic:map-seguir-2	Subtopic split (size rule): es:seguir (25) chunked alphabetically by English gloss — a full per-sense-cluster split for 25 different multi-sense words was judged not worth the effort relative to alphabetical chunking, which still keeps each browsing unit small.
na5kdv5rje	seguir [en un estado]	to still be [in a state]	supporting	topic:map-seguir-2	Subtopic split (size rule): es:seguir (25) chunked alphabetically by English gloss — a full per-sense-cluster split for 25 different multi-sense words was judged not worth the effort relative to alphabetical chunking, which still keeps each browsing unit small.
mm9jg6sy57	[sentirse] [adjetivo]	[to feel] [adjective]	core	topic:map-sentir-1	Subtopic split (size rule): es:sentir (23) chunked alphabetically by English gloss — a full per-sense-cluster split for 25 different multi-sense words was judged not worth the effort relative to alphabetical chunking, which still keeps each browsing unit small.
5uvtfc7eda	[el] sentimiento	feeling	reference	topic:map-sentir-1	Subtopic split (size rule): es:sentir (23) chunked alphabetically by English gloss — a full per-sense-cluster split for 25 different multi-sense words was judged not worth the effort relative to alphabetical chunking, which still keeps each browsing unit small.
421wv4rocg	lo siento	I'm sorry	supporting	topic:map-sentir-1	Subtopic split (size rule): es:sentir (23) chunked alphabetically by English gloss — a full per-sense-cluster split for 25 different multi-sense words was judged not worth the effort relative to alphabetical chunking, which still keeps each browsing unit small.
crw3ztzb94	[sentirse] solo	[to feel] lonely	reference	topic:map-sentir-1	Subtopic split (size rule): es:sentir (23) chunked alphabetically by English gloss — a full per-sense-cluster split for 25 different multi-sense words was judged not worth the effort relative to alphabetical chunking, which still keeps each browsing unit small.
uaw2eapfmi	sentirse solo ==> la soledad	to be lonely ==> the loneliness	reference	topic:map-sentir-1	Subtopic split (size rule): es:sentir (23) chunked alphabetically by English gloss — a full per-sense-cluster split for 25 different multi-sense words was judged not worth the effort relative to alphabetical chunking, which still keeps each browsing unit small.
3qtux13rre	sentirlo por [algo]	to be sorry for [something]	reference	topic:map-sentir-1	Subtopic split (size rule): es:sentir (23) chunked alphabetically by English gloss — a full per-sense-cluster split for 25 different multi-sense words was judged not worth the effort relative to alphabetical chunking, which still keeps each browsing unit small.
qa5k2yvbpz	sentir [una sensación]	to feel [a sensation]	supporting	topic:map-sentir-1	Subtopic split (size rule): es:sentir (23) chunked alphabetically by English gloss — a full per-sense-cluster split for 25 different multi-sense words was judged not worth the effort relative to alphabetical chunking, which still keeps each browsing unit small.
md76l01y42	sentir a [alguien o algo] [hacer algo]	to feel [somebody or something] [do something]	reference	topic:map-sentir-1	Subtopic split (size rule): es:sentir (23) chunked alphabetically by English gloss — a full per-sense-cluster split for 25 different multi-sense words was judged not worth the effort relative to alphabetical chunking, which still keeps each browsing unit small.
yxx7sx1wqo	sentir a [alguien o algo] [haciendo algo]	to feel [somebody or something] [doing something]	reference	topic:map-sentir-1	Subtopic split (size rule): es:sentir (23) chunked alphabetically by English gloss — a full per-sense-cluster split for 25 different multi-sense words was judged not worth the effort relative to alphabetical chunking, which still keeps each browsing unit small.
b0zp4e4wz9	sentirse mal	to feel bad	supporting	topic:map-sentir-1	Subtopic split (size rule): es:sentir (23) chunked alphabetically by English gloss — a full per-sense-cluster split for 25 different multi-sense words was judged not worth the effort relative to alphabetical chunking, which still keeps each browsing unit small.
gss6t797jr	sentirse mejor	to feel better	reference	topic:map-sentir-1	Subtopic split (size rule): es:sentir (23) chunked alphabetically by English gloss — a full per-sense-cluster split for 25 different multi-sense words was judged not worth the effort relative to alphabetical chunking, which still keeps each browsing unit small.
cqou51zh8d	compadecerse de [alguien]	to feel for [somebody]	reference	topic:map-sentir-1	Subtopic split (size rule): es:sentir (23) chunked alphabetically by English gloss — a full per-sense-cluster split for 25 different multi-sense words was judged not worth the effort relative to alphabetical chunking, which still keeps each browsing unit small.
wtwbsaolgx	sentir que [algo]	to feel that [something]	supporting	topic:map-sentir-1	Subtopic split (size rule): es:sentir (23) chunked alphabetically by English gloss — a full per-sense-cluster split for 25 different multi-sense words was judged not worth the effort relative to alphabetical chunking, which still keeps each browsing unit small.
wbo46b952m	sentirse con ánimo de [hacer algo]	to feel up to [doing something]	reference	topic:map-sentir-1	Subtopic split (size rule): es:sentir (23) chunked alphabetically by English gloss — a full per-sense-cluster split for 25 different multi-sense words was judged not worth the effort relative to alphabetical chunking, which still keeps each browsing unit small.
zcsk0uorhv	sentirse bien	to feel well	supporting	topic:map-sentir-2	Subtopic split (size rule): es:sentir (23) chunked alphabetically by English gloss — a full per-sense-cluster split for 25 different multi-sense words was judged not worth the effort relative to alphabetical chunking, which still keeps each browsing unit small.
2xrg55t6l0	sentirse peor	to feel worse	reference	topic:map-sentir-2	Subtopic split (size rule): es:sentir (23) chunked alphabetically by English gloss — a full per-sense-cluster split for 25 different multi-sense words was judged not worth the effort relative to alphabetical chunking, which still keeps each browsing unit small.
o6vs3cstlt	sentir algo por [alguien]	to have feelings for [somebody]	reference	topic:map-sentir-2	Subtopic split (size rule): es:sentir (23) chunked alphabetically by English gloss — a full per-sense-cluster split for 25 different multi-sense words was judged not worth the effort relative to alphabetical chunking, which still keeps each browsing unit small.
fshhqe3d9f	sentir que [algo]	to sense that [something]	reference	topic:map-sentir-2	Subtopic split (size rule): es:sentir (23) chunked alphabetically by English gloss — a full per-sense-cluster split for 25 different multi-sense words was judged not worth the effort relative to alphabetical chunking, which still keeps each browsing unit small.
160kt5bnxh	[sentirse] extraño	[to feel] weird	reference	topic:map-sentir-2	Subtopic split (size rule): es:sentir (23) chunked alphabetically by English gloss — a full per-sense-cluster split for 25 different multi-sense words was judged not worth the effort relative to alphabetical chunking, which still keeps each browsing unit small.
5wxhecilm0	[verse] [adjetivo]	[to look] [adjective]	supporting	topic:map-ver-1	Subtopic split (size rule): es:ver (25) chunked alphabetically by English gloss — a full per-sense-cluster split for 25 different multi-sense words was judged not worth the effort relative to alphabetical chunking, which still keeps each browsing unit small.
lqnox1evi8	[la] vista	a view	reference	topic:map-ver-1	Subtopic split (size rule): es:ver (25) chunked alphabetically by English gloss — a full per-sense-cluster split for 25 different multi-sense words was judged not worth the effort relative to alphabetical chunking, which still keeps each browsing unit small.
r8h281yx98	a ver	let's see	reference	topic:map-ver-1	Subtopic split (size rule): es:ver (25) chunked alphabetically by English gloss — a full per-sense-cluster split for 25 different multi-sense words was judged not worth the effort relative to alphabetical chunking, which still keeps each browsing unit small.
9gmo1aoike	Veamos.	Let's see.	supporting	topic:map-ver-1	Subtopic split (size rule): es:ver (25) chunked alphabetically by English gloss — a full per-sense-cluster split for 25 different multi-sense words was judged not worth the effort relative to alphabetical chunking, which still keeps each browsing unit small.
i4lcwbw8pd	nos vemos luego	see you later	reference	topic:map-ver-1	Subtopic split (size rule): es:ver (25) chunked alphabetically by English gloss — a full per-sense-cluster split for 25 different multi-sense words was judged not worth the effort relative to alphabetical chunking, which still keeps each browsing unit small.
98z915a6a3	[la] vista	sight	reference	topic:map-ver-1	Subtopic split (size rule): es:ver (25) chunked alphabetically by English gloss — a full per-sense-cluster split for 25 different multi-sense words was judged not worth the effort relative to alphabetical chunking, which still keeps each browsing unit small.
p7wbkj3kbp	verse bien	to look good	reference	topic:map-ver-1	Subtopic split (size rule): es:ver (25) chunked alphabetically by English gloss — a full per-sense-cluster split for 25 different multi-sense words was judged not worth the effort relative to alphabetical chunking, which still keeps each browsing unit small.
y2yln6q4sp	ver a [alguien]	to see [somebody]	core	topic:map-ver-1	Subtopic split (size rule): es:ver (25) chunked alphabetically by English gloss — a full per-sense-cluster split for 25 different multi-sense words was judged not worth the effort relative to alphabetical chunking, which still keeps each browsing unit small.
zeloe6s3qo	verse con [alguien]	to see [somebody]	supporting	topic:map-ver-1	Subtopic split (size rule): es:ver (25) chunked alphabetically by English gloss — a full per-sense-cluster split for 25 different multi-sense words was judged not worth the effort relative to alphabetical chunking, which still keeps each browsing unit small.
ugyd134ue3	ver a [alguien] [hacer algo]	to see [somebody] [do something]	supporting	topic:map-ver-1	Subtopic split (size rule): es:ver (25) chunked alphabetically by English gloss — a full per-sense-cluster split for 25 different multi-sense words was judged not worth the effort relative to alphabetical chunking, which still keeps each browsing unit small.
4l5ip3gcjx	ver a [alguien] [haciendo algo]	to see [somebody] [doing something]	reference	topic:map-ver-1	Subtopic split (size rule): es:ver (25) chunked alphabetically by English gloss — a full per-sense-cluster split for 25 different multi-sense words was judged not worth the effort relative to alphabetical chunking, which still keeps each browsing unit small.
ei20exbswc	despedir a [alguien]	to see [somebody] off	reference	topic:map-ver-1	Subtopic split (size rule): es:ver (25) chunked alphabetically by English gloss — a full per-sense-cluster split for 25 different multi-sense words was judged not worth the effort relative to alphabetical chunking, which still keeps each browsing unit small.
xm8mzt42ci	ver [algo]	to see [something]	core	topic:map-ver-1	Subtopic split (size rule): es:ver (25) chunked alphabetically by English gloss — a full per-sense-cluster split for 25 different multi-sense words was judged not worth the effort relative to alphabetical chunking, which still keeps each browsing unit small.
rlywxngpzy	ver [algo] ==> prever [algo]	to see [something] ==> to foresee [something]	reference	topic:map-ver-1	Subtopic split (size rule): es:ver (25) chunked alphabetically by English gloss — a full per-sense-cluster split for 25 different multi-sense words was judged not worth the effort relative to alphabetical chunking, which still keeps each browsing unit small.
ajya630rfu	ver ==> viendo	to see ==> seeing	reference	topic:map-ver-1	Subtopic split (size rule): es:ver (25) chunked alphabetically by English gloss — a full per-sense-cluster split for 25 different multi-sense words was judged not worth the effort relative to alphabetical chunking, which still keeps each browsing unit small.
ukhf4ausef	encargarse de [algo]	to see to [something]	reference	topic:map-ver-2	Subtopic split (size rule): es:ver (25) chunked alphabetically by English gloss — a full per-sense-cluster split for 25 different multi-sense words was judged not worth the effort relative to alphabetical chunking, which still keeps each browsing unit small.
1uefa34zyp	ver [una película o programa]	to watch [a movie or program]	supporting	topic:map-ver-2	Subtopic split (size rule): es:ver (25) chunked alphabetically by English gloss — a full per-sense-cluster split for 25 different multi-sense words was judged not worth the effort relative to alphabetical chunking, which still keeps each browsing unit small.
r8bvxs4y48	visualmente	visually	reference	topic:map-ver-2	Subtopic split (size rule): es:ver (25) chunked alphabetically by English gloss — a full per-sense-cluster split for 25 different multi-sense words was judged not worth the effort relative to alphabetical chunking, which still keeps each browsing unit small.
kxen1brnbt	vamos a ver	we will see	reference	topic:map-ver-2	Subtopic split (size rule): es:ver (25) chunked alphabetically by English gloss — a full per-sense-cluster split for 25 different multi-sense words was judged not worth the effort relative to alphabetical chunking, which still keeps each browsing unit small.
9rd5kxnrcp	ya verás	you will see	reference	topic:map-ver-2	Subtopic split (size rule): es:ver (25) chunked alphabetically by English gloss — a full per-sense-cluster split for 25 different multi-sense words was judged not worth the effort relative to alphabetical chunking, which still keeps each browsing unit small.
k09413s3pa	¡Pasa!	Come in!	supporting	topic:map-pasar-1	Subtopic split (size rule): es:pasar (21) chunked alphabetically by English gloss — a full per-sense-cluster split for 25 different multi-sense words was judged not worth the effort relative to alphabetical chunking, which still keeps each browsing unit small.
l7ges29sjn	¡Pasa! (dar permiso para continuar)	Go ahead!	reference	topic:map-pasar-1	Subtopic split (size rule): es:pasar (21) chunked alphabetically by English gloss — a full per-sense-cluster split for 25 different multi-sense words was judged not worth the effort relative to alphabetical chunking, which still keeps each browsing unit small.
sjlvvxcwpy	[período] pasado	last [period]	supporting	topic:map-pasar-1	Subtopic split (size rule): es:pasar (21) chunked alphabetically by English gloss — a full per-sense-cluster split for 25 different multi-sense words was judged not worth the effort relative to alphabetical chunking, which still keeps each browsing unit small.
zcxqshq3iu	[el] pasado	the past	reference	topic:map-pasar-1	Subtopic split (size rule): es:pasar (21) chunked alphabetically by English gloss — a full per-sense-cluster split for 25 different multi-sense words was judged not worth the effort relative to alphabetical chunking, which still keeps each browsing unit small.
2wa96n35mw	pasar por [un puente]	to cross [a bridge]	reference	topic:map-pasar-1	Subtopic split (size rule): es:pasar (21) chunked alphabetically by English gloss — a full per-sense-cluster split for 25 different multi-sense words was judged not worth the effort relative to alphabetical chunking, which still keeps each browsing unit small.
q0dipekeiv	pasar frente a [un lugar]	to go past [a place]	reference	topic:map-pasar-1	Subtopic split (size rule): es:pasar (21) chunked alphabetically by English gloss — a full per-sense-cluster split for 25 different multi-sense words was judged not worth the effort relative to alphabetical chunking, which still keeps each browsing unit small.
5lt6vf4na4	pasar por [un lugar]	to go through [a place]	supporting	topic:map-pasar-1	Subtopic split (size rule): es:pasar (21) chunked alphabetically by English gloss — a full per-sense-cluster split for 25 different multi-sense words was judged not worth the effort relative to alphabetical chunking, which still keeps each browsing unit small.
uuq5sdflxk	pasar por [algo difícil]	to go through [something difficult]	reference	topic:map-pasar-1	Subtopic split (size rule): es:pasar (21) chunked alphabetically by English gloss — a full per-sense-cluster split for 25 different multi-sense words was judged not worth the effort relative to alphabetical chunking, which still keeps each browsing unit small.
lptgwusb5o	pasarse	to go too far	reference	topic:map-pasar-1	Subtopic split (size rule): es:pasar (21) chunked alphabetically by English gloss — a full per-sense-cluster split for 25 different multi-sense words was judged not worth the effort relative to alphabetical chunking, which still keeps each browsing unit small.
komqoyh86l	pasarle [algo] a [alguien]	to hand [something] to [somebody]	reference	topic:map-pasar-1	Subtopic split (size rule): es:pasar (21) chunked alphabetically by English gloss — a full per-sense-cluster split for 25 different multi-sense words was judged not worth the effort relative to alphabetical chunking, which still keeps each browsing unit small.
zm2w4r32ri	pasar (ocurrir)	to happen	core	topic:map-pasar-1	Subtopic split (size rule): es:pasar (21) chunked alphabetically by English gloss — a full per-sense-cluster split for 25 different multi-sense words was judged not worth the effort relative to alphabetical chunking, which still keeps each browsing unit small.
subaw4lf2e	pasarla mal	to have a bad time	reference	topic:map-pasar-1	Subtopic split (size rule): es:pasar (21) chunked alphabetically by English gloss — a full per-sense-cluster split for 25 different multi-sense words was judged not worth the effort relative to alphabetical chunking, which still keeps each browsing unit small.
szfqmpo1uv	pasarla bien	to have a good time	supporting	topic:map-pasar-1	Subtopic split (size rule): es:pasar (21) chunked alphabetically by English gloss — a full per-sense-cluster split for 25 different multi-sense words was judged not worth the effort relative to alphabetical chunking, which still keeps each browsing unit small.
8w5qasxh42	pasarla muy bien	to have a great time	reference	topic:map-pasar-1	Subtopic split (size rule): es:pasar (21) chunked alphabetically by English gloss — a full per-sense-cluster split for 25 different multi-sense words was judged not worth the effort relative to alphabetical chunking, which still keeps each browsing unit small.
euubcqf5w0	pasar a [otra cosa]	to move on to [something else]	reference	topic:map-pasar-1	Subtopic split (size rule): es:pasar (21) chunked alphabetically by English gloss — a full per-sense-cluster split for 25 different multi-sense words was judged not worth the effort relative to alphabetical chunking, which still keeps each browsing unit small.
h92pv2aho7	pasar por alto [algo]	to overlook [something]	reference	topic:map-pasar-1	Subtopic split (size rule): es:pasar (21) chunked alphabetically by English gloss — a full per-sense-cluster split for 25 different multi-sense words was judged not worth the effort relative to alphabetical chunking, which still keeps each browsing unit small.
cld2cnhb2w	pasarle [algo] a [alguien]	to pass [somebody] [something]	supporting	topic:map-pasar-1	Subtopic split (size rule): es:pasar (21) chunked alphabetically by English gloss — a full per-sense-cluster split for 25 different multi-sense words was judged not worth the effort relative to alphabetical chunking, which still keeps each browsing unit small.
pwxlw3xx2t	pasar por [un lugar]	to pass by [a place]	reference	topic:map-pasar-1	Subtopic split (size rule): es:pasar (21) chunked alphabetically by English gloss — a full per-sense-cluster split for 25 different multi-sense words was judged not worth the effort relative to alphabetical chunking, which still keeps each browsing unit small.
6w6meulfin	pasar [tiempo] con [alguien]	to spend [time] with [somebody]	supporting	topic:map-pasar-2	Subtopic split (size rule): es:pasar (21) chunked alphabetically by English gloss — a full per-sense-cluster split for 25 different multi-sense words was judged not worth the effort relative to alphabetical chunking, which still keeps each browsing unit small.
c4sr1lkkhf	¿Qué te pasa?	What's wrong?	supporting	topic:map-pasar-2	Subtopic split (size rule): es:pasar (21) chunked alphabetically by English gloss — a full per-sense-cluster split for 25 different multi-sense words was judged not worth the effort relative to alphabetical chunking, which still keeps each browsing unit small.
1kr3gizb9y	sin contar [algo]	not counting [something]	reference	topic:map-contar-1	Subtopic split (size rule): es:contar (21) chunked alphabetically by English gloss — a full per-sense-cluster split for 25 different multi-sense words was judged not worth the effort relative to alphabetical chunking, which still keeps each browsing unit small.
16jugpou1c	[la] cuenta	the account	reference	topic:map-contar-1	Subtopic split (size rule): es:contar (21) chunked alphabetically by English gloss — a full per-sense-cluster split for 25 different multi-sense words was judged not worth the effort relative to alphabetical chunking, which still keeps each browsing unit small.
lfvxv89s5p	[el] contador	the accountant	reference	topic:map-contar-1	Subtopic split (size rule): es:contar (21) chunked alphabetically by English gloss — a full per-sense-cluster split for 25 different multi-sense words was judged not worth the effort relative to alphabetical chunking, which still keeps each browsing unit small.
ev6a0etitd	[la] cuenta	the bill	supporting	topic:map-contar-1	Subtopic split (size rule): es:contar (21) chunked alphabetically by English gloss — a full per-sense-cluster split for 25 different multi-sense words was judged not worth the effort relative to alphabetical chunking, which still keeps each browsing unit small.
hwcvqf6jnh	contar a [alguien] entre [un grupo]	to count [somebody] among [a group]	reference	topic:map-contar-1	Subtopic split (size rule): es:contar (21) chunked alphabetically by English gloss — a full per-sense-cluster split for 25 different multi-sense words was judged not worth the effort relative to alphabetical chunking, which still keeps each browsing unit small.
eb73rheyc0	contar [algo]	to count [something]	supporting	topic:map-contar-1	Subtopic split (size rule): es:contar (21) chunked alphabetically by English gloss — a full per-sense-cluster split for 25 different multi-sense words was judged not worth the effort relative to alphabetical chunking, which still keeps each browsing unit small.
0kj5wrzna7	contar [algo] como [algo]	to count [something] as [something]	reference	topic:map-contar-1	Subtopic split (size rule): es:contar (21) chunked alphabetically by English gloss — a full per-sense-cluster split for 25 different multi-sense words was judged not worth the effort relative to alphabetical chunking, which still keeps each browsing unit small.
55k48ap3p8	contar hacia atrás	to count down	reference	topic:map-contar-1	Subtopic split (size rule): es:contar (21) chunked alphabetically by English gloss — a full per-sense-cluster split for 25 different multi-sense words was judged not worth the effort relative to alphabetical chunking, which still keeps each browsing unit small.
2rfxpupyvg	contar con [alguien]	to count on [somebody]	supporting	topic:map-contar-1	Subtopic split (size rule): es:contar (21) chunked alphabetically by English gloss — a full per-sense-cluster split for 25 different multi-sense words was judged not worth the effort relative to alphabetical chunking, which still keeps each browsing unit small.
y239ieja7n	contar [un total]	to count up [a total]	reference	topic:map-contar-1	Subtopic split (size rule): es:contar (21) chunked alphabetically by English gloss — a full per-sense-cluster split for 25 different multi-sense words was judged not worth the effort relative to alphabetical chunking, which still keeps each browsing unit small.
0ubq3z55bc	contar con [algo]	to have [something]	reference	topic:map-contar-1	Subtopic split (size rule): es:contar (21) chunked alphabetically by English gloss — a full per-sense-cluster split for 25 different multi-sense words was judged not worth the effort relative to alphabetical chunking, which still keeps each browsing unit small.
vjzoqo7829	contar con [algo]	to have [something] available	reference	topic:map-contar-1	Subtopic split (size rule): es:contar (21) chunked alphabetically by English gloss — a full per-sense-cluster split for 25 different multi-sense words was judged not worth the effort relative to alphabetical chunking, which still keeps each browsing unit small.
ic3fla1k1p	contar [algo] dentro de [un total]	to include [something] in [a total]	reference	topic:map-contar-1	Subtopic split (size rule): es:contar (21) chunked alphabetically by English gloss — a full per-sense-cluster split for 25 different multi-sense words was judged not worth the effort relative to alphabetical chunking, which still keeps each browsing unit small.
kliqfbzr2f	llevar la cuenta de [algo]	to keep track of [something]	reference	topic:map-contar-1	Subtopic split (size rule): es:contar (21) chunked alphabetically by English gloss — a full per-sense-cluster split for 25 different multi-sense words was judged not worth the effort relative to alphabetical chunking, which still keeps each browsing unit small.
556o2u50np	contar con [alguien]	to rely on [somebody]	reference	topic:map-contar-1	Subtopic split (size rule): es:contar (21) chunked alphabetically by English gloss — a full per-sense-cluster split for 25 different multi-sense words was judged not worth the effort relative to alphabetical chunking, which still keeps each browsing unit small.
u9mhk0r7wd	contarle [algo] a [alguien]	to tell [somebody] [something]	supporting	topic:map-contar-2	Subtopic split (size rule): es:contar (21) chunked alphabetically by English gloss — a full per-sense-cluster split for 25 different multi-sense words was judged not worth the effort relative to alphabetical chunking, which still keeps each browsing unit small.
pjr9m3okp5	contarle a [alguien] que [algo sucedió]	to tell [somebody] that [something happened]	reference	topic:map-contar-2	Subtopic split (size rule): es:contar (21) chunked alphabetically by English gloss — a full per-sense-cluster split for 25 different multi-sense words was judged not worth the effort relative to alphabetical chunking, which still keeps each browsing unit small.
uidyeso1gn	tomar [una bebida]	to drink [a beverage]	supporting	topic:map-tomar-1	Subtopic split (size rule): es:tomar (23) chunked alphabetically by English gloss — a full per-sense-cluster split for 25 different multi-sense words was judged not worth the effort relative to alphabetical chunking, which still keeps each browsing unit small.
gb1zklln37	tomar una decisión	to make a decision	supporting	topic:map-tomar-1	Subtopic split (size rule): es:tomar (23) chunked alphabetically by English gloss — a full per-sense-cluster split for 25 different multi-sense words was judged not worth the effort relative to alphabetical chunking, which still keeps each browsing unit small.
icy9w1jbof	tomar [un curso]	to take [a course]	reference	topic:map-tomar-1	Subtopic split (size rule): es:tomar (23) chunked alphabetically by English gloss — a full per-sense-cluster split for 25 different multi-sense words was judged not worth the effort relative to alphabetical chunking, which still keeps each browsing unit small.
3r13e3oa6n	tomar [algo]	to take [something]	core	topic:map-tomar-1	Subtopic split (size rule): es:tomar (23) chunked alphabetically by English gloss — a full per-sense-cluster split for 25 different multi-sense words was judged not worth the effort relative to alphabetical chunking, which still keeps each browsing unit small.
2hxj5syqcm	tomar [tiempo]	to take [time]	supporting	topic:map-tomar-1	Subtopic split (size rule): es:tomar (23) chunked alphabetically by English gloss — a full per-sense-cluster split for 25 different multi-sense words was judged not worth the effort relative to alphabetical chunking, which still keeps each browsing unit small.
ggqsaeyv8u	tomar [transporte]	to take [transport]	supporting	topic:map-tomar-1	Subtopic split (size rule): es:tomar (23) chunked alphabetically by English gloss — a full per-sense-cluster split for 25 different multi-sense words was judged not worth the effort relative to alphabetical chunking, which still keeps each browsing unit small.
tc6g9iudcp	tomar una foto de [algo]	to take a photo of [something]	reference	topic:map-tomar-1	Subtopic split (size rule): es:tomar (23) chunked alphabetically by English gloss — a full per-sense-cluster split for 25 different multi-sense words was judged not worth the effort relative to alphabetical chunking, which still keeps each browsing unit small.
dw6w3t8zih	aprovecharse de [algo/alguien]	to take advantage of [something/somebody]	reference	topic:map-tomar-1	Subtopic split (size rule): es:tomar (23) chunked alphabetically by English gloss — a full per-sense-cluster split for 25 different multi-sense words was judged not worth the effort relative to alphabetical chunking, which still keeps each browsing unit small.
i2o3tqlac3	desarmar [algo]	to take apart [something]	reference	topic:map-tomar-1	Subtopic split (size rule): es:tomar (23) chunked alphabetically by English gloss — a full per-sense-cluster split for 25 different multi-sense words was judged not worth the effort relative to alphabetical chunking, which still keeps each browsing unit small.
y3salsw4an	llevarse [algo]	to take away [something]	supporting	topic:map-tomar-1	Subtopic split (size rule): es:tomar (23) chunked alphabetically by English gloss — a full per-sense-cluster split for 25 different multi-sense words was judged not worth the effort relative to alphabetical chunking, which still keeps each browsing unit small.
djoaiftk25	devolver [algo]	to take back [something]	supporting	topic:map-tomar-1	Subtopic split (size rule): es:tomar (23) chunked alphabetically by English gloss — a full per-sense-cluster split for 25 different multi-sense words was judged not worth the effort relative to alphabetical chunking, which still keeps each browsing unit small.
0k0bl4mcur	cuidar de [alguien/algo]	to take care of [somebody/something]	supporting	topic:map-tomar-1	Subtopic split (size rule): es:tomar (23) chunked alphabetically by English gloss — a full per-sense-cluster split for 25 different multi-sense words was judged not worth the effort relative to alphabetical chunking, which still keeps each browsing unit small.
g1ya205lb7	bajar [algo]	to take down [something]	supporting	topic:map-tomar-1	Subtopic split (size rule): es:tomar (23) chunked alphabetically by English gloss — a full per-sense-cluster split for 25 different multi-sense words was judged not worth the effort relative to alphabetical chunking, which still keeps each browsing unit small.
b9jycma895	engañar [a alguien]	to take in [somebody/something]	reference	topic:map-tomar-1	Subtopic split (size rule): es:tomar (23) chunked alphabetically by English gloss — a full per-sense-cluster split for 25 different multi-sense words was judged not worth the effort relative to alphabetical chunking, which still keeps each browsing unit small.
8xc9lgyn8v	tomar notas	to take notes	reference	topic:map-tomar-1	Subtopic split (size rule): es:tomar (23) chunked alphabetically by English gloss — a full per-sense-cluster split for 25 different multi-sense words was judged not worth the effort relative to alphabetical chunking, which still keeps each browsing unit small.
oieith38tf	despegar	to take off	reference	topic:map-tomar-1	Subtopic split (size rule): es:tomar (23) chunked alphabetically by English gloss — a full per-sense-cluster split for 25 different multi-sense words was judged not worth the effort relative to alphabetical chunking, which still keeps each browsing unit small.
e7vj7ne6w6	quitarse [algo]	to take off [something]	supporting	topic:map-tomar-1	Subtopic split (size rule): es:tomar (23) chunked alphabetically by English gloss — a full per-sense-cluster split for 25 different multi-sense words was judged not worth the effort relative to alphabetical chunking, which still keeps each browsing unit small.
ge2h3aq8un	asumir [algo]	to take on [something]	reference	topic:map-tomar-1	Subtopic split (size rule): es:tomar (23) chunked alphabetically by English gloss — a full per-sense-cluster split for 25 different multi-sense words was judged not worth the effort relative to alphabetical chunking, which still keeps each browsing unit small.
3lpcerxf58	sacar [algo]	to take out [something]	supporting	topic:map-tomar-2	Subtopic split (size rule): es:tomar (23) chunked alphabetically by English gloss — a full per-sense-cluster split for 25 different multi-sense words was judged not worth the effort relative to alphabetical chunking, which still keeps each browsing unit small.
0cpl9zogy8	tomar el control de [algo]	to take over [something]	supporting	topic:map-tomar-2	Subtopic split (size rule): es:tomar (23) chunked alphabetically by English gloss — a full per-sense-cluster split for 25 different multi-sense words was judged not worth the effort relative to alphabetical chunking, which still keeps each browsing unit small.
f70ddup216	participar en [algo]	to take part in [something]	reference	topic:map-tomar-2	Subtopic split (size rule): es:tomar (23) chunked alphabetically by English gloss — a full per-sense-cluster split for 25 different multi-sense words was judged not worth the effort relative to alphabetical chunking, which still keeps each browsing unit small.
gl1h3xyxfc	empezar a gustarle [algo] a alguien	to take to [something/somebody]	reference	topic:map-tomar-2	Subtopic split (size rule): es:tomar (23) chunked alphabetically by English gloss — a full per-sense-cluster split for 25 different multi-sense words was judged not worth the effort relative to alphabetical chunking, which still keeps each browsing unit small.
tyi7ultt7w	empezar [una actividad]	to take up [something]	reference	topic:map-tomar-2	Subtopic split (size rule): es:tomar (23) chunked alphabetically by English gloss — a full per-sense-cluster split for 25 different multi-sense words was judged not worth the effort relative to alphabetical chunking, which still keeps each browsing unit small.
